time_s,q_in_norm,c_in_norm,load_disturbance_mgL,do_cascade,do_feedforward_cascade,air_sp_cascade,air_sp_feedforward_cascade,air_flow_cascade,air_flow_feedforward_cascade,blower_u_cascade,blower_u_feedforward_cascade,feedforward_air_base
0,1,1,-0,2,2,0.5,0.5,0.5,0.5,0.5,0.5,0.5
0.5,1,1,-0,2,2,0.5,0.5,0.5,0.5,0.5,0.5,0.5
1,1,1,-0,2,2,0.5,0.5,0.5,0.5,0.5,0.5,0.5
1.5,1,1,-0,2,2,0.5,0.5,0.5,0.5,0.5,0.5,0.5
2,1,1,-0,2,2,0.5,0.5,0.5,0.5,0.5,0.5,0.5
2.5,1,1,-0,2,2,0.5,0.5,0.5,0.5,0.5,0.5,0.5
3,1,1,-0,2,2,0.5,0.5,0.5,0.5,0.5,0.5,0.5
3.5,1,1,-0,2,2,0.5,0.5,0.5,0.5,0.5,0.5,0.5
4,1,1,-0,2,2,0.5,0.5,0.5,0.5,0.5,0.5,0.5
4.5,1,1,-0,2,2,0.5,0.5,0.5,0.5,0.5,0.5,0.5
5,1,1,-0,2,2,0.5,0.5,0.5,0.5,0.5,0.5,0.5
5.5,1,1,-0,2,2,0.5,0.5,0.5,0.5,0.5,0.5,0.5
6,1,1,-0,2,2,0.5,0.5,0.5,0.5,0.5,0.5,0.5
6.5,1,1,-0,2,2,0.5,0.5,0.5,0.5,0.5,0.5,0.5
7,1,1,-0,2,2,0.5,0.5,0.5,0.5,0.5,0.5,0.5
7.5,1,1,-0,2,2,0.5,0.5,0.5,0.5,0.5,0.5,0.5
8,1,1,-0,2,2,0.5,0.5,0.5,0.5,0.5,0.5,0.5
8.5,1,1,-0,2,2,0.5,0.5,0.5,0.5,0.5,0.5,0.5
9,1,1,-0,2,2,0.5,0.5,0.5,0.5,0.5,0.5,0.5
9.5,1,1,-0,2,2,0.5,0.5,0.5,0.5,0.5,0.5,0.5
10,1,1,-0,2,2,0.5,0.5,0.5,0.5,0.5,0.5,0.5
10.5,1,1,-0,2,2,0.5,0.5,0.5,0.5,0.5,0.5,0.5
11,1,1,-0,2,2,0.5,0.5,0.5,0.5,0.5,0.5,0.5
11.5,1,1,-0,2,2,0.5,0.5,0.5,0.5,0.5,0.5,0.5
12,1,1,-0,2,2,0.5,0.5,0.5,0.5,0.5,0.5,0.5
12.5,1,1,-0,2,2,0.5,0.5,0.5,0.5,0.5,0.5,0.5
13,1,1,-0,2,2,0.5,0.5,0.5,0.5,0.5,0.5,0.5
13.5,1,1,-0,2,2,0.5,0.5,0.5,0.5,0.5,0.5,0.5
14,1,1,-0,2,2,0.5,0.5,0.5,0.5,0.5,0.5,0.5
14.5,1,1,-0,2,2,0.5,0.5,0.5,0.5,0.5,0.5,0.5
15,1,1,-0,2,2,0.5,0.5,0.5,0.5,0.5,0.5,0.5
15.5,1,1,-0,2,2,0.5,0.5,0.5,0.5,0.5,0.5,0.5
16,1,1,-0,2,2,0.5,0.5,0.5,0.5,0.5,0.5,0.5
16.5,1,1,-0,2,2,0.5,0.5,0.5,0.5,0.5,0.5,0.5
17,1,1,-0,2,2,0.5,0.5,0.5,0.5,0.5,0.5,0.5
17.5,1,1,-0,2,2,0.5,0.5,0.5,0.5,0.5,0.5,0.5
18,1,1,-0,2,2,0.5,0.5,0.5,0.5,0.5,0.5,0.5
18.5,1,1,-0,2,2,0.5,0.5,0.5,0.5,0.5,0.5,0.5
19,1,1,-0,2,2,0.5,0.5,0.5,0.5,0.5,0.5,0.5
19.5,1,1,-0,2,2,0.5,0.5,0.5,0.5,0.5,0.5,0.5
20,1,1,-0,2,2,0.5,0.5,0.5,0.5,0.5,0.5,0.5
20.5,1,1,-0,2,2,0.5,0.5,0.5,0.5,0.5,0.5,0.5
21,1,1,-0,2,2,0.5,0.5,0.5,0.5,0.5,0.5,0.5
21.5,1,1,-0,2,2,0.5,0.5,0.5,0.5,0.5,0.5,0.5
22,1,1,-0,2,2,0.5,0.5,0.5,0.5,0.5,0.5,0.5
22.5,1,1,-0,2,2,0.5,0.5,0.5,0.5,0.5,0.5,0.5
23,1,1,-0,2,2,0.5,0.5,0.5,0.5,0.5,0.5,0.5
23.5,1,1,-0,2,2,0.5,0.5,0.5,0.5,0.5,0.5,0.5
24,1,1,-0,2,2,0.5,0.5,0.5,0.5,0.5,0.5,0.5
24.5,1,1,-0,2,2,0.5,0.5,0.5,0.5,0.5,0.5,0.5
25,1,1,-0,2,2,0.5,0.5,0.5,0.5,0.5,0.5,0.5
25.5,1,1,-0,2,2,0.5,0.5,0.5,0.5,0.5,0.5,0.5
26,1,1,-0,2,2,0.5,0.5,0.5,0.5,0.5,0.5,0.5
26.5,1,1,-0,2,2,0.5,0.5,0.5,0.5,0.5,0.5,0.5
27,1,1,-0,2,2,0.5,0.5,0.5,0.5,0.5,0.5,0.5
27.5,1,1,-0,2,2,0.5,0.5,0.5,0.5,0.5,0.5,0.5
28,1,1,-0,2,2,0.5,0.5,0.5,0.5,0.5,0.5,0.5
28.5,1,1,-0,2,2,0.5,0.5,0.5,0.5,0.5,0.5,0.5
29,1,1,-0,2,2,0.5,0.5,0.5,0.5,0.5,0.5,0.5
29.5,1,1,-0,2,2,0.5,0.5,0.5,0.5,0.5,0.5,0.5
30,1,1,-0,2,2,0.5,0.5,0.5,0.5,0.5,0.5,0.5
30.5,1,1,-0,2,2,0.5,0.5,0.5,0.5,0.5,0.5,0.5
31,1,1,-0,2,2,0.5,0.5,0.5,0.5,0.5,0.5,0.5
31.5,1,1,-0,2,2,0.5,0.5,0.5,0.5,0.5,0.5,0.5
32,1,1,-0,2,2,0.5,0.5,0.5,0.5,0.5,0.5,0.5
32.5,1,1,-0,2,2,0.5,0.5,0.5,0.5,0.5,0.5,0.5
33,1,1,-0,2,2,0.5,0.5,0.5,0.5,0.5,0.5,0.5
33.5,1,1,-0,2,2,0.5,0.5,0.5,0.5,0.5,0.5,0.5
34,1,1,-0,2,2,0.5,0.5,0.5,0.5,0.5,0.5,0.5
34.5,1,1,-0,2,2,0.5,0.5,0.5,0.5,0.5,0.5,0.5
35,1,1,-0,2,2,0.5,0.5,0.5,0.5,0.5,0.5,0.5
35.5,1,1,-0,2,2,0.5,0.5,0.5,0.5,0.5,0.5,0.5
36,1,1,-0,2,2,0.5,0.5,0.5,0.5,0.5,0.5,0.5
36.5,1,1,-0,2,2,0.5,0.5,0.5,0.5,0.5,0.5,0.5
37,1,1,-0,2,2,0.5,0.5,0.5,0.5,0.5,0.5,0.5
37.5,1,1,-0,2,2,0.5,0.5,0.5,0.5,0.5,0.5,0.5
38,1,1,-0,2,2,0.5,0.5,0.5,0.5,0.5,0.5,0.5
38.5,1,1,-0,2,2,0.5,0.5,0.5,0.5,0.5,0.5,0.5
39,1,1,-0,2,2,0.5,0.5,0.5,0.5,0.5,0.5,0.5
39.5,1,1,-0,2,2,0.5,0.5,0.5,0.5,0.5,0.5,0.5
40,1,1,-0,2,2,0.5,0.5,0.5,0.5,0.5,0.5,0.5
40.5,1,1,-0,2,2,0.5,0.5,0.5,0.5,0.5,0.5,0.5
41,1,1,-0,2,2,0.5,0.5,0.5,0.5,0.5,0.5,0.5
41.5,1,1,-0,2,2,0.5,0.5,0.5,0.5,0.5,0.5,0.5
42,1,1,-0,2,2,0.5,0.5,0.5,0.5,0.5,0.5,0.5
42.5,1,1,-0,2,2,0.5,0.5,0.5,0.5,0.5,0.5,0.5
43,1,1,-0,2,2,0.5,0.5,0.5,0.5,0.5,0.5,0.5
43.5,1,1,-0,2,2,0.5,0.5,0.5,0.5,0.5,0.5,0.5
44,1,1,-0,2,2,0.5,0.5,0.5,0.5,0.5,0.5,0.5
44.5,1,1,-0,2,2,0.5,0.5,0.5,0.5,0.5,0.5,0.5
45,1,1,-0,2,2,0.5,0.5,0.5,0.5,0.5,0.5,0.5
45.5,1,1,-0,2,2,0.5,0.5,0.5,0.5,0.5,0.5,0.5
46,1,1,-0,2,2,0.5,0.5,0.5,0.5,0.5,0.5,0.5
46.5,1,1,-0,2,2,0.5,0.5,0.5,0.5,0.5,0.5,0.5
47,1,1,-0,2,2,0.5,0.5,0.5,0.5,0.5,0.5,0.5
47.5,1,1,-0,2,2,0.5,0.5,0.5,0.5,0.5,0.5,0.5
48,1,1,-0,2,2,0.5,0.5,0.5,0.5,0.5,0.5,0.5
48.5,1,1,-0,2,2,0.5,0.5,0.5,0.5,0.5,0.5,0.5
49,1,1,-0,2,2,0.5,0.5,0.5,0.5,0.5,0.5,0.5
49.5,1,1,-0,2,2,0.5,0.5,0.5,0.5,0.5,0.5,0.5
50,1,1,-0,2,2,0.5,0.5,0.5,0.5,0.5,0.5,0.5
50.5,1,1,-0,2,2,0.5,0.5,0.5,0.5,0.5,0.5,0.5
51,1,1,-0,2,2,0.5,0.5,0.5,0.5,0.5,0.5,0.5
51.5,1,1,-0,2,2,0.5,0.5,0.5,0.5,0.5,0.5,0.5
52,1,1,-0,2,2,0.5,0.5,0.5,0.5,0.5,0.5,0.5
52.5,1,1,-0,2,2,0.5,0.5,0.5,0.5,0.5,0.5,0.5
53,1,1,-0,2,2,0.5,0.5,0.5,0.5,0.5,0.5,0.5
53.5,1,1,-0,2,2,0.5,0.5,0.5,0.5,0.5,0.5,0.5
54,1,1,-0,2,2,0.5,0.5,0.5,0.5,0.5,0.5,0.5
54.5,1,1,-0,2,2,0.5,0.5,0.5,0.5,0.5,0.5,0.5
55,1,1,-0,2,2,0.5,0.5,0.5,0.5,0.5,0.5,0.5
55.5,1,1,-0,2,2,0.5,0.5,0.5,0.5,0.5,0.5,0.5
56,1,1,-0,2,2,0.5,0.5,0.5,0.5,0.5,0.5,0.5
56.5,1,1,-0,2,2,0.5,0.5,0.5,0.5,0.5,0.5,0.5
57,1,1,-0,2,2,0.5,0.5,0.5,0.5,0.5,0.5,0.5
57.5,1,1,-0,2,2,0.5,0.5,0.5,0.5,0.5,0.5,0.5
58,1,1,-0,2,2,0.5,0.5,0.5,0.5,0.5,0.5,0.5
58.5,1,1,-0,2,2,0.5,0.5,0.5,0.5,0.5,0.5,0.5
59,1,1,-0,2,2,0.5,0.5,0.5,0.5,0.5,0.5,0.5
59.5,1,1,-0,2,2,0.5,0.5,0.5,0.5,0.5,0.5,0.5
60,1,1,-0,2,2,0.5,0.5,0.5,0.5,0.5,0.5,0.5
60.5,1,1,-0,2,2,0.5,0.5,0.5,0.5,0.5,0.5,0.5
61,1,1,-0,2,2,0.5,0.5,0.5,0.5,0.5,0.5,0.5
61.5,1,1,-0,2,2,0.5,0.5,0.5,0.5,0.5,0.5,0.5
62,1,1,-0,2,2,0.5,0.5,0.5,0.5,0.5,0.5,0.5
62.5,1,1,-0,2,2,0.5,0.5,0.5,0.5,0.5,0.5,0.5
63,1,1,-0,2,2,0.5,0.5,0.5,0.5,0.5,0.5,0.5
63.5,1,1,-0,2,2,0.5,0.5,0.5,0.5,0.5,0.5,0.5
64,1,1,-0,2,2,0.5,0.5,0.5,0.5,0.5,0.5,0.5
64.5,1,1,-0,2,2,0.5,0.5,0.5,0.5,0.5,0.5,0.5
65,1,1,-0,2,2,0.5,0.5,0.5,0.5,0.5,0.5,0.5
65.5,1,1,-0,2,2,0.5,0.5,0.5,0.5,0.5,0.5,0.5
66,1,1,-0,2,2,0.5,0.5,0.5,0.5,0.5,0.5,0.5
66.5,1,1,-0,2,2,0.5,0.5,0.5,0.5,0.5,0.5,0.5
67,1,1,-0,2,2,0.5,0.5,0.5,0.5,0.5,0.5,0.5
67.5,1,1,-0,2,2,0.5,0.5,0.5,0.5,0.5,0.5,0.5
68,1,1,-0,2,2,0.5,0.5,0.5,0.5,0.5,0.5,0.5
68.5,1,1,-0,2,2,0.5,0.5,0.5,0.5,0.5,0.5,0.5
69,1,1,-0,2,2,0.5,0.5,0.5,0.5,0.5,0.5,0.5
69.5,1,1,-0,2,2,0.5,0.5,0.5,0.5,0.5,0.5,0.5
70,1,1,-0,2,2,0.5,0.5,0.5,0.5,0.5,0.5,0.5
70.5,1,1,-0,2,2,0.5,0.5,0.5,0.5,0.5,0.5,0.5
71,1,1,-0,2,2,0.5,0.5,0.5,0.5,0.5,0.5,0.5
71.5,1,1,-0,2,2,0.5,0.5,0.5,0.5,0.5,0.5,0.5
72,1,1,-0,2,2,0.5,0.5,0.5,0.5,0.5,0.5,0.5
72.5,1,1,-0,2,2,0.5,0.5,0.5,0.5,0.5,0.5,0.5
73,1,1,-0,2,2,0.5,0.5,0.5,0.5,0.5,0.5,0.5
73.5,1,1,-0,2,2,0.5,0.5,0.5,0.5,0.5,0.5,0.5
74,1,1,-0,2,2,0.5,0.5,0.5,0.5,0.5,0.5,0.5
74.5,1,1,-0,2,2,0.5,0.5,0.5,0.5,0.5,0.5,0.5
75,1,1,-0,2,2,0.5,0.5,0.5,0.5,0.5,0.5,0.5
75.5,1,1,-0,2,2,0.5,0.5,0.5,0.5,0.5,0.5,0.5
76,1,1,-0,2,2,0.5,0.5,0.5,0.5,0.5,0.5,0.5
76.5,1,1,-0,2,2,0.5,0.5,0.5,0.5,0.5,0.5,0.5
77,1,1,-0,2,2,0.5,0.5,0.5,0.5,0.5,0.5,0.5
77.5,1,1,-0,2,2,0.5,0.5,0.5,0.5,0.5,0.5,0.5
78,1,1,-0,2,2,0.5,0.5,0.5,0.5,0.5,0.5,0.5
78.5,1,1,-0,2,2,0.5,0.5,0.5,0.5,0.5,0.5,0.5
79,1,1,-0,2,2,0.5,0.5,0.5,0.5,0.5,0.5,0.5
79.5,1,1,-0,2,2,0.5,0.5,0.5,0.5,0.5,0.5,0.5
80,1,1,-0,2,2,0.5,0.5,0.5,0.5,0.5,0.5,0.5
80.5,1,1,-0,2,2,0.5,0.5,0.5,0.5,0.5,0.5,0.5
81,1,1,-0,2,2,0.5,0.5,0.5,0.5,0.5,0.5,0.5
81.5,1,1,-0,2,2,0.5,0.5,0.5,0.5,0.5,0.5,0.5
82,1,1,-0,2,2,0.5,0.5,0.5,0.5,0.5,0.5,0.5
82.5,1,1,-0,2,2,0.5,0.5,0.5,0.5,0.5,0.5,0.5
83,1,1,-0,2,2,0.5,0.5,0.5,0.5,0.5,0.5,0.5
83.5,1,1,-0,2,2,0.5,0.5,0.5,0.5,0.5,0.5,0.5
84,1,1,-0,2,2,0.5,0.5,0.5,0.5,0.5,0.5,0.5
84.5,1,1,-0,2,2,0.5,0.5,0.5,0.5,0.5,0.5,0.5
85,1,1,-0,2,2,0.5,0.5,0.5,0.5,0.5,0.5,0.5
85.5,1,1,-0,2,2,0.5,0.5,0.5,0.5,0.5,0.5,0.5
86,1,1,-0,2,2,0.5,0.5,0.5,0.5,0.5,0.5,0.5
86.5,1,1,-0,2,2,0.5,0.5,0.5,0.5,0.5,0.5,0.5
87,1,1,-0,2,2,0.5,0.5,0.5,0.5,0.5,0.5,0.5
87.5,1,1,-0,2,2,0.5,0.5,0.5,0.5,0.5,0.5,0.5
88,1,1,-0,2,2,0.5,0.5,0.5,0.5,0.5,0.5,0.5
88.5,1,1,-0,2,2,0.5,0.5,0.5,0.5,0.5,0.5,0.5
89,1,1,-0,2,2,0.5,0.5,0.5,0.5,0.5,0.5,0.5
89.5,1,1,-0,2,2,0.5,0.5,0.5,0.5,0.5,0.5,0.5
90,1,1,-0,2,2,0.5,0.5,0.5,0.5,0.5,0.5,0.5
90.5,1,1,-0,2,2,0.5,0.5,0.5,0.5,0.5,0.5,0.5
91,1,1,-0,2,2,0.5,0.5,0.5,0.5,0.5,0.5,0.5
91.5,1,1,-0,2,2,0.5,0.5,0.5,0.5,0.5,0.5,0.5
92,1,1,-0,2,2,0.5,0.5,0.5,0.5,0.5,0.5,0.5
92.5,1,1,-0,2,2,0.5,0.5,0.5,0.5,0.5,0.5,0.5
93,1,1,-0,2,2,0.5,0.5,0.5,0.5,0.5,0.5,0.5
93.5,1,1,-0,2,2,0.5,0.5,0.5,0.5,0.5,0.5,0.5
94,1,1,-0,2,2,0.5,0.5,0.5,0.5,0.5,0.5,0.5
94.5,1,1,-0,2,2,0.5,0.5,0.5,0.5,0.5,0.5,0.5
95,1,1,-0,2,2,0.5,0.5,0.5,0.5,0.5,0.5,0.5
95.5,1,1,-0,2,2,0.5,0.5,0.5,0.5,0.5,0.5,0.5
96,1,1,-0,2,2,0.5,0.5,0.5,0.5,0.5,0.5,0.5
96.5,1,1,-0,2,2,0.5,0.5,0.5,0.5,0.5,0.5,0.5
97,1,1,-0,2,2,0.5,0.5,0.5,0.5,0.5,0.5,0.5
97.5,1,1,-0,2,2,0.5,0.5,0.5,0.5,0.5,0.5,0.5
98,1,1,-0,2,2,0.5,0.5,0.5,0.5,0.5,0.5,0.5
98.5,1,1,-0,2,2,0.5,0.5,0.5,0.5,0.5,0.5,0.5
99,1,1,-0,2,2,0.5,0.5,0.5,0.5,0.5,0.5,0.5
99.5,1,1,-0,2,2,0.5,0.5,0.5,0.5,0.5,0.5,0.5
100,1,1,-0,2,2,0.5,0.5,0.5,0.5,0.5,0.5,0.5
100.5,1,1,-0,2,2,0.5,0.5,0.5,0.5,0.5,0.5,0.5
101,1,1,-0,2,2,0.5,0.5,0.5,0.5,0.5,0.5,0.5
101.5,1,1,-0,2,2,0.5,0.5,0.5,0.5,0.5,0.5,0.5
102,1,1,-0,2,2,0.5,0.5,0.5,0.5,0.5,0.5,0.5
102.5,1,1,-0,2,2,0.5,0.5,0.5,0.5,0.5,0.5,0.5
103,1,1,-0,2,2,0.5,0.5,0.5,0.5,0.5,0.5,0.5
103.5,1,1,-0,2,2,0.5,0.5,0.5,0.5,0.5,0.5,0.5
104,1,1,-0,2,2,0.5,0.5,0.5,0.5,0.5,0.5,0.5
104.5,1,1,-0,2,2,0.5,0.5,0.5,0.5,0.5,0.5,0.5
105,1,1,-0,2,2,0.5,0.5,0.5,0.5,0.5,0.5,0.5
105.5,1,1,-0,2,2,0.5,0.5,0.5,0.5,0.5,0.5,0.5
106,1,1,-0,2,2,0.5,0.5,0.5,0.5,0.5,0.5,0.5
106.5,1,1,-0,2,2,0.5,0.5,0.5,0.5,0.5,0.5,0.5
107,1,1,-0,2,2,0.5,0.5,0.5,0.5,0.5,0.5,0.5
107.5,1,1,-0,2,2,0.5,0.5,0.5,0.5,0.5,0.5,0.5
108,1,1,-0,2,2,0.5,0.5,0.5,0.5,0.5,0.5,0.5
108.5,1,1,-0,2,2,0.5,0.5,0.5,0.5,0.5,0.5,0.5
109,1,1,-0,2,2,0.5,0.5,0.5,0.5,0.5,0.5,0.5
109.5,1,1,-0,2,2,0.5,0.5,0.5,0.5,0.5,0.5,0.5
110,1,1,-0,2,2,0.5,0.5,0.5,0.5,0.5,0.5,0.5
110.5,1,1,-0,2,2,0.5,0.5,0.5,0.5,0.5,0.5,0.5
111,1,1,-0,2,2,0.5,0.5,0.5,0.5,0.5,0.5,0.5
111.5,1,1,-0,2,2,0.5,0.5,0.5,0.5,0.5,0.5,0.5
112,1,1,-0,2,2,0.5,0.5,0.5,0.5,0.5,0.5,0.5
112.5,1,1,-0,2,2,0.5,0.5,0.5,0.5,0.5,0.5,0.5
113,1,1,-0,2,2,0.5,0.5,0.5,0.5,0.5,0.5,0.5
113.5,1,1,-0,2,2,0.5,0.5,0.5,0.5,0.5,0.5,0.5
114,1,1,-0,2,2,0.5,0.5,0.5,0.5,0.5,0.5,0.5
114.5,1,1,-0,2,2,0.5,0.5,0.5,0.5,0.5,0.5,0.5
115,1,1,-0,2,2,0.5,0.5,0.5,0.5,0.5,0.5,0.5
115.5,1,1,-0,2,2,0.5,0.5,0.5,0.5,0.5,0.5,0.5
116,1,1,-0,2,2,0.5,0.5,0.5,0.5,0.5,0.5,0.5
116.5,1,1,-0,2,2,0.5,0.5,0.5,0.5,0.5,0.5,0.5
117,1,1,-0,2,2,0.5,0.5,0.5,0.5,0.5,0.5,0.5
117.5,1,1,-0,2,2,0.5,0.5,0.5,0.5,0.5,0.5,0.5
118,1,1,-0,2,2,0.5,0.5,0.5,0.5,0.5,0.5,0.5
118.5,1,1,-0,2,2,0.5,0.5,0.5,0.5,0.5,0.5,0.5
119,1,1,-0,2,2,0.5,0.5,0.5,0.5,0.5,0.5,0.5
119.5,1,1,-0,2,2,0.5,0.5,0.5,0.5,0.5,0.5,0.5
120,1,1,-0,2,2,0.5,0.5,0.5,0.5,0.5,0.5,0.5
120.5,1,1,-0,2,2,0.5,0.5,0.5,0.5,0.5,0.5,0.5
121,1,1,-0,2,2,0.5,0.5,0.5,0.5,0.5,0.5,0.5
121.5,1,1,-0,2,2,0.5,0.5,0.5,0.5,0.5,0.5,0.5
122,1,1,-0,2,2,0.5,0.5,0.5,0.5,0.5,0.5,0.5
122.5,1,1,-0,2,2,0.5,0.5,0.5,0.5,0.5,0.5,0.5
123,1,1,-0,2,2,0.5,0.5,0.5,0.5,0.5,0.5,0.5
123.5,1,1,-0,2,2,0.5,0.5,0.5,0.5,0.5,0.5,0.5
124,1,1,-0,2,2,0.5,0.5,0.5,0.5,0.5,0.5,0.5
124.5,1,1,-0,2,2,0.5,0.5,0.5,0.5,0.5,0.5,0.5
125,1,1,-0,2,2,0.5,0.5,0.5,0.5,0.5,0.5,0.5
125.5,1,1,-0,2,2,0.5,0.5,0.5,0.5,0.5,0.5,0.5
126,1,1,-0,2,2,0.5,0.5,0.5,0.5,0.5,0.5,0.5
126.5,1,1,-0,2,2,0.5,0.5,0.5,0.5,0.5,0.5,0.5
127,1,1,-0,2,2,0.5,0.5,0.5,0.5,0.5,0.5,0.5
127.5,1,1,-0,2,2,0.5,0.5,0.5,0.5,0.5,0.5,0.5
128,1,1,-0,2,2,0.5,0.5,0.5,0.5,0.5,0.5,0.5
128.5,1,1,-0,2,2,0.5,0.5,0.5,0.5,0.5,0.5,0.5
129,1,1,-0,2,2,0.5,0.5,0.5,0.5,0.5,0.5,0.5
129.5,1,1,-0,2,2,0.5,0.5,0.5,0.5,0.5,0.5,0.5
130,1,1,-0,2,2,0.5,0.5,0.5,0.5,0.5,0.5,0.5
130.5,1,1,-0,2,2,0.5,0.5,0.5,0.5,0.5,0.5,0.5
131,1,1,-0,2,2,0.5,0.5,0.5,0.5,0.5,0.5,0.5
131.5,1,1,-0,2,2,0.5,0.5,0.5,0.5,0.5,0.5,0.5
132,1,1,-0,2,2,0.5,0.5,0.5,0.5,0.5,0.5,0.5
132.5,1,1,-0,2,2,0.5,0.5,0.5,0.5,0.5,0.5,0.5
133,1,1,-0,2,2,0.5,0.5,0.5,0.5,0.5,0.5,0.5
133.5,1,1,-0,2,2,0.5,0.5,0.5,0.5,0.5,0.5,0.5
134,1,1,-0,2,2,0.5,0.5,0.5,0.5,0.5,0.5,0.5
134.5,1,1,-0,2,2,0.5,0.5,0.5,0.5,0.5,0.5,0.5
135,1,1,-0,2,2,0.5,0.5,0.5,0.5,0.5,0.5,0.5
135.5,1,1,-0,2,2,0.5,0.5,0.5,0.5,0.5,0.5,0.5
136,1,1,-0,2,2,0.5,0.5,0.5,0.5,0.5,0.5,0.5
136.5,1,1,-0,2,2,0.5,0.5,0.5,0.5,0.5,0.5,0.5
137,1,1,-0,2,2,0.5,0.5,0.5,0.5,0.5,0.5,0.5
137.5,1,1,-0,2,2,0.5,0.5,0.5,0.5,0.5,0.5,0.5
138,1,1,-0,2,2,0.5,0.5,0.5,0.5,0.5,0.5,0.5
138.5,1,1,-0,2,2,0.5,0.5,0.5,0.5,0.5,0.5,0.5
139,1,1,-0,2,2,0.5,0.5,0.5,0.5,0.5,0.5,0.5
139.5,1,1,-0,2,2,0.5,0.5,0.5,0.5,0.5,0.5,0.5
140,1,1,-0,2,2,0.5,0.5,0.5,0.5,0.5,0.5,0.5
140.5,1,1,-0,2,2,0.5,0.5,0.5,0.5,0.5,0.5,0.5
141,1,1,-0,2,2,0.5,0.5,0.5,0.5,0.5,0.5,0.5
141.5,1,1,-0,2,2,0.5,0.5,0.5,0.5,0.5,0.5,0.5
142,1,1,-0,2,2,0.5,0.5,0.5,0.5,0.5,0.5,0.5
142.5,1,1,-0,2,2,0.5,0.5,0.5,0.5,0.5,0.5,0.5
143,1,1,-0,2,2,0.5,0.5,0.5,0.5,0.5,0.5,0.5
143.5,1,1,-0,2,2,0.5,0.5,0.5,0.5,0.5,0.5,0.5
144,1,1,-0,2,2,0.5,0.5,0.5,0.5,0.5,0.5,0.5
144.5,1,1,-0,2,2,0.5,0.5,0.5,0.5,0.5,0.5,0.5
145,1,1,-0,2,2,0.5,0.5,0.5,0.5,0.5,0.5,0.5
145.5,1,1,-0,2,2,0.5,0.5,0.5,0.5,0.5,0.5,0.5
146,1,1,-0,2,2,0.5,0.5,0.5,0.5,0.5,0.5,0.5
146.5,1,1,-0,2,2,0.5,0.5,0.5,0.5,0.5,0.5,0.5
147,1,1,-0,2,2,0.5,0.5,0.5,0.5,0.5,0.5,0.5
147.5,1,1,-0,2,2,0.5,0.5,0.5,0.5,0.5,0.5,0.5
148,1,1,-0,2,2,0.5,0.5,0.5,0.5,0.5,0.5,0.5
148.5,1,1,-0,2,2,0.5,0.5,0.5,0.5,0.5,0.5,0.5
149,1,1,-0,2,2,0.5,0.5,0.5,0.5,0.5,0.5,0.5
149.5,1,1,-0,2,2,0.5,0.5,0.5,0.5,0.5,0.5,0.5
150,1,1,-0,2,2,0.5,0.5,0.5,0.5,0.5,0.5,0.5
150.5,1,1,-0,2,2,0.5,0.5,0.5,0.5,0.5,0.5,0.5
151,1,1,-0,2,2,0.5,0.5,0.5,0.5,0.5,0.5,0.5
151.5,1,1,-0,2,2,0.5,0.5,0.5,0.5,0.5,0.5,0.5
152,1,1,-0,2,2,0.5,0.5,0.5,0.5,0.5,0.5,0.5
152.5,1,1,-0,2,2,0.5,0.5,0.5,0.5,0.5,0.5,0.5
153,1,1,-0,2,2,0.5,0.5,0.5,0.5,0.5,0.5,0.5
153.5,1,1,-0,2,2,0.5,0.5,0.5,0.5,0.5,0.5,0.5
154,1,1,-0,2,2,0.5,0.5,0.5,0.5,0.5,0.5,0.5
154.5,1,1,-0,2,2,0.5,0.5,0.5,0.5,0.5,0.5,0.5
155,1,1,-0,2,2,0.5,0.5,0.5,0.5,0.5,0.5,0.5
155.5,1,1,-0,2,2,0.5,0.5,0.5,0.5,0.5,0.5,0.5
156,1,1,-0,2,2,0.5,0.5,0.5,0.5,0.5,0.5,0.5
156.5,1,1,-0,2,2,0.5,0.5,0.5,0.5,0.5,0.5,0.5
157,1,1,-0,2,2,0.5,0.5,0.5,0.5,0.5,0.5,0.5
157.5,1,1,-0,2,2,0.5,0.5,0.5,0.5,0.5,0.5,0.5
158,1,1,-0,2,2,0.5,0.5,0.5,0.5,0.5,0.5,0.5
158.5,1,1,-0,2,2,0.5,0.5,0.5,0.5,0.5,0.5,0.5
159,1,1,-0,2,2,0.5,0.5,0.5,0.5,0.5,0.5,0.5
159.5,1,1,-0,2,2,0.5,0.5,0.5,0.5,0.5,0.5,0.5
160,1,1,-0,2,2,0.5,0.5,0.5,0.5,0.5,0.5,0.5
160.5,1,1,-0,2,2,0.5,0.5,0.5,0.5,0.5,0.5,0.5
161,1,1,-0,2,2,0.5,0.5,0.5,0.5,0.5,0.5,0.5
161.5,1,1,-0,2,2,0.5,0.5,0.5,0.5,0.5,0.5,0.5
162,1,1,-0,2,2,0.5,0.5,0.5,0.5,0.5,0.5,0.5
162.5,1,1,-0,2,2,0.5,0.5,0.5,0.5,0.5,0.5,0.5
163,1,1,-0,2,2,0.5,0.5,0.5,0.5,0.5,0.5,0.5
163.5,1,1,-0,2,2,0.5,0.5,0.5,0.5,0.5,0.5,0.5
164,1,1,-0,2,2,0.5,0.5,0.5,0.5,0.5,0.5,0.5
164.5,1,1,-0,2,2,0.5,0.5,0.5,0.5,0.5,0.5,0.5
165,1,1,-0,2,2,0.5,0.5,0.5,0.5,0.5,0.5,0.5
165.5,1,1,-0,2,2,0.5,0.5,0.5,0.5,0.5,0.5,0.5
166,1,1,-0,2,2,0.5,0.5,0.5,0.5,0.5,0.5,0.5
166.5,1,1,-0,2,2,0.5,0.5,0.5,0.5,0.5,0.5,0.5
167,1,1,-0,2,2,0.5,0.5,0.5,0.5,0.5,0.5,0.5
167.5,1,1,-0,2,2,0.5,0.5,0.5,0.5,0.5,0.5,0.5
168,1,1,-0,2,2,0.5,0.5,0.5,0.5,0.5,0.5,0.5
168.5,1,1,-0,2,2,0.5,0.5,0.5,0.5,0.5,0.5,0.5
169,1,1,-0,2,2,0.5,0.5,0.5,0.5,0.5,0.5,0.5
169.5,1,1,-0,2,2,0.5,0.5,0.5,0.5,0.5,0.5,0.5
170,1,1,-0,2,2,0.5,0.5,0.5,0.5,0.5,0.5,0.5
170.5,1,1,-0,2,2,0.5,0.5,0.5,0.5,0.5,0.5,0.5
171,1,1,-0,2,2,0.5,0.5,0.5,0.5,0.5,0.5,0.5
171.5,1,1,-0,2,2,0.5,0.5,0.5,0.5,0.5,0.5,0.5
172,1,1,-0,2,2,0.5,0.5,0.5,0.5,0.5,0.5,0.5
172.5,1,1,-0,2,2,0.5,0.5,0.5,0.5,0.5,0.5,0.5
173,1,1,-0,2,2,0.5,0.5,0.5,0.5,0.5,0.5,0.5
173.5,1,1,-0,2,2,0.5,0.5,0.5,0.5,0.5,0.5,0.5
174,1,1,-0,2,2,0.5,0.5,0.5,0.5,0.5,0.5,0.5
174.5,1,1,-0,2,2,0.5,0.5,0.5,0.5,0.5,0.5,0.5
175,1,1,-0,2,2,0.5,0.5,0.5,0.5,0.5,0.5,0.5
175.5,1,1,-0,2,2,0.5,0.5,0.5,0.5,0.5,0.5,0.5
176,1,1,-0,2,2,0.5,0.5,0.5,0.5,0.5,0.5,0.5
176.5,1,1,-0,2,2,0.5,0.5,0.5,0.5,0.5,0.5,0.5
177,1,1,-0,2,2,0.5,0.5,0.5,0.5,0.5,0.5,0.5
177.5,1,1,-0,2,2,0.5,0.5,0.5,0.5,0.5,0.5,0.5
178,1,1,-0,2,2,0.5,0.5,0.5,0.5,0.5,0.5,0.5
178.5,1,1,-0,2,2,0.5,0.5,0.5,0.5,0.5,0.5,0.5
179,1,1,-0,2,2,0.5,0.5,0.5,0.5,0.5,0.5,0.5
179.5,1,1,-0,2,2,0.5,0.5,0.5,0.5,0.5,0.5,0.5
180,1,1,-0,2,2,0.5,0.5,0.5,0.5,0.5,0.5,0.5
180.5,1,1,-0,2,2,0.5,0.5,0.5,0.5,0.5,0.5,0.5
181,1,1,-0,2,2,0.5,0.5,0.5,0.5,0.5,0.5,0.5
181.5,1,1,-0,2,2,0.5,0.5,0.5,0.5,0.5,0.5,0.5
182,1,1,-0,2,2,0.5,0.5,0.5,0.5,0.5,0.5,0.5
182.5,1,1,-0,2,2,0.5,0.5,0.5,0.5,0.5,0.5,0.5
183,1,1,-0,2,2,0.5,0.5,0.5,0.5,0.5,0.5,0.5
183.5,1,1,-0,2,2,0.5,0.5,0.5,0.5,0.5,0.5,0.5
184,1,1,-0,2,2,0.5,0.5,0.5,0.5,0.5,0.5,0.5
184.5,1,1,-0,2,2,0.5,0.5,0.5,0.5,0.5,0.5,0.5
185,1,1,-0,2,2,0.5,0.5,0.5,0.5,0.5,0.5,0.5
185.5,1,1,-0,2,2,0.5,0.5,0.5,0.5,0.5,0.5,0.5
186,1,1,-0,2,2,0.5,0.5,0.5,0.5,0.5,0.5,0.5
186.5,1,1,-0,2,2,0.5,0.5,0.5,0.5,0.5,0.5,0.5
187,1,1,-0,2,2,0.5,0.5,0.5,0.5,0.5,0.5,0.5
187.5,1,1,-0,2,2,0.5,0.5,0.5,0.5,0.5,0.5,0.5
188,1,1,-0,2,2,0.5,0.5,0.5,0.5,0.5,0.5,0.5
188.5,1,1,-0,2,2,0.5,0.5,0.5,0.5,0.5,0.5,0.5
189,1,1,-0,2,2,0.5,0.5,0.5,0.5,0.5,0.5,0.5
189.5,1,1,-0,2,2,0.5,0.5,0.5,0.5,0.5,0.5,0.5
190,1,1,-0,2,2,0.5,0.5,0.5,0.5,0.5,0.5,0.5
190.5,1,1,-0,2,2,0.5,0.5,0.5,0.5,0.5,0.5,0.5
191,1,1,-0,2,2,0.5,0.5,0.5,0.5,0.5,0.5,0.5
191.5,1,1,-0,2,2,0.5,0.5,0.5,0.5,0.5,0.5,0.5
192,1,1,-0,2,2,0.5,0.5,0.5,0.5,0.5,0.5,0.5
192.5,1,1,-0,2,2,0.5,0.5,0.5,0.5,0.5,0.5,0.5
193,1,1,-0,2,2,0.5,0.5,0.5,0.5,0.5,0.5,0.5
193.5,1,1,-0,2,2,0.5,0.5,0.5,0.5,0.5,0.5,0.5
194,1,1,-0,2,2,0.5,0.5,0.5,0.5,0.5,0.5,0.5
194.5,1,1,-0,2,2,0.5,0.5,0.5,0.5,0.5,0.5,0.5
195,1,1,-0,2,2,0.5,0.5,0.5,0.5,0.5,0.5,0.5
195.5,1,1,-0,2,2,0.5,0.5,0.5,0.5,0.5,0.5,0.5
196,1,1,-0,2,2,0.5,0.5,0.5,0.5,0.5,0.5,0.5
196.5,1,1,-0,2,2,0.5,0.5,0.5,0.5,0.5,0.5,0.5
197,1,1,-0,2,2,0.5,0.5,0.5,0.5,0.5,0.5,0.5
197.5,1,1,-0,2,2,0.5,0.5,0.5,0.5,0.5,0.5,0.5
198,1,1,-0,2,2,0.5,0.5,0.5,0.5,0.5,0.5,0.5
198.5,1,1,-0,2,2,0.5,0.5,0.5,0.5,0.5,0.5,0.5
199,1,1,-0,2,2,0.5,0.5,0.5,0.5,0.5,0.5,0.5
199.5,1,1,-0,2,2,0.5,0.5,0.5,0.5,0.5,0.5,0.5
200,1,1,-0,2,2,0.5,0.5,0.5,0.5,0.5,0.5,0.5
200.5,1,1,-0,2,2,0.5,0.5,0.5,0.5,0.5,0.5,0.5
201,1,1,-0,2,2,0.5,0.5,0.5,0.5,0.5,0.5,0.5
201.5,1,1,-0,2,2,0.5,0.5,0.5,0.5,0.5,0.5,0.5
202,1,1,-0,2,2,0.5,0.5,0.5,0.5,0.5,0.5,0.5
202.5,1,1,-0,2,2,0.5,0.5,0.5,0.5,0.5,0.5,0.5
203,1,1,-0,2,2,0.5,0.5,0.5,0.5,0.5,0.5,0.5
203.5,1,1,-0,2,2,0.5,0.5,0.5,0.5,0.5,0.5,0.5
204,1,1,-0,2,2,0.5,0.5,0.5,0.5,0.5,0.5,0.5
204.5,1,1,-0,2,2,0.5,0.5,0.5,0.5,0.5,0.5,0.5
205,1,1,-0,2,2,0.5,0.5,0.5,0.5,0.5,0.5,0.5
205.5,1,1,-0,2,2,0.5,0.5,0.5,0.5,0.5,0.5,0.5
206,1,1,-0,2,2,0.5,0.5,0.5,0.5,0.5,0.5,0.5
206.5,1,1,-0,2,2,0.5,0.5,0.5,0.5,0.5,0.5,0.5
207,1,1,-0,2,2,0.5,0.5,0.5,0.5,0.5,0.5,0.5
207.5,1,1,-0,2,2,0.5,0.5,0.5,0.5,0.5,0.5,0.5
208,1,1,-0,2,2,0.5,0.5,0.5,0.5,0.5,0.5,0.5
208.5,1,1,-0,2,2,0.5,0.5,0.5,0.5,0.5,0.5,0.5
209,1,1,-0,2,2,0.5,0.5,0.5,0.5,0.5,0.5,0.5
209.5,1,1,-0,2,2,0.5,0.5,0.5,0.5,0.5,0.5,0.5
210,1,1,-0,2,2,0.5,0.5,0.5,0.5,0.5,0.5,0.5
210.5,1,1,-0,2,2,0.5,0.5,0.5,0.5,0.5,0.5,0.5
211,1,1,-0,2,2,0.5,0.5,0.5,0.5,0.5,0.5,0.5
211.5,1,1,-0,2,2,0.5,0.5,0.5,0.5,0.5,0.5,0.5
212,1,1,-0,2,2,0.5,0.5,0.5,0.5,0.5,0.5,0.5
212.5,1,1,-0,2,2,0.5,0.5,0.5,0.5,0.5,0.5,0.5
213,1,1,-0,2,2,0.5,0.5,0.5,0.5,0.5,0.5,0.5
213.5,1,1,-0,2,2,0.5,0.5,0.5,0.5,0.5,0.5,0.5
214,1,1,-0,2,2,0.5,0.5,0.5,0.5,0.5,0.5,0.5
214.5,1,1,-0,2,2,0.5,0.5,0.5,0.5,0.5,0.5,0.5
215,1,1,-0,2,2,0.5,0.5,0.5,0.5,0.5,0.5,0.5
215.5,1,1,-0,2,2,0.5,0.5,0.5,0.5,0.5,0.5,0.5
216,1,1,-0,2,2,0.5,0.5,0.5,0.5,0.5,0.5,0.5
216.5,1,1,-0,2,2,0.5,0.5,0.5,0.5,0.5,0.5,0.5
217,1,1,-0,2,2,0.5,0.5,0.5,0.5,0.5,0.5,0.5
217.5,1,1,-0,2,2,0.5,0.5,0.5,0.5,0.5,0.5,0.5
218,1,1,-0,2,2,0.5,0.5,0.5,0.5,0.5,0.5,0.5
218.5,1,1,-0,2,2,0.5,0.5,0.5,0.5,0.5,0.5,0.5
219,1,1,-0,2,2,0.5,0.5,0.5,0.5,0.5,0.5,0.5
219.5,1,1,-0,2,2,0.5,0.5,0.5,0.5,0.5,0.5,0.5
220,1,1,-0,2,2,0.5,0.5,0.5,0.5,0.5,0.5,0.5
220.5,1,1,-0,2,2,0.5,0.5,0.5,0.5,0.5,0.5,0.5
221,1,1,-0,2,2,0.5,0.5,0.5,0.5,0.5,0.5,0.5
221.5,1,1,-0,2,2,0.5,0.5,0.5,0.5,0.5,0.5,0.5
222,1,1,-0,2,2,0.5,0.5,0.5,0.5,0.5,0.5,0.5
222.5,1,1,-0,2,2,0.5,0.5,0.5,0.5,0.5,0.5,0.5
223,1,1,-0,2,2,0.5,0.5,0.5,0.5,0.5,0.5,0.5
223.5,1,1,-0,2,2,0.5,0.5,0.5,0.5,0.5,0.5,0.5
224,1,1,-0,2,2,0.5,0.5,0.5,0.5,0.5,0.5,0.5
224.5,1,1,-0,2,2,0.5,0.5,0.5,0.5,0.5,0.5,0.5
225,1,1,-0,2,2,0.5,0.5,0.5,0.5,0.5,0.5,0.5
225.5,1,1,-0,2,2,0.5,0.5,0.5,0.5,0.5,0.5,0.5
226,1,1,-0,2,2,0.5,0.5,0.5,0.5,0.5,0.5,0.5
226.5,1,1,-0,2,2,0.5,0.5,0.5,0.5,0.5,0.5,0.5
227,1,1,-0,2,2,0.5,0.5,0.5,0.5,0.5,0.5,0.5
227.5,1,1,-0,2,2,0.5,0.5,0.5,0.5,0.5,0.5,0.5
228,1,1,-0,2,2,0.5,0.5,0.5,0.5,0.5,0.5,0.5
228.5,1,1,-0,2,2,0.5,0.5,0.5,0.5,0.5,0.5,0.5
229,1,1,-0,2,2,0.5,0.5,0.5,0.5,0.5,0.5,0.5
229.5,1,1,-0,2,2,0.5,0.5,0.5,0.5,0.5,0.5,0.5
230,1,1,-0,2,2,0.5,0.5,0.5,0.5,0.5,0.5,0.5
230.5,1,1,-0,2,2,0.5,0.5,0.5,0.5,0.5,0.5,0.5
231,1,1,-0,2,2,0.5,0.5,0.5,0.5,0.5,0.5,0.5
231.5,1,1,-0,2,2,0.5,0.5,0.5,0.5,0.5,0.5,0.5
232,1,1,-0,2,2,0.5,0.5,0.5,0.5,0.5,0.5,0.5
232.5,1,1,-0,2,2,0.5,0.5,0.5,0.5,0.5,0.5,0.5
233,1,1,-0,2,2,0.5,0.5,0.5,0.5,0.5,0.5,0.5
233.5,1,1,-0,2,2,0.5,0.5,0.5,0.5,0.5,0.5,0.5
234,1,1,-0,2,2,0.5,0.5,0.5,0.5,0.5,0.5,0.5
234.5,1,1,-0,2,2,0.5,0.5,0.5,0.5,0.5,0.5,0.5
235,1,1,-0,2,2,0.5,0.5,0.5,0.5,0.5,0.5,0.5
235.5,1,1,-0,2,2,0.5,0.5,0.5,0.5,0.5,0.5,0.5
236,1,1,-0,2,2,0.5,0.5,0.5,0.5,0.5,0.5,0.5
236.5,1,1,-0,2,2,0.5,0.5,0.5,0.5,0.5,0.5,0.5
237,1,1,-0,2,2,0.5,0.5,0.5,0.5,0.5,0.5,0.5
237.5,1,1,-0,2,2,0.5,0.5,0.5,0.5,0.5,0.5,0.5
238,1,1,-0,2,2,0.5,0.5,0.5,0.5,0.5,0.5,0.5
238.5,1,1,-0,2,2,0.5,0.5,0.5,0.5,0.5,0.5,0.5
239,1,1,-0,2,2,0.5,0.5,0.5,0.5,0.5,0.5,0.5
239.5,1,1,-0,2,2,0.5,0.5,0.5,0.5,0.5,0.5,0.5
240,1,1,-0,2,2,0.5,0.5,0.5,0.5,0.5,0.5,0.5
240.5,1,1,-0,2,2,0.5,0.5,0.5,0.5,0.5,0.5,0.5
241,1,1,-0,2,2,0.5,0.5,0.5,0.5,0.5,0.5,0.5
241.5,1,1,-0,2,2,0.5,0.5,0.5,0.5,0.5,0.5,0.5
242,1,1,-0,2,2,0.5,0.5,0.5,0.5,0.5,0.5,0.5
242.5,1,1,-0,2,2,0.5,0.5,0.5,0.5,0.5,0.5,0.5
243,1,1,-0,2,2,0.5,0.5,0.5,0.5,0.5,0.5,0.5
243.5,1,1,-0,2,2,0.5,0.5,0.5,0.5,0.5,0.5,0.5
244,1,1,-0,2,2,0.5,0.5,0.5,0.5,0.5,0.5,0.5
244.5,1,1,-0,2,2,0.5,0.5,0.5,0.5,0.5,0.5,0.5
245,1,1,-0,2,2,0.5,0.5,0.5,0.5,0.5,0.5,0.5
245.5,1,1,-0,2,2,0.5,0.5,0.5,0.5,0.5,0.5,0.5
246,1,1,-0,2,2,0.5,0.5,0.5,0.5,0.5,0.5,0.5
246.5,1,1,-0,2,2,0.5,0.5,0.5,0.5,0.5,0.5,0.5
247,1,1,-0,2,2,0.5,0.5,0.5,0.5,0.5,0.5,0.5
247.5,1,1,-0,2,2,0.5,0.5,0.5,0.5,0.5,0.5,0.5
248,1,1,-0,2,2,0.5,0.5,0.5,0.5,0.5,0.5,0.5
248.5,1,1,-0,2,2,0.5,0.5,0.5,0.5,0.5,0.5,0.5
249,1,1,-0,2,2,0.5,0.5,0.5,0.5,0.5,0.5,0.5
249.5,1,1,-0,2,2,0.5,0.5,0.5,0.5,0.5,0.5,0.5
250,1,1,-0,2,2,0.5,0.5,0.5,0.5,0.5,0.5,0.5
250.5,1,1,-0,2,2,0.5,0.5,0.5,0.5,0.5,0.5,0.5
251,1,1,-0,2,2,0.5,0.5,0.5,0.5,0.5,0.5,0.5
251.5,1,1,-0,2,2,0.5,0.5,0.5,0.5,0.5,0.5,0.5
252,1,1,-0,2,2,0.5,0.5,0.5,0.5,0.5,0.5,0.5
252.5,1,1,-0,2,2,0.5,0.5,0.5,0.5,0.5,0.5,0.5
253,1,1,-0,2,2,0.5,0.5,0.5,0.5,0.5,0.5,0.5
253.5,1,1,-0,2,2,0.5,0.5,0.5,0.5,0.5,0.5,0.5
254,1,1,-0,2,2,0.5,0.5,0.5,0.5,0.5,0.5,0.5
254.5,1,1,-0,2,2,0.5,0.5,0.5,0.5,0.5,0.5,0.5
255,1,1,-0,2,2,0.5,0.5,0.5,0.5,0.5,0.5,0.5
255.5,1,1,-0,2,2,0.5,0.5,0.5,0.5,0.5,0.5,0.5
256,1,1,-0,2,2,0.5,0.5,0.5,0.5,0.5,0.5,0.5
256.5,1,1,-0,2,2,0.5,0.5,0.5,0.5,0.5,0.5,0.5
257,1,1,-0,2,2,0.5,0.5,0.5,0.5,0.5,0.5,0.5
257.5,1,1,-0,2,2,0.5,0.5,0.5,0.5,0.5,0.5,0.5
258,1,1,-0,2,2,0.5,0.5,0.5,0.5,0.5,0.5,0.5
258.5,1,1,-0,2,2,0.5,0.5,0.5,0.5,0.5,0.5,0.5
259,1,1,-0,2,2,0.5,0.5,0.5,0.5,0.5,0.5,0.5
259.5,1,1,-0,2,2,0.5,0.5,0.5,0.5,0.5,0.5,0.5
260,1,1,-0,2,2,0.5,0.5,0.5,0.5,0.5,0.5,0.5
260.5,1,1,-0,2,2,0.5,0.5,0.5,0.5,0.5,0.5,0.5
261,1,1,-0,2,2,0.5,0.5,0.5,0.5,0.5,0.5,0.5
261.5,1,1,-0,2,2,0.5,0.5,0.5,0.5,0.5,0.5,0.5
262,1,1,-0,2,2,0.5,0.5,0.5,0.5,0.5,0.5,0.5
262.5,1,1,-0,2,2,0.5,0.5,0.5,0.5,0.5,0.5,0.5
263,1,1,-0,2,2,0.5,0.5,0.5,0.5,0.5,0.5,0.5
263.5,1,1,-0,2,2,0.5,0.5,0.5,0.5,0.5,0.5,0.5
264,1,1,-0,2,2,0.5,0.5,0.5,0.5,0.5,0.5,0.5
264.5,1,1,-0,2,2,0.5,0.5,0.5,0.5,0.5,0.5,0.5
265,1,1,-0,2,2,0.5,0.5,0.5,0.5,0.5,0.5,0.5
265.5,1,1,-0,2,2,0.5,0.5,0.5,0.5,0.5,0.5,0.5
266,1,1,-0,2,2,0.5,0.5,0.5,0.5,0.5,0.5,0.5
266.5,1,1,-0,2,2,0.5,0.5,0.5,0.5,0.5,0.5,0.5
267,1,1,-0,2,2,0.5,0.5,0.5,0.5,0.5,0.5,0.5
267.5,1,1,-0,2,2,0.5,0.5,0.5,0.5,0.5,0.5,0.5
268,1,1,-0,2,2,0.5,0.5,0.5,0.5,0.5,0.5,0.5
268.5,1,1,-0,2,2,0.5,0.5,0.5,0.5,0.5,0.5,0.5
269,1,1,-0,2,2,0.5,0.5,0.5,0.5,0.5,0.5,0.5
269.5,1,1,-0,2,2,0.5,0.5,0.5,0.5,0.5,0.5,0.5
270,1,1,-0,2,2,0.5,0.5,0.5,0.5,0.5,0.5,0.5
270.5,1,1,-0,2,2,0.5,0.5,0.5,0.5,0.5,0.5,0.5
271,1,1,-0,2,2,0.5,0.5,0.5,0.5,0.5,0.5,0.5
271.5,1,1,-0,2,2,0.5,0.5,0.5,0.5,0.5,0.5,0.5
272,1,1,-0,2,2,0.5,0.5,0.5,0.5,0.5,0.5,0.5
272.5,1,1,-0,2,2,0.5,0.5,0.5,0.5,0.5,0.5,0.5
273,1,1,-0,2,2,0.5,0.5,0.5,0.5,0.5,0.5,0.5
273.5,1,1,-0,2,2,0.5,0.5,0.5,0.5,0.5,0.5,0.5
274,1,1,-0,2,2,0.5,0.5,0.5,0.5,0.5,0.5,0.5
274.5,1,1,-0,2,2,0.5,0.5,0.5,0.5,0.5,0.5,0.5
275,1,1,-0,2,2,0.5,0.5,0.5,0.5,0.5,0.5,0.5
275.5,1,1,-0,2,2,0.5,0.5,0.5,0.5,0.5,0.5,0.5
276,1,1,-0,2,2,0.5,0.5,0.5,0.5,0.5,0.5,0.5
276.5,1,1,-0,2,2,0.5,0.5,0.5,0.5,0.5,0.5,0.5
277,1,1,-0,2,2,0.5,0.5,0.5,0.5,0.5,0.5,0.5
277.5,1,1,-0,2,2,0.5,0.5,0.5,0.5,0.5,0.5,0.5
278,1,1,-0,2,2,0.5,0.5,0.5,0.5,0.5,0.5,0.5
278.5,1,1,-0,2,2,0.5,0.5,0.5,0.5,0.5,0.5,0.5
279,1,1,-0,2,2,0.5,0.5,0.5,0.5,0.5,0.5,0.5
279.5,1,1,-0,2,2,0.5,0.5,0.5,0.5,0.5,0.5,0.5
280,1,1,-0,2,2,0.5,0.5,0.5,0.5,0.5,0.5,0.5
280.5,1,1,-0,2,2,0.5,0.5,0.5,0.5,0.5,0.5,0.5
281,1,1,-0,2,2,0.5,0.5,0.5,0.5,0.5,0.5,0.5
281.5,1,1,-0,2,2,0.5,0.5,0.5,0.5,0.5,0.5,0.5
282,1,1,-0,2,2,0.5,0.5,0.5,0.5,0.5,0.5,0.5
282.5,1,1,-0,2,2,0.5,0.5,0.5,0.5,0.5,0.5,0.5
283,1,1,-0,2,2,0.5,0.5,0.5,0.5,0.5,0.5,0.5
283.5,1,1,-0,2,2,0.5,0.5,0.5,0.5,0.5,0.5,0.5
284,1,1,-0,2,2,0.5,0.5,0.5,0.5,0.5,0.5,0.5
284.5,1,1,-0,2,2,0.5,0.5,0.5,0.5,0.5,0.5,0.5
285,1,1,-0,2,2,0.5,0.5,0.5,0.5,0.5,0.5,0.5
285.5,1,1,-0,2,2,0.5,0.5,0.5,0.5,0.5,0.5,0.5
286,1,1,-0,2,2,0.5,0.5,0.5,0.5,0.5,0.5,0.5
286.5,1,1,-0,2,2,0.5,0.5,0.5,0.5,0.5,0.5,0.5
287,1,1,-0,2,2,0.5,0.5,0.5,0.5,0.5,0.5,0.5
287.5,1,1,-0,2,2,0.5,0.5,0.5,0.5,0.5,0.5,0.5
288,1,1,-0,2,2,0.5,0.5,0.5,0.5,0.5,0.5,0.5
288.5,1,1,-0,2,2,0.5,0.5,0.5,0.5,0.5,0.5,0.5
289,1,1,-0,2,2,0.5,0.5,0.5,0.5,0.5,0.5,0.5
289.5,1,1,-0,2,2,0.5,0.5,0.5,0.5,0.5,0.5,0.5
290,1,1,-0,2,2,0.5,0.5,0.5,0.5,0.5,0.5,0.5
290.5,1,1,-0,2,2,0.5,0.5,0.5,0.5,0.5,0.5,0.5
291,1,1,-0,2,2,0.5,0.5,0.5,0.5,0.5,0.5,0.5
291.5,1,1,-0,2,2,0.5,0.5,0.5,0.5,0.5,0.5,0.5
292,1,1,-0,2,2,0.5,0.5,0.5,0.5,0.5,0.5,0.5
292.5,1,1,-0,2,2,0.5,0.5,0.5,0.5,0.5,0.5,0.5
293,1,1,-0,2,2,0.5,0.5,0.5,0.5,0.5,0.5,0.5
293.5,1,1,-0,2,2,0.5,0.5,0.5,0.5,0.5,0.5,0.5
294,1,1,-0,2,2,0.5,0.5,0.5,0.5,0.5,0.5,0.5
294.5,1,1,-0,2,2,0.5,0.5,0.5,0.5,0.5,0.5,0.5
295,1,1,-0,2,2,0.5,0.5,0.5,0.5,0.5,0.5,0.5
295.5,1,1,-0,2,2,0.5,0.5,0.5,0.5,0.5,0.5,0.5
296,1,1,-0,2,2,0.5,0.5,0.5,0.5,0.5,0.5,0.5
296.5,1,1,-0,2,2,0.5,0.5,0.5,0.5,0.5,0.5,0.5
297,1,1,-0,2,2,0.5,0.5,0.5,0.5,0.5,0.5,0.5
297.5,1,1,-0,2,2,0.5,0.5,0.5,0.5,0.5,0.5,0.5
298,1,1,-0,2,2,0.5,0.5,0.5,0.5,0.5,0.5,0.5
298.5,1,1,-0,2,2,0.5,0.5,0.5,0.5,0.5,0.5,0.5
299,1,1,-0,2,2,0.5,0.5,0.5,0.5,0.5,0.5,0.5
299.5,1,1,-0,2,2,0.5,0.5,0.5,0.5,0.5,0.5,0.5
300,1,1,-0,2,2,0.5,0.5,0.5,0.5,0.5,0.5,0.5
300.5,1,1,-0,2,2,0.5,0.5,0.5,0.5,0.5,0.5,0.5
301,1,1,-0,2,2,0.5,0.5,0.5,0.5,0.5,0.5,0.5
301.5,1,1,-0,2,2,0.5,0.5,0.5,0.5,0.5,0.5,0.5
302,1,1,-0,2,2,0.5,0.5,0.5,0.5,0.5,0.5,0.5
302.5,1,1,-0,2,2,0.5,0.5,0.5,0.5,0.5,0.5,0.5
303,1,1,-0,2,2,0.5,0.5,0.5,0.5,0.5,0.5,0.5
303.5,1,1,-0,2,2,0.5,0.5,0.5,0.5,0.5,0.5,0.5
304,1,1,-0,2,2,0.5,0.5,0.5,0.5,0.5,0.5,0.5
304.5,1,1,-0,2,2,0.5,0.5,0.5,0.5,0.5,0.5,0.5
305,1,1,-0,2,2,0.5,0.5,0.5,0.5,0.5,0.5,0.5
305.5,1,1,-0,2,2,0.5,0.5,0.5,0.5,0.5,0.5,0.5
306,1,1,-0,2,2,0.5,0.5,0.5,0.5,0.5,0.5,0.5
306.5,1,1,-0,2,2,0.5,0.5,0.5,0.5,0.5,0.5,0.5
307,1,1,-0,2,2,0.5,0.5,0.5,0.5,0.5,0.5,0.5
307.5,1,1,-0,2,2,0.5,0.5,0.5,0.5,0.5,0.5,0.5
308,1,1,-0,2,2,0.5,0.5,0.5,0.5,0.5,0.5,0.5
308.5,1,1,-0,2,2,0.5,0.5,0.5,0.5,0.5,0.5,0.5
309,1,1,-0,2,2,0.5,0.5,0.5,0.5,0.5,0.5,0.5
309.5,1,1,-0,2,2,0.5,0.5,0.5,0.5,0.5,0.5,0.5
310,1,1,-0,2,2,0.5,0.5,0.5,0.5,0.5,0.5,0.5
310.5,1,1,-0,2,2,0.5,0.5,0.5,0.5,0.5,0.5,0.5
311,1,1,-0,2,2,0.5,0.5,0.5,0.5,0.5,0.5,0.5
311.5,1,1,-0,2,2,0.5,0.5,0.5,0.5,0.5,0.5,0.5
312,1,1,-0,2,2,0.5,0.5,0.5,0.5,0.5,0.5,0.5
312.5,1,1,-0,2,2,0.5,0.5,0.5,0.5,0.5,0.5,0.5
313,1,1,-0,2,2,0.5,0.5,0.5,0.5,0.5,0.5,0.5
313.5,1,1,-0,2,2,0.5,0.5,0.5,0.5,0.5,0.5,0.5
314,1,1,-0,2,2,0.5,0.5,0.5,0.5,0.5,0.5,0.5
314.5,1,1,-0,2,2,0.5,0.5,0.5,0.5,0.5,0.5,0.5
315,1,1,-0,2,2,0.5,0.5,0.5,0.5,0.5,0.5,0.5
315.5,1,1,-0,2,2,0.5,0.5,0.5,0.5,0.5,0.5,0.5
316,1,1,-0,2,2,0.5,0.5,0.5,0.5,0.5,0.5,0.5
316.5,1,1,-0,2,2,0.5,0.5,0.5,0.5,0.5,0.5,0.5
317,1,1,-0,2,2,0.5,0.5,0.5,0.5,0.5,0.5,0.5
317.5,1,1,-0,2,2,0.5,0.5,0.5,0.5,0.5,0.5,0.5
318,1,1,-0,2,2,0.5,0.5,0.5,0.5,0.5,0.5,0.5
318.5,1,1,-0,2,2,0.5,0.5,0.5,0.5,0.5,0.5,0.5
319,1,1,-0,2,2,0.5,0.5,0.5,0.5,0.5,0.5,0.5
319.5,1,1,-0,2,2,0.5,0.5,0.5,0.5,0.5,0.5,0.5
320,1,1,-0,2,2,0.5,0.5,0.5,0.5,0.5,0.5,0.5
320.5,1,1,-0,2,2,0.5,0.5,0.5,0.5,0.5,0.5,0.5
321,1,1,-0,2,2,0.5,0.5,0.5,0.5,0.5,0.5,0.5
321.5,1,1,-0,2,2,0.5,0.5,0.5,0.5,0.5,0.5,0.5
322,1,1,-0,2,2,0.5,0.5,0.5,0.5,0.5,0.5,0.5
322.5,1,1,-0,2,2,0.5,0.5,0.5,0.5,0.5,0.5,0.5
323,1,1,-0,2,2,0.5,0.5,0.5,0.5,0.5,0.5,0.5
323.5,1,1,-0,2,2,0.5,0.5,0.5,0.5,0.5,0.5,0.5
324,1,1,-0,2,2,0.5,0.5,0.5,0.5,0.5,0.5,0.5
324.5,1,1,-0,2,2,0.5,0.5,0.5,0.5,0.5,0.5,0.5
325,1,1,-0,2,2,0.5,0.5,0.5,0.5,0.5,0.5,0.5
325.5,1,1,-0,2,2,0.5,0.5,0.5,0.5,0.5,0.5,0.5
326,1,1,-0,2,2,0.5,0.5,0.5,0.5,0.5,0.5,0.5
326.5,1,1,-0,2,2,0.5,0.5,0.5,0.5,0.5,0.5,0.5
327,1,1,-0,2,2,0.5,0.5,0.5,0.5,0.5,0.5,0.5
327.5,1,1,-0,2,2,0.5,0.5,0.5,0.5,0.5,0.5,0.5
328,1,1,-0,2,2,0.5,0.5,0.5,0.5,0.5,0.5,0.5
328.5,1,1,-0,2,2,0.5,0.5,0.5,0.5,0.5,0.5,0.5
329,1,1,-0,2,2,0.5,0.5,0.5,0.5,0.5,0.5,0.5
329.5,1,1,-0,2,2,0.5,0.5,0.5,0.5,0.5,0.5,0.5
330,1,1,-0,2,2,0.5,0.5,0.5,0.5,0.5,0.5,0.5
330.5,1,1,-0,2,2,0.5,0.5,0.5,0.5,0.5,0.5,0.5
331,1,1,-0,2,2,0.5,0.5,0.5,0.5,0.5,0.5,0.5
331.5,1,1,-0,2,2,0.5,0.5,0.5,0.5,0.5,0.5,0.5
332,1,1,-0,2,2,0.5,0.5,0.5,0.5,0.5,0.5,0.5
332.5,1,1,-0,2,2,0.5,0.5,0.5,0.5,0.5,0.5,0.5
333,1,1,-0,2,2,0.5,0.5,0.5,0.5,0.5,0.5,0.5
333.5,1,1,-0,2,2,0.5,0.5,0.5,0.5,0.5,0.5,0.5
334,1,1,-0,2,2,0.5,0.5,0.5,0.5,0.5,0.5,0.5
334.5,1,1,-0,2,2,0.5,0.5,0.5,0.5,0.5,0.5,0.5
335,1,1,-0,2,2,0.5,0.5,0.5,0.5,0.5,0.5,0.5
335.5,1,1,-0,2,2,0.5,0.5,0.5,0.5,0.5,0.5,0.5
336,1,1,-0,2,2,0.5,0.5,0.5,0.5,0.5,0.5,0.5
336.5,1,1,-0,2,2,0.5,0.5,0.5,0.5,0.5,0.5,0.5
337,1,1,-0,2,2,0.5,0.5,0.5,0.5,0.5,0.5,0.5
337.5,1,1,-0,2,2,0.5,0.5,0.5,0.5,0.5,0.5,0.5
338,1,1,-0,2,2,0.5,0.5,0.5,0.5,0.5,0.5,0.5
338.5,1,1,-0,2,2,0.5,0.5,0.5,0.5,0.5,0.5,0.5
339,1,1,-0,2,2,0.5,0.5,0.5,0.5,0.5,0.5,0.5
339.5,1,1,-0,2,2,0.5,0.5,0.5,0.5,0.5,0.5,0.5
340,1,1,-0,2,2,0.5,0.5,0.5,0.5,0.5,0.5,0.5
340.5,1,1,-0,2,2,0.5,0.5,0.5,0.5,0.5,0.5,0.5
341,1,1,-0,2,2,0.5,0.5,0.5,0.5,0.5,0.5,0.5
341.5,1,1,-0,2,2,0.5,0.5,0.5,0.5,0.5,0.5,0.5
342,1,1,-0,2,2,0.5,0.5,0.5,0.5,0.5,0.5,0.5
342.5,1,1,-0,2,2,0.5,0.5,0.5,0.5,0.5,0.5,0.5
343,1,1,-0,2,2,0.5,0.5,0.5,0.5,0.5,0.5,0.5
343.5,1,1,-0,2,2,0.5,0.5,0.5,0.5,0.5,0.5,0.5
344,1,1,-0,2,2,0.5,0.5,0.5,0.5,0.5,0.5,0.5
344.5,1,1,-0,2,2,0.5,0.5,0.5,0.5,0.5,0.5,0.5
345,1,1,-0,2,2,0.5,0.5,0.5,0.5,0.5,0.5,0.5
345.5,1,1,-0,2,2,0.5,0.5,0.5,0.5,0.5,0.5,0.5
346,1,1,-0,2,2,0.5,0.5,0.5,0.5,0.5,0.5,0.5
346.5,1,1,-0,2,2,0.5,0.5,0.5,0.5,0.5,0.5,0.5
347,1,1,-0,2,2,0.5,0.5,0.5,0.5,0.5,0.5,0.5
347.5,1,1,-0,2,2,0.5,0.5,0.5,0.5,0.5,0.5,0.5
348,1,1,-0,2,2,0.5,0.5,0.5,0.5,0.5,0.5,0.5
348.5,1,1,-0,2,2,0.5,0.5,0.5,0.5,0.5,0.5,0.5
349,1,1,-0,2,2,0.5,0.5,0.5,0.5,0.5,0.5,0.5
349.5,1,1,-0,2,2,0.5,0.5,0.5,0.5,0.5,0.5,0.5
350,1,1,-0,2,2,0.5,0.5,0.5,0.5,0.5,0.5,0.5
350.5,1,1,-0,2,2,0.5,0.5,0.5,0.5,0.5,0.5,0.5
351,1,1,-0,2,2,0.5,0.5,0.5,0.5,0.5,0.5,0.5
351.5,1,1,-0,2,2,0.5,0.5,0.5,0.5,0.5,0.5,0.5
352,1,1,-0,2,2,0.5,0.5,0.5,0.5,0.5,0.5,0.5
352.5,1,1,-0,2,2,0.5,0.5,0.5,0.5,0.5,0.5,0.5
353,1,1,-0,2,2,0.5,0.5,0.5,0.5,0.5,0.5,0.5
353.5,1,1,-0,2,2,0.5,0.5,0.5,0.5,0.5,0.5,0.5
354,1,1,-0,2,2,0.5,0.5,0.5,0.5,0.5,0.5,0.5
354.5,1,1,-0,2,2,0.5,0.5,0.5,0.5,0.5,0.5,0.5
355,1,1,-0,2,2,0.5,0.5,0.5,0.5,0.5,0.5,0.5
355.5,1,1,-0,2,2,0.5,0.5,0.5,0.5,0.5,0.5,0.5
356,1,1,-0,2,2,0.5,0.5,0.5,0.5,0.5,0.5,0.5
356.5,1,1,-0,2,2,0.5,0.5,0.5,0.5,0.5,0.5,0.5
357,1,1,-0,2,2,0.5,0.5,0.5,0.5,0.5,0.5,0.5
357.5,1,1,-0,2,2,0.5,0.5,0.5,0.5,0.5,0.5,0.5
358,1,1,-0,2,2,0.5,0.5,0.5,0.5,0.5,0.5,0.5
358.5,1,1,-0,2,2,0.5,0.5,0.5,0.5,0.5,0.5,0.5
359,1,1,-0,2,2,0.5,0.5,0.5,0.5,0.5,0.5,0.5
359.5,1,1,-0,2,2,0.5,0.5,0.5,0.5,0.5,0.5,0.5
360,1,1,-0,2,2,0.5,0.5,0.5,0.5,0.5,0.5,0.5
360.5,1,1,-0,2,2,0.5,0.5,0.5,0.5,0.5,0.5,0.5
361,1,1,-0,2,2,0.5,0.5,0.5,0.5,0.5,0.5,0.5
361.5,1,1,-0,2,2,0.5,0.5,0.5,0.5,0.5,0.5,0.5
362,1,1,-0,2,2,0.5,0.5,0.5,0.5,0.5,0.5,0.5
362.5,1,1,-0,2,2,0.5,0.5,0.5,0.5,0.5,0.5,0.5
363,1,1,-0,2,2,0.5,0.5,0.5,0.5,0.5,0.5,0.5
363.5,1,1,-0,2,2,0.5,0.5,0.5,0.5,0.5,0.5,0.5
364,1,1,-0,2,2,0.5,0.5,0.5,0.5,0.5,0.5,0.5
364.5,1,1,-0,2,2,0.5,0.5,0.5,0.5,0.5,0.5,0.5
365,1,1,-0,2,2,0.5,0.5,0.5,0.5,0.5,0.5,0.5
365.5,1,1,-0,2,2,0.5,0.5,0.5,0.5,0.5,0.5,0.5
366,1,1,-0,2,2,0.5,0.5,0.5,0.5,0.5,0.5,0.5
366.5,1,1,-0,2,2,0.5,0.5,0.5,0.5,0.5,0.5,0.5
367,1,1,-0,2,2,0.5,0.5,0.5,0.5,0.5,0.5,0.5
367.5,1,1,-0,2,2,0.5,0.5,0.5,0.5,0.5,0.5,0.5
368,1,1,-0,2,2,0.5,0.5,0.5,0.5,0.5,0.5,0.5
368.5,1,1,-0,2,2,0.5,0.5,0.5,0.5,0.5,0.5,0.5
369,1,1,-0,2,2,0.5,0.5,0.5,0.5,0.5,0.5,0.5
369.5,1,1,-0,2,2,0.5,0.5,0.5,0.5,0.5,0.5,0.5
370,1,1,-0,2,2,0.5,0.5,0.5,0.5,0.5,0.5,0.5
370.5,1,1,-0,2,2,0.5,0.5,0.5,0.5,0.5,0.5,0.5
371,1,1,-0,2,2,0.5,0.5,0.5,0.5,0.5,0.5,0.5
371.5,1,1,-0,2,2,0.5,0.5,0.5,0.5,0.5,0.5,0.5
372,1,1,-0,2,2,0.5,0.5,0.5,0.5,0.5,0.5,0.5
372.5,1,1,-0,2,2,0.5,0.5,0.5,0.5,0.5,0.5,0.5
373,1,1,-0,2,2,0.5,0.5,0.5,0.5,0.5,0.5,0.5
373.5,1,1,-0,2,2,0.5,0.5,0.5,0.5,0.5,0.5,0.5
374,1,1,-0,2,2,0.5,0.5,0.5,0.5,0.5,0.5,0.5
374.5,1,1,-0,2,2,0.5,0.5,0.5,0.5,0.5,0.5,0.5
375,1,1,-0,2,2,0.5,0.5,0.5,0.5,0.5,0.5,0.5
375.5,1,1,-0,2,2,0.5,0.5,0.5,0.5,0.5,0.5,0.5
376,1,1,-0,2,2,0.5,0.5,0.5,0.5,0.5,0.5,0.5
376.5,1,1,-0,2,2,0.5,0.5,0.5,0.5,0.5,0.5,0.5
377,1,1,-0,2,2,0.5,0.5,0.5,0.5,0.5,0.5,0.5
377.5,1,1,-0,2,2,0.5,0.5,0.5,0.5,0.5,0.5,0.5
378,1,1,-0,2,2,0.5,0.5,0.5,0.5,0.5,0.5,0.5
378.5,1,1,-0,2,2,0.5,0.5,0.5,0.5,0.5,0.5,0.5
379,1,1,-0,2,2,0.5,0.5,0.5,0.5,0.5,0.5,0.5
379.5,1,1,-0,2,2,0.5,0.5,0.5,0.5,0.5,0.5,0.5
380,1,1,-0,2,2,0.5,0.5,0.5,0.5,0.5,0.5,0.5
380.5,1,1,-0,2,2,0.5,0.5,0.5,0.5,0.5,0.5,0.5
381,1,1,-0,2,2,0.5,0.5,0.5,0.5,0.5,0.5,0.5
381.5,1,1,-0,2,2,0.5,0.5,0.5,0.5,0.5,0.5,0.5
382,1,1,-0,2,2,0.5,0.5,0.5,0.5,0.5,0.5,0.5
382.5,1,1,-0,2,2,0.5,0.5,0.5,0.5,0.5,0.5,0.5
383,1,1,-0,2,2,0.5,0.5,0.5,0.5,0.5,0.5,0.5
383.5,1,1,-0,2,2,0.5,0.5,0.5,0.5,0.5,0.5,0.5
384,1,1,-0,2,2,0.5,0.5,0.5,0.5,0.5,0.5,0.5
384.5,1,1,-0,2,2,0.5,0.5,0.5,0.5,0.5,0.5,0.5
385,1,1,-0,2,2,0.5,0.5,0.5,0.5,0.5,0.5,0.5
385.5,1,1,-0,2,2,0.5,0.5,0.5,0.5,0.5,0.5,0.5
386,1,1,-0,2,2,0.5,0.5,0.5,0.5,0.5,0.5,0.5
386.5,1,1,-0,2,2,0.5,0.5,0.5,0.5,0.5,0.5,0.5
387,1,1,-0,2,2,0.5,0.5,0.5,0.5,0.5,0.5,0.5
387.5,1,1,-0,2,2,0.5,0.5,0.5,0.5,0.5,0.5,0.5
388,1,1,-0,2,2,0.5,0.5,0.5,0.5,0.5,0.5,0.5
388.5,1,1,-0,2,2,0.5,0.5,0.5,0.5,0.5,0.5,0.5
389,1,1,-0,2,2,0.5,0.5,0.5,0.5,0.5,0.5,0.5
389.5,1,1,-0,2,2,0.5,0.5,0.5,0.5,0.5,0.5,0.5
390,1,1,-0,2,2,0.5,0.5,0.5,0.5,0.5,0.5,0.5
390.5,1,1,-0,2,2,0.5,0.5,0.5,0.5,0.5,0.5,0.5
391,1,1,-0,2,2,0.5,0.5,0.5,0.5,0.5,0.5,0.5
391.5,1,1,-0,2,2,0.5,0.5,0.5,0.5,0.5,0.5,0.5
392,1,1,-0,2,2,0.5,0.5,0.5,0.5,0.5,0.5,0.5
392.5,1,1,-0,2,2,0.5,0.5,0.5,0.5,0.5,0.5,0.5
393,1,1,-0,2,2,0.5,0.5,0.5,0.5,0.5,0.5,0.5
393.5,1,1,-0,2,2,0.5,0.5,0.5,0.5,0.5,0.5,0.5
394,1,1,-0,2,2,0.5,0.5,0.5,0.5,0.5,0.5,0.5
394.5,1,1,-0,2,2,0.5,0.5,0.5,0.5,0.5,0.5,0.5
395,1,1,-0,2,2,0.5,0.5,0.5,0.5,0.5,0.5,0.5
395.5,1,1,-0,2,2,0.5,0.5,0.5,0.5,0.5,0.5,0.5
396,1,1,-0,2,2,0.5,0.5,0.5,0.5,0.5,0.5,0.5
396.5,1,1,-0,2,2,0.5,0.5,0.5,0.5,0.5,0.5,0.5
397,1,1,-0,2,2,0.5,0.5,0.5,0.5,0.5,0.5,0.5
397.5,1,1,-0,2,2,0.5,0.5,0.5,0.5,0.5,0.5,0.5
398,1,1,-0,2,2,0.5,0.5,0.5,0.5,0.5,0.5,0.5
398.5,1,1,-0,2,2,0.5,0.5,0.5,0.5,0.5,0.5,0.5
399,1,1,-0,2,2,0.5,0.5,0.5,0.5,0.5,0.5,0.5
399.5,1,1,-0,2,2,0.5,0.5,0.5,0.5,0.5,0.5,0.5
400,1,1,-0,2,2,0.5,0.5,0.5,0.5,0.5,0.5,0.5
400.5,1,1,-0,2,2,0.5,0.5,0.5,0.5,0.5,0.5,0.5
401,1,1,-0,2,2,0.5,0.5,0.5,0.5,0.5,0.5,0.5
401.5,1,1,-0,2,2,0.5,0.5,0.5,0.5,0.5,0.5,0.5
402,1,1,-0,2,2,0.5,0.5,0.5,0.5,0.5,0.5,0.5
402.5,1,1,-0,2,2,0.5,0.5,0.5,0.5,0.5,0.5,0.5
403,1,1,-0,2,2,0.5,0.5,0.5,0.5,0.5,0.5,0.5
403.5,1,1,-0,2,2,0.5,0.5,0.5,0.5,0.5,0.5,0.5
404,1,1,-0,2,2,0.5,0.5,0.5,0.5,0.5,0.5,0.5
404.5,1,1,-0,2,2,0.5,0.5,0.5,0.5,0.5,0.5,0.5
405,1,1,-0,2,2,0.5,0.5,0.5,0.5,0.5,0.5,0.5
405.5,1,1,-0,2,2,0.5,0.5,0.5,0.5,0.5,0.5,0.5
406,1,1,-0,2,2,0.5,0.5,0.5,0.5,0.5,0.5,0.5
406.5,1,1,-0,2,2,0.5,0.5,0.5,0.5,0.5,0.5,0.5
407,1,1,-0,2,2,0.5,0.5,0.5,0.5,0.5,0.5,0.5
407.5,1,1,-0,2,2,0.5,0.5,0.5,0.5,0.5,0.5,0.5
408,1,1,-0,2,2,0.5,0.5,0.5,0.5,0.5,0.5,0.5
408.5,1,1,-0,2,2,0.5,0.5,0.5,0.5,0.5,0.5,0.5
409,1,1,-0,2,2,0.5,0.5,0.5,0.5,0.5,0.5,0.5
409.5,1,1,-0,2,2,0.5,0.5,0.5,0.5,0.5,0.5,0.5
410,1,1,-0,2,2,0.5,0.5,0.5,0.5,0.5,0.5,0.5
410.5,1,1,-0,2,2,0.5,0.5,0.5,0.5,0.5,0.5,0.5
411,1,1,-0,2,2,0.5,0.5,0.5,0.5,0.5,0.5,0.5
411.5,1,1,-0,2,2,0.5,0.5,0.5,0.5,0.5,0.5,0.5
412,1,1,-0,2,2,0.5,0.5,0.5,0.5,0.5,0.5,0.5
412.5,1,1,-0,2,2,0.5,0.5,0.5,0.5,0.5,0.5,0.5
413,1,1,-0,2,2,0.5,0.5,0.5,0.5,0.5,0.5,0.5
413.5,1,1,-0,2,2,0.5,0.5,0.5,0.5,0.5,0.5,0.5
414,1,1,-0,2,2,0.5,0.5,0.5,0.5,0.5,0.5,0.5
414.5,1,1,-0,2,2,0.5,0.5,0.5,0.5,0.5,0.5,0.5
415,1,1,-0,2,2,0.5,0.5,0.5,0.5,0.5,0.5,0.5
415.5,1,1,-0,2,2,0.5,0.5,0.5,0.5,0.5,0.5,0.5
416,1,1,-0,2,2,0.5,0.5,0.5,0.5,0.5,0.5,0.5
416.5,1,1,-0,2,2,0.5,0.5,0.5,0.5,0.5,0.5,0.5
417,1,1,-0,2,2,0.5,0.5,0.5,0.5,0.5,0.5,0.5
417.5,1,1,-0,2,2,0.5,0.5,0.5,0.5,0.5,0.5,0.5
418,1,1,-0,2,2,0.5,0.5,0.5,0.5,0.5,0.5,0.5
418.5,1,1,-0,2,2,0.5,0.5,0.5,0.5,0.5,0.5,0.5
419,1,1,-0,2,2,0.5,0.5,0.5,0.5,0.5,0.5,0.5
419.5,1,1,-0,2,2,0.5,0.5,0.5,0.5,0.5,0.5,0.5
420,1,1,-0,2,2,0.5,0.5,0.5,0.5,0.5,0.5,0.5
420.5,1,1,-0,2,2,0.5,0.5,0.5,0.5,0.5,0.5,0.5
421,1,1,-0,2,2,0.5,0.5,0.5,0.5,0.5,0.5,0.5
421.5,1,1,-0,2,2,0.5,0.5,0.5,0.5,0.5,0.5,0.5
422,1,1,-0,2,2,0.5,0.5,0.5,0.5,0.5,0.5,0.5
422.5,1,1,-0,2,2,0.5,0.5,0.5,0.5,0.5,0.5,0.5
423,1,1,-0,2,2,0.5,0.5,0.5,0.5,0.5,0.5,0.5
423.5,1,1,-0,2,2,0.5,0.5,0.5,0.5,0.5,0.5,0.5
424,1,1,-0,2,2,0.5,0.5,0.5,0.5,0.5,0.5,0.5
424.5,1,1,-0,2,2,0.5,0.5,0.5,0.5,0.5,0.5,0.5
425,1,1,-0,2,2,0.5,0.5,0.5,0.5,0.5,0.5,0.5
425.5,1,1,-0,2,2,0.5,0.5,0.5,0.5,0.5,0.5,0.5
426,1,1,-0,2,2,0.5,0.5,0.5,0.5,0.5,0.5,0.5
426.5,1,1,-0,2,2,0.5,0.5,0.5,0.5,0.5,0.5,0.5
427,1,1,-0,2,2,0.5,0.5,0.5,0.5,0.5,0.5,0.5
427.5,1,1,-0,2,2,0.5,0.5,0.5,0.5,0.5,0.5,0.5
428,1,1,-0,2,2,0.5,0.5,0.5,0.5,0.5,0.5,0.5
428.5,1,1,-0,2,2,0.5,0.5,0.5,0.5,0.5,0.5,0.5
429,1,1,-0,2,2,0.5,0.5,0.5,0.5,0.5,0.5,0.5
429.5,1,1,-0,2,2,0.5,0.5,0.5,0.5,0.5,0.5,0.5
430,1,1,-0,2,2,0.5,0.5,0.5,0.5,0.5,0.5,0.5
430.5,1,1,-0,2,2,0.5,0.5,0.5,0.5,0.5,0.5,0.5
431,1,1,-0,2,2,0.5,0.5,0.5,0.5,0.5,0.5,0.5
431.5,1,1,-0,2,2,0.5,0.5,0.5,0.5,0.5,0.5,0.5
432,1,1,-0,2,2,0.5,0.5,0.5,0.5,0.5,0.5,0.5
432.5,1,1,-0,2,2,0.5,0.5,0.5,0.5,0.5,0.5,0.5
433,1,1,-0,2,2,0.5,0.5,0.5,0.5,0.5,0.5,0.5
433.5,1,1,-0,2,2,0.5,0.5,0.5,0.5,0.5,0.5,0.5
434,1,1,-0,2,2,0.5,0.5,0.5,0.5,0.5,0.5,0.5
434.5,1,1,-0,2,2,0.5,0.5,0.5,0.5,0.5,0.5,0.5
435,1,1,-0,2,2,0.5,0.5,0.5,0.5,0.5,0.5,0.5
435.5,1,1,-0,2,2,0.5,0.5,0.5,0.5,0.5,0.5,0.5
436,1,1,-0,2,2,0.5,0.5,0.5,0.5,0.5,0.5,0.5
436.5,1,1,-0,2,2,0.5,0.5,0.5,0.5,0.5,0.5,0.5
437,1,1,-0,2,2,0.5,0.5,0.5,0.5,0.5,0.5,0.5
437.5,1,1,-0,2,2,0.5,0.5,0.5,0.5,0.5,0.5,0.5
438,1,1,-0,2,2,0.5,0.5,0.5,0.5,0.5,0.5,0.5
438.5,1,1,-0,2,2,0.5,0.5,0.5,0.5,0.5,0.5,0.5
439,1,1,-0,2,2,0.5,0.5,0.5,0.5,0.5,0.5,0.5
439.5,1,1,-0,2,2,0.5,0.5,0.5,0.5,0.5,0.5,0.5
440,1,1,-0,2,2,0.5,0.5,0.5,0.5,0.5,0.5,0.5
440.5,1,1,-0,2,2,0.5,0.5,0.5,0.5,0.5,0.5,0.5
441,1,1,-0,2,2,0.5,0.5,0.5,0.5,0.5,0.5,0.5
441.5,1,1,-0,2,2,0.5,0.5,0.5,0.5,0.5,0.5,0.5
442,1,1,-0,2,2,0.5,0.5,0.5,0.5,0.5,0.5,0.5
442.5,1,1,-0,2,2,0.5,0.5,0.5,0.5,0.5,0.5,0.5
443,1,1,-0,2,2,0.5,0.5,0.5,0.5,0.5,0.5,0.5
443.5,1,1,-0,2,2,0.5,0.5,0.5,0.5,0.5,0.5,0.5
444,1,1,-0,2,2,0.5,0.5,0.5,0.5,0.5,0.5,0.5
444.5,1,1,-0,2,2,0.5,0.5,0.5,0.5,0.5,0.5,0.5
445,1,1,-0,2,2,0.5,0.5,0.5,0.5,0.5,0.5,0.5
445.5,1,1,-0,2,2,0.5,0.5,0.5,0.5,0.5,0.5,0.5
446,1,1,-0,2,2,0.5,0.5,0.5,0.5,0.5,0.5,0.5
446.5,1,1,-0,2,2,0.5,0.5,0.5,0.5,0.5,0.5,0.5
447,1,1,-0,2,2,0.5,0.5,0.5,0.5,0.5,0.5,0.5
447.5,1,1,-0,2,2,0.5,0.5,0.5,0.5,0.5,0.5,0.5
448,1,1,-0,2,2,0.5,0.5,0.5,0.5,0.5,0.5,0.5
448.5,1,1,-0,2,2,0.5,0.5,0.5,0.5,0.5,0.5,0.5
449,1,1,-0,2,2,0.5,0.5,0.5,0.5,0.5,0.5,0.5
449.5,1,1,-0,2,2,0.5,0.5,0.5,0.5,0.5,0.5,0.5
450,1,1,-0,2,2,0.5,0.5,0.5,0.5,0.5,0.5,0.5
450.5,1,1,-0,2,2,0.5,0.5,0.5,0.5,0.5,0.5,0.5
451,1,1,-0,2,2,0.5,0.5,0.5,0.5,0.5,0.5,0.5
451.5,1,1,-0,2,2,0.5,0.5,0.5,0.5,0.5,0.5,0.5
452,1,1,-0,2,2,0.5,0.5,0.5,0.5,0.5,0.5,0.5
452.5,1,1,-0,2,2,0.5,0.5,0.5,0.5,0.5,0.5,0.5
453,1,1,-0,2,2,0.5,0.5,0.5,0.5,0.5,0.5,0.5
453.5,1,1,-0,2,2,0.5,0.5,0.5,0.5,0.5,0.5,0.5
454,1,1,-0,2,2,0.5,0.5,0.5,0.5,0.5,0.5,0.5
454.5,1,1,-0,2,2,0.5,0.5,0.5,0.5,0.5,0.5,0.5
455,1,1,-0,2,2,0.5,0.5,0.5,0.5,0.5,0.5,0.5
455.5,1,1,-0,2,2,0.5,0.5,0.5,0.5,0.5,0.5,0.5
456,1,1,-0,2,2,0.5,0.5,0.5,0.5,0.5,0.5,0.5
456.5,1,1,-0,2,2,0.5,0.5,0.5,0.5,0.5,0.5,0.5
457,1,1,-0,2,2,0.5,0.5,0.5,0.5,0.5,0.5,0.5
457.5,1,1,-0,2,2,0.5,0.5,0.5,0.5,0.5,0.5,0.5
458,1,1,-0,2,2,0.5,0.5,0.5,0.5,0.5,0.5,0.5
458.5,1,1,-0,2,2,0.5,0.5,0.5,0.5,0.5,0.5,0.5
459,1,1,-0,2,2,0.5,0.5,0.5,0.5,0.5,0.5,0.5
459.5,1,1,-0,2,2,0.5,0.5,0.5,0.5,0.5,0.5,0.5
460,1,1,-0,2,2,0.5,0.5,0.5,0.5,0.5,0.5,0.5
460.5,1,1,-0,2,2,0.5,0.5,0.5,0.5,0.5,0.5,0.5
461,1,1,-0,2,2,0.5,0.5,0.5,0.5,0.5,0.5,0.5
461.5,1,1,-0,2,2,0.5,0.5,0.5,0.5,0.5,0.5,0.5
462,1,1,-0,2,2,0.5,0.5,0.5,0.5,0.5,0.5,0.5
462.5,1,1,-0,2,2,0.5,0.5,0.5,0.5,0.5,0.5,0.5
463,1,1,-0,2,2,0.5,0.5,0.5,0.5,0.5,0.5,0.5
463.5,1,1,-0,2,2,0.5,0.5,0.5,0.5,0.5,0.5,0.5
464,1,1,-0,2,2,0.5,0.5,0.5,0.5,0.5,0.5,0.5
464.5,1,1,-0,2,2,0.5,0.5,0.5,0.5,0.5,0.5,0.5
465,1,1,-0,2,2,0.5,0.5,0.5,0.5,0.5,0.5,0.5
465.5,1,1,-0,2,2,0.5,0.5,0.5,0.5,0.5,0.5,0.5
466,1,1,-0,2,2,0.5,0.5,0.5,0.5,0.5,0.5,0.5
466.5,1,1,-0,2,2,0.5,0.5,0.5,0.5,0.5,0.5,0.5
467,1,1,-0,2,2,0.5,0.5,0.5,0.5,0.5,0.5,0.5
467.5,1,1,-0,2,2,0.5,0.5,0.5,0.5,0.5,0.5,0.5
468,1,1,-0,2,2,0.5,0.5,0.5,0.5,0.5,0.5,0.5
468.5,1,1,-0,2,2,0.5,0.5,0.5,0.5,0.5,0.5,0.5
469,1,1,-0,2,2,0.5,0.5,0.5,0.5,0.5,0.5,0.5
469.5,1,1,-0,2,2,0.5,0.5,0.5,0.5,0.5,0.5,0.5
470,1,1,-0,2,2,0.5,0.5,0.5,0.5,0.5,0.5,0.5
470.5,1,1,-0,2,2,0.5,0.5,0.5,0.5,0.5,0.5,0.5
471,1,1,-0,2,2,0.5,0.5,0.5,0.5,0.5,0.5,0.5
471.5,1,1,-0,2,2,0.5,0.5,0.5,0.5,0.5,0.5,0.5
472,1,1,-0,2,2,0.5,0.5,0.5,0.5,0.5,0.5,0.5
472.5,1,1,-0,2,2,0.5,0.5,0.5,0.5,0.5,0.5,0.5
473,1,1,-0,2,2,0.5,0.5,0.5,0.5,0.5,0.5,0.5
473.5,1,1,-0,2,2,0.5,0.5,0.5,0.5,0.5,0.5,0.5
474,1,1,-0,2,2,0.5,0.5,0.5,0.5,0.5,0.5,0.5
474.5,1,1,-0,2,2,0.5,0.5,0.5,0.5,0.5,0.5,0.5
475,1,1,-0,2,2,0.5,0.5,0.5,0.5,0.5,0.5,0.5
475.5,1,1,-0,2,2,0.5,0.5,0.5,0.5,0.5,0.5,0.5
476,1,1,-0,2,2,0.5,0.5,0.5,0.5,0.5,0.5,0.5
476.5,1,1,-0,2,2,0.5,0.5,0.5,0.5,0.5,0.5,0.5
477,1,1,-0,2,2,0.5,0.5,0.5,0.5,0.5,0.5,0.5
477.5,1,1,-0,2,2,0.5,0.5,0.5,0.5,0.5,0.5,0.5
478,1,1,-0,2,2,0.5,0.5,0.5,0.5,0.5,0.5,0.5
478.5,1,1,-0,2,2,0.5,0.5,0.5,0.5,0.5,0.5,0.5
479,1,1,-0,2,2,0.5,0.5,0.5,0.5,0.5,0.5,0.5
479.5,1,1,-0,2,2,0.5,0.5,0.5,0.5,0.5,0.5,0.5
480,1,1,-0,2,2,0.5,0.5,0.5,0.5,0.5,0.5,0.5
480.5,1,1,-0,2,2,0.5,0.5,0.5,0.5,0.5,0.5,0.5
481,1,1,-0,2,2,0.5,0.5,0.5,0.5,0.5,0.5,0.5
481.5,1,1,-0,2,2,0.5,0.5,0.5,0.5,0.5,0.5,0.5
482,1,1,-0,2,2,0.5,0.5,0.5,0.5,0.5,0.5,0.5
482.5,1,1,-0,2,2,0.5,0.5,0.5,0.5,0.5,0.5,0.5
483,1,1,-0,2,2,0.5,0.5,0.5,0.5,0.5,0.5,0.5
483.5,1,1,-0,2,2,0.5,0.5,0.5,0.5,0.5,0.5,0.5
484,1,1,-0,2,2,0.5,0.5,0.5,0.5,0.5,0.5,0.5
484.5,1,1,-0,2,2,0.5,0.5,0.5,0.5,0.5,0.5,0.5
485,1,1,-0,2,2,0.5,0.5,0.5,0.5,0.5,0.5,0.5
485.5,1,1,-0,2,2,0.5,0.5,0.5,0.5,0.5,0.5,0.5
486,1,1,-0,2,2,0.5,0.5,0.5,0.5,0.5,0.5,0.5
486.5,1,1,-0,2,2,0.5,0.5,0.5,0.5,0.5,0.5,0.5
487,1,1,-0,2,2,0.5,0.5,0.5,0.5,0.5,0.5,0.5
487.5,1,1,-0,2,2,0.5,0.5,0.5,0.5,0.5,0.5,0.5
488,1,1,-0,2,2,0.5,0.5,0.5,0.5,0.5,0.5,0.5
488.5,1,1,-0,2,2,0.5,0.5,0.5,0.5,0.5,0.5,0.5
489,1,1,-0,2,2,0.5,0.5,0.5,0.5,0.5,0.5,0.5
489.5,1,1,-0,2,2,0.5,0.5,0.5,0.5,0.5,0.5,0.5
490,1,1,-0,2,2,0.5,0.5,0.5,0.5,0.5,0.5,0.5
490.5,1,1,-0,2,2,0.5,0.5,0.5,0.5,0.5,0.5,0.5
491,1,1,-0,2,2,0.5,0.5,0.5,0.5,0.5,0.5,0.5
491.5,1,1,-0,2,2,0.5,0.5,0.5,0.5,0.5,0.5,0.5
492,1,1,-0,2,2,0.5,0.5,0.5,0.5,0.5,0.5,0.5
492.5,1,1,-0,2,2,0.5,0.5,0.5,0.5,0.5,0.5,0.5
493,1,1,-0,2,2,0.5,0.5,0.5,0.5,0.5,0.5,0.5
493.5,1,1,-0,2,2,0.5,0.5,0.5,0.5,0.5,0.5,0.5
494,1,1,-0,2,2,0.5,0.5,0.5,0.5,0.5,0.5,0.5
494.5,1,1,-0,2,2,0.5,0.5,0.5,0.5,0.5,0.5,0.5
495,1,1,-0,2,2,0.5,0.5,0.5,0.5,0.5,0.5,0.5
495.5,1,1,-0,2,2,0.5,0.5,0.5,0.5,0.5,0.5,0.5
496,1,1,-0,2,2,0.5,0.5,0.5,0.5,0.5,0.5,0.5
496.5,1,1,-0,2,2,0.5,0.5,0.5,0.5,0.5,0.5,0.5
497,1,1,-0,2,2,0.5,0.5,0.5,0.5,0.5,0.5,0.5
497.5,1,1,-0,2,2,0.5,0.5,0.5,0.5,0.5,0.5,0.5
498,1,1,-0,2,2,0.5,0.5,0.5,0.5,0.5,0.5,0.5
498.5,1,1,-0,2,2,0.5,0.5,0.5,0.5,0.5,0.5,0.5
499,1,1,-0,2,2,0.5,0.5,0.5,0.5,0.5,0.5,0.5
499.5,1,1,-0,2,2,0.5,0.5,0.5,0.5,0.5,0.5,0.5
500,1,1,-0,2,2,0.5,0.5,0.5,0.5,0.5,0.5,0.5
500.5,1,1,-0,2,2,0.5,0.5,0.5,0.5,0.5,0.5,0.5
501,1,1,-0,2,2,0.5,0.5,0.5,0.5,0.5,0.5,0.5
501.5,1,1,-0,2,2,0.5,0.5,0.5,0.5,0.5,0.5,0.5
502,1,1,-0,2,2,0.5,0.5,0.5,0.5,0.5,0.5,0.5
502.5,1,1,-0,2,2,0.5,0.5,0.5,0.5,0.5,0.5,0.5
503,1,1,-0,2,2,0.5,0.5,0.5,0.5,0.5,0.5,0.5
503.5,1,1,-0,2,2,0.5,0.5,0.5,0.5,0.5,0.5,0.5
504,1,1,-0,2,2,0.5,0.5,0.5,0.5,0.5,0.5,0.5
504.5,1,1,-0,2,2,0.5,0.5,0.5,0.5,0.5,0.5,0.5
505,1,1,-0,2,2,0.5,0.5,0.5,0.5,0.5,0.5,0.5
505.5,1,1,-0,2,2,0.5,0.5,0.5,0.5,0.5,0.5,0.5
506,1,1,-0,2,2,0.5,0.5,0.5,0.5,0.5,0.5,0.5
506.5,1,1,-0,2,2,0.5,0.5,0.5,0.5,0.5,0.5,0.5
507,1,1,-0,2,2,0.5,0.5,0.5,0.5,0.5,0.5,0.5
507.5,1,1,-0,2,2,0.5,0.5,0.5,0.5,0.5,0.5,0.5
508,1,1,-0,2,2,0.5,0.5,0.5,0.5,0.5,0.5,0.5
508.5,1,1,-0,2,2,0.5,0.5,0.5,0.5,0.5,0.5,0.5
509,1,1,-0,2,2,0.5,0.5,0.5,0.5,0.5,0.5,0.5
509.5,1,1,-0,2,2,0.5,0.5,0.5,0.5,0.5,0.5,0.5
510,1,1,-0,2,2,0.5,0.5,0.5,0.5,0.5,0.5,0.5
510.5,1,1,-0,2,2,0.5,0.5,0.5,0.5,0.5,0.5,0.5
511,1,1,-0,2,2,0.5,0.5,0.5,0.5,0.5,0.5,0.5
511.5,1,1,-0,2,2,0.5,0.5,0.5,0.5,0.5,0.5,0.5
512,1,1,-0,2,2,0.5,0.5,0.5,0.5,0.5,0.5,0.5
512.5,1,1,-0,2,2,0.5,0.5,0.5,0.5,0.5,0.5,0.5
513,1,1,-0,2,2,0.5,0.5,0.5,0.5,0.5,0.5,0.5
513.5,1,1,-0,2,2,0.5,0.5,0.5,0.5,0.5,0.5,0.5
514,1,1,-0,2,2,0.5,0.5,0.5,0.5,0.5,0.5,0.5
514.5,1,1,-0,2,2,0.5,0.5,0.5,0.5,0.5,0.5,0.5
515,1,1,-0,2,2,0.5,0.5,0.5,0.5,0.5,0.5,0.5
515.5,1,1,-0,2,2,0.5,0.5,0.5,0.5,0.5,0.5,0.5
516,1,1,-0,2,2,0.5,0.5,0.5,0.5,0.5,0.5,0.5
516.5,1,1,-0,2,2,0.5,0.5,0.5,0.5,0.5,0.5,0.5
517,1,1,-0,2,2,0.5,0.5,0.5,0.5,0.5,0.5,0.5
517.5,1,1,-0,2,2,0.5,0.5,0.5,0.5,0.5,0.5,0.5
518,1,1,-0,2,2,0.5,0.5,0.5,0.5,0.5,0.5,0.5
518.5,1,1,-0,2,2,0.5,0.5,0.5,0.5,0.5,0.5,0.5
519,1,1,-0,2,2,0.5,0.5,0.5,0.5,0.5,0.5,0.5
519.5,1,1,-0,2,2,0.5,0.5,0.5,0.5,0.5,0.5,0.5
520,1,1,-0,2,2,0.5,0.5,0.5,0.5,0.5,0.5,0.5
520.5,1,1,-0,2,2,0.5,0.5,0.5,0.5,0.5,0.5,0.5
521,1,1,-0,2,2,0.5,0.5,0.5,0.5,0.5,0.5,0.5
521.5,1,1,-0,2,2,0.5,0.5,0.5,0.5,0.5,0.5,0.5
522,1,1,-0,2,2,0.5,0.5,0.5,0.5,0.5,0.5,0.5
522.5,1,1,-0,2,2,0.5,0.5,0.5,0.5,0.5,0.5,0.5
523,1,1,-0,2,2,0.5,0.5,0.5,0.5,0.5,0.5,0.5
523.5,1,1,-0,2,2,0.5,0.5,0.5,0.5,0.5,0.5,0.5
524,1,1,-0,2,2,0.5,0.5,0.5,0.5,0.5,0.5,0.5
524.5,1,1,-0,2,2,0.5,0.5,0.5,0.5,0.5,0.5,0.5
525,1,1,-0,2,2,0.5,0.5,0.5,0.5,0.5,0.5,0.5
525.5,1,1,-0,2,2,0.5,0.5,0.5,0.5,0.5,0.5,0.5
526,1,1,-0,2,2,0.5,0.5,0.5,0.5,0.5,0.5,0.5
526.5,1,1,-0,2,2,0.5,0.5,0.5,0.5,0.5,0.5,0.5
527,1,1,-0,2,2,0.5,0.5,0.5,0.5,0.5,0.5,0.5
527.5,1,1,-0,2,2,0.5,0.5,0.5,0.5,0.5,0.5,0.5
528,1,1,-0,2,2,0.5,0.5,0.5,0.5,0.5,0.5,0.5
528.5,1,1,-0,2,2,0.5,0.5,0.5,0.5,0.5,0.5,0.5
529,1,1,-0,2,2,0.5,0.5,0.5,0.5,0.5,0.5,0.5
529.5,1,1,-0,2,2,0.5,0.5,0.5,0.5,0.5,0.5,0.5
530,1,1,-0,2,2,0.5,0.5,0.5,0.5,0.5,0.5,0.5
530.5,1,1,-0,2,2,0.5,0.5,0.5,0.5,0.5,0.5,0.5
531,1,1,-0,2,2,0.5,0.5,0.5,0.5,0.5,0.5,0.5
531.5,1,1,-0,2,2,0.5,0.5,0.5,0.5,0.5,0.5,0.5
532,1,1,-0,2,2,0.5,0.5,0.5,0.5,0.5,0.5,0.5
532.5,1,1,-0,2,2,0.5,0.5,0.5,0.5,0.5,0.5,0.5
533,1,1,-0,2,2,0.5,0.5,0.5,0.5,0.5,0.5,0.5
533.5,1,1,-0,2,2,0.5,0.5,0.5,0.5,0.5,0.5,0.5
534,1,1,-0,2,2,0.5,0.5,0.5,0.5,0.5,0.5,0.5
534.5,1,1,-0,2,2,0.5,0.5,0.5,0.5,0.5,0.5,0.5
535,1,1,-0,2,2,0.5,0.5,0.5,0.5,0.5,0.5,0.5
535.5,1,1,-0,2,2,0.5,0.5,0.5,0.5,0.5,0.5,0.5
536,1,1,-0,2,2,0.5,0.5,0.5,0.5,0.5,0.5,0.5
536.5,1,1,-0,2,2,0.5,0.5,0.5,0.5,0.5,0.5,0.5
537,1,1,-0,2,2,0.5,0.5,0.5,0.5,0.5,0.5,0.5
537.5,1,1,-0,2,2,0.5,0.5,0.5,0.5,0.5,0.5,0.5
538,1,1,-0,2,2,0.5,0.5,0.5,0.5,0.5,0.5,0.5
538.5,1,1,-0,2,2,0.5,0.5,0.5,0.5,0.5,0.5,0.5
539,1,1,-0,2,2,0.5,0.5,0.5,0.5,0.5,0.5,0.5
539.5,1,1,-0,2,2,0.5,0.5,0.5,0.5,0.5,0.5,0.5
540,1,1,-0,2,2,0.5,0.5,0.5,0.5,0.5,0.5,0.5
540.5,1,1,-0,2,2,0.5,0.5,0.5,0.5,0.5,0.5,0.5
541,1,1,-0,2,2,0.5,0.5,0.5,0.5,0.5,0.5,0.5
541.5,1,1,-0,2,2,0.5,0.5,0.5,0.5,0.5,0.5,0.5
542,1,1,-0,2,2,0.5,0.5,0.5,0.5,0.5,0.5,0.5
542.5,1,1,-0,2,2,0.5,0.5,0.5,0.5,0.5,0.5,0.5
543,1,1,-0,2,2,0.5,0.5,0.5,0.5,0.5,0.5,0.5
543.5,1,1,-0,2,2,0.5,0.5,0.5,0.5,0.5,0.5,0.5
544,1,1,-0,2,2,0.5,0.5,0.5,0.5,0.5,0.5,0.5
544.5,1,1,-0,2,2,0.5,0.5,0.5,0.5,0.5,0.5,0.5
545,1,1,-0,2,2,0.5,0.5,0.5,0.5,0.5,0.5,0.5
545.5,1,1,-0,2,2,0.5,0.5,0.5,0.5,0.5,0.5,0.5
546,1,1,-0,2,2,0.5,0.5,0.5,0.5,0.5,0.5,0.5
546.5,1,1,-0,2,2,0.5,0.5,0.5,0.5,0.5,0.5,0.5
547,1,1,-0,2,2,0.5,0.5,0.5,0.5,0.5,0.5,0.5
547.5,1,1,-0,2,2,0.5,0.5,0.5,0.5,0.5,0.5,0.5
548,1,1,-0,2,2,0.5,0.5,0.5,0.5,0.5,0.5,0.5
548.5,1,1,-0,2,2,0.5,0.5,0.5,0.5,0.5,0.5,0.5
549,1,1,-0,2,2,0.5,0.5,0.5,0.5,0.5,0.5,0.5
549.5,1,1,-0,2,2,0.5,0.5,0.5,0.5,0.5,0.5,0.5
550,1,1,-0,2,2,0.5,0.5,0.5,0.5,0.5,0.5,0.5
550.5,1,1,-0,2,2,0.5,0.5,0.5,0.5,0.5,0.5,0.5
551,1,1,-0,2,2,0.5,0.5,0.5,0.5,0.5,0.5,0.5
551.5,1,1,-0,2,2,0.5,0.5,0.5,0.5,0.5,0.5,0.5
552,1,1,-0,2,2,0.5,0.5,0.5,0.5,0.5,0.5,0.5
552.5,1,1,-0,2,2,0.5,0.5,0.5,0.5,0.5,0.5,0.5
553,1,1,-0,2,2,0.5,0.5,0.5,0.5,0.5,0.5,0.5
553.5,1,1,-0,2,2,0.5,0.5,0.5,0.5,0.5,0.5,0.5
554,1,1,-0,2,2,0.5,0.5,0.5,0.5,0.5,0.5,0.5
554.5,1,1,-0,2,2,0.5,0.5,0.5,0.5,0.5,0.5,0.5
555,1,1,-0,2,2,0.5,0.5,0.5,0.5,0.5,0.5,0.5
555.5,1,1,-0,2,2,0.5,0.5,0.5,0.5,0.5,0.5,0.5
556,1,1,-0,2,2,0.5,0.5,0.5,0.5,0.5,0.5,0.5
556.5,1,1,-0,2,2,0.5,0.5,0.5,0.5,0.5,0.5,0.5
557,1,1,-0,2,2,0.5,0.5,0.5,0.5,0.5,0.5,0.5
557.5,1,1,-0,2,2,0.5,0.5,0.5,0.5,0.5,0.5,0.5
558,1,1,-0,2,2,0.5,0.5,0.5,0.5,0.5,0.5,0.5
558.5,1,1,-0,2,2,0.5,0.5,0.5,0.5,0.5,0.5,0.5
559,1,1,-0,2,2,0.5,0.5,0.5,0.5,0.5,0.5,0.5
559.5,1,1,-0,2,2,0.5,0.5,0.5,0.5,0.5,0.5,0.5
560,1,1,-0,2,2,0.5,0.5,0.5,0.5,0.5,0.5,0.5
560.5,1,1,-0,2,2,0.5,0.5,0.5,0.5,0.5,0.5,0.5
561,1,1,-0,2,2,0.5,0.5,0.5,0.5,0.5,0.5,0.5
561.5,1,1,-0,2,2,0.5,0.5,0.5,0.5,0.5,0.5,0.5
562,1,1,-0,2,2,0.5,0.5,0.5,0.5,0.5,0.5,0.5
562.5,1,1,-0,2,2,0.5,0.5,0.5,0.5,0.5,0.5,0.5
563,1,1,-0,2,2,0.5,0.5,0.5,0.5,0.5,0.5,0.5
563.5,1,1,-0,2,2,0.5,0.5,0.5,0.5,0.5,0.5,0.5
564,1,1,-0,2,2,0.5,0.5,0.5,0.5,0.5,0.5,0.5
564.5,1,1,-0,2,2,0.5,0.5,0.5,0.5,0.5,0.5,0.5
565,1,1,-0,2,2,0.5,0.5,0.5,0.5,0.5,0.5,0.5
565.5,1,1,-0,2,2,0.5,0.5,0.5,0.5,0.5,0.5,0.5
566,1,1,-0,2,2,0.5,0.5,0.5,0.5,0.5,0.5,0.5
566.5,1,1,-0,2,2,0.5,0.5,0.5,0.5,0.5,0.5,0.5
567,1,1,-0,2,2,0.5,0.5,0.5,0.5,0.5,0.5,0.5
567.5,1,1,-0,2,2,0.5,0.5,0.5,0.5,0.5,0.5,0.5
568,1,1,-0,2,2,0.5,0.5,0.5,0.5,0.5,0.5,0.5
568.5,1,1,-0,2,2,0.5,0.5,0.5,0.5,0.5,0.5,0.5
569,1,1,-0,2,2,0.5,0.5,0.5,0.5,0.5,0.5,0.5
569.5,1,1,-0,2,2,0.5,0.5,0.5,0.5,0.5,0.5,0.5
570,1,1,-0,2,2,0.5,0.5,0.5,0.5,0.5,0.5,0.5
570.5,1,1,-0,2,2,0.5,0.5,0.5,0.5,0.5,0.5,0.5
571,1,1,-0,2,2,0.5,0.5,0.5,0.5,0.5,0.5,0.5
571.5,1,1,-0,2,2,0.5,0.5,0.5,0.5,0.5,0.5,0.5
572,1,1,-0,2,2,0.5,0.5,0.5,0.5,0.5,0.5,0.5
572.5,1,1,-0,2,2,0.5,0.5,0.5,0.5,0.5,0.5,0.5
573,1,1,-0,2,2,0.5,0.5,0.5,0.5,0.5,0.5,0.5
573.5,1,1,-0,2,2,0.5,0.5,0.5,0.5,0.5,0.5,0.5
574,1,1,-0,2,2,0.5,0.5,0.5,0.5,0.5,0.5,0.5
574.5,1,1,-0,2,2,0.5,0.5,0.5,0.5,0.5,0.5,0.5
575,1,1,-0,2,2,0.5,0.5,0.5,0.5,0.5,0.5,0.5
575.5,1,1,-0,2,2,0.5,0.5,0.5,0.5,0.5,0.5,0.5
576,1,1,-0,2,2,0.5,0.5,0.5,0.5,0.5,0.5,0.5
576.5,1,1,-0,2,2,0.5,0.5,0.5,0.5,0.5,0.5,0.5
577,1,1,-0,2,2,0.5,0.5,0.5,0.5,0.5,0.5,0.5
577.5,1,1,-0,2,2,0.5,0.5,0.5,0.5,0.5,0.5,0.5
578,1,1,-0,2,2,0.5,0.5,0.5,0.5,0.5,0.5,0.5
578.5,1,1,-0,2,2,0.5,0.5,0.5,0.5,0.5,0.5,0.5
579,1,1,-0,2,2,0.5,0.5,0.5,0.5,0.5,0.5,0.5
579.5,1,1,-0,2,2,0.5,0.5,0.5,0.5,0.5,0.5,0.5
580,1,1,-0,2,2,0.5,0.5,0.5,0.5,0.5,0.5,0.5
580.5,1,1,-0,2,2,0.5,0.5,0.5,0.5,0.5,0.5,0.5
581,1,1,-0,2,2,0.5,0.5,0.5,0.5,0.5,0.5,0.5
581.5,1,1,-0,2,2,0.5,0.5,0.5,0.5,0.5,0.5,0.5
582,1,1,-0,2,2,0.5,0.5,0.5,0.5,0.5,0.5,0.5
582.5,1,1,-0,2,2,0.5,0.5,0.5,0.5,0.5,0.5,0.5
583,1,1,-0,2,2,0.5,0.5,0.5,0.5,0.5,0.5,0.5
583.5,1,1,-0,2,2,0.5,0.5,0.5,0.5,0.5,0.5,0.5
584,1,1,-0,2,2,0.5,0.5,0.5,0.5,0.5,0.5,0.5
584.5,1,1,-0,2,2,0.5,0.5,0.5,0.5,0.5,0.5,0.5
585,1,1,-0,2,2,0.5,0.5,0.5,0.5,0.5,0.5,0.5
585.5,1,1,-0,2,2,0.5,0.5,0.5,0.5,0.5,0.5,0.5
586,1,1,-0,2,2,0.5,0.5,0.5,0.5,0.5,0.5,0.5
586.5,1,1,-0,2,2,0.5,0.5,0.5,0.5,0.5,0.5,0.5
587,1,1,-0,2,2,0.5,0.5,0.5,0.5,0.5,0.5,0.5
587.5,1,1,-0,2,2,0.5,0.5,0.5,0.5,0.5,0.5,0.5
588,1,1,-0,2,2,0.5,0.5,0.5,0.5,0.5,0.5,0.5
588.5,1,1,-0,2,2,0.5,0.5,0.5,0.5,0.5,0.5,0.5
589,1,1,-0,2,2,0.5,0.5,0.5,0.5,0.5,0.5,0.5
589.5,1,1,-0,2,2,0.5,0.5,0.5,0.5,0.5,0.5,0.5
590,1,1,-0,2,2,0.5,0.5,0.5,0.5,0.5,0.5,0.5
590.5,1,1,-0,2,2,0.5,0.5,0.5,0.5,0.5,0.5,0.5
591,1,1,-0,2,2,0.5,0.5,0.5,0.5,0.5,0.5,0.5
591.5,1,1,-0,2,2,0.5,0.5,0.5,0.5,0.5,0.5,0.5
592,1,1,-0,2,2,0.5,0.5,0.5,0.5,0.5,0.5,0.5
592.5,1,1,-0,2,2,0.5,0.5,0.5,0.5,0.5,0.5,0.5
593,1,1,-0,2,2,0.5,0.5,0.5,0.5,0.5,0.5,0.5
593.5,1,1,-0,2,2,0.5,0.5,0.5,0.5,0.5,0.5,0.5
594,1,1,-0,2,2,0.5,0.5,0.5,0.5,0.5,0.5,0.5
594.5,1,1,-0,2,2,0.5,0.5,0.5,0.5,0.5,0.5,0.5
595,1,1,-0,2,2,0.5,0.5,0.5,0.5,0.5,0.5,0.5
595.5,1,1,-0,2,2,0.5,0.5,0.5,0.5,0.5,0.5,0.5
596,1,1,-0,2,2,0.5,0.5,0.5,0.5,0.5,0.5,0.5
596.5,1,1,-0,2,2,0.5,0.5,0.5,0.5,0.5,0.5,0.5
597,1,1,-0,2,2,0.5,0.5,0.5,0.5,0.5,0.5,0.5
597.5,1,1,-0,2,2,0.5,0.5,0.5,0.5,0.5,0.5,0.5
598,1,1,-0,2,2,0.5,0.5,0.5,0.5,0.5,0.5,0.5
598.5,1,1,-0,2,2,0.5,0.5,0.5,0.5,0.5,0.5,0.5
599,1,1,-0,2,2,0.5,0.5,0.5,0.5,0.5,0.5,0.5
599.5,1,1,-0,2,2,0.5,0.5,0.5,0.5,0.5,0.5,0.5
600,1,1,-0,2,2,0.5,0.5,0.5,0.5,0.5,0.5,0.5
600.5,1,1,-0,2,2,0.5,0.5,0.5,0.5,0.5,0.5,0.5
601,1,1,-0,2,2,0.5,0.5,0.5,0.5,0.5,0.5,0.5
601.5,1,1,-0,2,2,0.5,0.5,0.5,0.5,0.5,0.5,0.5
602,1,1,-0,2,2,0.5,0.5,0.5,0.5,0.5,0.5,0.5
602.5,1,1,-0,2,2,0.5,0.5,0.5,0.5,0.5,0.5,0.5
603,1,1,-0,2,2,0.5,0.5,0.5,0.5,0.5,0.5,0.5
603.5,1,1,-0,2,2,0.5,0.5,0.5,0.5,0.5,0.5,0.5
604,1,1,-0,2,2,0.5,0.5,0.5,0.5,0.5,0.5,0.5
604.5,1,1,-0,2,2,0.5,0.5,0.5,0.5,0.5,0.5,0.5
605,1,1,-0,2,2,0.5,0.5,0.5,0.5,0.5,0.5,0.5
605.5,1,1,-0,2,2,0.5,0.5,0.5,0.5,0.5,0.5,0.5
606,1,1,-0,2,2,0.5,0.5,0.5,0.5,0.5,0.5,0.5
606.5,1,1,-0,2,2,0.5,0.5,0.5,0.5,0.5,0.5,0.5
607,1,1,-0,2,2,0.5,0.5,0.5,0.5,0.5,0.5,0.5
607.5,1,1,-0,2,2,0.5,0.5,0.5,0.5,0.5,0.5,0.5
608,1,1,-0,2,2,0.5,0.5,0.5,0.5,0.5,0.5,0.5
608.5,1,1,-0,2,2,0.5,0.5,0.5,0.5,0.5,0.5,0.5
609,1,1,-0,2,2,0.5,0.5,0.5,0.5,0.5,0.5,0.5
609.5,1,1,-0,2,2,0.5,0.5,0.5,0.5,0.5,0.5,0.5
610,1,1,-0,2,2,0.5,0.5,0.5,0.5,0.5,0.5,0.5
610.5,1,1,-0,2,2,0.5,0.5,0.5,0.5,0.5,0.5,0.5
611,1,1,-0,2,2,0.5,0.5,0.5,0.5,0.5,0.5,0.5
611.5,1,1,-0,2,2,0.5,0.5,0.5,0.5,0.5,0.5,0.5
612,1,1,-0,2,2,0.5,0.5,0.5,0.5,0.5,0.5,0.5
612.5,1,1,-0,2,2,0.5,0.5,0.5,0.5,0.5,0.5,0.5
613,1,1,-0,2,2,0.5,0.5,0.5,0.5,0.5,0.5,0.5
613.5,1,1,-0,2,2,0.5,0.5,0.5,0.5,0.5,0.5,0.5
614,1,1,-0,2,2,0.5,0.5,0.5,0.5,0.5,0.5,0.5
614.5,1,1,-0,2,2,0.5,0.5,0.5,0.5,0.5,0.5,0.5
615,1,1,-0,2,2,0.5,0.5,0.5,0.5,0.5,0.5,0.5
615.5,1,1,-0,2,2,0.5,0.5,0.5,0.5,0.5,0.5,0.5
616,1,1,-0,2,2,0.5,0.5,0.5,0.5,0.5,0.5,0.5
616.5,1,1,-0,2,2,0.5,0.5,0.5,0.5,0.5,0.5,0.5
617,1,1,-0,2,2,0.5,0.5,0.5,0.5,0.5,0.5,0.5
617.5,1,1,-0,2,2,0.5,0.5,0.5,0.5,0.5,0.5,0.5
618,1,1,-0,2,2,0.5,0.5,0.5,0.5,0.5,0.5,0.5
618.5,1,1,-0,2,2,0.5,0.5,0.5,0.5,0.5,0.5,0.5
619,1,1,-0,2,2,0.5,0.5,0.5,0.5,0.5,0.5,0.5
619.5,1,1,-0,2,2,0.5,0.5,0.5,0.5,0.5,0.5,0.5
620,1,1,-0,2,2,0.5,0.5,0.5,0.5,0.5,0.5,0.5
620.5,1,1,-0,2,2,0.5,0.5,0.5,0.5,0.5,0.5,0.5
621,1,1,-0,2,2,0.5,0.5,0.5,0.5,0.5,0.5,0.5
621.5,1,1,-0,2,2,0.5,0.5,0.5,0.5,0.5,0.5,0.5
622,1,1,-0,2,2,0.5,0.5,0.5,0.5,0.5,0.5,0.5
622.5,1,1,-0,2,2,0.5,0.5,0.5,0.5,0.5,0.5,0.5
623,1,1,-0,2,2,0.5,0.5,0.5,0.5,0.5,0.5,0.5
623.5,1,1,-0,2,2,0.5,0.5,0.5,0.5,0.5,0.5,0.5
624,1,1,-0,2,2,0.5,0.5,0.5,0.5,0.5,0.5,0.5
624.5,1,1,-0,2,2,0.5,0.5,0.5,0.5,0.5,0.5,0.5
625,1,1,-0,2,2,0.5,0.5,0.5,0.5,0.5,0.5,0.5
625.5,1,1,-0,2,2,0.5,0.5,0.5,0.5,0.5,0.5,0.5
626,1,1,-0,2,2,0.5,0.5,0.5,0.5,0.5,0.5,0.5
626.5,1,1,-0,2,2,0.5,0.5,0.5,0.5,0.5,0.5,0.5
627,1,1,-0,2,2,0.5,0.5,0.5,0.5,0.5,0.5,0.5
627.5,1,1,-0,2,2,0.5,0.5,0.5,0.5,0.5,0.5,0.5
628,1,1,-0,2,2,0.5,0.5,0.5,0.5,0.5,0.5,0.5
628.5,1,1,-0,2,2,0.5,0.5,0.5,0.5,0.5,0.5,0.5
629,1,1,-0,2,2,0.5,0.5,0.5,0.5,0.5,0.5,0.5
629.5,1,1,-0,2,2,0.5,0.5,0.5,0.5,0.5,0.5,0.5
630,1,1,-0,2,2,0.5,0.5,0.5,0.5,0.5,0.5,0.5
630.5,1,1,-0,2,2,0.5,0.5,0.5,0.5,0.5,0.5,0.5
631,1,1,-0,2,2,0.5,0.5,0.5,0.5,0.5,0.5,0.5
631.5,1,1,-0,2,2,0.5,0.5,0.5,0.5,0.5,0.5,0.5
632,1,1,-0,2,2,0.5,0.5,0.5,0.5,0.5,0.5,0.5
632.5,1,1,-0,2,2,0.5,0.5,0.5,0.5,0.5,0.5,0.5
633,1,1,-0,2,2,0.5,0.5,0.5,0.5,0.5,0.5,0.5
633.5,1,1,-0,2,2,0.5,0.5,0.5,0.5,0.5,0.5,0.5
634,1,1,-0,2,2,0.5,0.5,0.5,0.5,0.5,0.5,0.5
634.5,1,1,-0,2,2,0.5,0.5,0.5,0.5,0.5,0.5,0.5
635,1,1,-0,2,2,0.5,0.5,0.5,0.5,0.5,0.5,0.5
635.5,1,1,-0,2,2,0.5,0.5,0.5,0.5,0.5,0.5,0.5
636,1,1,-0,2,2,0.5,0.5,0.5,0.5,0.5,0.5,0.5
636.5,1,1,-0,2,2,0.5,0.5,0.5,0.5,0.5,0.5,0.5
637,1,1,-0,2,2,0.5,0.5,0.5,0.5,0.5,0.5,0.5
637.5,1,1,-0,2,2,0.5,0.5,0.5,0.5,0.5,0.5,0.5
638,1,1,-0,2,2,0.5,0.5,0.5,0.5,0.5,0.5,0.5
638.5,1,1,-0,2,2,0.5,0.5,0.5,0.5,0.5,0.5,0.5
639,1,1,-0,2,2,0.5,0.5,0.5,0.5,0.5,0.5,0.5
639.5,1,1,-0,2,2,0.5,0.5,0.5,0.5,0.5,0.5,0.5
640,1,1,-0,2,2,0.5,0.5,0.5,0.5,0.5,0.5,0.5
640.5,1,1,-0,2,2,0.5,0.5,0.5,0.5,0.5,0.5,0.5
641,1,1,-0,2,2,0.5,0.5,0.5,0.5,0.5,0.5,0.5
641.5,1,1,-0,2,2,0.5,0.5,0.5,0.5,0.5,0.5,0.5
642,1,1,-0,2,2,0.5,0.5,0.5,0.5,0.5,0.5,0.5
642.5,1,1,-0,2,2,0.5,0.5,0.5,0.5,0.5,0.5,0.5
643,1,1,-0,2,2,0.5,0.5,0.5,0.5,0.5,0.5,0.5
643.5,1,1,-0,2,2,0.5,0.5,0.5,0.5,0.5,0.5,0.5
644,1,1,-0,2,2,0.5,0.5,0.5,0.5,0.5,0.5,0.5
644.5,1,1,-0,2,2,0.5,0.5,0.5,0.5,0.5,0.5,0.5
645,1,1,-0,2,2,0.5,0.5,0.5,0.5,0.5,0.5,0.5
645.5,1,1,-0,2,2,0.5,0.5,0.5,0.5,0.5,0.5,0.5
646,1,1,-0,2,2,0.5,0.5,0.5,0.5,0.5,0.5,0.5
646.5,1,1,-0,2,2,0.5,0.5,0.5,0.5,0.5,0.5,0.5
647,1,1,-0,2,2,0.5,0.5,0.5,0.5,0.5,0.5,0.5
647.5,1,1,-0,2,2,0.5,0.5,0.5,0.5,0.5,0.5,0.5
648,1,1,-0,2,2,0.5,0.5,0.5,0.5,0.5,0.5,0.5
648.5,1,1,-0,2,2,0.5,0.5,0.5,0.5,0.5,0.5,0.5
649,1,1,-0,2,2,0.5,0.5,0.5,0.5,0.5,0.5,0.5
649.5,1,1,-0,2,2,0.5,0.5,0.5,0.5,0.5,0.5,0.5
650,1,1,-0,2,2,0.5,0.5,0.5,0.5,0.5,0.5,0.5
650.5,1,1,-0,2,2,0.5,0.5,0.5,0.5,0.5,0.5,0.5
651,1,1,-0,2,2,0.5,0.5,0.5,0.5,0.5,0.5,0.5
651.5,1,1,-0,2,2,0.5,0.5,0.5,0.5,0.5,0.5,0.5
652,1,1,-0,2,2,0.5,0.5,0.5,0.5,0.5,0.5,0.5
652.5,1,1,-0,2,2,0.5,0.5,0.5,0.5,0.5,0.5,0.5
653,1,1,-0,2,2,0.5,0.5,0.5,0.5,0.5,0.5,0.5
653.5,1,1,-0,2,2,0.5,0.5,0.5,0.5,0.5,0.5,0.5
654,1,1,-0,2,2,0.5,0.5,0.5,0.5,0.5,0.5,0.5
654.5,1,1,-0,2,2,0.5,0.5,0.5,0.5,0.5,0.5,0.5
655,1,1,-0,2,2,0.5,0.5,0.5,0.5,0.5,0.5,0.5
655.5,1,1,-0,2,2,0.5,0.5,0.5,0.5,0.5,0.5,0.5
656,1,1,-0,2,2,0.5,0.5,0.5,0.5,0.5,0.5,0.5
656.5,1,1,-0,2,2,0.5,0.5,0.5,0.5,0.5,0.5,0.5
657,1,1,-0,2,2,0.5,0.5,0.5,0.5,0.5,0.5,0.5
657.5,1,1,-0,2,2,0.5,0.5,0.5,0.5,0.5,0.5,0.5
658,1,1,-0,2,2,0.5,0.5,0.5,0.5,0.5,0.5,0.5
658.5,1,1,-0,2,2,0.5,0.5,0.5,0.5,0.5,0.5,0.5
659,1,1,-0,2,2,0.5,0.5,0.5,0.5,0.5,0.5,0.5
659.5,1,1,-0,2,2,0.5,0.5,0.5,0.5,0.5,0.5,0.5
660,1,1,-0,2,2,0.5,0.5,0.5,0.5,0.5,0.5,0.5
660.5,1,1,-0,2,2,0.5,0.5,0.5,0.5,0.5,0.5,0.5
661,1,1,-0,2,2,0.5,0.5,0.5,0.5,0.5,0.5,0.5
661.5,1,1,-0,2,2,0.5,0.5,0.5,0.5,0.5,0.5,0.5
662,1,1,-0,2,2,0.5,0.5,0.5,0.5,0.5,0.5,0.5
662.5,1,1,-0,2,2,0.5,0.5,0.5,0.5,0.5,0.5,0.5
663,1,1,-0,2,2,0.5,0.5,0.5,0.5,0.5,0.5,0.5
663.5,1,1,-0,2,2,0.5,0.5,0.5,0.5,0.5,0.5,0.5
664,1,1,-0,2,2,0.5,0.5,0.5,0.5,0.5,0.5,0.5
664.5,1,1,-0,2,2,0.5,0.5,0.5,0.5,0.5,0.5,0.5
665,1,1,-0,2,2,0.5,0.5,0.5,0.5,0.5,0.5,0.5
665.5,1,1,-0,2,2,0.5,0.5,0.5,0.5,0.5,0.5,0.5
666,1,1,-0,2,2,0.5,0.5,0.5,0.5,0.5,0.5,0.5
666.5,1,1,-0,2,2,0.5,0.5,0.5,0.5,0.5,0.5,0.5
667,1,1,-0,2,2,0.5,0.5,0.5,0.5,0.5,0.5,0.5
667.5,1,1,-0,2,2,0.5,0.5,0.5,0.5,0.5,0.5,0.5
668,1,1,-0,2,2,0.5,0.5,0.5,0.5,0.5,0.5,0.5
668.5,1,1,-0,2,2,0.5,0.5,0.5,0.5,0.5,0.5,0.5
669,1,1,-0,2,2,0.5,0.5,0.5,0.5,0.5,0.5,0.5
669.5,1,1,-0,2,2,0.5,0.5,0.5,0.5,0.5,0.5,0.5
670,1,1,-0,2,2,0.5,0.5,0.5,0.5,0.5,0.5,0.5
670.5,1,1,-0,2,2,0.5,0.5,0.5,0.5,0.5,0.5,0.5
671,1,1,-0,2,2,0.5,0.5,0.5,0.5,0.5,0.5,0.5
671.5,1,1,-0,2,2,0.5,0.5,0.5,0.5,0.5,0.5,0.5
672,1,1,-0,2,2,0.5,0.5,0.5,0.5,0.5,0.5,0.5
672.5,1,1,-0,2,2,0.5,0.5,0.5,0.5,0.5,0.5,0.5
673,1,1,-0,2,2,0.5,0.5,0.5,0.5,0.5,0.5,0.5
673.5,1,1,-0,2,2,0.5,0.5,0.5,0.5,0.5,0.5,0.5
674,1,1,-0,2,2,0.5,0.5,0.5,0.5,0.5,0.5,0.5
674.5,1,1,-0,2,2,0.5,0.5,0.5,0.5,0.5,0.5,0.5
675,1,1,-0,2,2,0.5,0.5,0.5,0.5,0.5,0.5,0.5
675.5,1,1,-0,2,2,0.5,0.5,0.5,0.5,0.5,0.5,0.5
676,1,1,-0,2,2,0.5,0.5,0.5,0.5,0.5,0.5,0.5
676.5,1,1,-0,2,2,0.5,0.5,0.5,0.5,0.5,0.5,0.5
677,1,1,-0,2,2,0.5,0.5,0.5,0.5,0.5,0.5,0.5
677.5,1,1,-0,2,2,0.5,0.5,0.5,0.5,0.5,0.5,0.5
678,1,1,-0,2,2,0.5,0.5,0.5,0.5,0.5,0.5,0.5
678.5,1,1,-0,2,2,0.5,0.5,0.5,0.5,0.5,0.5,0.5
679,1,1,-0,2,2,0.5,0.5,0.5,0.5,0.5,0.5,0.5
679.5,1,1,-0,2,2,0.5,0.5,0.5,0.5,0.5,0.5,0.5
680,1,1,-0,2,2,0.5,0.5,0.5,0.5,0.5,0.5,0.5
680.5,1,1,-0,2,2,0.5,0.5,0.5,0.5,0.5,0.5,0.5
681,1,1,-0,2,2,0.5,0.5,0.5,0.5,0.5,0.5,0.5
681.5,1,1,-0,2,2,0.5,0.5,0.5,0.5,0.5,0.5,0.5
682,1,1,-0,2,2,0.5,0.5,0.5,0.5,0.5,0.5,0.5
682.5,1,1,-0,2,2,0.5,0.5,0.5,0.5,0.5,0.5,0.5
683,1,1,-0,2,2,0.5,0.5,0.5,0.5,0.5,0.5,0.5
683.5,1,1,-0,2,2,0.5,0.5,0.5,0.5,0.5,0.5,0.5
684,1,1,-0,2,2,0.5,0.5,0.5,0.5,0.5,0.5,0.5
684.5,1,1,-0,2,2,0.5,0.5,0.5,0.5,0.5,0.5,0.5
685,1,1,-0,2,2,0.5,0.5,0.5,0.5,0.5,0.5,0.5
685.5,1,1,-0,2,2,0.5,0.5,0.5,0.5,0.5,0.5,0.5
686,1,1,-0,2,2,0.5,0.5,0.5,0.5,0.5,0.5,0.5
686.5,1,1,-0,2,2,0.5,0.5,0.5,0.5,0.5,0.5,0.5
687,1,1,-0,2,2,0.5,0.5,0.5,0.5,0.5,0.5,0.5
687.5,1,1,-0,2,2,0.5,0.5,0.5,0.5,0.5,0.5,0.5
688,1,1,-0,2,2,0.5,0.5,0.5,0.5,0.5,0.5,0.5
688.5,1,1,-0,2,2,0.5,0.5,0.5,0.5,0.5,0.5,0.5
689,1,1,-0,2,2,0.5,0.5,0.5,0.5,0.5,0.5,0.5
689.5,1,1,-0,2,2,0.5,0.5,0.5,0.5,0.5,0.5,0.5
690,1,1,-0,2,2,0.5,0.5,0.5,0.5,0.5,0.5,0.5
690.5,1,1,-0,2,2,0.5,0.5,0.5,0.5,0.5,0.5,0.5
691,1,1,-0,2,2,0.5,0.5,0.5,0.5,0.5,0.5,0.5
691.5,1,1,-0,2,2,0.5,0.5,0.5,0.5,0.5,0.5,0.5
692,1,1,-0,2,2,0.5,0.5,0.5,0.5,0.5,0.5,0.5
692.5,1,1,-0,2,2,0.5,0.5,0.5,0.5,0.5,0.5,0.5
693,1,1,-0,2,2,0.5,0.5,0.5,0.5,0.5,0.5,0.5
693.5,1,1,-0,2,2,0.5,0.5,0.5,0.5,0.5,0.5,0.5
694,1,1,-0,2,2,0.5,0.5,0.5,0.5,0.5,0.5,0.5
694.5,1,1,-0,2,2,0.5,0.5,0.5,0.5,0.5,0.5,0.5
695,1,1,-0,2,2,0.5,0.5,0.5,0.5,0.5,0.5,0.5
695.5,1,1,-0,2,2,0.5,0.5,0.5,0.5,0.5,0.5,0.5
696,1,1,-0,2,2,0.5,0.5,0.5,0.5,0.5,0.5,0.5
696.5,1,1,-0,2,2,0.5,0.5,0.5,0.5,0.5,0.5,0.5
697,1,1,-0,2,2,0.5,0.5,0.5,0.5,0.5,0.5,0.5
697.5,1,1,-0,2,2,0.5,0.5,0.5,0.5,0.5,0.5,0.5
698,1,1,-0,2,2,0.5,0.5,0.5,0.5,0.5,0.5,0.5
698.5,1,1,-0,2,2,0.5,0.5,0.5,0.5,0.5,0.5,0.5
699,1,1,-0,2,2,0.5,0.5,0.5,0.5,0.5,0.5,0.5
699.5,1,1,-0,2,2,0.5,0.5,0.5,0.5,0.5,0.5,0.5
700,1,1,-0,2,2,0.5,0.5,0.5,0.5,0.5,0.5,0.5
700.5,1,1,-0,2,2,0.5,0.5,0.5,0.5,0.5,0.5,0.5
701,1,1,-0,2,2,0.5,0.5,0.5,0.5,0.5,0.5,0.5
701.5,1,1,-0,2,2,0.5,0.5,0.5,0.5,0.5,0.5,0.5
702,1,1,-0,2,2,0.5,0.5,0.5,0.5,0.5,0.5,0.5
702.5,1,1,-0,2,2,0.5,0.5,0.5,0.5,0.5,0.5,0.5
703,1,1,-0,2,2,0.5,0.5,0.5,0.5,0.5,0.5,0.5
703.5,1,1,-0,2,2,0.5,0.5,0.5,0.5,0.5,0.5,0.5
704,1,1,-0,2,2,0.5,0.5,0.5,0.5,0.5,0.5,0.5
704.5,1,1,-0,2,2,0.5,0.5,0.5,0.5,0.5,0.5,0.5
705,1,1,-0,2,2,0.5,0.5,0.5,0.5,0.5,0.5,0.5
705.5,1,1,-0,2,2,0.5,0.5,0.5,0.5,0.5,0.5,0.5
706,1,1,-0,2,2,0.5,0.5,0.5,0.5,0.5,0.5,0.5
706.5,1,1,-0,2,2,0.5,0.5,0.5,0.5,0.5,0.5,0.5
707,1,1,-0,2,2,0.5,0.5,0.5,0.5,0.5,0.5,0.5
707.5,1,1,-0,2,2,0.5,0.5,0.5,0.5,0.5,0.5,0.5
708,1,1,-0,2,2,0.5,0.5,0.5,0.5,0.5,0.5,0.5
708.5,1,1,-0,2,2,0.5,0.5,0.5,0.5,0.5,0.5,0.5
709,1,1,-0,2,2,0.5,0.5,0.5,0.5,0.5,0.5,0.5
709.5,1,1,-0,2,2,0.5,0.5,0.5,0.5,0.5,0.5,0.5
710,1,1,-0,2,2,0.5,0.5,0.5,0.5,0.5,0.5,0.5
710.5,1,1,-0,2,2,0.5,0.5,0.5,0.5,0.5,0.5,0.5
711,1,1,-0,2,2,0.5,0.5,0.5,0.5,0.5,0.5,0.5
711.5,1,1,-0,2,2,0.5,0.5,0.5,0.5,0.5,0.5,0.5
712,1,1,-0,2,2,0.5,0.5,0.5,0.5,0.5,0.5,0.5
712.5,1,1,-0,2,2,0.5,0.5,0.5,0.5,0.5,0.5,0.5
713,1,1,-0,2,2,0.5,0.5,0.5,0.5,0.5,0.5,0.5
713.5,1,1,-0,2,2,0.5,0.5,0.5,0.5,0.5,0.5,0.5
714,1,1,-0,2,2,0.5,0.5,0.5,0.5,0.5,0.5,0.5
714.5,1,1,-0,2,2,0.5,0.5,0.5,0.5,0.5,0.5,0.5
715,1,1,-0,2,2,0.5,0.5,0.5,0.5,0.5,0.5,0.5
715.5,1,1,-0,2,2,0.5,0.5,0.5,0.5,0.5,0.5,0.5
716,1,1,-0,2,2,0.5,0.5,0.5,0.5,0.5,0.5,0.5
716.5,1,1,-0,2,2,0.5,0.5,0.5,0.5,0.5,0.5,0.5
717,1,1,-0,2,2,0.5,0.5,0.5,0.5,0.5,0.5,0.5
717.5,1,1,-0,2,2,0.5,0.5,0.5,0.5,0.5,0.5,0.5
718,1,1,-0,2,2,0.5,0.5,0.5,0.5,0.5,0.5,0.5
718.5,1,1,-0,2,2,0.5,0.5,0.5,0.5,0.5,0.5,0.5
719,1,1,-0,2,2,0.5,0.5,0.5,0.5,0.5,0.5,0.5
719.5,1,1,-0,2,2,0.5,0.5,0.5,0.5,0.5,0.5,0.5
720,1,1,-0,2,2,0.5,0.5,0.5,0.5,0.5,0.5,0.5
720.5,1,1,-0,2,2,0.5,0.5,0.5,0.5,0.5,0.5,0.5
721,1,1,-0,2,2,0.5,0.5,0.5,0.5,0.5,0.5,0.5
721.5,1,1,-0,2,2,0.5,0.5,0.5,0.5,0.5,0.5,0.5
722,1,1,-0,2,2,0.5,0.5,0.5,0.5,0.5,0.5,0.5
722.5,1,1,-0,2,2,0.5,0.5,0.5,0.5,0.5,0.5,0.5
723,1,1,-0,2,2,0.5,0.5,0.5,0.5,0.5,0.5,0.5
723.5,1,1,-0,2,2,0.5,0.5,0.5,0.5,0.5,0.5,0.5
724,1,1,-0,2,2,0.5,0.5,0.5,0.5,0.5,0.5,0.5
724.5,1,1,-0,2,2,0.5,0.5,0.5,0.5,0.5,0.5,0.5
725,1,1,-0,2,2,0.5,0.5,0.5,0.5,0.5,0.5,0.5
725.5,1,1,-0,2,2,0.5,0.5,0.5,0.5,0.5,0.5,0.5
726,1,1,-0,2,2,0.5,0.5,0.5,0.5,0.5,0.5,0.5
726.5,1,1,-0,2,2,0.5,0.5,0.5,0.5,0.5,0.5,0.5
727,1,1,-0,2,2,0.5,0.5,0.5,0.5,0.5,0.5,0.5
727.5,1,1,-0,2,2,0.5,0.5,0.5,0.5,0.5,0.5,0.5
728,1,1,-0,2,2,0.5,0.5,0.5,0.5,0.5,0.5,0.5
728.5,1,1,-0,2,2,0.5,0.5,0.5,0.5,0.5,0.5,0.5
729,1,1,-0,2,2,0.5,0.5,0.5,0.5,0.5,0.5,0.5
729.5,1,1,-0,2,2,0.5,0.5,0.5,0.5,0.5,0.5,0.5
730,1,1,-0,2,2,0.5,0.5,0.5,0.5,0.5,0.5,0.5
730.5,1,1,-0,2,2,0.5,0.5,0.5,0.5,0.5,0.5,0.5
731,1,1,-0,2,2,0.5,0.5,0.5,0.5,0.5,0.5,0.5
731.5,1,1,-0,2,2,0.5,0.5,0.5,0.5,0.5,0.5,0.5
732,1,1,-0,2,2,0.5,0.5,0.5,0.5,0.5,0.5,0.5
732.5,1,1,-0,2,2,0.5,0.5,0.5,0.5,0.5,0.5,0.5
733,1,1,-0,2,2,0.5,0.5,0.5,0.5,0.5,0.5,0.5
733.5,1,1,-0,2,2,0.5,0.5,0.5,0.5,0.5,0.5,0.5
734,1,1,-0,2,2,0.5,0.5,0.5,0.5,0.5,0.5,0.5
734.5,1,1,-0,2,2,0.5,0.5,0.5,0.5,0.5,0.5,0.5
735,1,1,-0,2,2,0.5,0.5,0.5,0.5,0.5,0.5,0.5
735.5,1,1,-0,2,2,0.5,0.5,0.5,0.5,0.5,0.5,0.5
736,1,1,-0,2,2,0.5,0.5,0.5,0.5,0.5,0.5,0.5
736.5,1,1,-0,2,2,0.5,0.5,0.5,0.5,0.5,0.5,0.5
737,1,1,-0,2,2,0.5,0.5,0.5,0.5,0.5,0.5,0.5
737.5,1,1,-0,2,2,0.5,0.5,0.5,0.5,0.5,0.5,0.5
738,1,1,-0,2,2,0.5,0.5,0.5,0.5,0.5,0.5,0.5
738.5,1,1,-0,2,2,0.5,0.5,0.5,0.5,0.5,0.5,0.5
739,1,1,-0,2,2,0.5,0.5,0.5,0.5,0.5,0.5,0.5
739.5,1,1,-0,2,2,0.5,0.5,0.5,0.5,0.5,0.5,0.5
740,1,1,-0,2,2,0.5,0.5,0.5,0.5,0.5,0.5,0.5
740.5,1,1,-0,2,2,0.5,0.5,0.5,0.5,0.5,0.5,0.5
741,1,1,-0,2,2,0.5,0.5,0.5,0.5,0.5,0.5,0.5
741.5,1,1,-0,2,2,0.5,0.5,0.5,0.5,0.5,0.5,0.5
742,1,1,-0,2,2,0.5,0.5,0.5,0.5,0.5,0.5,0.5
742.5,1,1,-0,2,2,0.5,0.5,0.5,0.5,0.5,0.5,0.5
743,1,1,-0,2,2,0.5,0.5,0.5,0.5,0.5,0.5,0.5
743.5,1,1,-0,2,2,0.5,0.5,0.5,0.5,0.5,0.5,0.5
744,1,1,-0,2,2,0.5,0.5,0.5,0.5,0.5,0.5,0.5
744.5,1,1,-0,2,2,0.5,0.5,0.5,0.5,0.5,0.5,0.5
745,1,1,-0,2,2,0.5,0.5,0.5,0.5,0.5,0.5,0.5
745.5,1,1,-0,2,2,0.5,0.5,0.5,0.5,0.5,0.5,0.5
746,1,1,-0,2,2,0.5,0.5,0.5,0.5,0.5,0.5,0.5
746.5,1,1,-0,2,2,0.5,0.5,0.5,0.5,0.5,0.5,0.5
747,1,1,-0,2,2,0.5,0.5,0.5,0.5,0.5,0.5,0.5
747.5,1,1,-0,2,2,0.5,0.5,0.5,0.5,0.5,0.5,0.5
748,1,1,-0,2,2,0.5,0.5,0.5,0.5,0.5,0.5,0.5
748.5,1,1,-0,2,2,0.5,0.5,0.5,0.5,0.5,0.5,0.5
749,1,1,-0,2,2,0.5,0.5,0.5,0.5,0.5,0.5,0.5
749.5,1,1,-0,2,2,0.5,0.5,0.5,0.5,0.5,0.5,0.5
750,1,1,-0,2,2,0.5,0.5,0.5,0.5,0.5,0.5,0.5
750.5,1,1,-0,2,2,0.5,0.5,0.5,0.5,0.5,0.5,0.5
751,1,1,-0,2,2,0.5,0.5,0.5,0.5,0.5,0.5,0.5
751.5,1,1,-0,2,2,0.5,0.5,0.5,0.5,0.5,0.5,0.5
752,1,1,-0,2,2,0.5,0.5,0.5,0.5,0.5,0.5,0.5
752.5,1,1,-0,2,2,0.5,0.5,0.5,0.5,0.5,0.5,0.5
753,1,1,-0,2,2,0.5,0.5,0.5,0.5,0.5,0.5,0.5
753.5,1,1,-0,2,2,0.5,0.5,0.5,0.5,0.5,0.5,0.5
754,1,1,-0,2,2,0.5,0.5,0.5,0.5,0.5,0.5,0.5
754.5,1,1,-0,2,2,0.5,0.5,0.5,0.5,0.5,0.5,0.5
755,1,1,-0,2,2,0.5,0.5,0.5,0.5,0.5,0.5,0.5
755.5,1,1,-0,2,2,0.5,0.5,0.5,0.5,0.5,0.5,0.5
756,1,1,-0,2,2,0.5,0.5,0.5,0.5,0.5,0.5,0.5
756.5,1,1,-0,2,2,0.5,0.5,0.5,0.5,0.5,0.5,0.5
757,1,1,-0,2,2,0.5,0.5,0.5,0.5,0.5,0.5,0.5
757.5,1,1,-0,2,2,0.5,0.5,0.5,0.5,0.5,0.5,0.5
758,1,1,-0,2,2,0.5,0.5,0.5,0.5,0.5,0.5,0.5
758.5,1,1,-0,2,2,0.5,0.5,0.5,0.5,0.5,0.5,0.5
759,1,1,-0,2,2,0.5,0.5,0.5,0.5,0.5,0.5,0.5
759.5,1,1,-0,2,2,0.5,0.5,0.5,0.5,0.5,0.5,0.5
760,1,1,-0,2,2,0.5,0.5,0.5,0.5,0.5,0.5,0.5
760.5,1,1,-0,2,2,0.5,0.5,0.5,0.5,0.5,0.5,0.5
761,1,1,-0,2,2,0.5,0.5,0.5,0.5,0.5,0.5,0.5
761.5,1,1,-0,2,2,0.5,0.5,0.5,0.5,0.5,0.5,0.5
762,1,1,-0,2,2,0.5,0.5,0.5,0.5,0.5,0.5,0.5
762.5,1,1,-0,2,2,0.5,0.5,0.5,0.5,0.5,0.5,0.5
763,1,1,-0,2,2,0.5,0.5,0.5,0.5,0.5,0.5,0.5
763.5,1,1,-0,2,2,0.5,0.5,0.5,0.5,0.5,0.5,0.5
764,1,1,-0,2,2,0.5,0.5,0.5,0.5,0.5,0.5,0.5
764.5,1,1,-0,2,2,0.5,0.5,0.5,0.5,0.5,0.5,0.5
765,1,1,-0,2,2,0.5,0.5,0.5,0.5,0.5,0.5,0.5
765.5,1,1,-0,2,2,0.5,0.5,0.5,0.5,0.5,0.5,0.5
766,1,1,-0,2,2,0.5,0.5,0.5,0.5,0.5,0.5,0.5
766.5,1,1,-0,2,2,0.5,0.5,0.5,0.5,0.5,0.5,0.5
767,1,1,-0,2,2,0.5,0.5,0.5,0.5,0.5,0.5,0.5
767.5,1,1,-0,2,2,0.5,0.5,0.5,0.5,0.5,0.5,0.5
768,1,1,-0,2,2,0.5,0.5,0.5,0.5,0.5,0.5,0.5
768.5,1,1,-0,2,2,0.5,0.5,0.5,0.5,0.5,0.5,0.5
769,1,1,-0,2,2,0.5,0.5,0.5,0.5,0.5,0.5,0.5
769.5,1,1,-0,2,2,0.5,0.5,0.5,0.5,0.5,0.5,0.5
770,1,1,-0,2,2,0.5,0.5,0.5,0.5,0.5,0.5,0.5
770.5,1,1,-0,2,2,0.5,0.5,0.5,0.5,0.5,0.5,0.5
771,1,1,-0,2,2,0.5,0.5,0.5,0.5,0.5,0.5,0.5
771.5,1,1,-0,2,2,0.5,0.5,0.5,0.5,0.5,0.5,0.5
772,1,1,-0,2,2,0.5,0.5,0.5,0.5,0.5,0.5,0.5
772.5,1,1,-0,2,2,0.5,0.5,0.5,0.5,0.5,0.5,0.5
773,1,1,-0,2,2,0.5,0.5,0.5,0.5,0.5,0.5,0.5
773.5,1,1,-0,2,2,0.5,0.5,0.5,0.5,0.5,0.5,0.5
774,1,1,-0,2,2,0.5,0.5,0.5,0.5,0.5,0.5,0.5
774.5,1,1,-0,2,2,0.5,0.5,0.5,0.5,0.5,0.5,0.5
775,1,1,-0,2,2,0.5,0.5,0.5,0.5,0.5,0.5,0.5
775.5,1,1,-0,2,2,0.5,0.5,0.5,0.5,0.5,0.5,0.5
776,1,1,-0,2,2,0.5,0.5,0.5,0.5,0.5,0.5,0.5
776.5,1,1,-0,2,2,0.5,0.5,0.5,0.5,0.5,0.5,0.5
777,1,1,-0,2,2,0.5,0.5,0.5,0.5,0.5,0.5,0.5
777.5,1,1,-0,2,2,0.5,0.5,0.5,0.5,0.5,0.5,0.5
778,1,1,-0,2,2,0.5,0.5,0.5,0.5,0.5,0.5,0.5
778.5,1,1,-0,2,2,0.5,0.5,0.5,0.5,0.5,0.5,0.5
779,1,1,-0,2,2,0.5,0.5,0.5,0.5,0.5,0.5,0.5
779.5,1,1,-0,2,2,0.5,0.5,0.5,0.5,0.5,0.5,0.5
780,1,1,-0,2,2,0.5,0.5,0.5,0.5,0.5,0.5,0.5
780.5,1,1,-0,2,2,0.5,0.5,0.5,0.5,0.5,0.5,0.5
781,1,1,-0,2,2,0.5,0.5,0.5,0.5,0.5,0.5,0.5
781.5,1,1,-0,2,2,0.5,0.5,0.5,0.5,0.5,0.5,0.5
782,1,1,-0,2,2,0.5,0.5,0.5,0.5,0.5,0.5,0.5
782.5,1,1,-0,2,2,0.5,0.5,0.5,0.5,0.5,0.5,0.5
783,1,1,-0,2,2,0.5,0.5,0.5,0.5,0.5,0.5,0.5
783.5,1,1,-0,2,2,0.5,0.5,0.5,0.5,0.5,0.5,0.5
784,1,1,-0,2,2,0.5,0.5,0.5,0.5,0.5,0.5,0.5
784.5,1,1,-0,2,2,0.5,0.5,0.5,0.5,0.5,0.5,0.5
785,1,1,-0,2,2,0.5,0.5,0.5,0.5,0.5,0.5,0.5
785.5,1,1,-0,2,2,0.5,0.5,0.5,0.5,0.5,0.5,0.5
786,1,1,-0,2,2,0.5,0.5,0.5,0.5,0.5,0.5,0.5
786.5,1,1,-0,2,2,0.5,0.5,0.5,0.5,0.5,0.5,0.5
787,1,1,-0,2,2,0.5,0.5,0.5,0.5,0.5,0.5,0.5
787.5,1,1,-0,2,2,0.5,0.5,0.5,0.5,0.5,0.5,0.5
788,1,1,-0,2,2,0.5,0.5,0.5,0.5,0.5,0.5,0.5
788.5,1,1,-0,2,2,0.5,0.5,0.5,0.5,0.5,0.5,0.5
789,1,1,-0,2,2,0.5,0.5,0.5,0.5,0.5,0.5,0.5
789.5,1,1,-0,2,2,0.5,0.5,0.5,0.5,0.5,0.5,0.5
790,1,1,-0,2,2,0.5,0.5,0.5,0.5,0.5,0.5,0.5
790.5,1,1,-0,2,2,0.5,0.5,0.5,0.5,0.5,0.5,0.5
791,1,1,-0,2,2,0.5,0.5,0.5,0.5,0.5,0.5,0.5
791.5,1,1,-0,2,2,0.5,0.5,0.5,0.5,0.5,0.5,0.5
792,1,1,-0,2,2,0.5,0.5,0.5,0.5,0.5,0.5,0.5
792.5,1,1,-0,2,2,0.5,0.5,0.5,0.5,0.5,0.5,0.5
793,1,1,-0,2,2,0.5,0.5,0.5,0.5,0.5,0.5,0.5
793.5,1,1,-0,2,2,0.5,0.5,0.5,0.5,0.5,0.5,0.5
794,1,1,-0,2,2,0.5,0.5,0.5,0.5,0.5,0.5,0.5
794.5,1,1,-0,2,2,0.5,0.5,0.5,0.5,0.5,0.5,0.5
795,1,1,-0,2,2,0.5,0.5,0.5,0.5,0.5,0.5,0.5
795.5,1,1,-0,2,2,0.5,0.5,0.5,0.5,0.5,0.5,0.5
796,1,1,-0,2,2,0.5,0.5,0.5,0.5,0.5,0.5,0.5
796.5,1,1,-0,2,2,0.5,0.5,0.5,0.5,0.5,0.5,0.5
797,1,1,-0,2,2,0.5,0.5,0.5,0.5,0.5,0.5,0.5
797.5,1,1,-0,2,2,0.5,0.5,0.5,0.5,0.5,0.5,0.5
798,1,1,-0,2,2,0.5,0.5,0.5,0.5,0.5,0.5,0.5
798.5,1,1,-0,2,2,0.5,0.5,0.5,0.5,0.5,0.5,0.5
799,1,1,-0,2,2,0.5,0.5,0.5,0.5,0.5,0.5,0.5
799.5,1,1,-0,2,2,0.5,0.5,0.5,0.5,0.5,0.5,0.5
800,1,1,-0,2,2,0.5,0.5,0.5,0.5,0.5,0.5,0.5
800.5,1,1,-0,2,2,0.5,0.5,0.5,0.5,0.5,0.5,0.5
801,1,1,-0,2,2,0.5,0.5,0.5,0.5,0.5,0.5,0.5
801.5,1,1,-0,2,2,0.5,0.5,0.5,0.5,0.5,0.5,0.5
802,1,1,-0,2,2,0.5,0.5,0.5,0.5,0.5,0.5,0.5
802.5,1,1,-0,2,2,0.5,0.5,0.5,0.5,0.5,0.5,0.5
803,1,1,-0,2,2,0.5,0.5,0.5,0.5,0.5,0.5,0.5
803.5,1,1,-0,2,2,0.5,0.5,0.5,0.5,0.5,0.5,0.5
804,1,1,-0,2,2,0.5,0.5,0.5,0.5,0.5,0.5,0.5
804.5,1,1,-0,2,2,0.5,0.5,0.5,0.5,0.5,0.5,0.5
805,1,1,-0,2,2,0.5,0.5,0.5,0.5,0.5,0.5,0.5
805.5,1,1,-0,2,2,0.5,0.5,0.5,0.5,0.5,0.5,0.5
806,1,1,-0,2,2,0.5,0.5,0.5,0.5,0.5,0.5,0.5
806.5,1,1,-0,2,2,0.5,0.5,0.5,0.5,0.5,0.5,0.5
807,1,1,-0,2,2,0.5,0.5,0.5,0.5,0.5,0.5,0.5
807.5,1,1,-0,2,2,0.5,0.5,0.5,0.5,0.5,0.5,0.5
808,1,1,-0,2,2,0.5,0.5,0.5,0.5,0.5,0.5,0.5
808.5,1,1,-0,2,2,0.5,0.5,0.5,0.5,0.5,0.5,0.5
809,1,1,-0,2,2,0.5,0.5,0.5,0.5,0.5,0.5,0.5
809.5,1,1,-0,2,2,0.5,0.5,0.5,0.5,0.5,0.5,0.5
810,1,1,-0,2,2,0.5,0.5,0.5,0.5,0.5,0.5,0.5
810.5,1,1,-0,2,2,0.5,0.5,0.5,0.5,0.5,0.5,0.5
811,1,1,-0,2,2,0.5,0.5,0.5,0.5,0.5,0.5,0.5
811.5,1,1,-0,2,2,0.5,0.5,0.5,0.5,0.5,0.5,0.5
812,1,1,-0,2,2,0.5,0.5,0.5,0.5,0.5,0.5,0.5
812.5,1,1,-0,2,2,0.5,0.5,0.5,0.5,0.5,0.5,0.5
813,1,1,-0,2,2,0.5,0.5,0.5,0.5,0.5,0.5,0.5
813.5,1,1,-0,2,2,0.5,0.5,0.5,0.5,0.5,0.5,0.5
814,1,1,-0,2,2,0.5,0.5,0.5,0.5,0.5,0.5,0.5
814.5,1,1,-0,2,2,0.5,0.5,0.5,0.5,0.5,0.5,0.5
815,1,1,-0,2,2,0.5,0.5,0.5,0.5,0.5,0.5,0.5
815.5,1,1,-0,2,2,0.5,0.5,0.5,0.5,0.5,0.5,0.5
816,1,1,-0,2,2,0.5,0.5,0.5,0.5,0.5,0.5,0.5
816.5,1,1,-0,2,2,0.5,0.5,0.5,0.5,0.5,0.5,0.5
817,1,1,-0,2,2,0.5,0.5,0.5,0.5,0.5,0.5,0.5
817.5,1,1,-0,2,2,0.5,0.5,0.5,0.5,0.5,0.5,0.5
818,1,1,-0,2,2,0.5,0.5,0.5,0.5,0.5,0.5,0.5
818.5,1,1,-0,2,2,0.5,0.5,0.5,0.5,0.5,0.5,0.5
819,1,1,-0,2,2,0.5,0.5,0.5,0.5,0.5,0.5,0.5
819.5,1,1,-0,2,2,0.5,0.5,0.5,0.5,0.5,0.5,0.5
820,1,1,-0,2,2,0.5,0.5,0.5,0.5,0.5,0.5,0.5
820.5,1,1,-0,2,2,0.5,0.5,0.5,0.5,0.5,0.5,0.5
821,1,1,-0,2,2,0.5,0.5,0.5,0.5,0.5,0.5,0.5
821.5,1,1,-0,2,2,0.5,0.5,0.5,0.5,0.5,0.5,0.5
822,1,1,-0,2,2,0.5,0.5,0.5,0.5,0.5,0.5,0.5
822.5,1,1,-0,2,2,0.5,0.5,0.5,0.5,0.5,0.5,0.5
823,1,1,-0,2,2,0.5,0.5,0.5,0.5,0.5,0.5,0.5
823.5,1,1,-0,2,2,0.5,0.5,0.5,0.5,0.5,0.5,0.5
824,1,1,-0,2,2,0.5,0.5,0.5,0.5,0.5,0.5,0.5
824.5,1,1,-0,2,2,0.5,0.5,0.5,0.5,0.5,0.5,0.5
825,1,1,-0,2,2,0.5,0.5,0.5,0.5,0.5,0.5,0.5
825.5,1,1,-0,2,2,0.5,0.5,0.5,0.5,0.5,0.5,0.5
826,1,1,-0,2,2,0.5,0.5,0.5,0.5,0.5,0.5,0.5
826.5,1,1,-0,2,2,0.5,0.5,0.5,0.5,0.5,0.5,0.5
827,1,1,-0,2,2,0.5,0.5,0.5,0.5,0.5,0.5,0.5
827.5,1,1,-0,2,2,0.5,0.5,0.5,0.5,0.5,0.5,0.5
828,1,1,-0,2,2,0.5,0.5,0.5,0.5,0.5,0.5,0.5
828.5,1,1,-0,2,2,0.5,0.5,0.5,0.5,0.5,0.5,0.5
829,1,1,-0,2,2,0.5,0.5,0.5,0.5,0.5,0.5,0.5
829.5,1,1,-0,2,2,0.5,0.5,0.5,0.5,0.5,0.5,0.5
830,1,1,-0,2,2,0.5,0.5,0.5,0.5,0.5,0.5,0.5
830.5,1,1,-0,2,2,0.5,0.5,0.5,0.5,0.5,0.5,0.5
831,1,1,-0,2,2,0.5,0.5,0.5,0.5,0.5,0.5,0.5
831.5,1,1,-0,2,2,0.5,0.5,0.5,0.5,0.5,0.5,0.5
832,1,1,-0,2,2,0.5,0.5,0.5,0.5,0.5,0.5,0.5
832.5,1,1,-0,2,2,0.5,0.5,0.5,0.5,0.5,0.5,0.5
833,1,1,-0,2,2,0.5,0.5,0.5,0.5,0.5,0.5,0.5
833.5,1,1,-0,2,2,0.5,0.5,0.5,0.5,0.5,0.5,0.5
834,1,1,-0,2,2,0.5,0.5,0.5,0.5,0.5,0.5,0.5
834.5,1,1,-0,2,2,0.5,0.5,0.5,0.5,0.5,0.5,0.5
835,1,1,-0,2,2,0.5,0.5,0.5,0.5,0.5,0.5,0.5
835.5,1,1,-0,2,2,0.5,0.5,0.5,0.5,0.5,0.5,0.5
836,1,1,-0,2,2,0.5,0.5,0.5,0.5,0.5,0.5,0.5
836.5,1,1,-0,2,2,0.5,0.5,0.5,0.5,0.5,0.5,0.5
837,1,1,-0,2,2,0.5,0.5,0.5,0.5,0.5,0.5,0.5
837.5,1,1,-0,2,2,0.5,0.5,0.5,0.5,0.5,0.5,0.5
838,1,1,-0,2,2,0.5,0.5,0.5,0.5,0.5,0.5,0.5
838.5,1,1,-0,2,2,0.5,0.5,0.5,0.5,0.5,0.5,0.5
839,1,1,-0,2,2,0.5,0.5,0.5,0.5,0.5,0.5,0.5
839.5,1,1,-0,2,2,0.5,0.5,0.5,0.5,0.5,0.5,0.5
840,1,1,-0,2,2,0.5,0.5,0.5,0.5,0.5,0.5,0.5
840.5,1,1,-0,2,2,0.5,0.5,0.5,0.5,0.5,0.5,0.5
841,1,1,-0,2,2,0.5,0.5,0.5,0.5,0.5,0.5,0.5
841.5,1,1,-0,2,2,0.5,0.5,0.5,0.5,0.5,0.5,0.5
842,1,1,-0,2,2,0.5,0.5,0.5,0.5,0.5,0.5,0.5
842.5,1,1,-0,2,2,0.5,0.5,0.5,0.5,0.5,0.5,0.5
843,1,1,-0,2,2,0.5,0.5,0.5,0.5,0.5,0.5,0.5
843.5,1,1,-0,2,2,0.5,0.5,0.5,0.5,0.5,0.5,0.5
844,1,1,-0,2,2,0.5,0.5,0.5,0.5,0.5,0.5,0.5
844.5,1,1,-0,2,2,0.5,0.5,0.5,0.5,0.5,0.5,0.5
845,1,1,-0,2,2,0.5,0.5,0.5,0.5,0.5,0.5,0.5
845.5,1,1,-0,2,2,0.5,0.5,0.5,0.5,0.5,0.5,0.5
846,1,1,-0,2,2,0.5,0.5,0.5,0.5,0.5,0.5,0.5
846.5,1,1,-0,2,2,0.5,0.5,0.5,0.5,0.5,0.5,0.5
847,1,1,-0,2,2,0.5,0.5,0.5,0.5,0.5,0.5,0.5
847.5,1,1,-0,2,2,0.5,0.5,0.5,0.5,0.5,0.5,0.5
848,1,1,-0,2,2,0.5,0.5,0.5,0.5,0.5,0.5,0.5
848.5,1,1,-0,2,2,0.5,0.5,0.5,0.5,0.5,0.5,0.5
849,1,1,-0,2,2,0.5,0.5,0.5,0.5,0.5,0.5,0.5
849.5,1,1,-0,2,2,0.5,0.5,0.5,0.5,0.5,0.5,0.5
850,1,1,-0,2,2,0.5,0.5,0.5,0.5,0.5,0.5,0.5
850.5,1,1,-0,2,2,0.5,0.5,0.5,0.5,0.5,0.5,0.5
851,1,1,-0,2,2,0.5,0.5,0.5,0.5,0.5,0.5,0.5
851.5,1,1,-0,2,2,0.5,0.5,0.5,0.5,0.5,0.5,0.5
852,1,1,-0,2,2,0.5,0.5,0.5,0.5,0.5,0.5,0.5
852.5,1,1,-0,2,2,0.5,0.5,0.5,0.5,0.5,0.5,0.5
853,1,1,-0,2,2,0.5,0.5,0.5,0.5,0.5,0.5,0.5
853.5,1,1,-0,2,2,0.5,0.5,0.5,0.5,0.5,0.5,0.5
854,1,1,-0,2,2,0.5,0.5,0.5,0.5,0.5,0.5,0.5
854.5,1,1,-0,2,2,0.5,0.5,0.5,0.5,0.5,0.5,0.5
855,1,1,-0,2,2,0.5,0.5,0.5,0.5,0.5,0.5,0.5
855.5,1,1,-0,2,2,0.5,0.5,0.5,0.5,0.5,0.5,0.5
856,1,1,-0,2,2,0.5,0.5,0.5,0.5,0.5,0.5,0.5
856.5,1,1,-0,2,2,0.5,0.5,0.5,0.5,0.5,0.5,0.5
857,1,1,-0,2,2,0.5,0.5,0.5,0.5,0.5,0.5,0.5
857.5,1,1,-0,2,2,0.5,0.5,0.5,0.5,0.5,0.5,0.5
858,1,1,-0,2,2,0.5,0.5,0.5,0.5,0.5,0.5,0.5
858.5,1,1,-0,2,2,0.5,0.5,0.5,0.5,0.5,0.5,0.5
859,1,1,-0,2,2,0.5,0.5,0.5,0.5,0.5,0.5,0.5
859.5,1,1,-0,2,2,0.5,0.5,0.5,0.5,0.5,0.5,0.5
860,1,1,-0,2,2,0.5,0.5,0.5,0.5,0.5,0.5,0.5
860.5,1,1,-0,2,2,0.5,0.5,0.5,0.5,0.5,0.5,0.5
861,1,1,-0,2,2,0.5,0.5,0.5,0.5,0.5,0.5,0.5
861.5,1,1,-0,2,2,0.5,0.5,0.5,0.5,0.5,0.5,0.5
862,1,1,-0,2,2,0.5,0.5,0.5,0.5,0.5,0.5,0.5
862.5,1,1,-0,2,2,0.5,0.5,0.5,0.5,0.5,0.5,0.5
863,1,1,-0,2,2,0.5,0.5,0.5,0.5,0.5,0.5,0.5
863.5,1,1,-0,2,2,0.5,0.5,0.5,0.5,0.5,0.5,0.5
864,1,1,-0,2,2,0.5,0.5,0.5,0.5,0.5,0.5,0.5
864.5,1,1,-0,2,2,0.5,0.5,0.5,0.5,0.5,0.5,0.5
865,1,1,-0,2,2,0.5,0.5,0.5,0.5,0.5,0.5,0.5
865.5,1,1,-0,2,2,0.5,0.5,0.5,0.5,0.5,0.5,0.5
866,1,1,-0,2,2,0.5,0.5,0.5,0.5,0.5,0.5,0.5
866.5,1,1,-0,2,2,0.5,0.5,0.5,0.5,0.5,0.5,0.5
867,1,1,-0,2,2,0.5,0.5,0.5,0.5,0.5,0.5,0.5
867.5,1,1,-0,2,2,0.5,0.5,0.5,0.5,0.5,0.5,0.5
868,1,1,-0,2,2,0.5,0.5,0.5,0.5,0.5,0.5,0.5
868.5,1,1,-0,2,2,0.5,0.5,0.5,0.5,0.5,0.5,0.5
869,1,1,-0,2,2,0.5,0.5,0.5,0.5,0.5,0.5,0.5
869.5,1,1,-0,2,2,0.5,0.5,0.5,0.5,0.5,0.5,0.5
870,1,1,-0,2,2,0.5,0.5,0.5,0.5,0.5,0.5,0.5
870.5,1,1,-0,2,2,0.5,0.5,0.5,0.5,0.5,0.5,0.5
871,1,1,-0,2,2,0.5,0.5,0.5,0.5,0.5,0.5,0.5
871.5,1,1,-0,2,2,0.5,0.5,0.5,0.5,0.5,0.5,0.5
872,1,1,-0,2,2,0.5,0.5,0.5,0.5,0.5,0.5,0.5
872.5,1,1,-0,2,2,0.5,0.5,0.5,0.5,0.5,0.5,0.5
873,1,1,-0,2,2,0.5,0.5,0.5,0.5,0.5,0.5,0.5
873.5,1,1,-0,2,2,0.5,0.5,0.5,0.5,0.5,0.5,0.5
874,1,1,-0,2,2,0.5,0.5,0.5,0.5,0.5,0.5,0.5
874.5,1,1,-0,2,2,0.5,0.5,0.5,0.5,0.5,0.5,0.5
875,1,1,-0,2,2,0.5,0.5,0.5,0.5,0.5,0.5,0.5
875.5,1,1,-0,2,2,0.5,0.5,0.5,0.5,0.5,0.5,0.5
876,1,1,-0,2,2,0.5,0.5,0.5,0.5,0.5,0.5,0.5
876.5,1,1,-0,2,2,0.5,0.5,0.5,0.5,0.5,0.5,0.5
877,1,1,-0,2,2,0.5,0.5,0.5,0.5,0.5,0.5,0.5
877.5,1,1,-0,2,2,0.5,0.5,0.5,0.5,0.5,0.5,0.5
878,1,1,-0,2,2,0.5,0.5,0.5,0.5,0.5,0.5,0.5
878.5,1,1,-0,2,2,0.5,0.5,0.5,0.5,0.5,0.5,0.5
879,1,1,-0,2,2,0.5,0.5,0.5,0.5,0.5,0.5,0.5
879.5,1,1,-0,2,2,0.5,0.5,0.5,0.5,0.5,0.5,0.5
880,1,1,-0,2,2,0.5,0.5,0.5,0.5,0.5,0.5,0.5
880.5,1,1,-0,2,2,0.5,0.5,0.5,0.5,0.5,0.5,0.5
881,1,1,-0,2,2,0.5,0.5,0.5,0.5,0.5,0.5,0.5
881.5,1,1,-0,2,2,0.5,0.5,0.5,0.5,0.5,0.5,0.5
882,1,1,-0,2,2,0.5,0.5,0.5,0.5,0.5,0.5,0.5
882.5,1,1,-0,2,2,0.5,0.5,0.5,0.5,0.5,0.5,0.5
883,1,1,-0,2,2,0.5,0.5,0.5,0.5,0.5,0.5,0.5
883.5,1,1,-0,2,2,0.5,0.5,0.5,0.5,0.5,0.5,0.5
884,1,1,-0,2,2,0.5,0.5,0.5,0.5,0.5,0.5,0.5
884.5,1,1,-0,2,2,0.5,0.5,0.5,0.5,0.5,0.5,0.5
885,1,1,-0,2,2,0.5,0.5,0.5,0.5,0.5,0.5,0.5
885.5,1,1,-0,2,2,0.5,0.5,0.5,0.5,0.5,0.5,0.5
886,1,1,-0,2,2,0.5,0.5,0.5,0.5,0.5,0.5,0.5
886.5,1,1,-0,2,2,0.5,0.5,0.5,0.5,0.5,0.5,0.5
887,1,1,-0,2,2,0.5,0.5,0.5,0.5,0.5,0.5,0.5
887.5,1,1,-0,2,2,0.5,0.5,0.5,0.5,0.5,0.5,0.5
888,1,1,-0,2,2,0.5,0.5,0.5,0.5,0.5,0.5,0.5
888.5,1,1,-0,2,2,0.5,0.5,0.5,0.5,0.5,0.5,0.5
889,1,1,-0,2,2,0.5,0.5,0.5,0.5,0.5,0.5,0.5
889.5,1,1,-0,2,2,0.5,0.5,0.5,0.5,0.5,0.5,0.5
890,1,1,-0,2,2,0.5,0.5,0.5,0.5,0.5,0.5,0.5
890.5,1,1,-0,2,2,0.5,0.5,0.5,0.5,0.5,0.5,0.5
891,1,1,-0,2,2,0.5,0.5,0.5,0.5,0.5,0.5,0.5
891.5,1,1,-0,2,2,0.5,0.5,0.5,0.5,0.5,0.5,0.5
892,1,1,-0,2,2,0.5,0.5,0.5,0.5,0.5,0.5,0.5
892.5,1,1,-0,2,2,0.5,0.5,0.5,0.5,0.5,0.5,0.5
893,1,1,-0,2,2,0.5,0.5,0.5,0.5,0.5,0.5,0.5
893.5,1,1,-0,2,2,0.5,0.5,0.5,0.5,0.5,0.5,0.5
894,1,1,-0,2,2,0.5,0.5,0.5,0.5,0.5,0.5,0.5
894.5,1,1,-0,2,2,0.5,0.5,0.5,0.5,0.5,0.5,0.5
895,1,1,-0,2,2,0.5,0.5,0.5,0.5,0.5,0.5,0.5
895.5,1,1,-0,2,2,0.5,0.5,0.5,0.5,0.5,0.5,0.5
896,1,1,-0,2,2,0.5,0.5,0.5,0.5,0.5,0.5,0.5
896.5,1,1,-0,2,2,0.5,0.5,0.5,0.5,0.5,0.5,0.5
897,1,1,-0,2,2,0.5,0.5,0.5,0.5,0.5,0.5,0.5
897.5,1,1,-0,2,2,0.5,0.5,0.5,0.5,0.5,0.5,0.5
898,1,1,-0,2,2,0.5,0.5,0.5,0.5,0.5,0.5,0.5
898.5,1,1,-0,2,2,0.5,0.5,0.5,0.5,0.5,0.5,0.5
899,1,1,-0,2,2,0.5,0.5,0.5,0.5,0.5,0.5,0.5
899.5,1,1,-0,2,2,0.5,0.5,0.5,0.5,0.5,0.5,0.5
900,1,1,-0,2,2,0.5,0.5,0.5,0.5,0.5,0.5,0.5
900.5,1,1,-0,2,2,0.5,0.5,0.5,0.5,0.5,0.5,0.5
901,1,1,-0,2,2,0.5,0.5,0.5,0.5,0.5,0.5,0.5
901.5,1,1,-0,2,2,0.5,0.5,0.5,0.5,0.5,0.5,0.5
902,1,1,-0,2,2,0.5,0.5,0.5,0.5,0.5,0.5,0.5
902.5,1,1,-0,2,2,0.5,0.5,0.5,0.5,0.5,0.5,0.5
903,1,1,-0,2,2,0.5,0.5,0.5,0.5,0.5,0.5,0.5
903.5,1,1,-0,2,2,0.5,0.5,0.5,0.5,0.5,0.5,0.5
904,1,1,-0,2,2,0.5,0.5,0.5,0.5,0.5,0.5,0.5
904.5,1,1,-0,2,2,0.5,0.5,0.5,0.5,0.5,0.5,0.5
905,1,1,-0,2,2,0.5,0.5,0.5,0.5,0.5,0.5,0.5
905.5,1,1,-0,2,2,0.5,0.5,0.5,0.5,0.5,0.5,0.5
906,1,1,-0,2,2,0.5,0.5,0.5,0.5,0.5,0.5,0.5
906.5,1,1,-0,2,2,0.5,0.5,0.5,0.5,0.5,0.5,0.5
907,1,1,-0,2,2,0.5,0.5,0.5,0.5,0.5,0.5,0.5
907.5,1,1,-0,2,2,0.5,0.5,0.5,0.5,0.5,0.5,0.5
908,1,1,-0,2,2,0.5,0.5,0.5,0.5,0.5,0.5,0.5
908.5,1,1,-0,2,2,0.5,0.5,0.5,0.5,0.5,0.5,0.5
909,1,1,-0,2,2,0.5,0.5,0.5,0.5,0.5,0.5,0.5
909.5,1,1,-0,2,2,0.5,0.5,0.5,0.5,0.5,0.5,0.5
910,1,1,-0,2,2,0.5,0.5,0.5,0.5,0.5,0.5,0.5
910.5,1,1,-0,2,2,0.5,0.5,0.5,0.5,0.5,0.5,0.5
911,1,1,-0,2,2,0.5,0.5,0.5,0.5,0.5,0.5,0.5
911.5,1,1,-0,2,2,0.5,0.5,0.5,0.5,0.5,0.5,0.5
912,1,1,-0,2,2,0.5,0.5,0.5,0.5,0.5,0.5,0.5
912.5,1,1,-0,2,2,0.5,0.5,0.5,0.5,0.5,0.5,0.5
913,1,1,-0,2,2,0.5,0.5,0.5,0.5,0.5,0.5,0.5
913.5,1,1,-0,2,2,0.5,0.5,0.5,0.5,0.5,0.5,0.5
914,1,1,-0,2,2,0.5,0.5,0.5,0.5,0.5,0.5,0.5
914.5,1,1,-0,2,2,0.5,0.5,0.5,0.5,0.5,0.5,0.5
915,1,1,-0,2,2,0.5,0.5,0.5,0.5,0.5,0.5,0.5
915.5,1,1,-0,2,2,0.5,0.5,0.5,0.5,0.5,0.5,0.5
916,1,1,-0,2,2,0.5,0.5,0.5,0.5,0.5,0.5,0.5
916.5,1,1,-0,2,2,0.5,0.5,0.5,0.5,0.5,0.5,0.5
917,1,1,-0,2,2,0.5,0.5,0.5,0.5,0.5,0.5,0.5
917.5,1,1,-0,2,2,0.5,0.5,0.5,0.5,0.5,0.5,0.5
918,1,1,-0,2,2,0.5,0.5,0.5,0.5,0.5,0.5,0.5
918.5,1,1,-0,2,2,0.5,0.5,0.5,0.5,0.5,0.5,0.5
919,1,1,-0,2,2,0.5,0.5,0.5,0.5,0.5,0.5,0.5
919.5,1,1,-0,2,2,0.5,0.5,0.5,0.5,0.5,0.5,0.5
920,1,1,-0,2,2,0.5,0.5,0.5,0.5,0.5,0.5,0.5
920.5,1,1,-0,2,2,0.5,0.5,0.5,0.5,0.5,0.5,0.5
921,1,1,-0,2,2,0.5,0.5,0.5,0.5,0.5,0.5,0.5
921.5,1,1,-0,2,2,0.5,0.5,0.5,0.5,0.5,0.5,0.5
922,1,1,-0,2,2,0.5,0.5,0.5,0.5,0.5,0.5,0.5
922.5,1,1,-0,2,2,0.5,0.5,0.5,0.5,0.5,0.5,0.5
923,1,1,-0,2,2,0.5,0.5,0.5,0.5,0.5,0.5,0.5
923.5,1,1,-0,2,2,0.5,0.5,0.5,0.5,0.5,0.5,0.5
924,1,1,-0,2,2,0.5,0.5,0.5,0.5,0.5,0.5,0.5
924.5,1,1,-0,2,2,0.5,0.5,0.5,0.5,0.5,0.5,0.5
925,1,1,-0,2,2,0.5,0.5,0.5,0.5,0.5,0.5,0.5
925.5,1,1,-0,2,2,0.5,0.5,0.5,0.5,0.5,0.5,0.5
926,1,1,-0,2,2,0.5,0.5,0.5,0.5,0.5,0.5,0.5
926.5,1,1,-0,2,2,0.5,0.5,0.5,0.5,0.5,0.5,0.5
927,1,1,-0,2,2,0.5,0.5,0.5,0.5,0.5,0.5,0.5
927.5,1,1,-0,2,2,0.5,0.5,0.5,0.5,0.5,0.5,0.5
928,1,1,-0,2,2,0.5,0.5,0.5,0.5,0.5,0.5,0.5
928.5,1,1,-0,2,2,0.5,0.5,0.5,0.5,0.5,0.5,0.5
929,1,1,-0,2,2,0.5,0.5,0.5,0.5,0.5,0.5,0.5
929.5,1,1,-0,2,2,0.5,0.5,0.5,0.5,0.5,0.5,0.5
930,1,1,-0,2,2,0.5,0.5,0.5,0.5,0.5,0.5,0.5
930.5,1,1,-0,2,2,0.5,0.5,0.5,0.5,0.5,0.5,0.5
931,1,1,-0,2,2,0.5,0.5,0.5,0.5,0.5,0.5,0.5
931.5,1,1,-0,2,2,0.5,0.5,0.5,0.5,0.5,0.5,0.5
932,1,1,-0,2,2,0.5,0.5,0.5,0.5,0.5,0.5,0.5
932.5,1,1,-0,2,2,0.5,0.5,0.5,0.5,0.5,0.5,0.5
933,1,1,-0,2,2,0.5,0.5,0.5,0.5,0.5,0.5,0.5
933.5,1,1,-0,2,2,0.5,0.5,0.5,0.5,0.5,0.5,0.5
934,1,1,-0,2,2,0.5,0.5,0.5,0.5,0.5,0.5,0.5
934.5,1,1,-0,2,2,0.5,0.5,0.5,0.5,0.5,0.5,0.5
935,1,1,-0,2,2,0.5,0.5,0.5,0.5,0.5,0.5,0.5
935.5,1,1,-0,2,2,0.5,0.5,0.5,0.5,0.5,0.5,0.5
936,1,1,-0,2,2,0.5,0.5,0.5,0.5,0.5,0.5,0.5
936.5,1,1,-0,2,2,0.5,0.5,0.5,0.5,0.5,0.5,0.5
937,1,1,-0,2,2,0.5,0.5,0.5,0.5,0.5,0.5,0.5
937.5,1,1,-0,2,2,0.5,0.5,0.5,0.5,0.5,0.5,0.5
938,1,1,-0,2,2,0.5,0.5,0.5,0.5,0.5,0.5,0.5
938.5,1,1,-0,2,2,0.5,0.5,0.5,0.5,0.5,0.5,0.5
939,1,1,-0,2,2,0.5,0.5,0.5,0.5,0.5,0.5,0.5
939.5,1,1,-0,2,2,0.5,0.5,0.5,0.5,0.5,0.5,0.5
940,1,1,-0,2,2,0.5,0.5,0.5,0.5,0.5,0.5,0.5
940.5,1,1,-0,2,2,0.5,0.5,0.5,0.5,0.5,0.5,0.5
941,1,1,-0,2,2,0.5,0.5,0.5,0.5,0.5,0.5,0.5
941.5,1,1,-0,2,2,0.5,0.5,0.5,0.5,0.5,0.5,0.5
942,1,1,-0,2,2,0.5,0.5,0.5,0.5,0.5,0.5,0.5
942.5,1,1,-0,2,2,0.5,0.5,0.5,0.5,0.5,0.5,0.5
943,1,1,-0,2,2,0.5,0.5,0.5,0.5,0.5,0.5,0.5
943.5,1,1,-0,2,2,0.5,0.5,0.5,0.5,0.5,0.5,0.5
944,1,1,-0,2,2,0.5,0.5,0.5,0.5,0.5,0.5,0.5
944.5,1,1,-0,2,2,0.5,0.5,0.5,0.5,0.5,0.5,0.5
945,1,1,-0,2,2,0.5,0.5,0.5,0.5,0.5,0.5,0.5
945.5,1,1,-0,2,2,0.5,0.5,0.5,0.5,0.5,0.5,0.5
946,1,1,-0,2,2,0.5,0.5,0.5,0.5,0.5,0.5,0.5
946.5,1,1,-0,2,2,0.5,0.5,0.5,0.5,0.5,0.5,0.5
947,1,1,-0,2,2,0.5,0.5,0.5,0.5,0.5,0.5,0.5
947.5,1,1,-0,2,2,0.5,0.5,0.5,0.5,0.5,0.5,0.5
948,1,1,-0,2,2,0.5,0.5,0.5,0.5,0.5,0.5,0.5
948.5,1,1,-0,2,2,0.5,0.5,0.5,0.5,0.5,0.5,0.5
949,1,1,-0,2,2,0.5,0.5,0.5,0.5,0.5,0.5,0.5
949.5,1,1,-0,2,2,0.5,0.5,0.5,0.5,0.5,0.5,0.5
950,1,1,-0,2,2,0.5,0.5,0.5,0.5,0.5,0.5,0.5
950.5,1,1,-0,2,2,0.5,0.5,0.5,0.5,0.5,0.5,0.5
951,1,1,-0,2,2,0.5,0.5,0.5,0.5,0.5,0.5,0.5
951.5,1,1,-0,2,2,0.5,0.5,0.5,0.5,0.5,0.5,0.5
952,1,1,-0,2,2,0.5,0.5,0.5,0.5,0.5,0.5,0.5
952.5,1,1,-0,2,2,0.5,0.5,0.5,0.5,0.5,0.5,0.5
953,1,1,-0,2,2,0.5,0.5,0.5,0.5,0.5,0.5,0.5
953.5,1,1,-0,2,2,0.5,0.5,0.5,0.5,0.5,0.5,0.5
954,1,1,-0,2,2,0.5,0.5,0.5,0.5,0.5,0.5,0.5
954.5,1,1,-0,2,2,0.5,0.5,0.5,0.5,0.5,0.5,0.5
955,1,1,-0,2,2,0.5,0.5,0.5,0.5,0.5,0.5,0.5
955.5,1,1,-0,2,2,0.5,0.5,0.5,0.5,0.5,0.5,0.5
956,1,1,-0,2,2,0.5,0.5,0.5,0.5,0.5,0.5,0.5
956.5,1,1,-0,2,2,0.5,0.5,0.5,0.5,0.5,0.5,0.5
957,1,1,-0,2,2,0.5,0.5,0.5,0.5,0.5,0.5,0.5
957.5,1,1,-0,2,2,0.5,0.5,0.5,0.5,0.5,0.5,0.5
958,1,1,-0,2,2,0.5,0.5,0.5,0.5,0.5,0.5,0.5
958.5,1,1,-0,2,2,0.5,0.5,0.5,0.5,0.5,0.5,0.5
959,1,1,-0,2,2,0.5,0.5,0.5,0.5,0.5,0.5,0.5
959.5,1,1,-0,2,2,0.5,0.5,0.5,0.5,0.5,0.5,0.5
960,1,1,-0,2,2,0.5,0.5,0.5,0.5,0.5,0.5,0.5
960.5,1,1,-0,2,2,0.5,0.5,0.5,0.5,0.5,0.5,0.5
961,1,1,-0,2,2,0.5,0.5,0.5,0.5,0.5,0.5,0.5
961.5,1,1,-0,2,2,0.5,0.5,0.5,0.5,0.5,0.5,0.5
962,1,1,-0,2,2,0.5,0.5,0.5,0.5,0.5,0.5,0.5
962.5,1,1,-0,2,2,0.5,0.5,0.5,0.5,0.5,0.5,0.5
963,1,1,-0,2,2,0.5,0.5,0.5,0.5,0.5,0.5,0.5
963.5,1,1,-0,2,2,0.5,0.5,0.5,0.5,0.5,0.5,0.5
964,1,1,-0,2,2,0.5,0.5,0.5,0.5,0.5,0.5,0.5
964.5,1,1,-0,2,2,0.5,0.5,0.5,0.5,0.5,0.5,0.5
965,1,1,-0,2,2,0.5,0.5,0.5,0.5,0.5,0.5,0.5
965.5,1,1,-0,2,2,0.5,0.5,0.5,0.5,0.5,0.5,0.5
966,1,1,-0,2,2,0.5,0.5,0.5,0.5,0.5,0.5,0.5
966.5,1,1,-0,2,2,0.5,0.5,0.5,0.5,0.5,0.5,0.5
967,1,1,-0,2,2,0.5,0.5,0.5,0.5,0.5,0.5,0.5
967.5,1,1,-0,2,2,0.5,0.5,0.5,0.5,0.5,0.5,0.5
968,1,1,-0,2,2,0.5,0.5,0.5,0.5,0.5,0.5,0.5
968.5,1,1,-0,2,2,0.5,0.5,0.5,0.5,0.5,0.5,0.5
969,1,1,-0,2,2,0.5,0.5,0.5,0.5,0.5,0.5,0.5
969.5,1,1,-0,2,2,0.5,0.5,0.5,0.5,0.5,0.5,0.5
970,1,1,-0,2,2,0.5,0.5,0.5,0.5,0.5,0.5,0.5
970.5,1,1,-0,2,2,0.5,0.5,0.5,0.5,0.5,0.5,0.5
971,1,1,-0,2,2,0.5,0.5,0.5,0.5,0.5,0.5,0.5
971.5,1,1,-0,2,2,0.5,0.5,0.5,0.5,0.5,0.5,0.5
972,1,1,-0,2,2,0.5,0.5,0.5,0.5,0.5,0.5,0.5
972.5,1,1,-0,2,2,0.5,0.5,0.5,0.5,0.5,0.5,0.5
973,1,1,-0,2,2,0.5,0.5,0.5,0.5,0.5,0.5,0.5
973.5,1,1,-0,2,2,0.5,0.5,0.5,0.5,0.5,0.5,0.5
974,1,1,-0,2,2,0.5,0.5,0.5,0.5,0.5,0.5,0.5
974.5,1,1,-0,2,2,0.5,0.5,0.5,0.5,0.5,0.5,0.5
975,1,1,-0,2,2,0.5,0.5,0.5,0.5,0.5,0.5,0.5
975.5,1,1,-0,2,2,0.5,0.5,0.5,0.5,0.5,0.5,0.5
976,1,1,-0,2,2,0.5,0.5,0.5,0.5,0.5,0.5,0.5
976.5,1,1,-0,2,2,0.5,0.5,0.5,0.5,0.5,0.5,0.5
977,1,1,-0,2,2,0.5,0.5,0.5,0.5,0.5,0.5,0.5
977.5,1,1,-0,2,2,0.5,0.5,0.5,0.5,0.5,0.5,0.5
978,1,1,-0,2,2,0.5,0.5,0.5,0.5,0.5,0.5,0.5
978.5,1,1,-0,2,2,0.5,0.5,0.5,0.5,0.5,0.5,0.5
979,1,1,-0,2,2,0.5,0.5,0.5,0.5,0.5,0.5,0.5
979.5,1,1,-0,2,2,0.5,0.5,0.5,0.5,0.5,0.5,0.5
980,1,1,-0,2,2,0.5,0.5,0.5,0.5,0.5,0.5,0.5
980.5,1,1,-0,2,2,0.5,0.5,0.5,0.5,0.5,0.5,0.5
981,1,1,-0,2,2,0.5,0.5,0.5,0.5,0.5,0.5,0.5
981.5,1,1,-0,2,2,0.5,0.5,0.5,0.5,0.5,0.5,0.5
982,1,1,-0,2,2,0.5,0.5,0.5,0.5,0.5,0.5,0.5
982.5,1,1,-0,2,2,0.5,0.5,0.5,0.5,0.5,0.5,0.5
983,1,1,-0,2,2,0.5,0.5,0.5,0.5,0.5,0.5,0.5
983.5,1,1,-0,2,2,0.5,0.5,0.5,0.5,0.5,0.5,0.5
984,1,1,-0,2,2,0.5,0.5,0.5,0.5,0.5,0.5,0.5
984.5,1,1,-0,2,2,0.5,0.5,0.5,0.5,0.5,0.5,0.5
985,1,1,-0,2,2,0.5,0.5,0.5,0.5,0.5,0.5,0.5
985.5,1,1,-0,2,2,0.5,0.5,0.5,0.5,0.5,0.5,0.5
986,1,1,-0,2,2,0.5,0.5,0.5,0.5,0.5,0.5,0.5
986.5,1,1,-0,2,2,0.5,0.5,0.5,0.5,0.5,0.5,0.5
987,1,1,-0,2,2,0.5,0.5,0.5,0.5,0.5,0.5,0.5
987.5,1,1,-0,2,2,0.5,0.5,0.5,0.5,0.5,0.5,0.5
988,1,1,-0,2,2,0.5,0.5,0.5,0.5,0.5,0.5,0.5
988.5,1,1,-0,2,2,0.5,0.5,0.5,0.5,0.5,0.5,0.5
989,1,1,-0,2,2,0.5,0.5,0.5,0.5,0.5,0.5,0.5
989.5,1,1,-0,2,2,0.5,0.5,0.5,0.5,0.5,0.5,0.5
990,1,1,-0,2,2,0.5,0.5,0.5,0.5,0.5,0.5,0.5
990.5,1,1,-0,2,2,0.5,0.5,0.5,0.5,0.5,0.5,0.5
991,1,1,-0,2,2,0.5,0.5,0.5,0.5,0.5,0.5,0.5
991.5,1,1,-0,2,2,0.5,0.5,0.5,0.5,0.5,0.5,0.5
992,1,1,-0,2,2,0.5,0.5,0.5,0.5,0.5,0.5,0.5
992.5,1,1,-0,2,2,0.5,0.5,0.5,0.5,0.5,0.5,0.5
993,1,1,-0,2,2,0.5,0.5,0.5,0.5,0.5,0.5,0.5
993.5,1,1,-0,2,2,0.5,0.5,0.5,0.5,0.5,0.5,0.5
994,1,1,-0,2,2,0.5,0.5,0.5,0.5,0.5,0.5,0.5
994.5,1,1,-0,2,2,0.5,0.5,0.5,0.5,0.5,0.5,0.5
995,1,1,-0,2,2,0.5,0.5,0.5,0.5,0.5,0.5,0.5
995.5,1,1,-0,2,2,0.5,0.5,0.5,0.5,0.5,0.5,0.5
996,1,1,-0,2,2,0.5,0.5,0.5,0.5,0.5,0.5,0.5
996.5,1,1,-0,2,2,0.5,0.5,0.5,0.5,0.5,0.5,0.5
997,1,1,-0,2,2,0.5,0.5,0.5,0.5,0.5,0.5,0.5
997.5,1,1,-0,2,2,0.5,0.5,0.5,0.5,0.5,0.5,0.5
998,1,1,-0,2,2,0.5,0.5,0.5,0.5,0.5,0.5,0.5
998.5,1,1,-0,2,2,0.5,0.5,0.5,0.5,0.5,0.5,0.5
999,1,1,-0,2,2,0.5,0.5,0.5,0.5,0.5,0.5,0.5
999.5,1,1,-0,2,2,0.5,0.5,0.5,0.5,0.5,0.5,0.5
1000,1,1,-0,2,2,0.5,0.5,0.5,0.5,0.5,0.5,0.5
1000.5,1,1,-0,2,2,0.5,0.5,0.5,0.5,0.5,0.5,0.5
1001,1,1,-0,2,2,0.5,0.5,0.5,0.5,0.5,0.5,0.5
1001.5,1,1,-0,2,2,0.5,0.5,0.5,0.5,0.5,0.5,0.5
1002,1,1,-0,2,2,0.5,0.5,0.5,0.5,0.5,0.5,0.5
1002.5,1,1,-0,2,2,0.5,0.5,0.5,0.5,0.5,0.5,0.5
1003,1,1,-0,2,2,0.5,0.5,0.5,0.5,0.5,0.5,0.5
1003.5,1,1,-0,2,2,0.5,0.5,0.5,0.5,0.5,0.5,0.5
1004,1,1,-0,2,2,0.5,0.5,0.5,0.5,0.5,0.5,0.5
1004.5,1,1,-0,2,2,0.5,0.5,0.5,0.5,0.5,0.5,0.5
1005,1,1,-0,2,2,0.5,0.5,0.5,0.5,0.5,0.5,0.5
1005.5,1,1,-0,2,2,0.5,0.5,0.5,0.5,0.5,0.5,0.5
1006,1,1,-0,2,2,0.5,0.5,0.5,0.5,0.5,0.5,0.5
1006.5,1,1,-0,2,2,0.5,0.5,0.5,0.5,0.5,0.5,0.5
1007,1,1,-0,2,2,0.5,0.5,0.5,0.5,0.5,0.5,0.5
1007.5,1,1,-0,2,2,0.5,0.5,0.5,0.5,0.5,0.5,0.5
1008,1,1,-0,2,2,0.5,0.5,0.5,0.5,0.5,0.5,0.5
1008.5,1,1,-0,2,2,0.5,0.5,0.5,0.5,0.5,0.5,0.5
1009,1,1,-0,2,2,0.5,0.5,0.5,0.5,0.5,0.5,0.5
1009.5,1,1,-0,2,2,0.5,0.5,0.5,0.5,0.5,0.5,0.5
1010,1,1,-0,2,2,0.5,0.5,0.5,0.5,0.5,0.5,0.5
1010.5,1,1,-0,2,2,0.5,0.5,0.5,0.5,0.5,0.5,0.5
1011,1,1,-0,2,2,0.5,0.5,0.5,0.5,0.5,0.5,0.5
1011.5,1,1,-0,2,2,0.5,0.5,0.5,0.5,0.5,0.5,0.5
1012,1,1,-0,2,2,0.5,0.5,0.5,0.5,0.5,0.5,0.5
1012.5,1,1,-0,2,2,0.5,0.5,0.5,0.5,0.5,0.5,0.5
1013,1,1,-0,2,2,0.5,0.5,0.5,0.5,0.5,0.5,0.5
1013.5,1,1,-0,2,2,0.5,0.5,0.5,0.5,0.5,0.5,0.5
1014,1,1,-0,2,2,0.5,0.5,0.5,0.5,0.5,0.5,0.5
1014.5,1,1,-0,2,2,0.5,0.5,0.5,0.5,0.5,0.5,0.5
1015,1,1,-0,2,2,0.5,0.5,0.5,0.5,0.5,0.5,0.5
1015.5,1,1,-0,2,2,0.5,0.5,0.5,0.5,0.5,0.5,0.5
1016,1,1,-0,2,2,0.5,0.5,0.5,0.5,0.5,0.5,0.5
1016.5,1,1,-0,2,2,0.5,0.5,0.5,0.5,0.5,0.5,0.5
1017,1,1,-0,2,2,0.5,0.5,0.5,0.5,0.5,0.5,0.5
1017.5,1,1,-0,2,2,0.5,0.5,0.5,0.5,0.5,0.5,0.5
1018,1,1,-0,2,2,0.5,0.5,0.5,0.5,0.5,0.5,0.5
1018.5,1,1,-0,2,2,0.5,0.5,0.5,0.5,0.5,0.5,0.5
1019,1,1,-0,2,2,0.5,0.5,0.5,0.5,0.5,0.5,0.5
1019.5,1,1,-0,2,2,0.5,0.5,0.5,0.5,0.5,0.5,0.5
1020,1,1,-0,2,2,0.5,0.5,0.5,0.5,0.5,0.5,0.5
1020.5,1,1,-0,2,2,0.5,0.5,0.5,0.5,0.5,0.5,0.5
1021,1,1,-0,2,2,0.5,0.5,0.5,0.5,0.5,0.5,0.5
1021.5,1,1,-0,2,2,0.5,0.5,0.5,0.5,0.5,0.5,0.5
1022,1,1,-0,2,2,0.5,0.5,0.5,0.5,0.5,0.5,0.5
1022.5,1,1,-0,2,2,0.5,0.5,0.5,0.5,0.5,0.5,0.5
1023,1,1,-0,2,2,0.5,0.5,0.5,0.5,0.5,0.5,0.5
1023.5,1,1,-0,2,2,0.5,0.5,0.5,0.5,0.5,0.5,0.5
1024,1,1,-0,2,2,0.5,0.5,0.5,0.5,0.5,0.5,0.5
1024.5,1,1,-0,2,2,0.5,0.5,0.5,0.5,0.5,0.5,0.5
1025,1,1,-0,2,2,0.5,0.5,0.5,0.5,0.5,0.5,0.5
1025.5,1,1,-0,2,2,0.5,0.5,0.5,0.5,0.5,0.5,0.5
1026,1,1,-0,2,2,0.5,0.5,0.5,0.5,0.5,0.5,0.5
1026.5,1,1,-0,2,2,0.5,0.5,0.5,0.5,0.5,0.5,0.5
1027,1,1,-0,2,2,0.5,0.5,0.5,0.5,0.5,0.5,0.5
1027.5,1,1,-0,2,2,0.5,0.5,0.5,0.5,0.5,0.5,0.5
1028,1,1,-0,2,2,0.5,0.5,0.5,0.5,0.5,0.5,0.5
1028.5,1,1,-0,2,2,0.5,0.5,0.5,0.5,0.5,0.5,0.5
1029,1,1,-0,2,2,0.5,0.5,0.5,0.5,0.5,0.5,0.5
1029.5,1,1,-0,2,2,0.5,0.5,0.5,0.5,0.5,0.5,0.5
1030,1,1,-0,2,2,0.5,0.5,0.5,0.5,0.5,0.5,0.5
1030.5,1,1,-0,2,2,0.5,0.5,0.5,0.5,0.5,0.5,0.5
1031,1,1,-0,2,2,0.5,0.5,0.5,0.5,0.5,0.5,0.5
1031.5,1,1,-0,2,2,0.5,0.5,0.5,0.5,0.5,0.5,0.5
1032,1,1,-0,2,2,0.5,0.5,0.5,0.5,0.5,0.5,0.5
1032.5,1,1,-0,2,2,0.5,0.5,0.5,0.5,0.5,0.5,0.5
1033,1,1,-0,2,2,0.5,0.5,0.5,0.5,0.5,0.5,0.5
1033.5,1,1,-0,2,2,0.5,0.5,0.5,0.5,0.5,0.5,0.5
1034,1,1,-0,2,2,0.5,0.5,0.5,0.5,0.5,0.5,0.5
1034.5,1,1,-0,2,2,0.5,0.5,0.5,0.5,0.5,0.5,0.5
1035,1,1,-0,2,2,0.5,0.5,0.5,0.5,0.5,0.5,0.5
1035.5,1,1,-0,2,2,0.5,0.5,0.5,0.5,0.5,0.5,0.5
1036,1,1,-0,2,2,0.5,0.5,0.5,0.5,0.5,0.5,0.5
1036.5,1,1,-0,2,2,0.5,0.5,0.5,0.5,0.5,0.5,0.5
1037,1,1,-0,2,2,0.5,0.5,0.5,0.5,0.5,0.5,0.5
1037.5,1,1,-0,2,2,0.5,0.5,0.5,0.5,0.5,0.5,0.5
1038,1,1,-0,2,2,0.5,0.5,0.5,0.5,0.5,0.5,0.5
1038.5,1,1,-0,2,2,0.5,0.5,0.5,0.5,0.5,0.5,0.5
1039,1,1,-0,2,2,0.5,0.5,0.5,0.5,0.5,0.5,0.5
1039.5,1,1,-0,2,2,0.5,0.5,0.5,0.5,0.5,0.5,0.5
1040,1,1,-0,2,2,0.5,0.5,0.5,0.5,0.5,0.5,0.5
1040.5,1,1,-0,2,2,0.5,0.5,0.5,0.5,0.5,0.5,0.5
1041,1,1,-0,2,2,0.5,0.5,0.5,0.5,0.5,0.5,0.5
1041.5,1,1,-0,2,2,0.5,0.5,0.5,0.5,0.5,0.5,0.5
1042,1,1,-0,2,2,0.5,0.5,0.5,0.5,0.5,0.5,0.5
1042.5,1,1,-0,2,2,0.5,0.5,0.5,0.5,0.5,0.5,0.5
1043,1,1,-0,2,2,0.5,0.5,0.5,0.5,0.5,0.5,0.5
1043.5,1,1,-0,2,2,0.5,0.5,0.5,0.5,0.5,0.5,0.5
1044,1,1,-0,2,2,0.5,0.5,0.5,0.5,0.5,0.5,0.5
1044.5,1,1,-0,2,2,0.5,0.5,0.5,0.5,0.5,0.5,0.5
1045,1,1,-0,2,2,0.5,0.5,0.5,0.5,0.5,0.5,0.5
1045.5,1,1,-0,2,2,0.5,0.5,0.5,0.5,0.5,0.5,0.5
1046,1,1,-0,2,2,0.5,0.5,0.5,0.5,0.5,0.5,0.5
1046.5,1,1,-0,2,2,0.5,0.5,0.5,0.5,0.5,0.5,0.5
1047,1,1,-0,2,2,0.5,0.5,0.5,0.5,0.5,0.5,0.5
1047.5,1,1,-0,2,2,0.5,0.5,0.5,0.5,0.5,0.5,0.5
1048,1,1,-0,2,2,0.5,0.5,0.5,0.5,0.5,0.5,0.5
1048.5,1,1,-0,2,2,0.5,0.5,0.5,0.5,0.5,0.5,0.5
1049,1,1,-0,2,2,0.5,0.5,0.5,0.5,0.5,0.5,0.5
1049.5,1,1,-0,2,2,0.5,0.5,0.5,0.5,0.5,0.5,0.5
1050,1,1,-0,2,2,0.5,0.5,0.5,0.5,0.5,0.5,0.5
1050.5,1,1,-0,2,2,0.5,0.5,0.5,0.5,0.5,0.5,0.5
1051,1,1,-0,2,2,0.5,0.5,0.5,0.5,0.5,0.5,0.5
1051.5,1,1,-0,2,2,0.5,0.5,0.5,0.5,0.5,0.5,0.5
1052,1,1,-0,2,2,0.5,0.5,0.5,0.5,0.5,0.5,0.5
1052.5,1,1,-0,2,2,0.5,0.5,0.5,0.5,0.5,0.5,0.5
1053,1,1,-0,2,2,0.5,0.5,0.5,0.5,0.5,0.5,0.5
1053.5,1,1,-0,2,2,0.5,0.5,0.5,0.5,0.5,0.5,0.5
1054,1,1,-0,2,2,0.5,0.5,0.5,0.5,0.5,0.5,0.5
1054.5,1,1,-0,2,2,0.5,0.5,0.5,0.5,0.5,0.5,0.5
1055,1,1,-0,2,2,0.5,0.5,0.5,0.5,0.5,0.5,0.5
1055.5,1,1,-0,2,2,0.5,0.5,0.5,0.5,0.5,0.5,0.5
1056,1,1,-0,2,2,0.5,0.5,0.5,0.5,0.5,0.5,0.5
1056.5,1,1,-0,2,2,0.5,0.5,0.5,0.5,0.5,0.5,0.5
1057,1,1,-0,2,2,0.5,0.5,0.5,0.5,0.5,0.5,0.5
1057.5,1,1,-0,2,2,0.5,0.5,0.5,0.5,0.5,0.5,0.5
1058,1,1,-0,2,2,0.5,0.5,0.5,0.5,0.5,0.5,0.5
1058.5,1,1,-0,2,2,0.5,0.5,0.5,0.5,0.5,0.5,0.5
1059,1,1,-0,2,2,0.5,0.5,0.5,0.5,0.5,0.5,0.5
1059.5,1,1,-0,2,2,0.5,0.5,0.5,0.5,0.5,0.5,0.5
1060,1,1,-0,2,2,0.5,0.5,0.5,0.5,0.5,0.5,0.5
1060.5,1,1,-0,2,2,0.5,0.5,0.5,0.5,0.5,0.5,0.5
1061,1,1,-0,2,2,0.5,0.5,0.5,0.5,0.5,0.5,0.5
1061.5,1,1,-0,2,2,0.5,0.5,0.5,0.5,0.5,0.5,0.5
1062,1,1,-0,2,2,0.5,0.5,0.5,0.5,0.5,0.5,0.5
1062.5,1,1,-0,2,2,0.5,0.5,0.5,0.5,0.5,0.5,0.5
1063,1,1,-0,2,2,0.5,0.5,0.5,0.5,0.5,0.5,0.5
1063.5,1,1,-0,2,2,0.5,0.5,0.5,0.5,0.5,0.5,0.5
1064,1,1,-0,2,2,0.5,0.5,0.5,0.5,0.5,0.5,0.5
1064.5,1,1,-0,2,2,0.5,0.5,0.5,0.5,0.5,0.5,0.5
1065,1,1,-0,2,2,0.5,0.5,0.5,0.5,0.5,0.5,0.5
1065.5,1,1,-0,2,2,0.5,0.5,0.5,0.5,0.5,0.5,0.5
1066,1,1,-0,2,2,0.5,0.5,0.5,0.5,0.5,0.5,0.5
1066.5,1,1,-0,2,2,0.5,0.5,0.5,0.5,0.5,0.5,0.5
1067,1,1,-0,2,2,0.5,0.5,0.5,0.5,0.5,0.5,0.5
1067.5,1,1,-0,2,2,0.5,0.5,0.5,0.5,0.5,0.5,0.5
1068,1,1,-0,2,2,0.5,0.5,0.5,0.5,0.5,0.5,0.5
1068.5,1,1,-0,2,2,0.5,0.5,0.5,0.5,0.5,0.5,0.5
1069,1,1,-0,2,2,0.5,0.5,0.5,0.5,0.5,0.5,0.5
1069.5,1,1,-0,2,2,0.5,0.5,0.5,0.5,0.5,0.5,0.5
1070,1,1,-0,2,2,0.5,0.5,0.5,0.5,0.5,0.5,0.5
1070.5,1,1,-0,2,2,0.5,0.5,0.5,0.5,0.5,0.5,0.5
1071,1,1,-0,2,2,0.5,0.5,0.5,0.5,0.5,0.5,0.5
1071.5,1,1,-0,2,2,0.5,0.5,0.5,0.5,0.5,0.5,0.5
1072,1,1,-0,2,2,0.5,0.5,0.5,0.5,0.5,0.5,0.5
1072.5,1,1,-0,2,2,0.5,0.5,0.5,0.5,0.5,0.5,0.5
1073,1,1,-0,2,2,0.5,0.5,0.5,0.5,0.5,0.5,0.5
1073.5,1,1,-0,2,2,0.5,0.5,0.5,0.5,0.5,0.5,0.5
1074,1,1,-0,2,2,0.5,0.5,0.5,0.5,0.5,0.5,0.5
1074.5,1,1,-0,2,2,0.5,0.5,0.5,0.5,0.5,0.5,0.5
1075,1,1,-0,2,2,0.5,0.5,0.5,0.5,0.5,0.5,0.5
1075.5,1,1,-0,2,2,0.5,0.5,0.5,0.5,0.5,0.5,0.5
1076,1,1,-0,2,2,0.5,0.5,0.5,0.5,0.5,0.5,0.5
1076.5,1,1,-0,2,2,0.5,0.5,0.5,0.5,0.5,0.5,0.5
1077,1,1,-0,2,2,0.5,0.5,0.5,0.5,0.5,0.5,0.5
1077.5,1,1,-0,2,2,0.5,0.5,0.5,0.5,0.5,0.5,0.5
1078,1,1,-0,2,2,0.5,0.5,0.5,0.5,0.5,0.5,0.5
1078.5,1,1,-0,2,2,0.5,0.5,0.5,0.5,0.5,0.5,0.5
1079,1,1,-0,2,2,0.5,0.5,0.5,0.5,0.5,0.5,0.5
1079.5,1,1,-0,2,2,0.5,0.5,0.5,0.5,0.5,0.5,0.5
1080,1,1,-0,2,2,0.5,0.5,0.5,0.5,0.5,0.5,0.5
1080.5,1,1,-0,2,2,0.5,0.5,0.5,0.5,0.5,0.5,0.5
1081,1,1,-0,2,2,0.5,0.5,0.5,0.5,0.5,0.5,0.5
1081.5,1,1,-0,2,2,0.5,0.5,0.5,0.5,0.5,0.5,0.5
1082,1,1,-0,2,2,0.5,0.5,0.5,0.5,0.5,0.5,0.5
1082.5,1,1,-0,2,2,0.5,0.5,0.5,0.5,0.5,0.5,0.5
1083,1,1,-0,2,2,0.5,0.5,0.5,0.5,0.5,0.5,0.5
1083.5,1,1,-0,2,2,0.5,0.5,0.5,0.5,0.5,0.5,0.5
1084,1,1,-0,2,2,0.5,0.5,0.5,0.5,0.5,0.5,0.5
1084.5,1,1,-0,2,2,0.5,0.5,0.5,0.5,0.5,0.5,0.5
1085,1,1,-0,2,2,0.5,0.5,0.5,0.5,0.5,0.5,0.5
1085.5,1,1,-0,2,2,0.5,0.5,0.5,0.5,0.5,0.5,0.5
1086,1,1,-0,2,2,0.5,0.5,0.5,0.5,0.5,0.5,0.5
1086.5,1,1,-0,2,2,0.5,0.5,0.5,0.5,0.5,0.5,0.5
1087,1,1,-0,2,2,0.5,0.5,0.5,0.5,0.5,0.5,0.5
1087.5,1,1,-0,2,2,0.5,0.5,0.5,0.5,0.5,0.5,0.5
1088,1,1,-0,2,2,0.5,0.5,0.5,0.5,0.5,0.5,0.5
1088.5,1,1,-0,2,2,0.5,0.5,0.5,0.5,0.5,0.5,0.5
1089,1,1,-0,2,2,0.5,0.5,0.5,0.5,0.5,0.5,0.5
1089.5,1,1,-0,2,2,0.5,0.5,0.5,0.5,0.5,0.5,0.5
1090,1,1,-0,2,2,0.5,0.5,0.5,0.5,0.5,0.5,0.5
1090.5,1,1,-0,2,2,0.5,0.5,0.5,0.5,0.5,0.5,0.5
1091,1,1,-0,2,2,0.5,0.5,0.5,0.5,0.5,0.5,0.5
1091.5,1,1,-0,2,2,0.5,0.5,0.5,0.5,0.5,0.5,0.5
1092,1,1,-0,2,2,0.5,0.5,0.5,0.5,0.5,0.5,0.5
1092.5,1,1,-0,2,2,0.5,0.5,0.5,0.5,0.5,0.5,0.5
1093,1,1,-0,2,2,0.5,0.5,0.5,0.5,0.5,0.5,0.5
1093.5,1,1,-0,2,2,0.5,0.5,0.5,0.5,0.5,0.5,0.5
1094,1,1,-0,2,2,0.5,0.5,0.5,0.5,0.5,0.5,0.5
1094.5,1,1,-0,2,2,0.5,0.5,0.5,0.5,0.5,0.5,0.5
1095,1,1,-0,2,2,0.5,0.5,0.5,0.5,0.5,0.5,0.5
1095.5,1,1,-0,2,2,0.5,0.5,0.5,0.5,0.5,0.5,0.5
1096,1,1,-0,2,2,0.5,0.5,0.5,0.5,0.5,0.5,0.5
1096.5,1,1,-0,2,2,0.5,0.5,0.5,0.5,0.5,0.5,0.5
1097,1,1,-0,2,2,0.5,0.5,0.5,0.5,0.5,0.5,0.5
1097.5,1,1,-0,2,2,0.5,0.5,0.5,0.5,0.5,0.5,0.5
1098,1,1,-0,2,2,0.5,0.5,0.5,0.5,0.5,0.5,0.5
1098.5,1,1,-0,2,2,0.5,0.5,0.5,0.5,0.5,0.5,0.5
1099,1,1,-0,2,2,0.5,0.5,0.5,0.5,0.5,0.5,0.5
1099.5,1,1,-0,2,2,0.5,0.5,0.5,0.5,0.5,0.5,0.5
1100,1,1,-0,2,2,0.5,0.5,0.5,0.5,0.5,0.5,0.5
1100.5,1,1,-0,2,2,0.5,0.5,0.5,0.5,0.5,0.5,0.5
1101,1,1,-0,2,2,0.5,0.5,0.5,0.5,0.5,0.5,0.5
1101.5,1,1,-0,2,2,0.5,0.5,0.5,0.5,0.5,0.5,0.5
1102,1,1,-0,2,2,0.5,0.5,0.5,0.5,0.5,0.5,0.5
1102.5,1,1,-0,2,2,0.5,0.5,0.5,0.5,0.5,0.5,0.5
1103,1,1,-0,2,2,0.5,0.5,0.5,0.5,0.5,0.5,0.5
1103.5,1,1,-0,2,2,0.5,0.5,0.5,0.5,0.5,0.5,0.5
1104,1,1,-0,2,2,0.5,0.5,0.5,0.5,0.5,0.5,0.5
1104.5,1,1,-0,2,2,0.5,0.5,0.5,0.5,0.5,0.5,0.5
1105,1,1,-0,2,2,0.5,0.5,0.5,0.5,0.5,0.5,0.5
1105.5,1,1,-0,2,2,0.5,0.5,0.5,0.5,0.5,0.5,0.5
1106,1,1,-0,2,2,0.5,0.5,0.5,0.5,0.5,0.5,0.5
1106.5,1,1,-0,2,2,0.5,0.5,0.5,0.5,0.5,0.5,0.5
1107,1,1,-0,2,2,0.5,0.5,0.5,0.5,0.5,0.5,0.5
1107.5,1,1,-0,2,2,0.5,0.5,0.5,0.5,0.5,0.5,0.5
1108,1,1,-0,2,2,0.5,0.5,0.5,0.5,0.5,0.5,0.5
1108.5,1,1,-0,2,2,0.5,0.5,0.5,0.5,0.5,0.5,0.5
1109,1,1,-0,2,2,0.5,0.5,0.5,0.5,0.5,0.5,0.5
1109.5,1,1,-0,2,2,0.5,0.5,0.5,0.5,0.5,0.5,0.5
1110,1,1,-0,2,2,0.5,0.5,0.5,0.5,0.5,0.5,0.5
1110.5,1,1,-0,2,2,0.5,0.5,0.5,0.5,0.5,0.5,0.5
1111,1,1,-0,2,2,0.5,0.5,0.5,0.5,0.5,0.5,0.5
1111.5,1,1,-0,2,2,0.5,0.5,0.5,0.5,0.5,0.5,0.5
1112,1,1,-0,2,2,0.5,0.5,0.5,0.5,0.5,0.5,0.5
1112.5,1,1,-0,2,2,0.5,0.5,0.5,0.5,0.5,0.5,0.5
1113,1,1,-0,2,2,0.5,0.5,0.5,0.5,0.5,0.5,0.5
1113.5,1,1,-0,2,2,0.5,0.5,0.5,0.5,0.5,0.5,0.5
1114,1,1,-0,2,2,0.5,0.5,0.5,0.5,0.5,0.5,0.5
1114.5,1,1,-0,2,2,0.5,0.5,0.5,0.5,0.5,0.5,0.5
1115,1,1,-0,2,2,0.5,0.5,0.5,0.5,0.5,0.5,0.5
1115.5,1,1,-0,2,2,0.5,0.5,0.5,0.5,0.5,0.5,0.5
1116,1,1,-0,2,2,0.5,0.5,0.5,0.5,0.5,0.5,0.5
1116.5,1,1,-0,2,2,0.5,0.5,0.5,0.5,0.5,0.5,0.5
1117,1,1,-0,2,2,0.5,0.5,0.5,0.5,0.5,0.5,0.5
1117.5,1,1,-0,2,2,0.5,0.5,0.5,0.5,0.5,0.5,0.5
1118,1,1,-0,2,2,0.5,0.5,0.5,0.5,0.5,0.5,0.5
1118.5,1,1,-0,2,2,0.5,0.5,0.5,0.5,0.5,0.5,0.5
1119,1,1,-0,2,2,0.5,0.5,0.5,0.5,0.5,0.5,0.5
1119.5,1,1,-0,2,2,0.5,0.5,0.5,0.5,0.5,0.5,0.5
1120,1,1,-0,2,2,0.5,0.5,0.5,0.5,0.5,0.5,0.5
1120.5,1,1,-0,2,2,0.5,0.5,0.5,0.5,0.5,0.5,0.5
1121,1,1,-0,2,2,0.5,0.5,0.5,0.5,0.5,0.5,0.5
1121.5,1,1,-0,2,2,0.5,0.5,0.5,0.5,0.5,0.5,0.5
1122,1,1,-0,2,2,0.5,0.5,0.5,0.5,0.5,0.5,0.5
1122.5,1,1,-0,2,2,0.5,0.5,0.5,0.5,0.5,0.5,0.5
1123,1,1,-0,2,2,0.5,0.5,0.5,0.5,0.5,0.5,0.5
1123.5,1,1,-0,2,2,0.5,0.5,0.5,0.5,0.5,0.5,0.5
1124,1,1,-0,2,2,0.5,0.5,0.5,0.5,0.5,0.5,0.5
1124.5,1,1,-0,2,2,0.5,0.5,0.5,0.5,0.5,0.5,0.5
1125,1,1,-0,2,2,0.5,0.5,0.5,0.5,0.5,0.5,0.5
1125.5,1,1,-0,2,2,0.5,0.5,0.5,0.5,0.5,0.5,0.5
1126,1,1,-0,2,2,0.5,0.5,0.5,0.5,0.5,0.5,0.5
1126.5,1,1,-0,2,2,0.5,0.5,0.5,0.5,0.5,0.5,0.5
1127,1,1,-0,2,2,0.5,0.5,0.5,0.5,0.5,0.5,0.5
1127.5,1,1,-0,2,2,0.5,0.5,0.5,0.5,0.5,0.5,0.5
1128,1,1,-0,2,2,0.5,0.5,0.5,0.5,0.5,0.5,0.5
1128.5,1,1,-0,2,2,0.5,0.5,0.5,0.5,0.5,0.5,0.5
1129,1,1,-0,2,2,0.5,0.5,0.5,0.5,0.5,0.5,0.5
1129.5,1,1,-0,2,2,0.5,0.5,0.5,0.5,0.5,0.5,0.5
1130,1,1,-0,2,2,0.5,0.5,0.5,0.5,0.5,0.5,0.5
1130.5,1,1,-0,2,2,0.5,0.5,0.5,0.5,0.5,0.5,0.5
1131,1,1,-0,2,2,0.5,0.5,0.5,0.5,0.5,0.5,0.5
1131.5,1,1,-0,2,2,0.5,0.5,0.5,0.5,0.5,0.5,0.5
1132,1,1,-0,2,2,0.5,0.5,0.5,0.5,0.5,0.5,0.5
1132.5,1,1,-0,2,2,0.5,0.5,0.5,0.5,0.5,0.5,0.5
1133,1,1,-0,2,2,0.5,0.5,0.5,0.5,0.5,0.5,0.5
1133.5,1,1,-0,2,2,0.5,0.5,0.5,0.5,0.5,0.5,0.5
1134,1,1,-0,2,2,0.5,0.5,0.5,0.5,0.5,0.5,0.5
1134.5,1,1,-0,2,2,0.5,0.5,0.5,0.5,0.5,0.5,0.5
1135,1,1,-0,2,2,0.5,0.5,0.5,0.5,0.5,0.5,0.5
1135.5,1,1,-0,2,2,0.5,0.5,0.5,0.5,0.5,0.5,0.5
1136,1,1,-0,2,2,0.5,0.5,0.5,0.5,0.5,0.5,0.5
1136.5,1,1,-0,2,2,0.5,0.5,0.5,0.5,0.5,0.5,0.5
1137,1,1,-0,2,2,0.5,0.5,0.5,0.5,0.5,0.5,0.5
1137.5,1,1,-0,2,2,0.5,0.5,0.5,0.5,0.5,0.5,0.5
1138,1,1,-0,2,2,0.5,0.5,0.5,0.5,0.5,0.5,0.5
1138.5,1,1,-0,2,2,0.5,0.5,0.5,0.5,0.5,0.5,0.5
1139,1,1,-0,2,2,0.5,0.5,0.5,0.5,0.5,0.5,0.5
1139.5,1,1,-0,2,2,0.5,0.5,0.5,0.5,0.5,0.5,0.5
1140,1,1,-0,2,2,0.5,0.5,0.5,0.5,0.5,0.5,0.5
1140.5,1,1,-0,2,2,0.5,0.5,0.5,0.5,0.5,0.5,0.5
1141,1,1,-0,2,2,0.5,0.5,0.5,0.5,0.5,0.5,0.5
1141.5,1,1,-0,2,2,0.5,0.5,0.5,0.5,0.5,0.5,0.5
1142,1,1,-0,2,2,0.5,0.5,0.5,0.5,0.5,0.5,0.5
1142.5,1,1,-0,2,2,0.5,0.5,0.5,0.5,0.5,0.5,0.5
1143,1,1,-0,2,2,0.5,0.5,0.5,0.5,0.5,0.5,0.5
1143.5,1,1,-0,2,2,0.5,0.5,0.5,0.5,0.5,0.5,0.5
1144,1,1,-0,2,2,0.5,0.5,0.5,0.5,0.5,0.5,0.5
1144.5,1,1,-0,2,2,0.5,0.5,0.5,0.5,0.5,0.5,0.5
1145,1,1,-0,2,2,0.5,0.5,0.5,0.5,0.5,0.5,0.5
1145.5,1,1,-0,2,2,0.5,0.5,0.5,0.5,0.5,0.5,0.5
1146,1,1,-0,2,2,0.5,0.5,0.5,0.5,0.5,0.5,0.5
1146.5,1,1,-0,2,2,0.5,0.5,0.5,0.5,0.5,0.5,0.5
1147,1,1,-0,2,2,0.5,0.5,0.5,0.5,0.5,0.5,0.5
1147.5,1,1,-0,2,2,0.5,0.5,0.5,0.5,0.5,0.5,0.5
1148,1,1,-0,2,2,0.5,0.5,0.5,0.5,0.5,0.5,0.5
1148.5,1,1,-0,2,2,0.5,0.5,0.5,0.5,0.5,0.5,0.5
1149,1,1,-0,2,2,0.5,0.5,0.5,0.5,0.5,0.5,0.5
1149.5,1,1,-0,2,2,0.5,0.5,0.5,0.5,0.5,0.5,0.5
1150,1,1,-0,2,2,0.5,0.5,0.5,0.5,0.5,0.5,0.5
1150.5,1,1,-0,2,2,0.5,0.5,0.5,0.5,0.5,0.5,0.5
1151,1,1,-0,2,2,0.5,0.5,0.5,0.5,0.5,0.5,0.5
1151.5,1,1,-0,2,2,0.5,0.5,0.5,0.5,0.5,0.5,0.5
1152,1,1,-0,2,2,0.5,0.5,0.5,0.5,0.5,0.5,0.5
1152.5,1,1,-0,2,2,0.5,0.5,0.5,0.5,0.5,0.5,0.5
1153,1,1,-0,2,2,0.5,0.5,0.5,0.5,0.5,0.5,0.5
1153.5,1,1,-0,2,2,0.5,0.5,0.5,0.5,0.5,0.5,0.5
1154,1,1,-0,2,2,0.5,0.5,0.5,0.5,0.5,0.5,0.5
1154.5,1,1,-0,2,2,0.5,0.5,0.5,0.5,0.5,0.5,0.5
1155,1,1,-0,2,2,0.5,0.5,0.5,0.5,0.5,0.5,0.5
1155.5,1,1,-0,2,2,0.5,0.5,0.5,0.5,0.5,0.5,0.5
1156,1,1,-0,2,2,0.5,0.5,0.5,0.5,0.5,0.5,0.5
1156.5,1,1,-0,2,2,0.5,0.5,0.5,0.5,0.5,0.5,0.5
1157,1,1,-0,2,2,0.5,0.5,0.5,0.5,0.5,0.5,0.5
1157.5,1,1,-0,2,2,0.5,0.5,0.5,0.5,0.5,0.5,0.5
1158,1,1,-0,2,2,0.5,0.5,0.5,0.5,0.5,0.5,0.5
1158.5,1,1,-0,2,2,0.5,0.5,0.5,0.5,0.5,0.5,0.5
1159,1,1,-0,2,2,0.5,0.5,0.5,0.5,0.5,0.5,0.5
1159.5,1,1,-0,2,2,0.5,0.5,0.5,0.5,0.5,0.5,0.5
1160,1,1,-0,2,2,0.5,0.5,0.5,0.5,0.5,0.5,0.5
1160.5,1,1,-0,2,2,0.5,0.5,0.5,0.5,0.5,0.5,0.5
1161,1,1,-0,2,2,0.5,0.5,0.5,0.5,0.5,0.5,0.5
1161.5,1,1,-0,2,2,0.5,0.5,0.5,0.5,0.5,0.5,0.5
1162,1,1,-0,2,2,0.5,0.5,0.5,0.5,0.5,0.5,0.5
1162.5,1,1,-0,2,2,0.5,0.5,0.5,0.5,0.5,0.5,0.5
1163,1,1,-0,2,2,0.5,0.5,0.5,0.5,0.5,0.5,0.5
1163.5,1,1,-0,2,2,0.5,0.5,0.5,0.5,0.5,0.5,0.5
1164,1,1,-0,2,2,0.5,0.5,0.5,0.5,0.5,0.5,0.5
1164.5,1,1,-0,2,2,0.5,0.5,0.5,0.5,0.5,0.5,0.5
1165,1,1,-0,2,2,0.5,0.5,0.5,0.5,0.5,0.5,0.5
1165.5,1,1,-0,2,2,0.5,0.5,0.5,0.5,0.5,0.5,0.5
1166,1,1,-0,2,2,0.5,0.5,0.5,0.5,0.5,0.5,0.5
1166.5,1,1,-0,2,2,0.5,0.5,0.5,0.5,0.5,0.5,0.5
1167,1,1,-0,2,2,0.5,0.5,0.5,0.5,0.5,0.5,0.5
1167.5,1,1,-0,2,2,0.5,0.5,0.5,0.5,0.5,0.5,0.5
1168,1,1,-0,2,2,0.5,0.5,0.5,0.5,0.5,0.5,0.5
1168.5,1,1,-0,2,2,0.5,0.5,0.5,0.5,0.5,0.5,0.5
1169,1,1,-0,2,2,0.5,0.5,0.5,0.5,0.5,0.5,0.5
1169.5,1,1,-0,2,2,0.5,0.5,0.5,0.5,0.5,0.5,0.5
1170,1,1,-0,2,2,0.5,0.5,0.5,0.5,0.5,0.5,0.5
1170.5,1,1,-0,2,2,0.5,0.5,0.5,0.5,0.5,0.5,0.5
1171,1,1,-0,2,2,0.5,0.5,0.5,0.5,0.5,0.5,0.5
1171.5,1,1,-0,2,2,0.5,0.5,0.5,0.5,0.5,0.5,0.5
1172,1,1,-0,2,2,0.5,0.5,0.5,0.5,0.5,0.5,0.5
1172.5,1,1,-0,2,2,0.5,0.5,0.5,0.5,0.5,0.5,0.5
1173,1,1,-0,2,2,0.5,0.5,0.5,0.5,0.5,0.5,0.5
1173.5,1,1,-0,2,2,0.5,0.5,0.5,0.5,0.5,0.5,0.5
1174,1,1,-0,2,2,0.5,0.5,0.5,0.5,0.5,0.5,0.5
1174.5,1,1,-0,2,2,0.5,0.5,0.5,0.5,0.5,0.5,0.5
1175,1,1,-0,2,2,0.5,0.5,0.5,0.5,0.5,0.5,0.5
1175.5,1,1,-0,2,2,0.5,0.5,0.5,0.5,0.5,0.5,0.5
1176,1,1,-0,2,2,0.5,0.5,0.5,0.5,0.5,0.5,0.5
1176.5,1,1,-0,2,2,0.5,0.5,0.5,0.5,0.5,0.5,0.5
1177,1,1,-0,2,2,0.5,0.5,0.5,0.5,0.5,0.5,0.5
1177.5,1,1,-0,2,2,0.5,0.5,0.5,0.5,0.5,0.5,0.5
1178,1,1,-0,2,2,0.5,0.5,0.5,0.5,0.5,0.5,0.5
1178.5,1,1,-0,2,2,0.5,0.5,0.5,0.5,0.5,0.5,0.5
1179,1,1,-0,2,2,0.5,0.5,0.5,0.5,0.5,0.5,0.5
1179.5,1,1,-0,2,2,0.5,0.5,0.5,0.5,0.5,0.5,0.5
1180,1,1,-0,2,2,0.5,0.5,0.5,0.5,0.5,0.5,0.5
1180.5,1,1,-0,2,2,0.5,0.5,0.5,0.5,0.5,0.5,0.5
1181,1,1,-0,2,2,0.5,0.5,0.5,0.5,0.5,0.5,0.5
1181.5,1,1,-0,2,2,0.5,0.5,0.5,0.5,0.5,0.5,0.5
1182,1,1,-0,2,2,0.5,0.5,0.5,0.5,0.5,0.5,0.5
1182.5,1,1,-0,2,2,0.5,0.5,0.5,0.5,0.5,0.5,0.5
1183,1,1,-0,2,2,0.5,0.5,0.5,0.5,0.5,0.5,0.5
1183.5,1,1,-0,2,2,0.5,0.5,0.5,0.5,0.5,0.5,0.5
1184,1,1,-0,2,2,0.5,0.5,0.5,0.5,0.5,0.5,0.5
1184.5,1,1,-0,2,2,0.5,0.5,0.5,0.5,0.5,0.5,0.5
1185,1,1,-0,2,2,0.5,0.5,0.5,0.5,0.5,0.5,0.5
1185.5,1,1,-0,2,2,0.5,0.5,0.5,0.5,0.5,0.5,0.5
1186,1,1,-0,2,2,0.5,0.5,0.5,0.5,0.5,0.5,0.5
1186.5,1,1,-0,2,2,0.5,0.5,0.5,0.5,0.5,0.5,0.5
1187,1,1,-0,2,2,0.5,0.5,0.5,0.5,0.5,0.5,0.5
1187.5,1,1,-0,2,2,0.5,0.5,0.5,0.5,0.5,0.5,0.5
1188,1,1,-0,2,2,0.5,0.5,0.5,0.5,0.5,0.5,0.5
1188.5,1,1,-0,2,2,0.5,0.5,0.5,0.5,0.5,0.5,0.5
1189,1,1,-0,2,2,0.5,0.5,0.5,0.5,0.5,0.5,0.5
1189.5,1,1,-0,2,2,0.5,0.5,0.5,0.5,0.5,0.5,0.5
1190,1,1,-0,2,2,0.5,0.5,0.5,0.5,0.5,0.5,0.5
1190.5,1,1,-0,2,2,0.5,0.5,0.5,0.5,0.5,0.5,0.5
1191,1,1,-0,2,2,0.5,0.5,0.5,0.5,0.5,0.5,0.5
1191.5,1,1,-0,2,2,0.5,0.5,0.5,0.5,0.5,0.5,0.5
1192,1,1,-0,2,2,0.5,0.5,0.5,0.5,0.5,0.5,0.5
1192.5,1,1,-0,2,2,0.5,0.5,0.5,0.5,0.5,0.5,0.5
1193,1,1,-0,2,2,0.5,0.5,0.5,0.5,0.5,0.5,0.5
1193.5,1,1,-0,2,2,0.5,0.5,0.5,0.5,0.5,0.5,0.5
1194,1,1,-0,2,2,0.5,0.5,0.5,0.5,0.5,0.5,0.5
1194.5,1,1,-0,2,2,0.5,0.5,0.5,0.5,0.5,0.5,0.5
1195,1,1,-0,2,2,0.5,0.5,0.5,0.5,0.5,0.5,0.5
1195.5,1,1,-0,2,2,0.5,0.5,0.5,0.5,0.5,0.5,0.5
1196,1,1,-0,2,2,0.5,0.5,0.5,0.5,0.5,0.5,0.5
1196.5,1,1,-0,2,2,0.5,0.5,0.5,0.5,0.5,0.5,0.5
1197,1,1,-0,2,2,0.5,0.5,0.5,0.5,0.5,0.5,0.5
1197.5,1,1,-0,2,2,0.5,0.5,0.5,0.5,0.5,0.5,0.5
1198,1,1,-0,2,2,0.5,0.5,0.5,0.5,0.5,0.5,0.5
1198.5,1,1,-0,2,2,0.5,0.5,0.5,0.5,0.5,0.5,0.5
1199,1,1,-0,2,2,0.5,0.5,0.5,0.5,0.5,0.5,0.5
1199.5,1,1,-0,2,2,0.5,0.5,0.5,0.5,0.5,0.5,0.5
1200,1.2,1.4,-0.88,1.99755555555556,1.99755555555556,0.5,0.502678571428571,0.5,0.500383928571429,0.5,0.511517857142857,0.502678571428571
1200.5,1.2,1.4,-0.88,1.99511790123457,1.99511790123457,0.599053044444446,0.545067377551021,0.514197603037037,0.506802544353742,0.925928091111116,0.692942402040818,0.50531887755102
1201,1.2,1.4,-0.88,1.99268701817558,1.99268701817558,0.600057319320987,0.548198774736799,0.527021439380947,0.512982872767603,0.898912693354318,0.692212396769597,0.507921465014577
1201.5,1.2,1.4,-0.88,1.99026288756954,1.99026288756954,0.601062960100654,0.55129335651911,0.538582470312024,0.518928862187645,0.873852367313262,0.691362555368845,0.510486872657226
1202,1.2,1.4,-0.88,1.98784549065962,1.98784549065962,0.602069962989261,0.554351653025977,0.548985804733175,0.524645854146978,0.850682502946552,0.690438620967646,0.513015631619266
1202.5,1.2,1.4,-0.88,1.98543480874113,1.98543480874113,0.603078324203184,0.557374186800526,0.55833062344069,0.530140301942898,0.829330365958642,0.689479288024573,0.515508265453276
1203,1.2,1.4,-0.88,1.98303082316129,1.98303082316129,0.604088039969285,0.560361472909355,0.566710175297719,0.535419524963673,0.809717179151561,0.688516992566149,0.517965290232515
1203.5,1.2,1.4,-0.88,1.98063351531917,1.98063351531917,0.605099106524927,0.563314019049392,0.574211833364935,0.540491495240514,0.791759917314177,0.687578633268913,0.520387214657765
1204,1.2,1.4,-0.88,1.97824286666551,1.97824286666551,0.606111520117908,0.566232325653191,0.580917200434208,0.545364652989182,0.775372845443133,0.686686227700547,0.522774540162654
1204.5,1.2,1.4,-0.88,1.97585885870255,1.97585885870255,0.607125277006474,0.569116885992761,0.586902254676134,0.55004774815505,0.760468827691981,0.685857507965227,0.525127761017473
1205,1.2,1.4,-0.88,1.97348147298393,1.97348147298393,0.608140373459232,0.571968186281865,0.59223752725927,0.554549705213089,0.746960432170241,0.685106459896215,0.527447364431509
1205.5,1.2,1.4,-0.88,1.97111069111453,1.97111069111453,0.609156805755178,0.57478670577691,0.596988304836303,0.558879508699765,0.734760854570252,0.684443809813385,0.529733830653916
1206,1.2,1.4,-0.88,1.96874649475032,1.96874649475032,0.610174570183638,0.577572916876354,0.601214850727765,0.563046107167021,0.723784681580157,0.683877462717433,0.531987633073146
1206.5,1.2,1.4,-0.88,1.96638886559824,1.96638886559824,0.611193663044232,0.58032728521871,0.604972639475227,0.567058333449232,0.713948513151627,0.683412895633341,0.534209238314958
1207,1.2,1.4,-0.88,1.96403778541602,1.96403778541602,0.612214080646888,0.583050269779161,0.608312600190183,0.570924839322433,0.7051714609239,0.68305350964528,0.53639910633903
1207.5,1.2,1.4,-0.88,1.96169323601209,1.96169323601209,0.613235819311759,0.585742322964762,0.611281364799178,0.574654042811271,0.697375538460037,0.682800943987579,0.538557690534187
1208,1.2,1.4,-0.88,1.95935519924539,1.95935519924539,0.614258875369226,0.588403890708316,0.613921517886703,0.578254086563414,0.690485957424939,0.682655355375554,0.54068543781227
1208.5,1.2,1.4,-0.88,1.95702365702526,1.95702365702526,0.615283245159871,0.591035412560891,0.616271845371125,0.581732805863851,0.684431342419367,0.682615665576528,0.542782788700666
1209,1.2,1.4,-0.88,1.9546985913113,1.9546985913113,0.616308925034421,0.593637321783014,0.618367579721384,0.585097705003023,0.679143875878868,0.682679780039017,0.544850177433514
1209.5,1.2,1.4,-0.88,1.95237998411322,1.95237998411322,0.617335911353774,0.596210045434582,0.620240639838836,0.588355940843525,0.674559383244964,0.682844780218068,0.546888032041607
1210,1.2,1.4,-0.88,1.95006781749068,1.95006781749068,0.618364200488902,0.598754004463451,0.621919864094565,0.591514312550658,0.670617367510686,0.683107092057519,0.548896774441012
1210.5,1.2,1.4,-0.88,1.94776207355321,1.94776207355321,0.619393788820879,0.601269613792803,0.623431235332532,0.594579256562937,0.667261001233573,0.683462632919039,0.550876820520427
1211,1.2,1.4,-0.88,1.94546273446,1.94546273446,0.620424672740818,0.60375728240723,0.624798096927579,0.597556845980203,0.664437083183946,0.683906939080915,0.552828580227278
1211.5,1.2,1.4,-0.88,1.94316978241984,1.94316978241984,0.621456848649872,0.606217413437611,0.626041359228548,0.600452793639883,0.662095965956665,0.684435275770597,0.554752457652602
1212,1.2,1.4,-0.88,1.94088319969089,1.94088319969089,0.622490312959178,0.608650404244758,0.62717969592457,0.603272458236618,0.660191460109198,0.685042731541929,0.556648851114708
1212.5,1.2,1.4,-0.88,1.93860296858064,1.93860296858064,0.623525062089848,0.611056646501885,0.62822973005033,0.6060208529175,0.658680719697374,0.685724298663079,0.558518153241641
1213,1.2,1.4,-0.88,1.93632907144569,1.93632907144569,0.624561092472934,0.613436526275886,0.629206209497101,0.608702655855019,0.65752411345346,0.68647494104307,0.560360751052474
1213.5,1.2,1.4,-0.88,1.93406149069168,1.93406149069168,0.625598400549399,0.615790424107453,0.630122172023462,0.611322222363018,0.656685085287923,0.68728965109499,0.562177026037439
1214,1.2,1.4,-0.88,1.93180020877309,1.93180020877309,0.62663698277009,0.618118715090055,0.630989099865654,0.613883598177968,0.656130007289235,0.688163496811514,0.563967354236904
1214.5,1.2,1.4,-0.88,1.92954520819316,1.92954520819316,0.627676835595734,0.620421768947795,0.631817064134868,0.616390533579156,0.655828027942065,0.689091660213623,0.565732106319234
1215,1.2,1.4,-0.88,1.92729647150374,1.92729647150374,0.628717955496856,0.622699950112123,0.632614859259649,0.618846498067387,0.655750917878296,0.690069468226072,0.567471647657531
1215.5,1.2,1.4,-0.88,1.92505398130512,1.92505398130512,0.629760338953808,0.624953617797498,0.633390127788168,0.62125469536293,0.655872915115224,0.691092416933682,0.56918633840528
1216,1.2,1.4,-0.88,1.92281772024594,1.92281772024594,0.630803982456715,0.627183126075936,0.634149475909007,0.623618078520138,0.656170571413339,0.692156190079165,0.570876533570919
1216.5,1.2,1.4,-0.88,1.92058767102303,1.92058767102303,0.631848882505442,0.629388823950503,0.634898580082168,0.625939364988724,0.656622601103825,0.69325667257771,0.572542583091335
1217,1.2,1.4,-0.88,1.9183638163813,1.9183638163813,0.6328950356096,0.631571055427766,0.63564228519563,0.628221051480571,0.657209733486042,0.694389959744133,0.574184831904315
1217.5,1.2,1.4,-0.88,1.91614613911357,1.91614613911357,0.633942438288455,0.633730159589185,0.636384694678291,0.630465428526385,0.657914569675462,0.695552362855002,0.575803620019968
1218,1.2,1.4,-0.88,1.91393462206048,1.91393462206048,0.634991087070989,0.635866470661525,0.637129253008773,0.632674594628894,0.658721444592761,0.696740411601649,0.577399282591111
1218.5,1.2,1.4,-0.88,1.91172924811031,1.91172924811031,0.63604097849579,0.637980318086218,0.637878821062352,0.63485046993885,0.65961629461614,0.697950853927581,0.578972149982667
1219,1.2,1.4,-0.88,1.9095300001989,1.9095300001989,0.63709210911108,0.640072026587765,0.638635744736194,0.636994809397176,0.660586531277604,0.699180653688621,0.580522547840057
1219.5,1.2,1.4,-0.88,1.90733686130945,1.90733686130945,0.638144475474659,0.642141916241147,0.639401917286924,0.639109215301338,0.661620921258093,0.700426986522038,0.582050797156628
1220,1.2,1.4,-0.88,1.90514981447248,1.90514981447248,0.6391980741539,0.64419030253828,0.640178835805101,0.641195149266793,0.662709472832229,0.701687234265001,0.583557214340105
1220.5,1.2,1.4,-0.88,1.90296884276562,1.90296884276562,0.640252901725693,0.646217496453505,0.640967652239027,0.643253943565237,0.663843328822872,0.702958978220094,0.585042111278103
1221,1.2,1.4,-0.88,1.90079392931349,1.90079392931349,0.641308954776453,0.648223804508171,0.641769219366107,0.645286811830658,0.665014666051435,0.704239991527864,0.586505795402702
1221.5,1.2,1.4,-0.88,1.89862505728762,1.89862505728762,0.642366229902077,0.650209528834269,0.642584132094117,0.647294859132024,0.666216601206404,0.705528230871659,0.587948569754092
1222,1.2,1.4,-0.88,1.89646220990626,1.89646220990626,0.643424723707904,0.652174967237162,0.643412764457706,0.649279091417934,0.667443103001807,0.706821827709305,0.589370733043319
1222.5,1.2,1.4,-0.88,1.8943053704343,1.8943053704343,0.644484432808713,0.654120413257432,0.644255302657649,0.651240424343956,0.668688910455985,0.708119079198598,0.590772579714129
1223,1.2,1.4,-0.88,1.8921545221831,1.8921545221831,0.645545353828688,0.656046156231833,0.645111774471975,0.653179691497773,0.66994945708743,0.709418438958473,0.592154400003927
1223.5,1.2,1.4,-0.88,1.89000964851037,1.89000964851037,0.646607483401393,0.657952481353368,0.645982075349568,0.655097652040715,0.67122080079977,0.710718507786025,0.593516480003871
1224,1.2,1.4,-0.88,1.88787073282006,1.88787073282006,0.647670818169716,0.659839669730514,0.646865991478207,0.656994997787017,0.672499559208734,0.712018024429782,0.594859101718101
1224.5,1.2,1.4,-0.88,1.88573775856223,1.88573775856223,0.648735354785918,0.661707998445621,0.647763220100643,0.658872359744202,0.673782850151299,0.71331585650258,0.596182543122128
1225,1.2,1.4,-0.88,1.88361070923289,1.88361070923289,0.649801089911511,0.663557740612421,0.648673387334195,0.660730314139446,0.675068237107185,0.714610991601505,0.597487078220384
1225.5,1.2,1.4,-0.88,1.88148956837391,1.88148956837391,0.650868020217309,0.665389165432786,0.649596063731759,0.662569387957797,0.676353679261108,0.715902528689993,0.59877297710295
1226,1.2,1.4,-0.88,1.87937431957287,1.87937431957287,0.651936142383376,0.667202538252622,0.650530777805054,0.664390064018684,0.677637485930603,0.71718966978438,0.600040506001479
1226.5,1.2,1.4,-0.88,1.87726494646294,1.87726494646294,0.653005453098971,0.66899812061698,0.651477027714484,0.666192785617319,0.67891827508798,0.718471711977757,0.601289927344315
1227,1.2,1.4,-0.88,1.87516143272277,1.87516143272277,0.65407594906259,0.670776170324401,0.652434291314307,0.667977960757576,0.680194935709163,0.719748039825022,0.602521499810825
1227.5,1.2,1.4,-0.88,1.87306376207632,1.87306376207632,0.655147626981858,0.672536941480438,0.653402034726737,0.66974596600249,0.681466593687212,0.721018118105002,0.603735478384956
1228,1.2,1.4,-0.88,1.87097191829277,1.87097191829277,0.656220483573578,0.674280684550469,0.65437971960446,0.671497149968069,0.682732581058422,0.72228148496986,0.604932114408028
1228.5,1.2,1.4,-0.88,1.8688858851864,1.8688858851864,0.65729451556365,0.676007646411704,0.655366809227497,0.673231836485319,0.683992408295576,0.723537745485574,0.60611165563077
1229,1.2,1.4,-0.88,1.86680564661644,1.86680564661644,0.658369719687084,0.677718070404491,0.656362773567749,0.674950327454591,0.685245739435038,0.724786565563476,0.607274346264616
1229.5,1.2,1.4,-0.88,1.86473118648695,1.86473118648695,0.659446092687957,0.679412196382864,0.65736709344261,0.676652905415384,0.686492369813589,0.726027666278361,0.608420427032265
1230,1.2,1.4,-0.88,1.86266248874671,1.86266675461972,0.66052363131938,0.681090260764366,0.658379263867952,0.678339835853734,0.687732206202864,0.727260818565893,0.609550135217518
1230.5,1.2,1.4,-0.88,1.86075728853393,1.8606793752386,0.66160233234349,0.682683130284539,0.659398796710373,0.680001426766024,0.688965249140599,0.728187563222425,0.610663704714411
1231,1.2,1.4,-0.88,1.85899986761446,1.85876618667146,0.656289847964912,0.683169160975803,0.65950898667446,0.681482567293865,0.662704495632964,0.724435642601258,0.611761366075633
1231.5,1.2,1.4,-0.88,1.857375784319,1.85692437906613,0.651532235336049,0.68366744282404,0.658886695780632,0.682805137402132,0.640840259859641,0.721159670541893,0.612843346560267
1232,1.2,1.4,-0.88,1.8558718049707,1.85515120972591,0.647285714855928,0.684178047748927,0.657685907495847,0.683989088919141,0.622863047237056,0.718323682912407,0.613909870180835
1232.5,1.2,1.4,-0.88,1.85447583466179,1.85344401527604,0.64350864416192,0.684700783697038,0.656039868532651,0.68505253025751,0.608304738599992,0.715892329070185,0.61496115774968
1233,1.2,1.4,-0.88,1.85317684817993,1.85180022106653,0.640161578228255,0.685235242172049,0.654063111035789,0.686011819621963,0.596737143626792,0.713831211191118,0.615997426924685
1233.5,1.2,1.4,-0.88,1.85196482175015,1.85021734817736,0.637207297475019,0.685780839984456,0.651853350885699,0.686881664004287,0.587770306533065,0.712107151091681,0.617018892254332
1234,1.2,1.4,-0.88,1.850830666139,1.84869301835452,0.634610808938121,0.686336855767111,0.649493260202894,0.687675221678206,0.581050630401562,0.710688394221851,0.618025765222127
1234.5,1.2,1.4,-0.88,1.8497661615628,1.84722495717193,0.632339324978273,0.686902461764033,0.647052114086998,0.688404206273586,0.576258876726004,0.709544759539614,0.619018254290383
1235,1.2,1.4,-0.88,1.84876389475022,1.84581099568215,0.630362223485589,0.687476751362785,0.644587313218712,0.689078990833795,0.573108088038428,0.708647743079861,0.619996564943377
1235.5,1.2,1.4,-0.88,1.84781719842965,1.84444907079081,0.628650993061632,0.68805876280479,0.642145785237042,0.689708710545947,0.571341473768621,0.707970582198342,0.6209608997299
1236,1.2,1.4,-0.88,1.8469200934421,1.84313722456269,0.627179166230927,0.688647499473778,0.639765268818162,0.69030136308455,0.570730292670644,0.707488286704038,0.621911458305187
1236.5,1.2,1.4,-0.88,1.84606723362115,1.84187360264389,0.625922243344888,0.689241947130166,0.637475485162891,0.690863905728027,0.571071759160026,0.707177642388859,0.622848437472256
1237,1.2,1.4,-0.88,1.84525385352988,1.84065645196236,0.624857609490472,0.689841088428266,0.635299202179519,0.691402348597674,0.572186995661719,0.707017191817426,0.623772031222653
1237.5,1.2,1.4,-0.88,1.84447571910117,1.83948411784925,0.623964446400176,0.690443915024384,0.633253197056876,0.691921843532795,0.573919048500223,0.706987196651324,0.624682430776615
1238,1.2,1.4,-0.88,1.8437290811913,1.83835504070593,0.623223641077605,0.691049437556481,0.631349123185204,0.69242676825658,0.576130980906729,0.707069585246332,0.625579824622663
1238.5,1.2,1.4,-0.88,1.84301063202545,1.83726775232468,0.622617692599516,0.691656693750656,0.629594287522542,0.692920805607231,0.578704053305353,0.707247888776115,0.626464398556625
1239,1.2,1.4,-0.88,1.84231746448895,1.83622087195714,0.622130618330476,0.692264754885901,0.627992344542532,0.69340701771026,0.581535998122221,0.70750716869809,0.627336335720102
1239.5,1.2,1.4,-0.88,1.84164703419691,1.83521310221108,0.621747860585727,0.692872730826314,0.626543912853655,0.693887915052666,0.584539393876226,0.707833937982444,0.628195816638386
1240,1.2,1.4,-0.88,1.84099712425852,1.83424322484439,0.621456194600967,0.693479773809548,0.625247120465762,0.694365520490004,0.587640141216887,0.70821607817282,0.629043019257838
1240.5,1.2,1.4,-0.88,1.84036581263928,1.83331009651497,0.621243638511587,0.694085081161161,0.62409808451106,0.694841428274713,0.590776041824684,0.708642754031268,0.629878118982726
1241,1.2,1.4,-0.88,1.83975144201448,1.83241264453554,0.621099365906522,0.694687897086985,0.62309133101542,0.695316858240203,0.593895479641875,0.70910432723941,0.630701288711544
1241.5,1.2,1.4,-0.88,1.83915259200031,1.83154986267449,0.621013621402282,0.695287513679566,0.622220160072357,0.695792705311516,0.59695620272353,0.709592270379582,0.631512698872808
1242,1.2,1.4,-0.88,1.83856805364391,1.83072080703636,0.620977639577834,0.695883271259823,0.621476961504933,0.696269584541127,0.599924203049633,0.710099082199852,0.632312517460339
1242.5,1.2,1.4,-0.88,1.83799680605102,1.82992459204923,0.620983567521049,0.696474558161592,0.620853485818003,0.69674787188891,0.602772690897025,0.710618204974624,0.633100910068048
1243,1.2,1.4,-0.88,1.83743799502862,1.82916038658082,0.621024391159131,0.697060810054306,0.620341074950717,0.697227740979412,0.605481159799413,0.711143944603964,0.633878039924219
1243.5,1.2,1.4,-0.88,1.83689091362047,1.8284274101999,0.621093865479234,0.697641508887808,0.61993085704261,0.697709196078381,0.608034537707523,0.711671393948485,0.634644067925302
1244,1.2,1.4,-0.88,1.83635498441448,1.82772492959577,0.621186448688553,0.698216181533103,0.619613909130223,0.698192101534775,0.61042241967101,0.712196359770203,0.635399152669226
1244.5,1.2,1.4,-0.88,1.83582974350371,1.82705225516444,0.621297240315847,0.698784398183514,0.61938139139873,0.698676207934979,0.612638377185418,0.712715293540895,0.636143450488237
1245,1.2,1.4,-0.88,1.83531482598575,1.82640873776751,0.621421923216279,0.699345770572475,0.619224656327385,0.699161175213385,0.614679339258387,0.713225226287169,0.636877115481262
1245.5,1.2,1.4,-0.88,1.83480995288899,1.82579376566663,0.621556709409231,0.699899950056494,0.619135335791143,0.699646592958358,0.616545040240128,0.713723707562553,0.637600299545816
1246,1.2,1.4,-0.88,1.83431491941885,1.82520676163445,0.62169828965163,0.700446625605253,0.6191054089152,0.700131998145471,0.618237529512835,0.714208748571771,0.638313152409447
1246.5,1.2,1.4,-0.88,1.83382958442137,1.82464718024089,0.621843786628643,0.70098552173459,0.619127253225983,0.700616890521202,0.619760738238697,0.714678769417399,0.63901582166074
1247,1.2,1.4,-0.88,1.83335386096682,1.82411450531223,0.621990711626832,0.701516396412799,0.619193681402069,0.701100745850322,0.621120098508575,0.715132550394789,0.639708452779873
1247.5,1.2,1.4,-0.88,1.83288770796056,1.82360824755888,0.622136924542738,0.702039038965859,0.619297965702335,0.701583027229485,0.622322210410052,0.715569187225213,0.640391189168732
1248,1.2,1.4,-0.88,1.8324311226941,1.82312794236709,0.622280597070777,0.702553268002964,0.619433851936647,0.702063194658136,0.623374552731676,0.715988050089022,0.641064172180607
1248.5,1.2,1.4,-0.88,1.83198413425398,1.82267314774873,0.62242017890873,0.703058929379863,0.619595564646687,0.702540713046149,0.624285233237867,0.716388746298533,0.641727541149455
1249,1.2,1.4,-0.88,1.83154679771145,1.82224344244273,0.622554366815947,0.70355589421438,0.619777804981043,0.703015058825778,0.625062774677351,0.716771086435017,0.642381433418749
1249.5,1.2,1.4,-0.88,1.831119189021,1.82183842416151,0.622682076358011,0.704044056965418,0.619975742579051,0.70348572532367,0.625715932921276,0.717135053762545,0.64302598436991
1250,1.2,1.4,-0.88,1.83070140056044,1.82145770797514,0.622802416172881,0.704523333584281,0.620185002621978,0.703952227037035,0.626253543866875,0.717480776724613,0.643661327450339
1250.5,1.2,1.4,-0.88,1.83029353725043,1.82110092482593,0.62291466459551,0.704993659744997,0.62040164906717,0.704414102946681,0.626684395977741,0.717808504326406,0.644287594201049
1251,1.2,1.4,-0.88,1.82989571319547,1.8207677201662,0.623018248481582,0.705454989158342,0.62062216495045,0.704870918988615,0.627017125565584,0.718118584204701,0.644904914283891
1251.5,1.2,1.4,-0.88,1.82950804879319,1.82045775271165,0.623112724075696,0.705907291972665,0.620843430523652,0.70532226979531,0.627260132146493,0.718411443189473,0.645513415508407
1252,1.2,1.4,-0.88,1.82913066826274,1.82017069330321,0.62319775977449,0.706350553263299,0.621062699887001,0.705767779807654,0.627421511424113,0.718687570165626,0.646113223858287
1252.5,1.2,1.4,-0.88,1.8287636975471,1.81990622387007,0.623273120641313,0.706784771610988,0.621277576679577,0.706207103848999,0.627509003664306,0.718947501048006,0.646704463517454
1253,1.2,1.4,-0.88,1.82840726254804,1.81966403648708,0.623338654535372,0.707209957769017,0.621485989304491,0.706639927243724,0.627529955426973,0.719191805690747,0.647287256895776
1253.5,1.2,1.4,-0.88,1.82806148765596,1.81944383251951,0.623394279724884,0.707626133417714,0.621686166088057,0.707065965554227,0.627491292811487,0.71942107655883,0.647861724654408
1254,1.2,1.4,-0.88,1.82772649454001,1.81924532184903,0.623439973860933,0.708033330004377,0.621876610703564,0.70748496400237,0.627399504553277,0.719635918998512,0.648427985730774
1254.5,1.2,1.4,-0.88,1.8274024011674,1.81906822217439,0.623475764195323,0.708431587666277,0.622056078129324,0.707896696634048,0.627260633476338,0.719836942952714,0.648986157363191
1255,1.2,1.4,-0.88,1.82708932102343,1.81891225838101,0.623501718933133,0.708820954233709,0.622223551357202,0.708300965278768,0.627080274965682,0.720024755975629,0.649536355115146
1255.5,1.2,1.4,-0.88,1.8267873625065,1.81877716197393,0.623517939617052,0.709201484310021,0.622378219020889,0.708697598349855,0.626863581267801,0.720199957411376,0.650078692899215
1256,1.2,1.4,-0.88,1.82649662847514,1.81866267056865,0.623524554448016,0.709573238425075,0.622519454072361,0.709086449525187,0.626615270565047,0.72036313360981,0.650613283000655
1256.5,1.2,1.4,-0.88,1.82621721592621,1.81856852743504,0.623521712452564,0.709936282258595,0.622646793599662,0.7094673963431,0.626339639891413,0.720514854062585,0.651140236100645
1257,1.2,1.4,-0.88,1.82594921578546,1.81849448108947,0.623509578414377,0.710290685929662,0.622759919848803,0.709840338743369,0.62604058107387,0.720655668351169,0.651659661299207
1257.5,1.2,1.4,-0.88,1.82569271279413,1.81844028493092,0.623488328493147,0.710636523348622,0.622858642486699,0.71020519757884,0.625721598985692,0.720786103807511,0.65217166613779
1258,1.2,1.4,-0.88,1.82544778547642,1.81840569691687,0.623458146460174,0.710973871627665,0.622942882120284,0.710561913119427,0.62538583149426,0.720906663796442,0.652676356621536
1258.5,1.2,1.4,-0.88,1.82521450617485,1.81839047927527,0.623419220485378,0.711302810546283,0.623012655068617,0.710910443566667,0.625036070570259,0.721017826536623,0.653173837241228
1259,1.2,1.4,-0.88,1.82499294114178,1.818394398249,0.623371740416158,0.711623422068092,0.623068059369807,0.711250763593955,0.624674784104313,0.721120044385328,0.653664210994925
1259.5,1.2,1.4,-0.88,1.82478315067686,1.81841722386959,0.623315895493132,0.711935789905318,0.623109261992295,0.711582862924773,0.624304138044447,0.721213743518487,0.654147579409283
1260,1.2,1.4,-0.88,1.82458518930129,1.81845872975722,0.623251872452898,0.712239999127607,0.623136487210276,0.711906744958788,0.623926018531739,0.721299323945223,0.654624042560579
1260.5,1.2,1.4,-0.88,1.82439910596112,1.81851858247196,0.623179853972353,0.712536135811785,0.623150006095476,0.712222425453554,0.623542053766258,0.721377159801772,0.655093699095428
1261,1.2,1.4,-0.88,1.82421476385206,1.81859472604613,0.623100017412967,0.712826083091033,0.623150127071732,0.712530188746134,0.623153635383161,0.721455324230943,0.655556646251208
1261.5,1.2,1.4,-0.88,1.82402401946114,1.81868535333381,0.623425060967071,0.713138019591235,0.623196316364779,0.712834327998428,0.624535805863154,0.721654366314964,0.656012979876191
1262,1.2,1.4,-0.88,1.82382046282371,1.81878888389587,0.62407949849129,0.713468517638685,0.623330897600147,0.713138185678069,0.627233753425793,0.721950058387663,0.656462794449388
1262.5,1.2,1.4,-0.88,1.82359918229956,1.81890394288791,0.624997343016879,0.713814444290112,0.623582092353865,0.713444286550748,0.630866740211703,0.722321211858419,0.656906183100111
1263,1.2,1.4,-0.88,1.82335655247135,1.81902934104235,0.626121245747894,0.714172950642538,0.623966666546706,0.713754458099221,0.635119318139094,0.722749433004946,0.657343237627252
1263.5,1.2,1.4,-0.88,1.82309004372432,1.81916405580617,0.627401679281956,0.714541459409162,0.624492219639301,0.714069938904931,0.639733259324556,0.723218882270531,0.657774048518291
1264,1.2,1.4,-0.88,1.82279805204956,1.8193072136698,0.628796167508533,0.714917651228459,0.625159151792033,0.714391475608831,0.644500184221252,0.723716040021935,0.65819870496803
1264.5,1.2,1.4,-0.88,1.82247974761706,1.81945807370154,0.630268563600281,0.71529945010572,0.625962342182958,0.714719409124019,0.649254863519793,0.724229481064449,0.658617294897058
1265,1.2,1.4,-0.88,1.82213494068722,1.81961601228385,0.631788376644101,0.715685008325408,0.626892569592517,0.71505375080798,0.653869164469715,0.724749659642866,0.659029904969958
1265.5,1.2,1.4,-0.88,1.82176396346572,1.81978050903357,0.633330146741856,0.716072691118786,0.627937704218343,0.715394249320173,0.658246608367301,0.725268706173776,0.659436620613244
1266,1.2,1.4,-0.88,1.82136756655408,1.81995113387609,0.634872867825452,0.716461061323391,0.629083697520415,0.715740448894314,0.662317503280515,0.725780236544386,0.659837526033055
1266.5,1.2,1.4,-0.88,1.82094682870435,1.82012753523452,0.636399456962372,0.716848864228806,0.630315394751484,0.716091739746831,0.666034614452493,0.726279174469832,0.660232704232582
1267,1.2,1.4,-0.88,1.82050307864883,1.82030942928773,0.637896268558706,0.717235012766137,0.631617192728292,0.716447401325766,0.669369334055716,0.726761587114879,0.66062223702926
1267.5,1.2,1.4,-0.88,1.8200378278421,1.82049659024563,0.639352651585402,0.717618573166322,0.632973563367762,0.716806639079975,0.672308311912404,0.727224533952046,0.661006205071699
1268,1.2,1.4,-0.88,1.81955271302238,1.82068884158669,0.64076054774591,0.717998751184284,0.634369461565837,0.717168615398588,0.674850509309999,0.727665928638352,0.661384687856389
1268.5,1.2,1.4,-0.88,1.81904944756979,1.82088604820014,0.642114128360022,0.718374878961642,0.635790634147389,0.71753247533671,0.677004639012402,0.728084413542246,0.661757763744155
1269,1.2,1.4,-0.88,1.81852978071034,1.82108810937414,0.643409467649043,0.718746402579931,0.637223844872235,0.717897367706682,0.678786955892775,0.728479246435884,0.662125509976381
1269.5,1.2,1.4,-0.88,1.81799546368452,1.82129495257091,0.644644250062915,0.719112870338451,0.63865702885003,0.71826246207578,0.680219364206081,0.728850198779605,0.662488002691004
1270,1.2,1.4,-0.88,1.81744822206835,1.82150652793032,0.64581750928319,0.719473921775886,0.640079388198561,0.71862696217202,0.681327809305953,0.729197464962986,0.662845316938276
1270.5,1.2,1.4,-0.88,1.81688973350162,1.82172280344468,0.646929396560055,0.719829277442176,0.6414814393762,0.718990116160427,0.682140923527736,0.729521581824233,0.6631975266963
1271,1.2,1.4,-0.88,1.81632161014206,1.82194376074889,0.647980976090318,0.720178729416828,0.642855021328742,0.719351224213284,0.682688897952468,0.729823357746131,0.663544704886353
1271.5,1.2,1.4,-0.88,1.81574538522581,1.8221693914725,0.648974045212917,0.720522132561123,0.644193272411049,0.719709643760049,0.683002553797947,0.730103810616238,0.663886923387977
1272,1.2,1.4,-0.88,1.81516250317246,1.8223996941022,0.649910977282565,0.720859396485001,0.645490582970973,0.72006479276612,0.683112589208766,0.730364113942173,0.664224253053863
1272.5,1.2,1.4,-0.88,1.81457431272829,1.82263467130623,0.65079458517863,0.721190478203811,0.646742529512461,0.72041615135473,0.68304897921563,0.730605550424439,0.664556763724522
1273,1.2,1.4,-0.88,1.81398206269238,1.8228743276746,0.651628003510663,0.721515375456108,0.647945795481288,0.720763262053226,0.682840508577266,0.730829472309598,0.664884524242743
1273.5,1.2,1.4,-0.88,1.81338689981871,1.82311866783193,0.6524145876922,0.721834120650437,0.649098082934958,0.721105728913855,0.682514419091381,0.731037267872092,0.665207602467847
1274,1.2,1.4,-0.88,1.81278986853177,1.82336769488278,0.653157828167542,0.722146775407099,0.650198018662054,0.7214432157302,0.682096154747843,0.7312303334042,0.665526065289735
1274.5,1.2,1.4,-0.88,1.81219191213473,1.82362140915183,0.653861278190899,0.722453425659354,0.651245057699704,0.721775443543413,0.681609189791539,0.731410050126584,0.665839978642738
1275,1.2,1.4,-0.88,1.81159387522688,1.82387980718433,0.654528493671075,0.722754177277962,0.652239386654816,0.722102187607583,0.681074926353057,0.73157776546853,0.666149407519271
1275.5,1.2,1.4,-0.88,1.81099650708226,1.82414288097503,0.655162983707306,0.723049152182816,0.653181828759431,0.722423273960792,0.680512649793284,0.731734778203834,0.666454415983281
1276,1.2,1.4,-0.88,1.81040046577276,1.82441061739616,0.655768170551254,0.72333848490575,0.654073752177055,0.722738575727639,0.679939531288157,0.731882326966226,0.66675506718352
1276.5,1.2,1.4,-0.88,1.80980632284812,1.82468299779807,0.656347357835849,0.723622319569291,0.654916982719609,0.723048009260234,0.679370668453678,0.732021581705493,0.667051423366612
1277,1.2,1.4,-0.88,1.80921456841134,1.82495999775808,0.656903706013081,0.723900807247254,0.655713721828303,0.723351530207662,0.678819155980432,0.73215363768307,0.667343545889947
1277.5,1.2,1.4,-0.88,1.80862561645134,1.82524158695574,0.65744021403957,0.724174103674226,0.656466470411193,0.723649129588781,0.678296179314994,0.732279511641215,0.667631495234376
1278,1.2,1.4,-0.88,1.80803981031605,1.82552772915485,0.657959706439936,0.724442367272466,0.657177958910604,0.723940829929648,0.677811125393519,0.732400139814809,0.667915331016742
1278.5,1.2,1.4,-0.88,1.80745742822791,1.82581838227437,0.658464824964169,0.724705757466331,0.657851083790546,0.72422668151492,0.677371705308881,0.732516377487803,0.668195112002217
1279,1.2,1.4,-0.88,1.8068786887604,1.82611349853279,0.658958024135852,0.724964433256006,0.658488850483509,0.724506758792014,0.676984084579433,0.732628999827743,0.668470896116471
1279.5,1.2,1.4,-0.88,1.80630375620917,1.82641302465157,0.659441570062997,0.725218552023933,0.659094322713726,0.724781156957635,0.676653017390008,0.732738703760647,0.668742740457664
1280,1.2,1.4,-0.88,1.80573274580439,1.82671690210573,0.659917541953026,0.725468268549249,0.659670578016637,0.725049988748278,0.676381981801046,0.732846110676913,0.669010701308269
1280.5,1.2,1.4,-0.88,1.80516572872234,1.8270250674104,0.660387835837544,0.725713734207058,0.66022066919854,0.725313381449442,0.67617331347375,0.732951769783211,0.669274834146723
1281,1.2,1.4,-0.88,1.80460273686423,1.82733745243413,0.660854170071866,0.725955096331277,0.660747591423436,0.72557147413246,0.67602833594542,0.73305616193998,0.669535193658912
1281.5,1.2,1.4,-0.88,1.80404376737876,1.82765398473065,0.661318092228182,0.726192497721344,0.661254254573073,0.725824415122873,0.675947485912524,0.733159703844844,0.669791833749499
1282,1.2,1.4,-0.88,1.80348878691256,1.82797458788204,0.661780987050418,0.726426076274699,0.661743460498841,0.726072359700182,0.675930432346126,0.733262752442159,0.670044807553078
1282.5,1.2,1.4,-0.88,1.80293773557869,1.82829918184735,0.662244085184111,0.726655964728622,0.662217884768326,0.726315468025414,0.675976188583404,0.733365609457143,0.670294167445177
1283,1.2,1.4,-0.88,1.8023905306388,1.8286276833116,0.662708472434292,0.726882290496336,0.662680062502915,0.726553903290179,0.676083216805977,0.733468525968348,0.670539965053103
1283.5,1.2,1.4,-0.88,1.80184706989911,1.82896000603078,0.66317509934167,0.727105175583849,0.663132377904443,0.726787830078754,0.676249524548762,0.733571706947446,0.67078225126663
1284,1.2,1.4,-0.88,1.80130723482388,1.82929606116961,0.663644790899233,0.727324736575232,0.663577057076673,0.72701741293305,0.67647275307134,0.73367531570762,0.671021076248535
1284.5,1.2,1.4,-0.88,1.80077089337303,1.82963575762896,0.664118256261191,0.727541084675334,0.664016163760304,0.727242815109066,0.676750257585606,0.733779478213527,0.671256489444985
1285,1.2,1.4,-0.88,1.80023790257318,1.82997900236087,0.664596098321539,0.727754325800118,0.664451597616989,0.727464197512627,0.677079179460846,0.733884287215917,0.671488539595771
1285.5,1.2,1.4,-0.88,1.79970811083293,1.83032570066931,0.665078823062818,0.727964560705816,0.664885094717522,0.72768171780162,0.677456510632971,0.73398980618242,0.671717274744402
1286,1.2,1.4,-0.88,1.79918136001476,1.8306757564955,0.665566848595487,0.728171885149219,0.665318229911101,0.727895529641711,0.677879150524906,0.734096073004337,0.671942742248054
1286.5,1.2,1.4,-0.88,1.79865748727693,1.83102907268683,0.66606051382601,0.72837639007222,0.665752420775636,0.728105782102492,0.678343955847152,0.734203103465134,0.672164988787367
1287,1.2,1.4,-0.88,1.79813632669948,1.83138555124874,0.666560086707154,0.728578161804691,0.666188932872883,0.728312619181161,0.678847783693044,0.734310894462555,0.672384060376119
1287.5,1.2,1.4,-0.88,1.7976177107085,1.83174509357948,0.667065772037112,0.728777282280462,0.666628886056225,0.728516179441147,0.679387528373155,0.734419426980754,0.672600002370746
1288,1.2,1.4,-0.88,1.79710147131343,1.83210760068753,0.667577718785426,0.728973829261945,0.667073261602745,0.728716595753541,0.679960152451804,0.734528668812979,0.672812859479735
1288.5,1.2,1.4,-0.88,1.79658744117165,1.83247297339191,0.668096026933488,0.729167876569521,0.66752290996456,0.728913995129707,0.680562712457195,0.7346385770385,0.673022675772882
1289,1.2,1.4,-0.88,1.79607545449473,1.83284111250576,0.66862075382518,0.729359494312495,0.667978558956904,0.729108498634069,0.681192379734891,0.734749100260569,0.673229494690412
1289.5,1.2,1.4,-0.88,1.79556534780994,1.83321191900352,0.669151920030477,0.729548749118758,0.668440822221966,0.729300221366719,0.681846456908774,0.734860180613579,0.673433359051978
1290,1.2,1.4,-0.88,1.79505696059058,1.83358529417249,0.669689514730085,0.72973570436099,0.668910207827881,0.729489272506168,0.682522390399392,0.734971755550187,0.673634311065521
1290.5,1.2,1.4,-0.88,1.79455013576778,1.83396113974928,0.670233500633733,0.729920420377439,0.669387126881354,0.729675755403281,0.683217779432081,0.735083759419569,0.673832392336014
1291,1.2,1.4,-0.88,1.79404472013589,1.83433936090271,0.670783818448548,0.730102954685826,0.669871902050229,0.729859767718153,0.683930381947607,0.735196124849429,0.674027643874071
1291.5,1.2,1.4,-0.88,1.79354122165067,1.83471991076685,0.671340390916475,0.730283315669248,0.670364775908678,0.730041394924513,0.684658117803689,0.735308583908957,0.674220106104441
1292,1.2,1.4,-0.88,1.79304061711942,1.83510277974448,0.671876504184857,0.730460786170068,0.670862103175931,0.730220607575712,0.685284593926275,0.735417774460464,0.674409818874377
1292.5,1.2,1.4,-0.88,1.79254419420913,1.83548798631797,0.672372891333488,0.730634809922832,0.671357835400035,0.730397296642217,0.685734069899052,0.735521279570865,0.674596821461886
1293,1.2,1.4,-0.88,1.79205342329796,1.83587556922375,0.672816441278222,0.730804969812042,0.671844671638202,0.730571302247897,0.685962922545031,0.735617464812629,0.674781152583859
1293.5,1.2,1.4,-0.88,1.79156985511812,1.83626558085262,0.673199071367792,0.730970968083394,0.672314929845912,0.730742436680499,0.685952417869521,0.735705335225964,0.67496285040409
1294,1.2,1.4,-0.88,1.79109504054049,1.83665808174591,0.673516748814103,0.731132608441681,0.672761186868194,0.730910502473051,0.685702640514377,0.73578441045706,0.675141952541174
1294.5,1.2,1.4,-0.88,1.79063046922991,1.83705313606466,0.67376864673769,0.731289779952724,0.673176728708603,0.731075306276447,0.685227442080445,0.735854616574924,0.675318496076301
1295,1.2,1.4,-0.88,1.7901775242553,1.8374508079179,0.673956421339131,0.73144244265498,0.673555847115441,0.73123666917003,0.684550280913736,0.735916193083925,0.675492517560925
1295.5,1.2,1.4,-0.88,1.78973745006812,1.83785115844391,0.674083597495941,0.731590614778745,0.673894013445852,0.731394433987271,0.683700837027773,0.735969613687268,0.67566405302434
1296,1.2,1.4,-0.88,1.78931133156816,1.83825424354706,0.674155050910605,0.731734361465699,0.674187956217797,0.731548470168017,0.682712296604214,0.736015519409648,0.675833137981135
1296.5,1.2,1.4,-0.88,1.78890008225549,1.83866011220106,0.674176575778535,0.731873784879384,0.674435664705749,0.731698676587577,0.68161921085637,0.736054662754817,0.675999807438548
1297,1.2,1.4,-0.88,1.78850443972398,1.83906880523745,0.674154527789713,0.732009015596717,0.674636337344707,0.731844982756279,0.680455843874462,0.73608786164865,0.676164095903711
1297.5,1.2,1.4,-0.88,1.78812496698439,1.83948035454602,0.674095533111904,0.732140205172117,0.674790290544468,0.731987348731076,0.679254933337559,0.736115962000189,0.676326037390801
1298,1.2,1.4,-0.88,1.78776205831572,1.83989478262115,0.674006254816019,0.732267519768569,0.674898840747534,0.732125764033309,0.678046796636436,0.736139807798058,0.676485665428075
1298.5,1.2,1.4,-0.88,1.78741594853315,1.84031210239539,0.67389320898772,0.732391134753657,0.674964170155384,0.732260245823718,0.676858722983033,0.736160217745586,0.676643013064817
1299,1.2,1.4,-0.88,1.78708672473025,1.8407323173077,0.673762623518277,0.732511230163259,0.674989184466295,0.732390836547068,0.675714599482732,0.736177967524219,0.676798112878177
1299.5,1.2,1.4,-0.88,1.78677433970433,1.84115542156046,0.673620333276861,0.732627986940678,0.674977369181305,0.732517601224118,0.674634725916588,0.736193776858576,0.676950996979917
1300,1.2,1.4,-0.88,1.78647862640736,1.84158140052471,0.673471706033494,0.73274158386464,0.67493264951322,0.732640624537927,0.673635779138738,0.736208300638381,0.677101697023061
1300.5,1.2,1.4,-0.88,1.78619931288263,1.84201023125837,0.673321594125248,0.732852195085277,0.674859257648169,0.732760007834326,0.672730893561704,0.736222123429898,0.677250244208446
1301,1.2,1.4,-0.88,1.7859360372505,1.84244188310724,0.673174307436482,0.732959988193178,0.674761610033341,0.732875866132634,0.671929829203339,0.73623575678356,0.677396669291183
1301.5,1.2,1.4,-0.88,1.78568836239603,1.84287631836261,0.673033603797982,0.733065122752526,0.674644196473498,0.732988325222003,0.671239203238042,0.736249638813691,0.677541002587023
1302,1.2,1.4,-0.88,1.78545579008906,1.84331349295345,0.672902693399414,0.733167749235051,0.674511482089745,0.733097518900943,0.670662764960917,0.736264135590231,0.677683273978637
1302.5,1.2,1.4,-0.88,1.78523777433339,1.84375335715474,0.672784254256543,0.733268008297374,0.674367822605903,0.733203586402335,0.670201697574483,0.736279543942689,0.677823512921799
1303,1.2,1.4,-0.88,1.78503373379892,1.84419585629657,0.672680456180566,0.733366030349587,0.674217392961651,0.733306670033262,0.669854933278343,0.736296095330151,0.677961748451488
1303.5,1.2,1.4,-0.88,1.78484306323765,1.84464093146145,0.672592991063153,0.733461935368335,0.674064128890135,0.733406913048219,0.66961947081615,0.736313960481956,0.678098009187895
1304,1.2,1.4,-0.88,1.7846651438249,1.84508852015995,0.672523107619827,0.733555832912407,0.673911680825391,0.7335044577652,0.669490686947821,0.736333254557674,0.678232323342354
1304.5,1.2,1.4,-0.88,1.78449935239983,1.84553855697666,0.672471649028881,0.7336478223037,0.673763379308013,0.733599443926909,0.669462635304057,0.736354042616467,0.678364718723177
1305,1.2,1.4,-0.88,1.78434506960599,1.84599097418069,0.672439092163802,0.733737992940563,0.673622210923412,0.733692007303385,0.669528327769991,0.736376345221179,0.678495222741418
1305.5,1.2,1.4,-0.88,1.78420168695441,1.84644570229642,0.672425587348764,0.733826424714668,0.67349080372516,0.733782278527775,0.669679994975847,0.736400144035081,0.67862386241654
1306,1.2,1.4,-0.88,1.78406861284818,1.84690267063146,0.672430997769499,0.733913188506276,0.673371421056491,0.733870382153433,0.669909323665099,0.736425387297505,0.678750664382018
1306.5,1.2,1.4,-0.88,1.78394527762048,1.84736180776038,0.672454937849346,0.733998346736056,0.673265962677842,0.733956435917944,0.670207669697017,0.736451995088782,0.678875654890846
1307,1.2,1.4,-0.88,1.78383113764741,1.84782304196335,0.672496810053959,0.734081953954836,0.673175972130011,0.73404055019791,0.670566246242899,0.736479864316921,0.678998859820977
1307.5,1.2,1.4,-0.88,1.78372567860295,1.84828630162,0.67255583972124,0.734164057455363,0.673102649305034,0.734122827637193,0.670976287380717,0.736508873376402,0.679120304680678
1308,1.2,1.4,-0.88,1.78362841792806,1.84875151555916,0.672631107625772,0.734244697892821,0.673046867254699,0.734203362930813,0.671429187794974,0.736538886445791,0.679240014613811
1308.5,1.2,1.4,-0.88,1.78353890658705,1.8492186133661,0.672721580083779,0.734323909902898,0.673009192335444,0.734282242746561,0.671916619677068,0.736569757403244,0.679358014405042
1309,1.2,1.4,-0.88,1.78345673018523,1.84968752564889,0.672826136484952,0.734401722708466,0.672989906864384,0.734359545766712,0.672430628203631,0.736601333351096,0.67947432848497
1309.5,1.2,1.4,-0.88,1.78338150952043,1.85015818426606,0.672943594204482,0.734478160707522,0.672989033541172,0.734435342832787,0.672963707168022,0.736633457748961,0.679588980935185
1310,1.2,1.4,-0.88,1.78331290063861,1.85063052251808,0.673072730903698,0.734553244036719,0.673006360972016,0.734509697177115,0.673508856466489,0.736665973162629,0.679701995493253
1310.5,1.2,1.4,-0.88,1.78325059446126,1.85110447530497,0.673212304271548,0.734626989106115,0.673041469713094,0.734582664725931,0.674059623204372,0.736698723641598,0.679813395557636
1311,1.2,1.4,-0.88,1.78319431604802,1.85157997925281,0.673361069294361,0.734699409102041,0.673093758329514,0.734654294459829,0.674610128205692,0.73673155674287,0.679923204192526
1311.5,1.2,1.4,-0.88,1.78314382355426,1.85205697281181,0.673517793167865,0.734770514455927,0.673162469041382,0.734724628818557,0.675155079685534,0.736764325221652,0.680031444132633
1312,1.2,1.4,-0.88,1.78309890693881,1.85253539632844,0.673681267985489,0.734840313277835,0.673246712599729,0.734793704138343,0.675689775791791,0.736796888412156,0.680138137787881
1312.5,1.2,1.4,-0.88,1.78305938647252,1.85301519209448,0.673850321350738,0.734908811754202,0.673345492101228,0.734861551111173,0.676210097644701,0.736829113323237,0.680243307248054
1313,1.2,1.4,-0.88,1.78302511109346,1.85349630437522,0.674023825070279,0.734976014509862,0.67345772551144,0.734928195256606,0.676712494407587,0.736860875474166,0.680346974287368
1313.5,1.2,1.4,-0.88,1.78299595665048,1.8539786794195,0.674200702089122,0.735041924934953,0.673582266721572,0.734993657397929,0.677193961815416,0.736892059496299,0.680449160368977
1314,1.2,1.4,-0.88,1.78297182407174,1.8544622654537,0.674379931830376,0.735106545477716,0.673717925013271,0.735057954135531,0.677652015472541,0.736922559525994,0.68054988664942
1314.5,1.2,1.4,-0.88,1.7829526374911,1.85494701266199,0.674560554100182,0.735169877904519,0.673863482849864,0.735121098311464,0.678084660111043,0.736952279413497,0.680649173983
1315,1.2,1.4,-0.88,1.78293834236048,1.85543287315473,0.674741671714683,0.735231923528639,0.674017711950939,0.735183099460128,0.678490355882124,0.736981132771399,0.6807470429261
1315.5,1.2,1.4,-0.88,1.78292890357301,1.8559198009271,0.674922451999778,0.735292683409627,0.674179387640336,0.735243964240975,0.678867982632855,0.737009042885543,0.680843513741441
1316,1.2,1.4,-0.88,1.78292430361765,1.85640775180943,0.67510212730733,0.735352158525029,0.674347301485844,0.735303696849909,0.679216803005571,0.73703594250898,0.680938606402278
1316.5,1.2,1.4,-0.88,1.78292454078289,1.8568966834111,0.675279994683321,0.735410349916555,0.674520272272541,0.73536229940689,0.679536425086748,0.737061773559341,0.681032340596531
1317,1.2,1.4,-0.88,1.78292962742375,1.85738655505919,0.67545541481434,0.73546725881253,0.674697155371009,0.735419772317894,0.679826765226578,0.737086486737008,0.681124735730866
1317.5,1.2,1.4,-0.88,1.78293958830375,1.85787732773337,0.675627810369614,0.735522886728773,0.674876850577088,0.735476114610005,0.68008801155338,0.737110041081231,0.681215810934711
1318,1.2,1.4,-0.88,1.78295445902071,1.85836896399804,0.675796663846061,0.735577235549776,0.675058308511703,0.735531324238963,0.680320588615546,0.737132403478727,0.681305585064215
1318.5,1.2,1.4,-0.88,1.78297428452304,1.85886142793282,0.675961515014456,0.735630307592106,0.675240535678029,0.735585398368936,0.680525123501489,0.737153548138159,0.681394076706155
1319,1.2,1.4,-0.88,1.78299911772111,1.85935468506228,0.676121958055077,0.735682105651965,0.675422598279154,0.735638333624725,0.680702413711782,0.737173456042613,0.681481304181781
1319.5,1.2,1.4,-0.88,1.78302901819657,1.85984870228562,0.676277638462281,0.735732633038556,0.675603624902884,0.7356901263169,0.680853396991039,0.737192114389967,0.681567285550613
1320,1.2,1.4,-0.88,1.78306405101078,1.86034344780712,0.676428249788314,0.735781893595061,0.67578280818165,0.735740772640694,0.680979123265882,0.737209516030739,0.681652038614176
1320.5,1.2,1.4,-0.88,1.78310428561221,1.86083889106769,0.676573530288403,0.735829891708707,0.675959405535035,0.735790268849689,0.681080728783198,0.737225658910547,0.681735580919687
1321,1.2,1.4,-0.88,1.78314979484162,1.86133500267826,0.676713259521263,0.735876632311466,0.676132739100433,0.735838611405504,0.681159412496964,0.737240545524136,0.681817929763692
1321.5,1.2,1.4,-0.88,1.78320065403271,1.86183175428109,0.676847254951397,0.735922120872703,0.676302194954125,0.735885797104854,0.681216414711201,0.737254182385983,0.681899102195639
1322,1.2,1.4,-0.88,1.7832568978068,1.86232911727004,0.676975368593023,0.735966364589817,0.676467221720808,0.73593182335811,0.681252997954602,0.737266584702534,0.681979115021416
1322.5,1.2,1.4,-0.88,1.783318493484,1.86282706190698,0.67709920178446,0.73600939098228,0.676627574919205,0.735976691097726,0.681277817672719,0.737277855546613,0.682057984806824
1323,1.2,1.4,-0.88,1.78338532735364,1.86332555676,0.677221454468689,0.736051241786565,0.676783441737928,0.736020406494867,0.681303579480891,0.737288153011938,0.682135727881012
1323.5,1.2,1.4,-0.88,1.78345720066483,1.86382456839878,0.677345418102705,0.736091967958906,0.676935479001713,0.736062981763436,0.681344559651496,0.737297664551949,0.682212360339855
1324,1.2,1.4,-0.88,1.7835338327393,1.86432406129182,0.677474589077396,0.736131625643627,0.677084790618917,0.736104435284009,0.681414827517822,0.737306587380614,0.682287898049286
1324.5,1.2,1.4,-0.88,1.78361486907845,1.86482399785797,0.677612382352132,0.7361702729767,0.67723286532055,0.736144791239156,0.681527031667918,0.737315113938424,0.682362356648581
1325,1.2,1.4,-0.88,1.78369989274341,1.86532433863247,0.677761927590879,0.736207967606325,0.677381490893114,0.736184078916067,0.68169163249747,0.737323421546485,0.682435751553602
1325.5,1.2,1.4,-0.88,1.78378843763518,1.86582504251391,0.677925932435414,0.736244764823662,0.677532657264945,0.736222331801547,0.681916482048042,0.737331665480468,0.682508097959979
1326,1.2,1.4,-0.88,1.78388000259973,1.86632606706435,0.678106599674744,0.736280716208022,0.677688457630813,0.736259586568093,0.682206668240981,0.737339974797932,0.682579410846265
1326.5,1.2,1.4,-0.88,1.78397406553368,1.86682736884014,0.678305586978091,0.73631586870131,0.677850994202955,0.736295882027319,0.682564554795081,0.737348450344862,0.682649704977032
1327,1.2,1.4,-0.88,1.7840700968777,1.8673289037351,0.678523999564673,0.736350264036191,0.678022293078235,0.73633125810808,0.682989960461355,0.737357164450145,0.682718994905932
1327.5,1.2,1.4,-0.88,1.78416757205909,1.86783062732174,0.678762407698656,0.736383938451853,0.67820423103837,0.736365754900906,0.683480431882291,0.737366161892881,0.682787294978704
1328,1.2,1.4,-0.88,1.78426598258945,1.86833249517955,0.679020882236833,0.736416922639427,0.678398475788891,0.736399411797324,0.684031573553999,0.737375461793427,0.682854619336152
1328.5,1.2,1.4,-0.88,1.78436484563954,1.86883446320209,0.679299042631653,0.736449241867156,0.678606440135396,0.736432266742067,0.684637406184024,0.737385060139623,0.682920981917064
1329,1.2,1.4,-0.88,1.78446371200683,1.86933648787705,0.679596112819019,0.736480916242208,0.678829249842634,0.736464355607695,0.685290731352554,0.7373949327109,0.682986396461106
1329.5,1.2,1.4,-0.88,1.78456217246438,1.86983852653544,0.679910981309443,0.736511961072662,0.679067724378725,0.736495711694428,0.68598348592534,0.737405038209695,0.683050876511661
1330,1.2,1.4,-0.88,1.78465986253546,1.87034053756771,0.680242262568017,0.736542387298744,0.679322369375169,0.736526365352893,0.686707074272064,0.737415321448384,0.683114435418637
1330.5,1.2,1.4,-0.88,1.78475646578007,1.87084248060595,0.680588357423624,0.73657220196769,0.679593379400105,0.736556343723622,0.687452670123248,0.737425716474749,0.683177086341228
1331,1.2,1.4,-0.88,1.78485171570883,1.87134431667241,0.680947510803632,0.736601408730997,0.679880649518922,0.73658567058441,0.688211482964596,0.737436149547274,0.683238842250639
1331.5,1.2,1.4,-0.88,1.78494539645934,1.87184600829523,0.681317865557743,0.736630008347014,0.680183794078872,0.736614366294829,0.688974986317422,0.737446541896969,0.683299715932773
1332,1.2,1.4,-0.88,1.78503734238128,1.87234751959331,0.681697511523291,0.736657999175141,0.680502171182014,0.736642447826064,0.689735107173138,0.737456812231896,0.683359719990876
1332.5,1.2,1.4,-0.88,1.7851274366814,1.87284881633225,0.682084529304664,0.736685377651087,0.680834911386708,0.736669928863804,0.690484377322857,0.737466878958246,0.68341886684815
1333,1.2,1.4,-0.88,1.78521560927908,1.87334986595391,0.682477028499279,0.736712138735217,0.681180949287695,0.736696819971851,0.691216048416309,0.737476662105232,0.683477168750319
1333.5,1.2,1.4,-0.88,1.78530183401875,1.87385063758236,0.682873180310171,0.736738276328205,0.681539056756861,0.73672312880452,0.691924173362673,0.737486084951898,0.683534637768171
1334,1.2,1.4,-0.88,1.78538612537787,1.87435110200868,0.683271244648128,0.736763783650144,0.681907876771806,0.736748860356458,0.692603657205218,0.737495075362668,0.683591285800055
1334.5,1.2,1.4,-0.88,1.78546853479969,1.87485123165785,0.68366959195031,0.736788653580875,0.68228595690967,0.736774017239415,0.693250280907715,0.737503566845167,0.68364712457434
1335,1.2,1.4,-0.88,1.78554914676884,1.87535100053995,0.684066720033877,0.736812878960504,0.682671781733607,0.736798599976374,0.693860701627789,0.73751149934818,0.683702165651849
1335.5,1.2,1.4,-0.88,1.78562807473587,1.87585038418876,0.684461266367106,0.73683645285019,0.683063803444321,0.736822607304536,0.694432433055009,0.737518819821233,0.683756420428251
1336,1.2,1.4,-0.88,1.78570545698446,1.87634935958994,0.684852016181882,0.736859368754172,0.683460470305927,0.736846036479698,0.694963809292526,0.737525482559405,0.683809900136419
1336.5,1.2,1.4,-0.88,1.78578145252259,1.87684790510128,0.685237906873714,0.736881620804563,0.683860252481855,0.736868883575634,0.695453935583764,0.737531449357781,0.683862615848756
1337,1.2,1.4,-0.88,1.78585623706702,1.87734600036708,0.685618029142723,0.736903203910993,0.684261665030938,0.736891143773125,0.69590262895435,0.737536689500361,0.683914578479488
1337.5,1.2,1.4,-0.88,1.78592999917856,1.8778436262287,0.685991625324326,0.736924113877555,0.684663287915655,0.736912811634287,0.696310351572444,0.737541179607975,0.683965798786924
1338,1.2,1.4,-0.88,1.78600293659478,1.87834076463285,0.686358085343755,0.736944347489672,0.685063782963124,0.736933881358757,0.696678139339723,0.737544903368411,0.684016287375682
1338.5,1.2,1.4,-0.88,1.78607525279686,1.87883739853939,0.686716940707652,0.736963902573752,0.685461907795313,0.736954347019177,0.697007527928792,0.73754785117135,0.684066054698887
1339,1.2,1.4,-0.88,1.78614715383758,1.87933351182974,0.687067856918734,0.736982778032419,0.685856526808182,0.736974202774148,0.697300478181392,0.737550019668308,0.684115111060331
1339.5,1.2,1.4,-0.88,1.7862188454496,1.87982908921724,0.687410624670068,0.737000973858268,0.686246619331037,0.736993443057578,0.697559302493815,0.737551411277057,0.684163466616612
1340,1.2,1.4,-0.88,1.78629053044526,1.88032411616028,0.687745150142728,0.737018491128825,0.686631285137887,0.73701206274389,0.697786593536547,0.737552033646939,0.684211131379232
1340.5,1.2,1.4,-0.88,1.78636240641306,1.88081857877901,0.688071444697525,0.737035331985523,0.687009747513165,0.737030057289126,0.697985156396225,0.737551899100971,0.684258115216672
1341,1.2,1.4,-0.88,1.78643466371002,1.8813124637764,0.68838961421796,0.737051499599119,0.687381354095669,0.737047422848403,0.698157944988289,0.737551024067409,0.684304427856433
1341.5,1.2,1.4,-0.88,1.78650748374462,1.88180575836389,0.688699848328807,0.737066998124061,0.6877455757382,0.737064156370548,0.698308003371602,0.737549428512771,0.684350078887056
1342,1.2,1.4,-0.88,1.78658103754088,1.88229845019219,0.689002409682839,0.737081832643912,0.68810200362696,0.73708025567105,0.698438412400999,0.737547135385601,0.684395077760098
1342.5,1.2,1.4,-0.88,1.78665548457106,1.88279052728734,0.689297623478426,0.737096009109946,0.68845034490552,0.737095719484661,0.698552241983747,0.737544170079398,0.684439433792096
1343,1.2,1.4,-0.88,1.78673097184182,1.88328197799217,0.689585867342325,0.737109534274675,0.688790417043874,0.737110547499202,0.698652509056147,0.737540559920872,0.684483156166495
1343.5,1.2,1.4,-0.88,1.78680763321694,1.88377279091328,0.689867561685988,0.737122415622014,0.689122141184745,0.737124740372192,0.698742141270016,0.737536333688911,0.684526253935545
1344,1.2,1.4,-0.88,1.78688558895816,1.88426295487336,0.690143160620039,0.737134661295511,0.689445534687698,0.73713829973205,0.698823946273322,0.737531521167932,0.68456873602218
1344.5,1.2,1.4,-0.88,1.78696494546494,1.88475245886884,0.690413143489865,0.737146280025895,0.68976070307749,0.737151228165588,0.698900586381468,0.73752615273819,0.684610611221863
1345,1.2,1.4,-0.88,1.78704579519366,1.88524129203265,0.690678007076249,0.737157281059079,0.690067831587156,0.737163529193563,0.698974558367462,0.737520259004822,0.684651888204408
1345.5,1.2,1.4,-0.88,1.78712821673634,1.8857294436019,0.69093825848798,0.737167674085532,0.690367176469116,0.737175207235988,0.69904817804597,0.737513870466325,0.684692575515774
1346,1.2,1.4,-0.88,1.7872122750397,1.88621690289023,0.691194408758572,0.737177469171793,0.690659056229724,0.737186267568869,0.699123569287329,0.737507017222412,0.684732681579834
1346.5,1.2,1.4,-0.88,1.78729802174539,1.8867036592645,0.691446967146669,0.737186676694771,0.690943842924479,0.737196716273925,0.699202657072376,0.737499728720569,0.684772214700122
1347,1.2,1.4,-0.88,1.78738549563356,1.88718970212563,0.691696436129019,0.737195307279346,0.691221953633133,0.737206560182804,0.699287164184115,0.737492033540272,0.684811183061549
1347.5,1.2,1.4,-0.88,1.7874747231521,1.88767502089317,0.691943307065915,0.737203371739639,0.691493842216259,0.737215806817143,0.699378611126916,0.737483959212979,0.684849594732098
1348,1.2,1.4,-0.88,1.78756571901569,1.88815960499335,0.692188056511785,0.737210881024261,0.691759991437936,0.73722446432578,0.699478318866551,0.737475532076247,0.684887457664497
1348.5,1.2,1.4,-0.88,1.78765848685929,1.88864344385024,0.692431143138177,0.737217846165688,0.692020905523187,0.737232541420233,0.699587413995487,0.737466777159381,0.684924779697861
1349,1.2,1.4,-0.88,1.78775301993223,1.88912652687982,0.692673005231655,0.737224278233925,0.692277103203779,0.737240047309513,0.69970683594093,0.737457718098624,0.68496156855932
1349.5,1.2,1.4,-0.88,1.78784930182023,1.88960884348645,0.69291405872641,0.737230188294424,0.692529111292132,0.737246991635161,0.699837345854376,0.737448377078972,0.684997831865616
1350,1.2,1.4,-0.88,1.78794730718386,1.89009038306167,0.693154695729108,0.737235587370297,0.692777458810489,0.737253384407336,0.699979536842848,0.737438774800412,0.685033577124678
1350.5,1.2,1.4,-0.88,1.78804700250318,1.89057113498483,0.693395283492583,0.737240486408682,0.693022671691071,0.737259235942614,0.700133845227944,0.737428930465657,0.685068811737183
1351,1.2,1.4,-0.88,1.78814834681957,1.89105108862548,0.693636163794508,0.737244896251174,0.693265268052847,0.737264556804096,0.700300562544351,0.737418861787081,0.685103542998081
1351.5,1.2,1.4,-0.88,1.78825129246678,1.89153023334713,0.693877652677924,0.737248827608159,0.6935057540517,0.737269357744303,0.70047984801843,0.737408585010311,0.685137778098108
1352,1.2,1.4,-0.88,1.7883557857846,1.89200855851404,0.694120040511026,0.737252291036832,0.693744620293084,0.737273649651224,0.700671741293226,0.737398114951933,0.685171524125278
1352.5,1.2,1.4,-0.88,1.78846177054542,1.89248605353036,0.694363592325528,0.737255296891559,0.693982338789829,0.737277443493359,0.700876175195431,0.73738746491526,0.685204788066345
1353,1.2,1.4,-0.88,1.78856919275766,1.89296270789828,0.69460843752045,0.73725785479834,0.694219344550412,0.737280750195758,0.701092511607325,0.737376644565337,0.685237576808255
1353.5,1.2,1.4,-0.88,1.78867800587779,1.89343851128482,0.694854512285282,0.737259973337636,0.694456010996891,0.737283580484415,0.70131933794478,0.737365658855489,0.685269897139565
1354,1.2,1.4,-0.88,1.78878817575723,1.89391345358996,0.695101540536944,0.737261659887901,0.694692625431246,0.7372859447257,0.70155444402753,0.737354507722966,0.685301755751857
1354.5,1.2,1.4,-0.88,1.78889968488369,1.89438752501042,0.695349041928768,0.737262920590045,0.694929368477093,0.737287852779034,0.701794916806663,0.737343186325703,0.685333159241116
1355,1.2,1.4,-0.88,1.78901253565782,1.89486071609557,0.695596357837918,0.737263760399819,0.695166299696794,0.737289313874323,0.702037305068123,0.737331685637701,0.685364114109101
1355.5,1.2,1.4,-0.88,1.78912675258394,1.8953330177931,0.695842688217662,0.737264183201205,0.695403350315719,0.737290336520517,0.702277818264556,0.737319993260156,0.685394626764685
1356,1.2,1.4,-0.88,1.78924238335599,1.89580442148332,0.696087133857445,0.737264191958931,0.695640323085546,0.73729092844776,0.702512533410503,0.737308094337805,0.685424703525189
1356.5,1.2,1.4,-0.88,1.78935949889337,1.89627491900173,0.696328739966792,0.737263788892806,0.695876898710459,0.737291096582763,0.702737591832962,0.737295972497845,0.685454350617687
1357,1.2,1.4,-0.88,1.78947819243065,1.89674450265015,0.696566538126285,0.737262975660412,0.696112647879978,0.737290847055056,0.702949373796026,0.737283610751554,0.685483574180291
1357.5,1.2,1.4,-0.88,1.78959857779655,1.89721316519724,0.696799584563802,0.737261753537767,0.696347047746418,0.737290185230441,0.703144643873163,0.737270992316614,0.68551238026343
1358,1.2,1.4,-0.88,1.78972078703365,1.89768089986944,0.697026993446469,0.737260123590493,0.696579501609807,0.737289115767226,0.703320663648089,0.737258101333994,0.685540774831095
1358.5,1.2,1.4,-0.88,1.78984496751562,1.8981477003336,0.697247964456751,0.73725808683009,0.696809360592471,0.737287642690455,0.703475271089744,0.7372449234641,0.685568763762079
1359,1.2,1.4,-0.88,1.78997127871522,1.89861356067276,0.697461804367031,0.737255644351858,0.697035946170475,0.737285769479329,0.703606927932574,0.737231446356675,0.685596352851192
1359.5,1.2,1.4,-0.88,1.79009988876744,1.89907847535639,0.697667942664202,0.737252797452516,0.697258572556704,0.737283499163211,0.703714737757365,0.73721765999577,0.685623547810461
1360,1.2,1.4,-0.88,1.79023097095836,1.89954243920654,0.697865941521172,0.737249547726649,0.69747656808247,0.737280834421964,0.703798438329666,0.737203556925808,0.685650354270312
1360.5,1.2,1.4,-0.88,1.79036470025459,1.90000544736123,0.698055500583085,0.737245897142173,0.697689294887202,0.737277777686864,0.703858372224441,0.737189132368951,0.685676777780736
1361,1.2,1.4,-0.88,1.79050124997076,1.90046749523616,0.698236457146522,0.737241848095569,0.697896166388864,0.73727433123882,0.703895439937055,0.73717438424555,0.68570282381244
1361.5,1.2,1.4,-0.88,1.79064078865505,1.90092857848601,0.6984087823715,0.737237403448266,0.698096662163405,0.737270497301237,0.70391103962511,0.737159313111345,0.685728497757976
1362,1.2,1.4,-0.88,1.79078347725526,1.90138869296606,0.698572574190106,0.737232566545804,0.698290340004938,0.737266278125369,0.703906997409377,0.7371439220252,0.685753804932862
1362.5,1.2,1.4,-0.88,1.79092946661162,1.90184783469519,0.698728047570191,0.737227341221747,0.698476845065879,0.737261676066569,0.703885491833165,0.737128216361355,0.685778750576678
1363,1.2,1.4,-0.88,1.79107889530756,1.90230599982073,0.698875522765128,0.737221731788251,0.698655916086313,0.737256693650319,0.703848975678923,0.737112203579076,0.685803339854155
1363.5,1.2,1.4,-0.88,1.79123188789567,1.90276318458572,0.699015412138156,0.737215743015472,0.698827388813598,0.737251333627392,0.70380009790485,0.737095892962508,0.685827577856238
1364,1.2,1.4,-0.88,1.79138855350454,1.90321938529917,0.699148206096167,0.737209380101708,0.698991196786896,0.737245599017861,0.703741628012528,0.737079295341455,0.685851469601149
1364.5,1.2,1.4,-0.88,1.79154898482158,1.90367459830933,0.699274458608414,0.737202648636272,0.699147369717825,0.737239493144044,0.703676384714777,0.73706242280336,0.685875020035418
1365,1.2,1.4,-0.88,1.79171325743856,1.90412881998043,0.699394772722398,0.737195554556909,0.699296029738843,0.737233019652744,0.70360717034837,0.737045288405031,0.685898234034912
1365.5,1.2,1.4,-0.88,1.7918814295395,1.90458204667276,0.699509786426291,0.737188104103358,0.699437385817085,0.737226182527359,0.703536712086103,0.737027905891215,0.685921116405842
1366,1.2,1.4,-0.88,1.79205354190529,1.90503427472622,0.699620159145151,0.737180303768643,0.699571726644749,0.737218986090657,0.703467610646994,0.737010289426275,0.685943671885759
1366.5,1.2,1.4,-0.88,1.79222961820535,1.90548550044726,0.699726559099765,0.737172160249326,0.699699412319634,0.737211434999082,0.703402296891302,0.736992453343421,0.685965905144533
1367,1.2,1.4,-0.88,1.79240966554401,1.90593572009905,0.699829651701898,0.737163680395963,0.699820865122812,0.737203534229624,0.703342996414972,0.736974411915331,0.685987820785326
1367.5,1.2,1.4,-0.88,1.79259367522768,1.90638492989472,0.699930089110344,0.73715487116468,0.699936559686462,0.737195289060255,0.703291702032305,0.736956179148551,0.686009423345535
1368,1.2,1.4,-0.88,1.7927816237183,1.90683312599344,0.70002850102693,0.737145739570689,0.700047012825119,0.737186705045019,0.703250153846192,0.736937768603192,0.686030717297742
1368.5,1.2,1.4,-0.88,1.79297347373903,1.90728030449923,0.700125486773017,0.73713629264443,0.700152773279624,0.737177787984816,0.703219826460275,0.73691919323892,0.686051707050631
1369,1.2,1.4,-0.88,1.79316917549874,1.907726461462,0.700221608652636,0.737126537390806,0.700254411596058,0.73716854389489,0.703201922772637,0.736900465287033,0.686072396949908
1369.5,1.2,1.4,-0.88,1.79336866800381,1.9081715928808,0.700317386580273,0.737116480751938,0.70035251033328,0.737158978970006,0.703197373712715,0.736881596148383,0.686092791279195
1370,1.2,1.4,-0.88,1.79357188042755,1.90861569470884,0.700413293927397,0.737106129573628,0.700447654763189,0.737149099548198,0.703206843230558,0.73686259631576,0.686112894260921
1370.5,1.2,1.4,-0.88,1.79377873350984,1.90905876286008,0.7005097545234,0.737095490575738,0.700540424198516,0.737138912073915,0.703230737822994,0.736843475319695,0.686132710057193
1371,1.2,1.4,-0.88,1.79398914096227,1.90950079321712,0.700607140731705,0.737084570326498,0.700631384054394,0.737128423061306,0.703269219874863,0.736824241695644,0.686152242770662
1371.5,1.2,1.4,-0.88,1.79420301085668,1.90994178164008,0.700705772511511,0.737073375220754,0.700721078722838,0.737117639058294,0.703322224107709,0.736804902970942,0.686171496445367
1372,1.2,1.4,-0.88,1.79442024697794,1.91038172397631,0.700805917368214,0.737061911462028,0.700810025313889,0.737106566611991,0.703389476454361,0.736785465669207,0.686190475067576
1372.5,1.2,1.4,-0.88,1.79464075012417,1.91082061607065,0.700907791091898,0.73705018504826,0.700898708294036,0.737095212235932,0.703470514718295,0.736765935330227,0.686209182566611
1373,1.2,1.4,-0.88,1.79486441934098,1.911258453776,0.701011559181424,0.737038201761026,0.700987575031635,0.737083582379503,0.703564710422026,0.736746316543054,0.686227622815659
1373.5,1.2,1.4,-0.88,1.7950911530782,1.91169523296409,0.701117338852784,0.737025967158053,0.701077032240695,0.737071683399867,0.703671291303412,0.736726612990446,0.686245799632578
1374,1.2,1.4,-0.88,1.79532085026062,1.91213094953622,0.701225201532901,0.737013486568683,0.701167443298515,0.73705952153661,0.703789363975305,0.73670682750215,0.686263716780684
1374.5,1.2,1.4,-0.88,1.79555341126631,1.91256559943379,0.701335175744308,0.737000765092123,0.701259126399344,0.737047102889243,0.703917936323391,0.736686962115594,0.686281377969532
1375,1.2,1.4,-0.88,1.79578873880821,1.91299917864862,0.701447250291445,0.736987807598125,0.701352353495241,0.737034433397659,0.704055939276253,0.736667018141736,0.686298786855681
1375.5,1.2,1.4,-0.88,1.79602673871673,1.91343168323278,0.701561377665574,0.736974618729866,0.701447349966743,0.73702151882556,0.704202247640279,0.736646996234695,0.686315947043457
1376,1.2,1.4,-0.88,1.79626732062285,1.91386310930789,0.701677477592222,0.736961202908692,0.701544294959468,0.73700836474682,0.70435569974851,0.736626896463335,0.686332862085693
1376.5,1.2,1.4,-0.88,1.7965103985425,1.91429345307397,0.701795440652215,0.736947564340519,0.701643322318333,0.736994976534716,0.704515115725405,0.736606718383716,0.686349535484469
1377,1.2,1.4,-0.88,1.7967558913647,1.91472271081746,0.701915131915039,0.736933707023559,0.701744522048397,0.736981359353924,0.704679314220254,0.736586461110941,0.686365970691834
1377.5,1.2,1.4,-0.88,1.79700372324664,1.91515087891872,0.702036394530518,0.736919634757185,0.701847942230335,0.736967518155113,0.704847127506551,0.736566123389596,0.686382171110522
1378,1.2,1.4,-0.88,1.79725382392027,1.91557795385867,0.702159053232347,0.736905351151635,0.701953591318881,0.736953457671995,0.705017414886717,0.736545703661596,0.686398140094657
1378.5,1.2,1.4,-0.88,1.79750612891519,1.91600393222485,0.702282917714203,0.736890859638385,0.702061440754204,0.736939182420628,0.705189074378554,0.736525200130981,0.686413880950448
1379,1.2,1.4,-0.88,1.7977605797038,1.91642881071655,0.702407785845761,0.736876163480974,0.702171427818762,0.736924696700771,0.705361052690962,0.736504610824909,0.68642939693687
1379.5,1.2,1.4,-0.88,1.79801712377454,1.9168525861494,0.702533446702691,0.736861265786079,0.702283458675658,0.73691000459909,0.705532353525625,0.73648393365035,0.686444691266344
1380,1.2,1.4,-0.88,1.79827571463972,1.91727525545906,0.702659683390511,0.736846169514719,0.702397411528595,0.736895109993998,0.705702044263779,0.736463166446321,0.686459767105396
1380.5,1.2,1.4,-0.88,1.79853631178451,1.91769681570437,0.702786275647649,0.736830877493385,0.702513139848185,0.736880016561904,0.705869261116298,0.73644230703117,0.686474627575319
1381,1.2,1.4,-0.88,1.79879888056348,1.91811726406968,0.702913002218199,0.736815392425034,0.702630475614284,0.736864727784676,0.706033212831144,0.736421353245082,0.686489275752814
1381.5,1.2,1.4,-0.88,1.79906339205138,1.91853659786665,0.703039642989259,0.73679971689979,0.702749232529257,0.736849246958106,0.706193183063481,0.736400302987552,0.686503714670631
1382,1.2,1.4,-0.88,1.79932982285449,1.91895481453536,0.70316598089168,0.736783853405275,0.702869209162348,0.736833577201166,0.706348531522,0.736379154249925,0.686517947318193
1382.5,1.2,1.4,-0.88,1.79959815488867,1.91937191164492,0.703291803566582,0.736767804336499,0.702990191990621,0.7368177214659,0.706498694010513,0.736357905143179,0.686531976642219
1383,1.2,1.4,-0.88,1.79986837495343,1.91978788689252,0.703416904802844,0.736751572006068,0.703111958307138,0.736801682547856,0.706643181486137,0.73633655392457,0.68654580554733
1383.5,1.2,1.4,-0.88,1.80014047403408,1.92020273810098,0.703541092908625,0.736735158666956,0.703234279997688,0.736785463098795,0.706781609023638,0.736315099076031,0.686559436896654
1384,1.2,1.4,-0.88,1.80041444633322,1.92061646321432,0.70366420194514,0.736718566541297,0.703356928497489,0.736769065642248,0.706913734991735,0.736293539402386,0.686572873512416
1384.5,1.2,1.4,-0.88,1.80069028807648,1.92102906029182,0.70378610305118,0.736701797850451,0.703479680807,0.736752492591761,0.707039497782797,0.73627187412765,0.686586118176525
1385,1.2,1.4,-0.88,1.80096799616179,1.92144052750073,0.703906714090039,0.736684854843036,0.703602326202937,0.736735746271213,0.707159042685104,0.736250102975322,0.686599173631146
1385.5,1.2,1.4,-0.88,1.80124756673152,1.9218508631079,0.70402600661047,0.736667739818837,0.703724673173017,0.73671882893634,0.70727273530534,0.736228226225002,0.686612042579272
1386,1.2,1.4,-0.88,1.8015289937471,1.92226006547091,0.704144009674066,0.736650455147394,0.70384655608824,0.73670174279653,0.707381160629719,0.736206244742042,0.686624727685283
1386.5,1.2,1.4,-0.88,1.80181226763903,1.92266813302885,0.704260810502195,0.736633003280704,0.703967841172149,0.736684490035971,0.707485108605526,0.736184159979776,0.686637231575493
1387,1.2,1.4,-0.88,1.80209737409426,1.92307506429327,0.704376552169615,0.736615386760097,0.704088431407705,0.736667072833333,0.707585548238809,0.736161973956819,0.6866495568387
1387.5,1.2,1.4,-0.88,1.80238429303007,1.92348085783946,0.704491428745142,0.736597608217537,0.704208270120779,0.736649493379302,0.707683592799928,0.736139689212392,0.686661706026719
1388,1.2,1.4,-0.88,1.80267299778954,1.92388551229843,0.704605678376981,0.736579670372018,0.704327343081815,0.736631753891467,0.707780458951848,0.736117308744259,0.686673681654908
1388.5,1.2,1.4,-0.88,1.80296345458004,1.92428902634972,0.704719574859394,0.736561576021764,0.704445679064775,0.736613856626207,0.707877422570632,0.736094835933668,0.686685486202695
1389,1.2,1.4,-0.88,1.80325562216365,1.92469139871519,0.704833418214311,0.736543328032991,0.704563348889393,0.736595803887388,0.707975773803317,0.736072274461653,0.686697122114086
1389.5,1.2,1.4,-0.88,1.80354945179716,1.9250926281539,0.704947524788537,0.736524929326165,0.704680463045463,0.736577598031851,0.70807677357149,0.736049628221254,0.68670859179817
1390,1.2,1.4,-0.88,1.80384488740975,1.92549271345816,0.705062217315353,0.736506382860436,0.704797168055129,0.736559241471758,0.708181613335442,0.736026901229068,0.686719897629625
1390.5,1.2,1.4,-0.88,1.80414186599903,1.92589165345063,0.705177815324931,0.736487691617087,0.704913641770493,0.736540736674021,0.708291379516032,0.736004097539642,0.686731041949201
1391,1.2,1.4,-0.88,1.80444031822002,1.92628944698259,0.705294626218933,0.73646885858262,0.705030087830313,0.736522086157063,0.708407023565117,0.735981221165303,0.686742027064213
1391.5,1.2,1.4,-0.88,1.80474016913789,1.92668609293321,0.705412937254449,0.736449886732076,0.705146729512474,0.736503292485276,0.708529338295139,0.735958276003456,0.68675285524901
1392,1.2,1.4,-0.88,1.80504133911256,1.92708159020979,0.705533008614382,0.736430779013094,0.705263803219952,0.736484358261534,0.7086589407368,0.735935265773021,0.686763528745453
1392.5,1.2,1.4,-0.88,1.80534374478242,1.92747593774883,0.705655067679034,0.736411538331075,0.705381551829394,0.736465286118176,0.708796261503224,0.735912193960778,0.686774049763375
1393,1.2,1.4,-0.88,1.80564730011454,1.92786913451787,0.705779304556897,0.736392167535802,0.70550021811492,0.73644607870685,0.708941540395157,0.735889063778405,0.686784420481041
1393.5,1.2,1.4,-0.88,1.80595191748993,1.92826117951784,0.705905868883794,0.736372669409701,0.705620038437466,0.736426738687627,0.709094827791304,0.735865878130162,0.686794643045597
1394,1.2,1.4,-0.88,1.80625750879454,1.92865207178605,0.706034867858077,0.736353046657908,0.705741236863698,0.736407268717739,0.709255991224435,0.735842639590966,0.686804719573517
1394.5,1.2,1.4,-0.88,1.80656398648919,1.92904181039935,0.706166365446085,0.736333301900217,0.705864019849783,0.736387671440297,0.709424726446255,0.735819350394497,0.686814652151038
1395,1.2,1.4,-0.88,1.80687126463493,1.92943039447772,0.706300382665706,0.736313437664894,0.70598857159563,0.736367949473299,0.709600572225175,0.73579601243035,0.686824442834595
1395.5,1.2,1.4,-0.88,1.80717925985336,1.92981782318781,0.706436898836777,0.736293456384354,0.706115050145723,0.736348105399172,0.709782928098416,0.735772627249501,0.686834093651244
1396,1.2,1.4,-0.88,1.80748789220538,1.93020409574663,0.706575853673973,0.73627336039262,0.706243584284375,0.736328141755103,0.709971074305304,0.735749196077104,0.686843606599083
1396.5,1.2,1.4,-0.88,1.80779708597502,1.9305892114251,0.706717150090598,0.736253151924408,0.706374271246865,0.736308061024311,0.710164193159061,0.735725719831324,0.686852983647668
1397,1.2,1.4,-0.88,1.80810677034868,1.93097316955147,0.706860657578937,0.736232833115744,0.706507175244039,0.736287865628409,0.710361391162081,0.735702199147271,0.686862226738415
1397.5,1.2,1.4,-0.88,1.80841687998312,1.93135596951449,0.707006216034711,0.736212406005932,0.706642326777027,0.736267557920959,0.710561721233682,0.735678634404883,0.686871337785009
1398,1.2,1.4,-0.88,1.808727355459,1.93173761076634,0.707153639897609,0.736191872540697,0.706779722700776,0.736247140182249,0.710764204489497,0.735655025759669,0.686880318673795
1398.5,1.2,1.4,-0.88,1.80903814361916,1.93211809282516,0.707302722488074,0.736171234576359,0.706919326980502,0.736226614615354,0.710967851092549,0.735631373175387,0.686889171264169
1399,1.2,1.4,-0.88,1.80934919779351,1.93249741527725,0.707453240429283,0.736150493884811,0.707061072073589,0.736205983343429,0.711171679773118,0.735607676457616,0.686897897388967
1399.5,1.2,1.4,-0.88,1.80966047791445,1.93287557777893,0.707604958055093,0.736129652159168,0.707204860861084,0.73618524840823,0.711374735698459,0.735583935287463,0.686906498854839
1400,1.2,1.4,-0.88,1.80997195052873,1.93325258005785,0.707757631715913,0.736108711019927,0.707350569047322,0.736164411769783,0.711576106448205,0.735560149254803,0.686914977442627
1400.5,1.2,1.4,-0.88,1.8102835887128,1.93362842191407,0.707911013907403,0.73608767202142,0.707498047943319,0.736143475307125,0.711774935927241,0.735536317890055,0.686923334907732
1401,1.2,1.4,-0.88,1.81059537190031,1.93400310322055,0.708064857158978,0.736066536658495,0.707647127549017,0.736122440820034,0.711970436114248,0.735512440694396,0.686931572980479
1401.5,1.2,1.4,-0.88,1.81090728563084,1.93437662392336,0.708218917631528,0.736045306373241,0.70779761985093,0.736101310031623,0.712161896606411,0.735488517167708,0.686939693366472
1402,1.2,1.4,-0.88,1.8112193212298,1.93474898404148,0.708372958385379,0.736023982561646,0.707949322255049,0.736080084591702,0.712348691974499,0.735464546833979,0.686947697746951
1402.5,1.2,1.4,-0.88,1.81153147542965,1.93512018366621,0.708526752290754,0.736002566580114,0.708102021079555,0.73605876608078,0.712530286990235,0.735440529264058,0.686955587779137
1403,1.2,1.4,-0.88,1.8118437499427,1.93549022296024,0.708680084562868,0.735981059751702,0.708255495037759,0.7360373560146,0.71270623982566,0.735416464095372,0.686963365096578
1403.5,1.2,1.4,-0.88,1.81215615099553,1.93585910215646,0.708832754913347,0.735959463372071,0.708409518648415,0.736015855849074,0.712876203357439,0.735392351048812,0.686971031309484
1404,1.2,1.4,-0.88,1.81246868883497,1.93622682155644,0.708984579317716,0.735937778715018,0.708563865517903,0.735994266985521,0.713039924733078,0.735368189942491,0.686978588005063
1404.5,1.2,1.4,-0.88,1.81278137721487,1.93659338152866,0.70913539140591,0.735916007037606,0.70871831144645,0.735972590776093,0.713197243374302,0.735343980702679,0.686986036747848
1405,1.2,1.4,-0.88,1.81309423287255,1.93695878250661,0.70928504348889,0.735894149584831,0.708872637318394,0.735950828529287,0.713348087604769,0.735319723371911,0.686993379080021
1405.5,1.2,1.4,-0.88,1.81340727500309,1.9373230249866,0.709433407239489,0.73587220759378,0.709026631744305,0.735928981515453,0.713492470095716,0.73529541811428,0.687000616521735
1406,1.2,1.4,-0.88,1.81372052473874,1.93768610952549,0.709580374049852,0.735850182297325,0.709180093430334,0.735907050972217,0.713630482325191,0.735271065218355,0.687007750571425
1406.5,1.2,1.4,-0.88,1.81403400464023,1.9380480367383,0.709725855090769,0.735828074927315,0.709332833257419,0.735885038109736,0.713762288242869,0.735246665097792,0.687014782706119
1407,1.2,1.4,-0.88,1.81434773820565,1.93840880729574,0.709869781100795,0.73580588671727,0.70948467605976,0.735862944115738,0.713888117327647,0.735222218289796,0.687021714381746
1407.5,1.2,1.4,-0.88,1.81466174940208,1.93876842192164,0.710012101934185,0.735783618904601,0.70963546209824,0.735840770160272,0.714008257214173,0.73519772545177,0.687028547033435
1408,1.2,1.4,-0.88,1.81497606222396,1.93912688139044,0.7101527858978,0.735761272732367,0.709785048230118,0.735818517400141,0.714123046054581,0.735173187356325,0.687035282075815
1408.5,1.2,1.4,-0.88,1.81529070028171,1.93948418652458,0.710291818907111,0.735738849450632,0.709933308781361,0.735796186982971,0.714232864767408,0.735148604885059,0.687041920903303
1409,1.2,1.4,-0.88,1.81560568642336,1.93984033819202,0.710429203491113,0.735716350317369,0.710080136132361,0.735773780050906,0.714338129311372,0.735123979021003,0.687048464890399
1409.5,1.2,1.4,-0.88,1.8159210423908,1.9401953373037,0.710564957674921,0.735693776599026,0.710225441031462,0.735751297743886,0.714439283105371,0.73509931084033,0.687054915391964
1410,1.2,1.4,-0.88,1.81623678851226,1.94054918481112,0.710699113768018,0.735671129570739,0.710369152653824,0.735728741202534,0.714536789702325,0.735074601503315,0.687061273743508
1410.5,1.2,1.4,-0.88,1.81655294343137,1.940901881704,0.710831717083912,0.735648410516243,0.710511218425546,0.735706111570611,0.714631125805477,0.735049852244851,0.687067541261458
1411,1.2,1.4,-0.88,1.81686952387311,1.94125342900799,0.710962824615822,0.735625620727497,0.710651603634805,0.735683409997078,0.714722774703314,0.735025064364626,0.687073719243437
1411.5,1.2,1.4,-0.88,1.81718654444601,1.9416038277825,0.711092503690502,0.7356027615041,0.710790290853035,0.735660637637752,0.714812220181707,0.735000239217277,0.687079808968531
1412,1.2,1.4,-0.88,1.81750401747991,1.94195307911867,0.711220830620575,0.735579834152477,0.710927279189911,0.735637795656577,0.714899940959342,0.734975378202508,0.687085811697552
1412.5,1.2,1.4,-0.88,1.81782195289791,1.94230118413741,0.711347889373286,0.735556839984917,0.711062583406171,0.73561488522654,0.714986405677687,0.73495048275547,0.687091728673301
1413,1.2,1.4,-0.88,1.81814035812106,1.94264814398756,0.711473770271644,0.735533780318455,0.711196232908156,0.735591907530234,0.715072068465726,0.734925554337344,0.687097561120825
1413.5,1.2,1.4,-0.88,1.81845923801514,1.94299395984425,0.711598568741467,0.735510656473646,0.711328270647453,0.735568863760104,0.715157365087069,0.734900594426357,0.68710331024767
1414,1.2,1.4,-0.88,1.81877859489285,1.94333863290737,0.711722383654243,0.735487469772881,0.711458751881972,0.735545755118356,0.715242707683021,0.734875604507646,0.687108977244132
1414.5,1.2,1.4,-0.88,1.81909842858267,1.94368216440031,0.711845315121506,0.735464221538175,0.711587742738768,0.735522582816469,0.71532847758586,0.734850586061761,0.687114563283502
1415,1.2,1.4,-0.88,1.81941873657219,1.94402455556888,0.711967461789729,0.735440913088406,0.711715318532371,0.735499348074314,0.715415016546853,0.734825540551813,0.687120069522309
1415.5,1.2,1.4,-0.88,1.81973951422808,1.94436580768048,0.712088917794782,0.73541754573616,0.711841561820338,0.735476052118837,0.71550261717138,0.734800469410004,0.687125497100562
1416,1.2,1.4,-0.88,1.82006075508954,1.94470592202356,0.712209769585007,0.735394120784275,0.711966560209987,0.735452696182343,0.715591513509813,0.734775374024006,0.687130847141982
1416.5,1.2,1.4,-0.88,1.82038245122731,1.94504489990722,0.712330092830619,0.735370639522298,0.712090403960316,0.7354292815004,0.715681872719852,0.734750255724058,0.68713612075424
1417,1.2,1.4,-0.88,1.82070459365621,1.94538274266118,0.712449949619197,0.735347103223012,0.712213183447323,0.735405809309436,0.715773788570512,0.734725115771471,0.687141319029179
1417.5,1.2,1.4,-0.88,1.82102717278629,1.94571945163578,0.712569386102018,0.735323513139155,0.712334986577418,0.735382280844082,0.715867277350181,0.734699955348815,0.687146443043048
1418,1.2,1.4,-0.88,1.82135017889612,1.94605502820226,0.712688430713598,0.735299870500483,0.71245589624207,0.735358697334361,0.715962276516974,0.734674775552465,0.687151493856719
1418.5,1.2,1.4,-0.88,1.82167360261102,1.9463894737531,0.712807093041907,0.735276176511278,0.712575987907719,0.735335060002802,0.716058646211553,0.734649577387602,0.687156472515908
1419,1.2,1.4,-0.88,1.8219974353692,1.94672278970253,0.712925363383274,0.735252432348344,0.712695327429365,0.735311370061568,0.716156173557089,0.734624361765765,0.687161380051395
1419.5,1.2,1.4,-0.88,1.82232166986035,1.94705497748705,0.713043212977383,0.735228639159547,0.712813969165431,0.735287628709679,0.716254579511347,0.734599129504909,0.687166217479233
1420,1.2,1.4,-0.88,1.82264630042246,1.94738603856593,0.71316059488477,0.73520479806292,0.712931954456998,0.735263837130421,0.716353527912435,0.734573881331928,0.687170985800958
1420.5,1.2,1.4,-0.88,1.8229713233854,1.94771597442185,0.71327744544314,0.735180910146322,0.713049310517614,0.735239996488985,0.716452636275489,0.734548617887336,0.687175686003801
1421,1.2,1.4,-0.88,1.82329673735189,1.94804478656131,0.713393686219399,0.735156976467606,0.71316604976198,0.735216107930412,0.716551487848595,0.734523339731805,0.68718031906089
1421.5,1.2,1.4,-0.88,1.82362254340939,1.94837247651515,0.713509226361505,0.73513299805526,0.713282169583894,0.735192172577871,0.716649644419413,0.734498047354165,0.687184885931449
1422,1.2,1.4,-0.88,1.82394874526903,1.94869904583884,0.713623965247577,0.7351089759095,0.713397652576936,0.735168191531301,0.716746659375146,0.734472741180782,0.687189387560999
1422.5,1.2,1.4,-0.88,1.82427534933027,1.94902449611283,0.713737795327777,0.735084911003686,0.713512467176006,0.735144165866441,0.716842090549034,0.73444742158552,0.687193824881557
1423,1.2,1.4,-0.88,1.8246023646723,1.94934882894259,0.713850605057836,0.735060804286057,0.713626568684724,0.735120096634238,0.716935512437539,0.734422088900326,0.68719819881182
1423.5,1.2,1.4,-0.88,1.82492980297529,1.94967204595872,0.713962281828836,0.735036656681682,0.713739900642896,0.735095984860625,0.7170265274299,0.734396743425873,0.687202510257366
1424,1.2,1.4,-0.88,1.82525767837663,1.94999414881681,0.714072714807536,0.735012469094556,0.71385239648018,0.735071831546671,0.717114775761401,0.734371385441998,0.687206760110832
1424.5,1.2,1.4,-0.88,1.82558600726835,1.95031513919721,0.714181797612057,0.734988242409812,0.713963981396504,0.735047637669041,0.717199943969918,0.73434601521778,0.687210949252106
1425,1.2,1.4,-0.88,1.82591480804367,1.9506350188047,0.714289430760104,0.734963977495923,0.714074574406817,0.735023404180767,0.717281771705885,0.734320633020806,0.687215078548504
1425.5,1.2,1.4,-0.88,1.82624410080072,1.95095378936801,0.714395523839754,0.734939675206919,0.714184090487027,0.734999132012266,0.717360056813118,0.734295239125736,0.687219148854954
1426,1.2,1.4,-0.88,1.82657390701277,1.95127145263927,0.714499997365276,0.734915336384492,0.714292442759388,0.73497482207258,0.717434658657838,0.734269833821701,0.687223161014169
1426.5,1.2,1.4,-0.88,1.82690424917381,1.95158801039332,0.714602784293353,0.734890961860009,0.714399544658771,0.734950475250786,0.717505499740896,0.734244417418739,0.687227115856824
1427,1.2,1.4,-0.88,1.82723515042882,1.95190346442699,0.714703831186254,0.734866552456374,0.714505312025919,0.734926092417528,0.717572565673208,0.734218990253054,0.687231014201726
1427.5,1.2,1.4,-0.88,1.82756663419737,1.95221781655826,0.71480309901929,0.734842108989677,0.714609665079547,0.734901674426642,0.717635903634772,0.734193552690939,0.687234856855987
1428,1.2,1.4,-0.88,1.82789872379905,1.9525310686254,0.714900563639628,0.734817632270707,0.714712530225884,0.734877222116814,0.717695619469636,0.734168105131824,0.687238644615187
1428.5,1.2,1.4,-0.88,1.82823144208829,1.95284322248605,0.714996215891135,0.734793123106183,0.714813841671351,0.734852736313249,0.717751873589894,0.734142648009851,0.687242378263542
1429,1.2,1.4,-0.88,1.82856481110552,1.9531542800163,0.715090061427273,0.734768582299834,0.714913542811618,0.734828217829297,0.717804875879355,0.734117181794691,0.687246058574063
1429.5,1.2,1.4,-0.88,1.82889885175091,1.95346424310968,0.715182120239077,0.734744010653211,0.715011587377688,0.734803667468027,0.717854879793741,0.734091706991179,0.687249686308719
1430,1.2,1.4,-0.88,1.82923358348546,1.95377311367626,0.715272425929643,0.734719408966296,0.715107940327009,0.734779086023695,0.717902175857307,0.734066224138083,0.687253262218594
1430.5,1.2,1.4,-0.88,1.82956902406404,1.95408089364168,0.715361024769133,0.734694778037939,0.715202578474463,0.734754474283114,0.717947084750622,0.734040733806255,0.687256787044043
1431,1.2,1.4,-0.88,1.82990518930329,1.95438758494623,0.715447974566309,0.73467011866604,0.71529549086455,0.734729833026872,0.717989950177066,0.734015236595863,0.687260261514842
1431.5,1.2,1.4,-0.88,1.83024209288691,1.95469318954395,0.715533343392946,0.734645431647597,0.715386678891791,0.734705163030419,0.718031131681787,0.733989733133272,0.687263686350345
1432,1.2,1.4,-0.88,1.8305797462095,1.9549977094018,0.715617208197299,0.734620717778564,0.715476156181461,0.734680465064985,0.718070997581883,0.733964224067399,0.687267062259626
1432.5,1.2,1.4,-0.88,1.8309181582598,1.9553011464988,0.715699653341785,0.734595977853586,0.715563948247053,0.734655739898345,0.718109918149247,0.733938710065805,0.687270389941631
1433,1.2,1.4,-0.88,1.83125733554283,1.95560350282535,0.715780769098204,0.734571212665585,0.715650091944415,0.734630988295418,0.718148259167898,0.733913191810528,0.687273670085322
1433.5,1.2,1.4,-0.88,1.8315972820402,1.9559047803825,0.715860650131438,0.734546423005243,0.715734634745184,0.734606211018698,0.718186375967494,0.733887669993819,0.687276903369817
1434,1.2,1.4,-0.88,1.83193799920695,1.95620498118127,0.715939394000051,0.734521609660423,0.715817633854189,0.734581408828539,0.71822460801533,0.733862145313936,0.687280090464534
1434.5,1.2,1.4,-0.88,1.832279486003,1.95650410724217,0.716017099699067,0.734496773415486,0.715899155196677,0.734556582483285,0.718263274128834,0.733836618470907,0.687283232029327
1435,1.2,1.4,-0.88,1.83262173895653,1.9568021605946,0.716093866266983,0.734471915050583,0.715979272301843,0.734531732739259,0.718302668351637,0.7338110901625,0.687286328714622
1435.5,1.2,1.4,-0.88,1.83296475225659,1.95709914327645,0.716169791475841,0.734447035340914,0.716058065109068,0.734506860350631,0.718343056518608,0.733785561080425,0.687289381161556
1436,1.2,1.4,-0.88,1.83330851787177,1.95739505733371,0.716244970619847,0.734422135055957,0.716135618722731,0.734481966069167,0.718384673518966,0.733760031906707,0.687292390002105
1436.5,1.2,1.4,-0.88,1.83365302569165,1.95768990482011,0.716319495414675,0.734397214958728,0.716212022140347,0.734457050643878,0.718427721251206,0.733734503310517,0.687295355859218
1437,1.2,1.4,-0.88,1.83399826368762,1.9579836877969,0.716393453016529,0.734372275805025,0.716287366977369,0.734432114820589,0.718472367251016,0.7337089759452,0.687298279346943
1437.5,1.2,1.4,-0.88,1.83434421808958,1.95827640833258,0.716466925167086,0.734347318342712,0.716361746210193,0.734407159341428,0.718518743962068,0.733683450445745,0.687301161070558
1438,1.2,1.4,-0.88,1.83469087357522,1.95856806850277,0.716539987467543,0.734322343311042,0.716435252956847,0.734382184944267,0.718566948609807,0.733657927426594,0.687304001626693
1438.5,1.2,1.4,-0.88,1.83503821346841,1.95885867039007,0.716612708782651,0.734297351440008,0.716507979312664,0.734357192362119,0.718617043631368,0.733632407479825,0.687306801603455
1439,1.2,1.4,-0.88,1.83538621994358,1.959148216084,0.716685150773144,0.734272343449783,0.716580015255849,0.734332182322508,0.718669057608214,0.733606891173814,0.687309561580548
1439.5,1.2,1.4,-0.88,1.83573487423298,1.95943670768092,0.716757367553172,0.734247320050173,0.71665144763548,0.734307155546829,0.71872298664478,0.733581379052114,0.687312282129398
1440,1.2,1.4,-0.88,1.83608415683404,1.95972414728405,0.716829405467466,0.734222281940166,0.716722359252065,0.734282112749694,0.718778796133031,0.733555871632806,0.687314963813263
1440.5,1.2,1.4,-0.88,1.83643404771423,1.96001053700349,0.716901302981619,0.734197229807532,0.716792828038402,0.73425705463831,0.71883642284217,0.73353036940816,0.68731760718736
1441,1.2,1.4,-0.88,1.83678452651096,1.96029587895623,0.716973090677715,0.734172164328481,0.716862926346222,0.734231981911851,0.718895777273,0.733504872844543,0.687320212798969
1441.5,1.2,1.4,-0.88,1.83713557272458,1.96058017526621,0.717044791346473,0.734147086167411,0.716932720341908,0.734206895260882,0.718956746216825,0.733479382382767,0.687322781187555
1442,1.2,1.4,-0.88,1.83748716590245,1.96086342806444,0.717116420166626,0.734121995976688,0.717002269512582,0.734181795366802,0.719019195462108,0.733453898438495,0.687325312884876
1442.5,1.2,1.4,-0.88,1.83783928581279,1.961145639489,0.717187984961666,0.734096894396526,0.717071626281972,0.734156682901345,0.719082972594299,0.733428421403082,0.687327808415092
1443,1.2,1.4,-0.88,1.83819191260674,1.9614268116852,0.717259486523835,0.734071782054899,0.717140835733839,0.734131558526116,0.719147909837972,0.733402951644471,0.687330268294876
1443.5,1.2,1.4,-0.88,1.8385450269678,1.96170694680563,0.717330918995376,0.734046659567539,0.717209935439215,0.734106422892191,0.71921382689513,0.733377489508375,0.687332693033521
1444,1.2,1.4,-0.88,1.83889861024713,1.96198604701026,0.717402270296977,0.734021527537942,0.717278955382487,0.734081276639765,0.719280533737357,0.733352035319409,0.687335083133042
1444.5,1.2,1.4,-0.88,1.83925264458243,1.96226411446653,0.717473522623522,0.733996386557496,0.717347917984496,0.734056120397861,0.719347833442761,0.73332658938265,0.687337439088284
1445,1.2,1.4,-0.88,1.83960711299784,1.96254115134939,0.717544653034721,0.733971237205629,0.717416838224832,0.734030954784103,0.719415525194591,0.733301151985125,0.687339761387023
1445.5,1.2,1.4,-0.88,1.83996199948196,1.96281715984141,0.717615634162272,0.733946080050057,0.717485723868161,0.734005780404555,0.719483407524678,0.733275723397655,0.687342050510066
1446,1.2,1.4,-0.88,1.84031728904129,1.96309214213276,0.717686435042908,0.73392091564708,0.7175545758001,0.733980597853626,0.719551281826334,0.733250303876698,0.68734430693135
1446.5,1.2,1.4,-0.88,1.84067296772685,1.96336610042129,0.717757022072417,0.733895744542,0.717623388476707,0.733955407714059,0.719618956098307,0.733224893666608,0.687346531118045
1447,1.2,1.4,-0.88,1.84102902263258,1.96363903691244,0.717827360061685,0.733870567269563,0.717692150488298,0.733930210556983,0.719686248824445,0.733199493001779,0.687348723530645
1447.5,1.2,1.4,-0.88,1.84138544186501,1.96391095381929,0.717897413365283,0.733845384354479,0.717760845233874,0.73390500694205,0.719752992855568,0.733174102108996,0.687350884623064
1448,1.2,1.4,-0.88,1.84174221448474,1.96418185336239,0.717967147044956,0.73382019631201,0.717829451697254,0.733879797417643,0.719819039135281,0.733148721209838,0.687353014842735
1448.5,1.2,1.4,-0.88,1.84209933042126,1.96445173776975,0.718036528026272,0.733795003648552,0.71789794531087,0.733854582521152,0.719884260105731,0.733123350522907,0.687355114630696
1449,1.2,1.4,-0.88,1.84245678036375,1.96472060927663,0.71810552620614,0.733769806862271,0.717966298888485,0.733829362779316,0.719948552639322,0.733097990266086,0.687357184421686
1449.5,1.2,1.4,-0.88,1.84281455563124,1.96498847012541,0.71817411547053,0.73374460644373,0.718034483604237,0.733804138708625,0.720011840361034,0.733072640658589,0.687359224644233
1450,1.2,1.4,-0.88,1.84317264802624,1.9652553225654,0.718242274586663,0.733719402876494,0.718102469992672,0.733778910815763,0.720074075257285,0.733047301922767,0.687361235720744
1450.5,1.2,1.4,-0.88,1.84353104967636,1.9655211688526,0.718309987939763,0.733694196637724,0.718170228942918,0.733753679598095,0.720135238500076,0.733021974285721,0.68736321806759
1451,1.2,1.4,-0.88,1.84388975286906,1.96578601124946,0.718377246091972,0.733668988198719,0.718237732659909,0.733728445544177,0.720195340452638,0.732996657980563,0.687365172095196
1451.5,1.2,1.4,-0.88,1.84424874988424,1.96604985202463,0.71844404614885,0.733643778025421,0.718304955566541,0.733703209134285,0.720254419858872,0.732971353247416,0.687367098208122
1452,1.2,1.4,-0.88,1.84460803282986,1.96631269345269,0.718510391926715,0.733618566578865,0.718371875122718,0.733677970840947,0.720312542251855,0.732946060334133,0.687368996805149
1452.5,1.2,1.4,-0.88,1.84496759348507,1.96657453781384,0.718576293921733,0.733593354315534,0.718438472540192,0.733652731129467,0.720369797646922,0.732920779496537,0.687370868279361
1453,1.2,1.4,-0.88,1.84532742315522,1.96683538739362,0.718641769088697,0.733568141687696,0.718504733375833,0.733627490458437,0.720426297609435,0.732895510998578,0.687372713018227
1453.5,1.2,1.4,-0.88,1.84568751254249,1.96709524448265,0.718706840443118,0.733542929143638,0.71857064799013,0.733602249280223,0.72048217180474,0.732870255112022,0.687374531403681
1454,1.2,1.4,-0.88,1.8460478516352,1.96735411137627,0.718771536505686,0.733517717127837,0.718636211862209,0.733577008041414,0.720537564152492,0.732845012115958,0.6873763238122
1454.5,1.2,1.4,-0.88,1.8464084296184,1.96761199037432,0.718835890611707,0.733492506081083,0.718701425757239,0.733551767183237,0.720592628713111,0.73281978229608,0.687378090614883
1455,1.2,1.4,-0.88,1.84676923480731,1.96786888378085,0.718899940110918,0.733467296440527,0.718766295746529,0.73352652714192,0.720647525435936,0.732794565943752,0.687379832177527
1455.5,1.2,1.4,-0.88,1.84713025460493,1.96812479390382,0.718963725484843,0.733442088639666,0.718830833084843,0.73350128834902,0.720702415895971,0.732769363354898,0.687381548860706
1456,1.2,1.4,-0.88,1.84749147548391,1.96837972305489,0.719027289409259,0.733416883108312,0.718895053953272,0.733476051231681,0.7207574591377,0.732744174828872,0.687383241019838
1456.5,1.2,1.4,-0.88,1.84785288299266,1.96863367354919,0.719090675789218,0.733391680272472,0.718958979079316,0.733450816212862,0.720812807734605,0.732719000667102,0.687384909005269
1457,1.2,1.4,-0.88,1.84821446178464,1.96888664770508,0.719153928792633,0.733366480554227,0.719022633248609,0.733425583711494,0.720868604158084,0.732693841171808,0.687386553162337
1457.5,1.2,1.4,-0.88,1.84857619566945,1.96913864784397,0.719217091906899,0.733341284371573,0.719086044724837,0.7334003541426,0.720924977535466,0.732668696644692,0.687388173831446
1458,1.2,1.4,-0.88,1.84893806768399,1.96938967629015,0.719280207040543,0.733316092138246,0.719149244596004,0.733375127917369,0.72098204085984,0.73264356738565,0.68738977134814
1458.5,1.2,1.4,-0.88,1.84930006018122,1.9696397353706,0.719343313688973,0.733290904263524,0.71921226606603,0.733349905443174,0.721039888696785,0.732618453691536,0.687391346043166
1459,1.2,1.4,-0.88,1.84966215493417,1.9698888274149,0.719406448180621,0.733265721152037,0.719275143711084,0.733324687123569,0.72109859541765,0.732593355855026,0.68739289824255
1459.5,1.2,1.4,-0.88,1.85002433325244,1.97013695475506,0.719469643016384,0.733240543203566,0.719337912719784,0.733299473358236,0.721158213972074,0.732568274163558,0.687394428267656
1460,1.2,1.4,-0.88,1.85038657610815,1.97038411972545,0.719532926311981,0.733215370812859,0.719400608135702,0.733274264542909,0.721218775197325,0.732543208898452,0.687395936435261
1460.5,1.2,1.4,-0.88,1.85074886426868,1.97063032466269,0.719596321349964,0.73319020436945,0.719463264119507,0.733249061069282,0.721280287649862,0.732518160334082,0.687397423057615
1461,1.2,1.4,-0.88,1.8511111784331,1.97087557190559,0.719659846244553,0.733165044257506,0.71952591324654,0.733223863324882,0.72134273793051,0.732493128737282,0.687398888442506
1461.5,1.2,1.4,-0.88,1.85147349936958,1.97111986379508,0.719723513720186,0.733139890855673,0.719588585853889,0.733198671692946,0.721406091467,0.732468114366791,0.687400332893327
1462,1.2,1.4,-0.88,1.85183580805112,1.97136320267415,0.719787331001556,0.733114744536978,0.719651309449006,0.73317348655228,0.721470293707388,0.732443117472966,0.687401756709137
1462.5,1.2,1.4,-0.88,1.85219808578706,1.97160559088781,0.719851299811002,0.73308960566872,0.719714108189816,0.733148308277121,0.721535271673302,0.732418138297531,0.68740316018472
1463,1.2,1.4,-0.88,1.85256031434815,1.97184703078307,0.719915416466826,0.733064474612405,0.719777002444037,0.733123137237,0.721600935816465,0.732393177073486,0.687404543610653
1463.5,1.2,1.4,-0.88,1.85292247608324,1.97208752470888,0.719979672074731,0.733039351723715,0.71984000843325,0.733097973796608,0.721667182120406,0.732368234025228,0.687405907273358
1464,1.2,1.4,-0.88,1.85328455402583,1.97232707501612,0.720044052802914,0.733014237352491,0.719903137965048,0.733072818315676,0.721733894387189,0.732343309368665,0.687407251455167
1464.5,1.2,1.4,-0.88,1.85364653198905,1.97256568405756,0.720108540230826,0.732989131842735,0.719966398254592,0.73304767114887,0.721800946651379,0.732318403311486,0.687408576434379
1465,1.2,1.4,-0.88,1.85400839464799,1.97280335418783,0.720173111760302,0.732964035532666,0.720029791834866,0.733022532645694,0.721868205662816,0.732293516053574,0.687409882485316
1465.5,1.2,1.4,-0.88,1.85437012760852,1.97304008776343,0.720237741078152,0.732938948754776,0.720093316553241,0.732997403150419,0.721935533386105,0.732268647787443,0.687411169878383
1466,1.2,1.4,-0.88,1.85473171746208,1.97327588714263,0.720302398658413,0.732913871835916,0.720156965650306,0.73297228300203,0.7220027894652,0.732243798698754,0.687412438880121
1466.5,1.2,1.4,-0.88,1.85509315182624,1.9735107546855,0.720367052293304,0.732888805097394,0.720220727915609,0.73294717253419,0.722069833609402,0.732218968966829,0.687413689753262
1467,1.2,1.4,-0.88,1.85545441937092,1.97374469275383,0.720431667641737,0.732863748855108,0.720284587913748,0.732922072075227,0.72213652785976,0.73219415876532,0.687414922756787
1467.5,1.2,1.4,-0.88,1.85581550983056,1.97397770371108,0.720496208785139,0.732838703419681,0.720348526273364,0.732896981948146,0.722202738702234,0.7321693682628,0.687416138145975
1468,1.2,1.4,-0.88,1.85617641400277,1.97420978992238,0.720560638780898,0.732813669096606,0.720412520030887,0.732871902470653,0.722268338999066,0.732144597623359,0.687417336172461
1468.5,1.2,1.4,-0.88,1.85653712373402,1.97444095375439,0.720624920204544,0.732788646186424,0.72047654302038,0.73284683395521,0.722333209715653,0.732119847007335,0.687418517084283
1469,1.2,1.4,-0.88,1.85689763189315,1.97467119757532,0.720689015672722,0.732763634984875,0.72054056630057,0.732821776709096,0.7223972414261,0.732095116571816,0.687419681125937
1469.5,1.2,1.4,-0.88,1.85725793233384,1.9749005237548,0.720752888340033,0.732738635783093,0.720604558610099,0.732796731034504,0.722460335586419,0.732070406471335,0.687420828538423
1470,1.2,1.4,-0.88,1.85761801984683,1.97512893466381,0.720816502363746,0.732713648867765,0.72066848684207,0.732771697228633,0.722522405569253,0.732045716858373,0.687421959559303
1470.5,1.2,1.4,-0.88,1.85797789010324,1.97535643267462,0.720879823331518,0.732688674521331,0.720732316529311,0.73274667558381,0.722583377459286,0.732021047883931,0.687423074422741
1471,1.2,1.4,-0.88,1.85833753959013,1.97558302016065,0.720942818648079,0.732663713022147,0.720796012332074,0.732721666387616,0.722643190612201,0.731996399697987,0.687424173359559
1471.5,1.2,1.4,-0.88,1.85869696553951,1.97580869949644,0.721005457878169,0.732638764644673,0.720859538520516,0.732696669923028,0.722701797985337,0.731971772449986,0.68742525659728
1472,1.2,1.4,-0.88,1.85905616585204,1.97603347305747,0.721067713043529,0.732613829659637,0.720922859444829,0.732671686468566,0.722759166249912,0.731947166289176,0.687426324360176
1472.5,1.2,1.4,-0.88,1.8594151390167,1.9762573432201,0.72112955887314,0.732588908334211,0.720985939986655,0.732646716298448,0.722815275699595,0.73192258136501,0.687427376869316
1473,1.2,1.4,-0.88,1.85977388402758,1.97648031236145,0.721190973006189,0.732564000932154,0.721048745986111,0.732621759682745,0.722870119970349,0.731898017827372,0.687428414342612
1473.5,1.2,1.4,-0.88,1.86013240029905,1.97670238285925,0.721251936148486,0.732539107713987,0.721111244639588,0.73259681688755,0.722923705590423,0.731873475826884,0.68742943699486
1474,1.2,1.4,-0.88,1.86049068758025,1.97692355709174,0.721312432183402,0.732514228937099,0.721173404864246,0.732571888175131,0.722976051379326,0.731848955514981,0.687430445037791
1474.5,1.2,1.4,-0.88,1.86084874587013,1.97714383743758,0.72137244823923,0.732489364855926,0.721235197625988,0.7325469738041,0.7230271877165,0.731824457044203,0.687431438680108
1475,1.2,1.4,-0.88,1.8612065753341,1.97736322627563,0.721431974713086,0.732464515722033,0.721296596228158,0.732522074029568,0.723077155691086,0.731799980568133,0.687432418127535
1475.5,1.2,1.4,-0.88,1.86156417622338,1.97758172598491,0.72149100525026,0.732439681784234,0.721357576558477,0.732497189103298,0.723126006137734,0.731775526241467,0.687433383582856
1476,1.2,1.4,-0.88,1.86192154879831,1.97779933894444,0.7215495366761,0.732414863288714,0.721418117291698,0.732472319273857,0.723173798555105,0.731751094220089,0.687434335245958
1476.5,1.2,1.4,-0.88,1.86227869325695,1.97801606753308,0.721607568877683,0.732390060479076,0.721478200045453,0.732447464786758,0.723220599904346,0.731726684660864,0.687435273313873
1477,1.2,1.4,-0.88,1.86263560966999,1.97823191412946,0.721665104632712,0.732365273596447,0.721537809486792,0.732422625884588,0.723266483285621,0.731702297721656,0.687436197980817
1477.5,1.2,1.4,-0.88,1.86299229792351,1.97844688111179,0.721722149385079,0.732340502879517,0.721596933387206,0.732397802807138,0.723311526499221,0.731677933561094,0.687437109438234
1478,1.2,1.4,-0.88,1.86334875767036,1.97866097085779,0.72177871096797,0.732315748564589,0.721655562624411,0.732372995791514,0.723355810503356,0.731653592338419,0.687438007874831
1478.5,1.2,1.4,-0.88,1.86370498829139,1.97887418574453,0.721834799278237,0.732291010885609,0.721713691129989,0.732348205072237,0.723399417791752,0.731629274213221,0.687438893476619
1479,1.2,1.4,-0.88,1.86406098886712,1.97908652814834,0.721890425907687,0.73226629007417,0.721771315783008,0.732323430881334,0.723442430720548,0.731604979345149,0.687439766426953
1479.5,1.2,1.4,-0.88,1.86441675816031,1.97929800044469,0.721945603739524,0.732241586359528,0.721828436251,0.732298673448412,0.723484929822775,0.731580707893654,0.687440626906568
1480,1.2,1.4,-0.88,1.86477229460979,1.97950860500808,0.722000346519604,0.732216899968597,0.721885054781024,0.73227393300072,0.723526992151709,0.731556460017673,0.687441475093617
1480.5,1.2,1.4,-0.88,1.86512759633524,1.97971834421192,0.722054668413871,0.73219223112591,0.721941175944941,0.732249209763205,0.723568689698538,0.73153223587525,0.687442311163708
1481,1.2,1.4,-0.88,1.86548266115275,1.97992722042849,0.72210858356381,0.732167580053607,0.721996806344386,0.732224503958539,0.723610087928283,0.73150803562322,0.687443135289941
1481.5,1.2,1.4,-0.88,1.86583748660029,1.98013523602879,0.722162105652243,0.732142946971403,0.722051954282126,0.732199815807152,0.723651244476596,0.731483859416928,0.687443947642942
1482,1.2,1.4,-0.88,1.86619206997221,1.9803423933825,0.722215247491302,0.732118332096535,0.722106629407542,0.732175145527241,0.72369220804462,0.73145970740982,0.6874447483909
1482.5,1.2,1.4,-0.88,1.86654640836162,1.98054869485788,0.722268020643707,0.732093735643729,0.722160842344739,0.732150493334772,0.723733017523424,0.731435579753186,0.687445537699601
1483,1.2,1.4,-0.88,1.86690049870923,1.9807541428217,0.722320435087222,0.732069157825169,0.722214604312295,0.732125859443478,0.723773701371446,0.731411476595941,0.687446315732464
1483.5,1.2,1.4,-0.88,1.86725433785715,1.98095873963919,0.722372498930531,0.732044598850433,0.722267926743883,0.732101244064837,0.723814277259926,0.731387398084259,0.687447082650572
1484,1.2,1.4,-0.88,1.86760792260602,1.98116248767399,0.722424218187075,0.732020058926474,0.722320820918844,0.732076647408058,0.723854751992708,0.731363344361478,0.687447838612707
1484.5,1.2,1.4,-0.88,1.86796124977386,1.98136538928804,0.722475596611414,0.731995538257578,0.722373297611482,0.732052069680052,0.723895121697992,0.731339315567863,0.687448583775382
1485,1.2,1.4,-0.88,1.86831431625501,1.9815674468416,0.722526635600492,0.731971037045345,0.722425366767115,0.732027511085402,0.723935372280455,0.731315311840546,0.687449318292877
1485.5,1.2,1.4,-0.88,1.86866711907746,1.98176866269314,0.722577334160522,0.731946555488644,0.72247703721208,0.732002971826332,0.723975480116064,0.731291333313317,0.687450042317264
1486,1.2,1.4,-0.88,1.86901965545728,1.98196903919934,0.72262768893795,0.731922093783635,0.7225283164038,0.731978452102679,0.724015412963678,0.731267380116748,0.687450755998446
1486.5,1.2,1.4,-0.88,1.86937192284856,1.98216857871504,0.722677694311586,0.731897652123733,0.722579210225796,0.731953952111859,0.724055131063678,0.731243452378068,0.687451459484183
1487,1.2,1.4,-0.88,1.86972391898786,1.98236728359318,0.722727342541017,0.731873230699619,0.722629722831202,0.731929472048838,0.724094588387983,0.731219550221221,0.687452152920123
1487.5,1.2,1.4,-0.88,1.87007564193205,1.98256515618479,0.722776623965646,0.731848829699261,0.722679856537002,0.73190501210611,0.724133734005208,0.731195673767003,0.687452836449835
1488,1.2,1.4,-0.88,1.87042709008887,1.98276219883891,0.722825527247204,0.731824449307918,0.722729611769812,0.731880572473676,0.724172513521303,0.731171823133085,0.687453510214838
1488.5,1.2,1.4,-0.88,1.87077826223935,1.98295841390262,0.722874039648012,0.731800089708172,0.72277898706271,0.731856153339026,0.724210870556753,0.731147998434184,0.687454174354626
1489,1.2,1.4,-0.88,1.87112915755214,1.98315380372093,0.722922147336922,0.731775751079967,0.722827979101389,0.731831754887133,0.724248748223063,0.731124199782247,0.687454829006703
1489.5,1.2,1.4,-0.88,1.87147977558916,1.98334837063679,0.72296983571424,0.731751433600635,0.722876582816725,0.731807377300447,0.724286090561477,0.73110042728654,0.687455474306607
1490,1.2,1.4,-0.88,1.87183011630292,1.98354211699106,0.723017089747373,0.731727137444963,0.722924791519896,0.731783020758897,0.72432284391186,0.73107668105395,0.687456110387941
1490.5,1.2,1.4,-0.88,1.87218018002563,1.98373504512241,0.723063894308873,0.731702862785222,0.722972597075295,0.731758685439903,0.724358958181866,0.731052961189086,0.687456737382399
1491,1.2,1.4,-0.88,1.87252996745052,1.98392715736734,0.723110234509087,0.731678609791235,0.723019990105827,0.73173437151839,0.724394387991264,0.731029267794511,0.687457355419793
1491.5,1.2,1.4,-0.88,1.87287947960598,1.98411845606013,0.723156096016205,0.731654378630435,0.723066960224657,0.73171007916681,0.724429093670722,0.731005600970976,0.687457964628082
1492,1.2,1.4,-0.88,1.87322871782318,1.98430894353277,0.723201465357313,0.731630169467918,0.723113496287156,0.731685808555168,0.724463042099632,0.730981960817565,0.687458565133395
1492.5,1.2,1.4,-0.88,1.873577683698,1.98449862211493,0.723246330194627,0.731605982466512,0.723159586656622,0.73166155985106,0.72449620737113,0.73095834743191,0.687459157060061
1493,1.2,1.4,-0.88,1.87392637904821,1.98468749413391,0.723290679572321,0.73158181778684,0.72320521947736,0.731637333219704,0.724528571278752,0.73093476091039,0.687459740530632
1493.5,1.2,1.4,-0.88,1.87427480586678,1.98487556191461,0.723334504130032,0.731557675587366,0.723250382948863,0.731613128823988,0.72456012362245,0.730911201348215,0.687460315665908
1494,1.2,1.4,-0.88,1.87462296627232,1.98506282777946,0.723377796280333,0.731533556024475,0.723295065595137,0.73158894682451,0.724590862337082,0.730887668839662,0.687460882584967
1494.5,1.2,1.4,-0.88,1.87497086245773,1.9852492940484,0.723420550348056,0.731509459252521,0.723339256523591,0.731564787379632,0.724620793448754,0.730864163478158,0.687461441405181
1495,1.2,1.4,-0.88,1.87531849663795,1.98543496303877,0.723462762670729,0.731485385423889,0.723382945668463,0.731540650645525,0.724649930869772,0.73084068535642,0.68746199224225
1495.5,1.2,1.4,-0.88,1.87566587099788,1.98561983706533,0.723504431659873,0.731461334689045,0.723426124014324,0.731516536776225,0.72467829604428,0.730817234566529,0.687462535210218
1496,1.2,1.4,-0.88,1.87601298764123,1.98580391844017,0.723545557823877,0.731437307196577,0.723468783795837,0.731492445923683,0.724705917459721,0.730793811199961,0.687463070421501
1496.5,1.2,1.4,-0.88,1.87635984854129,1.98598720947266,0.723586143753863,0.731413303093255,0.723510918670676,0.731468378237817,0.724732830041019,0.730770415347713,0.687463597986908
1497,1.2,1.4,-0.88,1.87670645549438,1.98616971246941,0.723626194074658,0.731389322524068,0.723552523863188,0.731444333866567,0.724759074446038,0.730747047100306,0.687464118015666
1497.5,1.2,1.4,-0.88,1.8770528100766,1.9863514297342,0.723665715363328,0.731365365632268,0.723593596277106,0.731420312955942,0.724784696280708,0.730723706547815,0.687464630615443
1498,1.2,1.4,-0.88,1.87739891360451,1.98653236356794,0.723704716038393,0.731341432559379,0.723634134576325,0.73139631565007,0.724809745253688,0.730700393779791,0.687465135892365
1498.5,1.2,1.4,-0.88,1.87774476710028,1.98671251626864,0.723743206223216,0.731317523445268,0.723674139233453,0.731372342091247,0.724834274290168,0.730677108885393,0.687465633951045
1499,1.2,1.4,-0.88,1.87809037126167,1.98689189013133,0.723781197586896,0.731293638428127,0.723713612546418,0.731348392419979,0.724858338622409,0.730653851953183,0.687466124894602
1499.5,1.2,1.4,-0.88,1.87843572643717,1.98707048744802,0.723818703166823,0.731269777644539,0.723752558624084,0.731324466775022,0.724881994876378,0.730630623071275,0.687466608824679
1500,1.2,1.4,-0.88,1.87878083260642,1.98724831050765,0.723855737176547,0.731245941229451,0.723790983342293,0.731300565293424,0.72490530017035,0.730607422327077,0.687467085841469
1500.5,1.2,1.4,-0.88,1.87912568936617,1.98742536159606,0.72389231480284,0.731222129316227,0.723828894272245,0.731276688110557,0.724928311240853,0.730584249807418,0.687467556043734
1501,1.2,1.4,-0.88,1.87947029592162,1.98760164299593,0.723928451995871,0.73119834203664,0.723866300583512,0.73125283536015,0.724951083610256,0.73056110559836,0.687468019528823
1501.5,1.2,1.4,-0.88,1.87981465108318,1.98777715698675,0.723964165256048,0.731174579520887,0.723903212924316,0.731229007174318,0.724973670807655,0.730537989785195,0.687468476392697
1502,1.2,1.4,-0.88,1.88015875326845,1.98795190584477,0.723999471420945,0.731150841897588,0.72393964328194,0.731205203683585,0.724996123653013,0.730514902452309,0.687468926729945
1502.5,1.2,1.4,-0.88,1.88050260050922,1.98812589184297,0.724034387455637,0.731127129293809,0.723975604826322,0.731181425016905,0.725018489613399,0.730491843683195,0.687469370633802
1503,1.2,1.4,-0.88,1.88084619046321,1.98829911725099,0.724068930249346,0.731103441835037,0.724011111740031,0.731157671301684,0.725040812237614,0.730468813560264,0.687469808196177
1503.5,1.2,1.4,-0.88,1.88118952043014,1.98847158433515,0.724103116420921,0.731079779645208,0.724046179037808,0.731133942663791,0.725063130673339,0.730445812164892,0.68747023950766
1504,1.2,1.4,-0.88,1.88153258737188,1.98864329535839,0.724136962135621,0.731056142846688,0.724080822378894,0.731110239227573,0.725085479270376,0.730422839577252,0.68747066465755
1504.5,1.2,1.4,-0.88,1.88187538793613,1.98881425258022,0.724170482934968,0.731032531560287,0.724115057875272,0.731086561115865,0.725107887270246,0.730399895876334,0.687471083733871
1505,1.2,1.4,-0.88,1.88221791848329,1.98898445825671,0.72420369358148,0.731008945905241,0.724148901898851,0.731062908449996,0.725130378582641,0.730376981139796,0.687471496823387
1505.5,1.2,1.4,-0.88,1.88256017511593,1.98915391464048,0.724236607919493,0.73098538599923,0.724182370890442,0.731039281349796,0.725152971646569,0.730354095443998,0.687471904011625
1506,1.2,1.4,-0.88,1.88290215371052,1.98932262398063,0.724269238753479,0.730961851958357,0.724215481173263,0.731015679933599,0.725175679375061,0.730331238863874,0.687472305382887
1506.5,1.2,1.4,-0.88,1.88324384995072,1.98949058852276,0.724301597745178,0.730938343897166,0.724248248773559,0.730992104318244,0.725198509182152,0.730308411472969,0.687472701020274
1507,1.2,1.4,-0.88,1.88358525936182,1.98965781050892,0.724333695330865,0.730914861928624,0.724280689250804,0.730968554619081,0.725221463090906,0.730285613343334,0.687473091005699
1507.5,1.2,1.4,-0.88,1.88392637734567,1.98982429217758,0.724365540660054,0.730891406164139,0.724312817539826,0.730945030949963,0.725244537921456,0.730262844545563,0.687473475419903
1508,1.2,1.4,-0.88,1.88426719921554,1.98999003576366,0.724397141556896,0.730867976713544,0.724344647807093,0.730921533423255,0.725267725557859,0.730240105148726,0.687473854342476
1508.5,1.2,1.4,-0.88,1.88460772023027,1.99015504349845,0.724428504505348,0.730844573685119,0.724376193323259,0.730898062149828,0.725291013292071,0.730217395220419,0.68747422785187
1509,1.2,1.4,-0.88,1.88494793562722,1.99031931760964,0.72445963465858,0.730821197185579,0.724407466353848,0.730874617239056,0.725314384240933,0.730194714826695,0.687474596025414
1509.5,1.2,1.4,-0.88,1.88528784065327,1.99048286032126,0.724490535873003,0.730797847320094,0.724438478069787,0.730851198798826,0.725337817832015,0.730172064032151,0.687474958939337
1510,1.2,1.4,-0.88,1.88562743059346,1.99064567385371,0.724521210766459,0.730774524192287,0.724469238479164,0.730827806935528,0.725361290351083,0.73014944289988,0.687475316668775
1510.5,1.2,1.4,-0.88,1.88596670079676,1.99080776042371,0.724551660799542,0.73075122790425,0.724499756381259,0.730804441754062,0.725384775542022,0.730126851491541,0.687475669287792
1511,1.2,1.4,-0.88,1.88630564669837,1.99096912224429,0.72458188637853,0.730727958556557,0.72453003934351,0.730781103357839,0.725408245248774,0.730104289867384,0.687476016869395
1511.5,1.2,1.4,-0.88,1.88664426383846,1.9911297615248,0.724611886977591,0.73070471624828,0.724560093701601,0.730757791848788,0.72543167008624,0.730081758086299,0.687476359485547
1512,1.2,1.4,-0.88,1.88698254787677,1.99128968047087,0.724641661277404,0.730681501077001,0.72458992458241,0.730734507327357,0.725455020125871,0.730059256205852,0.687476697207182
1512.5,1.2,1.4,-0.88,1.88732049460316,1.99144888128439,0.724671207317023,0.73065831313883,0.724619535949046,0.730711249892523,0.725478265581495,0.730036784282336,0.687477030104222
1513,1.2,1.4,-0.88,1.88765809994384,1.99160736616353,0.724700522655093,0.730635152528428,0.724648930666712,0.7306880196418,0.725501377479044,0.730014342370837,0.68747735824559
1513.5,1.2,1.4,-0.88,1.88799535996338,1.99176513730269,0.724729604536492,0.730612019339026,0.724678110587652,0.730664816671249,0.725524328294908,0.729991930525286,0.687477681699225
1514,1.2,1.4,-0.88,1.88833227086258,1.99192219689249,0.724758450060438,0.73058891366246,0.724707076653023,0.730641641075494,0.725547092548767,0.729969548798586,0.687478000532093
1514.5,1.2,1.4,-0.88,1.88866882897253,1.99207854711979,0.724787056345684,0.730565835589163,0.724735829009124,0.730618492947728,0.725569647336069,0.729947197242522,0.687478314810206
1515,1.2,1.4,-0.88,1.88900503074502,1.99223419016763,0.724815420689105,0.730542785208234,0.724764367135132,0.730595372379738,0.725591972789342,0.72992487590802,0.687478624598632
1515.5,1.2,1.4,-0.88,1.88934087273975,1.99238912821523,0.724843540713748,0.730519762607419,0.72479268997921,0.730572279461914,0.72561405245747,0.729902584845027,0.687478929961508
1516,1.2,1.4,-0.88,1.88967635160885,1.992543363438,0.724871414503116,0.73049676787317,0.724820796099763,0.730549214283274,0.725635873595802,0.729880324102702,0.687479230962058
1516.5,1.2,1.4,-0.88,1.89001146407911,1.99269689800747,0.724899040718766,0.730473801090646,0.7248486838085,0.730526176931477,0.725657427361888,0.729858093729378,0.6874795276626
1517,1.2,1.4,-0.88,1.89034620693257,1.99284973409132,0.724926418698759,0.730450862343753,0.724876351312016,0.730503167492851,0.72567870891399,0.729835893772674,0.687479820124563
1517.5,1.2,1.4,-0.88,1.89068057698595,1.99300187385336,0.724953548535239,0.730427951715166,0.72490379684871,0.730480186052406,0.725699717412809,0.729813724279527,0.687480108408498
1518,1.2,1.4,-0.88,1.89101457106954,1.99315331945348,0.724980431129972,0.730405069286338,0.724931018818064,0.730457232693865,0.725720455929351,0.729791585296171,0.687480392574091
1518.5,1.2,1.4,-0.88,1.89134818600616,1.99330407304765,0.725007068227036,0.73038221513755,0.724958015899558,0.730434307499679,0.725740931262878,0.729769476868289,0.687480672680175
1519,1.2,1.4,-0.88,1.8916814185906,1.99345413678793,0.725033462422899,0.7303593893479,0.724984787158818,0.730411410551053,0.725761153677355,0.7297473990409,0.687480948784744
1519.5,1.2,1.4,-0.88,1.89201426557025,1.99360351282241,0.725059617154261,0.730336591995355,0.725011332139004,0.730388541927969,0.725781136564399,0.729725351858513,0.687481220944962
1520,1.2,1.4,-0.88,1.89234672362722,1.99375220329523,0.725085536664823,0.730313823156746,0.725037650935826,0.730365701709205,0.72580089604365,0.729703335365048,0.687481489217177
1520.5,1.2,1.4,-0.88,1.89267878936243,1.99390021034652,0.725111225952475,0.730291082907794,0.72506374425503,0.73034288997236,0.725820450511964,0.729681349603875,0.687481753656931
1521,1.2,1.4,-0.88,1.89301045928204,1.99404753611243,0.725136690698846,0.730268371323131,0.725089613451655,0.730320106793876,0.725839820153775,0.72965939461783,0.687482014318975
1521.5,1.2,1.4,-0.88,1.89334172978653,1.99419418272508,0.725161937183542,0.730245688476317,0.725115260550787,0.730297352249055,0.725859026425624,0.729637470449246,0.687482271257276
1522,1.2,1.4,-0.88,1.89367259716254,1.99434015231257,0.725186972185498,0.730223034439834,0.725140688250005,0.730274626412081,0.725878091527331,0.729615577139832,0.687482524525029
1522.5,1.2,1.4,-0.88,1.89400305757772,1.99448544699893,0.725211802874182,0.730200409285129,0.725165899904087,0.730251929356039,0.72589703787245,0.729593714730821,0.687482774174671
1523,1.2,1.4,-0.88,1.89433310707864,1.99463006890415,0.725236436693533,0.730177813082594,0.725190899492963,0.730229261152932,0.725915887570363,0.729571883262815,0.68748302025789
1523.5,1.2,1.4,-0.88,1.89466274159174,1.99477402014413,0.725260881241268,0.730155245901605,0.725215691574207,0.730206621873697,0.725934661930288,0.729550082775891,0.687483262825635
1524,1.2,1.4,-0.88,1.89499195692727,1.99491730283067,0.725285144146517,0.730132707810508,0.725240281221667,0.730184011588223,0.725953380998003,0.729528313309487,0.687483501928126
1524.5,1.2,1.4,-0.88,1.89532074878606,1.99505991907147,0.725309232948378,0.730110198876644,0.725264673952065,0.730161430365364,0.725972063133622,0.729506574902452,0.687483737614867
1525,1.2,1.4,-0.88,1.89564911276909,1.99520187097011,0.725333154977948,0.730087719166345,0.725288875641599,0.730138878272951,0.725990724638072,0.729484867592985,0.687483969934654
1525.5,1.2,1.4,-0.88,1.89597704438933,1.99534316062604,0.725356917246106,0.730065268744946,0.725312892434676,0.730116355377808,0.726009379433923,0.729463191418637,0.687484198935588
1526,1.2,1.4,-0.88,1.89630453908598,1.99548379013456,0.725380526339176,0.730042847676797,0.725336730647029,0.730093861745758,0.726028038805241,0.729441546416312,0.687484424665079
1526.5,1.2,1.4,-0.88,1.89663159224042,1.99562376158683,0.725403988324275,0.730020456025258,0.725360396665441,0.730071397441639,0.726046711199402,0.729419932622206,0.687484647169864
1527,1.2,1.4,-0.88,1.89695819919378,1.99576307706983,0.725427308665752,0.729998093852714,0.725383896846318,0.730048962529312,0.726065402091752,0.729398350071826,0.687484866496009
1527.5,1.2,1.4,-0.88,1.89728435526577,1.99590173866637,0.725450492154077,0.729975761220566,0.725407237415236,0.730026557071666,0.726084113913873,0.729376798799921,0.687485082688923
1528,1.2,1.4,-0.88,1.89761005577421,1.99603974845508,0.725473542847991,0.729953458189268,0.725430424369518,0.73000418113063,0.726102846043682,0.729355278840595,0.687485295793367
1528.5,1.2,1.4,-0.88,1.89793529605521,1.99617710851038,0.725496464030464,0.72993118481829,0.725453463385692,0.72998183476718,0.726121594854733,0.729333790227125,0.687485505853462
1529,1.2,1.4,-0.88,1.89826007148335,1.99631382090252,0.725519258178826,0.729908941166164,0.72547635973355,0.729959518041345,0.726140353821425,0.729312332992115,0.687485712912698
1529.5,1.2,1.4,-0.88,1.89858437749172,1.99644988769751,0.725541926949018,0.729886727290463,0.725499118198278,0.729937231012213,0.7261591136754,0.729290907167387,0.687485917013945
1530,1.2,1.4,-0.88,1.89890820959138,1.99658531095717,0.725564471173763,0.729864543247817,0.725521743011939,0.729914973737939,0.726177862608114,0.729269512784013,0.68748611819946
1530.5,1.2,1.4,-0.88,1.89923156338998,1.99672009273907,0.725586890874019,0.729842389093921,0.725544237795312,0.729892746275752,0.726196586513117,0.729248149872316,0.687486316510896
1531,1.2,1.4,-0.88,1.89955443460927,1.99685423509657,0.72560918528319,0.729820264883538,0.72556660551089,0.729870548681956,0.726215269262674,0.729226818461869,0.687486511989312
1531.5,1.2,1.4,-0.88,1.89987681910118,1.9969877400788,0.72563135288294,0.729798170670508,0.72558884842756,0.729848381011941,0.726233893010973,0.729205518581499,0.687486704675179
1532,1.2,1.4,-0.88,1.90019871286237,1.99712060973062,0.725653391449792,0.729776106507764,0.725610968097254,0.729826243320187,0.726252438518375,0.729184250259331,0.687486894608391
1532.5,1.2,1.4,-0.88,1.90052011204693,1.99725284609267,0.725675298111161,0.729754072447323,0.725632965343653,0.729804135660272,0.726270885489247,0.729163013522725,0.687487081828271
1533,1.2,1.4,-0.88,1.90084101297725,1.99738445120132,0.725697069409557,0.729732068540312,0.725654840262765,0.729782058084874,0.726289212917002,0.729141808398352,0.687487266373581
1533.5,1.2,1.4,-0.88,1.90116141215273,1.99751542708869,0.7257187013737,0.729710094836964,0.72567659223502,0.729760010645784,0.726307399430407,0.729120634912178,0.68748744828253
1534,1.2,1.4,-0.88,1.90148130625652,1.99764577578264,0.725740189595038,0.729688151386635,0.725698219948344,0.729737993393908,0.726325423634749,0.729099493089476,0.68748762759278
1534.5,1.2,1.4,-0.88,1.90180069215997,1.99777549930675,0.725761529308337,0.729666238237814,0.725719721431487,0.729716006379273,0.726343264442643,0.72907838295487,0.687487804341454
1535,1.2,1.4,-0.88,1.90211956692507,1.99790459968034,0.725782715475007,0.729644355438125,0.725741094096765,0.729694049651041,0.726360901389805,0.729057304532309,0.687487978565148
1535.5,1.2,1.4,-0.88,1.90243792780462,1.99803307891845,0.725803742867733,0.72962250303435,0.725762334791235,0.72967212325751,0.726378314930891,0.729036257845129,0.687488150299931
1536,1.2,1.4,-0.88,1.90275577224042,1.99816093903183,0.725824606155185,0.729600681072432,0.725783439855261,0.729650227246129,0.726395486712003,0.729015242916059,0.687488319581361
1536.5,1.2,1.4,-0.88,1.90307309785946,1.99828818202694,0.725845299985564,0.72957888959749,0.725804405187303,0.729628361663499,0.726412399816506,0.728994259767222,0.687488486444484
1537,1.2,1.4,-0.88,1.90338990246819,1.99841480990597,0.725865819067818,0.729557128653818,0.725825226313776,0.729606526555387,0.726429038981512,0.728973308420154,0.687488650923849
1537.5,1.2,1.4,-0.88,1.90370618404511,1.99854082466679,0.725886158249304,0.729535398284914,0.725845898462724,0.729584721966736,0.726445390782219,0.72895238889584,0.687488813053508
1538,1.2,1.4,-0.88,1.90402194073173,1.99866622830297,0.725906312588948,0.729513698533476,0.725866416640062,0.729562947941668,0.726461443782869,0.728931501214715,0.687488972867029
1538.5,1.2,1.4,-0.88,1.90433717082218,1.99879102280379,0.725926277424648,0.729492029441431,0.725886775707117,0.729541204523504,0.726477188651693,0.728910645396734,0.6874891303975
1539,1.2,1.4,-0.88,1.9046518727516,1.99891521015422,0.725946048434098,0.729470391049923,0.725906970458192,0.729519491754763,0.726492618239368,0.728889821461285,0.687489285677536
1539.5,1.2,1.4,-0.88,1.90496604508362,1.99903879233489,0.725965621688017,0.729448783399342,0.725926995696909,0.729497809677181,0.726507727619694,0.728869029427299,0.687489438739286
1540,1.2,1.4,-0.88,1.90527968649705,1.99916177132213,0.725984993694908,0.729427206529328,0.725946846310071,0.729476158331715,0.726522514091791,0.728848269313216,0.687489589614439
1540.5,1.2,1.4,-0.88,1.90559279577213,1.99928414908795,0.726004161436721,0.729405660478786,0.725966517337882,0.729454537758559,0.726536977144387,0.728827541137032,0.687489738334233
1541,1.2,1.4,-0.88,1.90590537177658,1.99940592760001,0.726023122394764,0.729384145285888,0.725986004039365,0.729432947997149,0.726551118382379,0.728806844916262,0.687489884929458
1541.5,1.2,1.4,-0.88,1.90621741345166,1.99952710882166,0.726041874565545,0.72936266098809,0.726005301951967,0.729411389086178,0.726564941417425,0.728786180667992,0.687490029430466
1542,1.2,1.4,-0.88,1.90652891979854,1.99964769471191,0.726060416466313,0.72934120762214,0.726024406944381,0.729389861063601,0.726578451724393,0.728765548408869,0.687490171867173
1542.5,1.2,1.4,-0.88,1.9068398898652,1.9997676872254,0.726078747130258,0.729319785224093,0.726043315261778,0.729368363966652,0.726591656466279,0.728744948155134,0.687490312269071
1543,1.2,1.4,-0.88,1.9071503227341,1.99988708831246,0.726096866091749,0.729298393829303,0.726062023562773,0.729346897831849,0.726604564291647,0.728724379922565,0.687490450665227
1543.5,1.2,1.4,-0.88,1.90746021751081,2.00000589991905,0.726114773361945,0.729277033472449,0.726080528947621,0.729325462695005,0.7266171851082,0.728703843726542,0.687490587084295
1544,1.2,1.4,-0.88,1.90776957331387,2.00012412398678,0.726132469395518,0.729255704187548,0.726098828977283,0.729304058591241,0.726629529837473,0.728683339582074,0.687490721554519
1544.5,1.2,1.4,-0.88,1.90807838926588,2.00024176245291,0.726149955049433,0.729234406007929,0.726116921683244,0.729282685554988,0.726641610156131,0.728662867503663,0.687490854103741
1545,1.2,1.4,-0.88,1.90838666448608,2.00035881725031,0.726167231534712,0.729213138966281,0.726134805568098,0.729261343620004,0.72665343822884,0.728642427505468,0.687490984759401
1545.5,1.2,1.4,-0.88,1.9086943980845,2.00047529030753,0.726184300362578,0.72919190309464,0.726152479597136,0.729240032819378,0.726665026439236,0.728622019601231,0.687491113548553
1546,1.2,1.4,-0.88,1.9090015891576,2.00059118354871,0.726201163286198,0.729170698424391,0.726169943181374,0.729218753185541,0.726676387124282,0.728601643804241,0.687491240497859
1546.5,1.2,1.4,-0.88,1.90930823678559,2.00070649889365,0.726217822239527,0.729149524986294,0.726187196152598,0.72919750475027,0.72668753231809,0.728581300127432,0.687491365633604
1547,1.2,1.4,-0.88,1.90961434003132,2.00082123825775,0.726234279274677,0.72912838281046,0.726204238731192,0.729176287544702,0.726698473510421,0.728560988583234,0.687491488981695
1547.5,1.2,1.4,-0.88,1.90991989794066,2.00093540355206,0.726250536499287,0.729107271926379,0.726221071487649,0.729155101599335,0.726709221424911,0.728540709183684,0.687491610567671
1548,1.2,1.4,-0.88,1.91022490954436,2.00104899668324,0.726266596015362,0.729086192362937,0.726237695298784,0.729133946944039,0.726719785821698,0.728520461940467,0.687491730416705
1548.5,1.2,1.4,-0.88,1.91052937386118,2.00116201955356,0.726282459860985,0.729065144148378,0.726254111299768,0.729112823608062,0.726730175328307,0.728500246864713,0.687491848553609
1549,1.2,1.4,-0.88,1.91083328990221,2.00127447406092,0.726298129955975,0.729044127310343,0.726270320833149,0.729091731620032,0.726740397301196,0.728480063967168,0.687491965002843
1549.5,1.2,1.4,-0.88,1.91113665667625,2.00138636209884,0.72631360805289,0.729023141875885,0.726286325396086,0.729070671007971,0.726750457721254,0.728459913258211,0.687492079788517
1550,1.2,1.4,-0.88,1.91143947319588,2.00149768555645,0.726328895694071,0.729002187871431,0.726302126587004,0.729049641799295,0.726760361123627,0.728439794747676,0.687492192934395
1550.5,1.2,1.4,-0.88,1.91174173848428,2.00160844631848,0.726343994175743,0.728981265322812,0.726317726052879,0.729028644020817,0.726770110563264,0.728419708444963,0.687492304463903
1551,1.2,1.4,-0.88,1.9120434515824,2.00171864626531,0.726358904519551,0.728960374255282,0.726333125438283,0.72900767769876,0.726779707614997,0.728399654359092,0.687492414400133
1551.5,1.2,1.4,-0.88,1.91234461155635,2.00182828727289,0.726373627452162,0.728939514693499,0.726348326337274,0.728986742858755,0.726789152407988,0.728379632498614,0.687492522765846
1552,1.2,1.4,-0.88,1.9126452175048,2.00193737121282,0.72638816339291,0.728918686661533,0.726363330249088,0.72896583952585,0.726798443691708,0.728359642871599,0.687492629583477
1552.5,1.2,1.4,-0.88,1.91294526856622,2.0020458999523,0.726402512449623,0.728897890182873,0.726378138538501,0.728944967724511,0.726807578931465,0.728339685485689,0.687492734875141
1553,1.2,1.4,-0.88,1.91324476392568,2.00215387535413,0.726416674422468,0.728877125280436,0.726392752401563,0.72892412747863,0.726816554430384,0.728319760348074,0.687492838662639
1553.5,1.2,1.4,-0.88,1.91354370282116,2.00226129927674,0.726430648815311,0.72885639197657,0.726407172837299,0.728903318811526,0.726825365473628,0.728299867465517,0.687492940967458
1554,1.2,1.4,-0.88,1.91384208454912,2.00236817357418,0.726444434854254,0.728835690293055,0.726421400625774,0.728882541745953,0.726834006491546,0.728280006844331,0.687493041810781
1554.5,1.2,1.4,-0.88,1.91413990846928,2.00247450009609,0.726458031512609,0.728815020251111,0.726435436312818,0.728861796304101,0.726842471237115,0.728260178490395,0.687493141213484
1555,1.2,1.4,-0.88,1.91443717400844,2.00258028068774,0.726471437541546,0.728794381871399,0.726449280201501,0.728841082507602,0.726850752973303,0.728240382409144,0.687493239196148
1555.5,1.2,1.4,-0.88,1.91473388066325,2.00268551719003,0.726484651505595,0.728773775174035,0.726462932350318,0.728820400377536,0.726858844665998,0.72822061860561,0.68749333577906
1556,1.2,1.4,-0.88,1.91503002800193,2.00279021143945,0.726497671822063,0.728753200178581,0.726476392577911,0.72879974993443,0.726866739178124,0.728200887084375,0.687493430982217
1556.5,1.2,1.4,-0.88,1.91532561566487,2.00289436526814,0.726510496803389,0.728732656904064,0.726489660474004,0.72877913119827,0.726874429460699,0.728181187849618,0.687493524825328
1557,1.2,1.4,-0.88,1.9156206433641,2.00299798050383,0.726523124701476,0.728712145368964,0.726502735416101,0.728758544188497,0.726881908736915,0.728161520905068,0.687493617327823
1557.5,1.2,1.4,-0.88,1.91591511088159,2.0031010589699,0.72653555375299,0.728691665591251,0.72651561659142,0.728737988924018,0.72688917067565,0.728141886254138,0.687493708508854
1558,1.2,1.4,-0.88,1.91620901806658,2.00320360248532,0.72654778222468,0.728671217588345,0.72652830302341,0.728717465423208,0.726896209551116,0.728122283899726,0.687493798387299
1558.5,1.2,1.4,-0.88,1.91650236483179,2.00330561286472,0.726559808457806,0.728650801377175,0.726540793602162,0.728696973703917,0.726903020385978,0.728102713844473,0.687493886981766
1559,1.2,1.4,-0.88,1.91679515114874,2.00340709191833,0.726571630910834,0.728630416974123,0.726553087117946,0.72867651378347,0.726909599075683,0.728083176090494,0.687493974310598
1559.5,1.2,1.4,-0.88,1.9170873770422,2.00350804145203,0.726583248199485,0.728610064395085,0.726565182297068,0.728656085678674,0.726915942491613,0.728063670639614,0.687494060391875
1560,1.2,1.4,-0.88,1.91737904258388,2.00360846326731,0.726594659133696,0.728589743655455,0.726577077839264,0.728635689405829,0.726922048562956,0.728044197493312,0.68749414524342
1560.5,1.2,1.4,-0.88,1.91767014788554,2.00370835916129,0.72660586275061,0.728569454770112,0.726588772455797,0.728615324980722,0.726927916335231,0.728024756652606,0.6874942288828
1561,1.2,1.4,-0.88,1.91796069309153,2.00380773092676,0.726616858343246,0.728549197753463,0.726600264907466,0.72859499241864,0.726933546005879,0.728005348118261,0.687494311327331
1561.5,1.2,1.4,-0.88,1.91825067837103,2.00390658035209,0.726627645484471,0.728528972619408,0.726611554041791,0.728574691734372,0.726938938937206,0.727985971890598,0.687494392594084
1562,1.2,1.4,-0.88,1.91854010390997,2.00400490922134,0.726638224045825,0.728508779381375,0.726622638828615,0.728554422942214,0.726944097646531,0.727966627969641,0.687494472699882
1562.5,1.2,1.4,-0.88,1.91882896990293,2.00410271931417,0.726648594211228,0.728488618052322,0.726633518393516,0.728534186055976,0.726949025775628,0.727947316355091,0.687494551661312
1563,1.2,1.4,-0.88,1.919117276545,2.00420001240591,0.726658756485317,0.728468488644731,0.726644192048396,0.728513981088987,0.726953728039925,0.727928037046303,0.687494629494722
1563.5,1.2,1.4,-0.88,1.91940502402388,2.00429679026751,0.726668711696477,0.72844839117061,0.726654659318765,0.728493808054097,0.726958210159465,0.727908790042263,0.687494706216226
1564,1.2,1.4,-0.88,1.91969221251213,2.00439305466559,0.726678460994744,0.728428325641514,0.726664919967268,0.728473666963682,0.726962478773852,0.727889575341666,0.687494781841709
1564.5,1.2,1.4,-0.88,1.91997884215994,2.0044888073624,0.726688005844642,0.728408292068533,0.726674974013114,0.728453557829655,0.726966541342645,0.727870392942856,0.687494856386827
1565,1.2,1.4,-0.88,1.92026491308835,2.00458405011585,0.72669734801341,0.728388290462325,0.726684821747157,0.728433480663464,0.726970406034421,0.727851242843933,0.687494929867015
1565.5,1.2,1.4,-0.88,1.92055042538301,2.0046787846795,0.726706489554683,0.728368320833079,0.726694463742439,0.728413435476102,0.726974081605599,0.727832125042598,0.687495002297487
1566,1.2,1.4,-0.88,1.92083537908867,2.00477301280257,0.726715432788369,0.728348383190549,0.726703900860124,0.728393422278107,0.726977577272997,0.727813039536262,0.687495073693237
1566.5,1.2,1.4,-0.88,1.92111977420439,2.00486673622993,0.726724180276813,0.728328477544056,0.726713134250821,0.728373441079572,0.726980902581036,0.727793986322054,0.687495144069048
1567,1.2,1.4,-0.88,1.92140361067954,2.00495995670213,0.726732734797995,0.728308603902481,0.726722165351365,0.728353491890145,0.726984067267127,0.727774965396764,0.68749521343949
1567.5,1.2,1.4,-0.88,1.92168688841057,2.00505267595537,0.726741099316073,0.728288762274281,0.726730995877209,0.728333574719037,0.72698708112668,0.727755976756913,0.687495281818926
1568,1.2,1.4,-0.88,1.92196960723876,2.00514489572151,0.726749276950016,0.728268952667471,0.726739627810666,0.728313689575024,0.726989953880918,0.727737020398636,0.687495349221512
1568.5,1.2,1.4,-0.88,1.92225176694873,2.0052366177281,0.72675727094057,0.728249175089664,0.726748063385253,0.728293836466452,0.726992695048277,0.727718096317853,0.687495415661205
1569,1.2,1.4,-0.88,1.92253336726785,2.00532784369835,0.726765084616459,0.728229429548045,0.726756305066506,0.728274015401241,0.726995313822845,0.727699204510143,0.687495481151759
1569.5,1.2,1.4,-0.88,1.92281440786652,2.00541857535116,0.726772721360119,0.728209716049385,0.726764355529641,0.728254226386893,0.726997818960556,0.727680344970787,0.687495545706734
1570,1.2,1.4,-0.88,1.92309488835923,2.00550881440109,0.726780184573696,0.72819003460004,0.726772217634504,0.728234469430488,0.727000218675544,0.727661517694746,0.687495609339495
1570.5,1.2,1.4,-0.88,1.92337480830643,2.00559856255841,0.726787477645726,0.728170385205963,0.726779894398273,0.728214744538695,0.727002520547575,0.7276427226767,0.687495672063217
1571,1.2,1.4,-0.88,1.92365416721712,2.00568782152905,0.726794603919221,0.7281507678727,0.726787388966423,0.728195051717773,0.727004731442764,0.727623959911023,0.687495733890885
1571.5,1.2,1.4,-0.88,1.9239329645521,2.00577659301465,0.726801566661528,0.728131182605399,0.726794704582473,0.728175390973573,0.727006857447926,0.727605229391795,0.687495794835301
1572,1.2,1.4,-0.88,1.92421119972772,2.00586487871253,0.726808369036525,0.728111629408809,0.726801844557055,0.728155762311548,0.727008903819926,0.727586531112803,0.687495854909082
1572.5,1.2,1.4,-0.88,1.92448887212028,2.00595268031574,0.726815014079589,0.728092108287283,0.72680881223684,0.728136165736747,0.727010874950618,0.727567865067523,0.687495914124667
1573,1.2,1.4,-0.88,1.92476598107064,2.00603999951299,0.726821504675742,0.728072619244782,0.726815610973871,0.728116601253826,0.72701277434776,0.72754923124913,0.687495972494314
1573.5,1.2,1.4,-0.88,1.92504252588931,2.00612683798874,0.726827843541352,0.728053162284875,0.726822244095819,0.728097068867049,0.727014604632318,0.727530629650501,0.68749603003011
1574,1.2,1.4,-0.88,1.92531850586158,2.00621319742311,0.726834033209528,0.728033737410751,0.72682871487767,0.728077568580288,0.727016367551342,0.727512060264227,0.687496086743966
1574.5,1.2,1.4,-0.88,1.92559392025289,2.00629907949199,0.72684007601953,0.728014344625219,0.726835026515298,0.728058100397032,0.727018064006505,0.727493523082619,0.687496142647623
1575,1.2,1.4,-0.88,1.92586876831406,2.00638448586696,0.726845974110332,0.727994983930697,0.726841182101378,0.728038664320386,0.727019694097714,0.727475018097652,0.687496197752657
1575.5,1.2,1.4,-0.88,1.92614304928649,2.00646941821532,0.726851729418166,0.727975655329235,0.726847184603991,0.728019260353075,0.727021257179763,0.727456545301043,0.687496252070476
1576,1.2,1.4,-0.88,1.92641676240715,2.00655387820012,0.726857343678155,0.727956358822516,0.726853036848242,0.727999888497447,0.727022751931515,0.727438104684247,0.687496305612327
1576.5,1.2,1.4,-0.88,1.92668990691327,2.00663786748012,0.726862818429933,0.727937094411842,0.726858741501172,0.727980548755478,0.727024176436132,0.727419696238381,0.687496358389293
1577,1.2,1.4,-0.88,1.92696248204664,2.00672138770984,0.726868155026745,0.727917862098143,0.72686430106011,0.727961241128771,0.727025528269332,0.727401319954257,0.687496410412303
1577.5,1.2,1.4,-0.88,1.92723448705748,2.00680444053953,0.726873354648113,0.727898661882008,0.726869717844622,0.727941965618563,0.727026804595453,0.727382975822518,0.687496461692128
1578,1.2,1.4,-0.88,1.92750592120786,2.00688702761519,0.726878418315315,0.727879493763638,0.726874993992048,0.727922722225724,0.727028002267423,0.727364663833394,0.687496512239383
1578.5,1.2,1.4,-0.88,1.92777678377451,2.00696915057857,0.726883346909535,0.727860357742887,0.726880131456642,0.727903510950763,0.72702911792984,0.727346383976897,0.687496562064535
1579,1.2,1.4,-0.88,1.92804707405106,2.00705081106718,0.726888141192069,0.727841253819264,0.726885132012161,0.727884331793831,0.727030148122232,0.727328136242798,0.687496611177899
1579.5,1.2,1.4,-0.88,1.92831679134976,2.00713201071431,0.726892801826055,0.72782218199191,0.726889997257765,0.727865184754721,0.727031089380266,0.727309920620535,0.687496659589643
1580,1.2,1.4,-0.88,1.92858593500253,2.00721275114898,0.726897329399304,0.727803142259629,0.726894728626949,0.727846069832874,0.727031938333309,0.727291737099324,0.687496707309791
1580.5,1.2,1.4,-0.88,1.92885450436145,2.00729303399602,0.726901724447588,0.727784134620881,0.726899327399248,0.727826987027382,0.727032691795897,0.72727358566812,0.687496754348222
1581,1.2,1.4,-0.88,1.92912249879865,2.00737286087602,0.726905987477894,0.727765159073766,0.726903794714324,0.727807936336988,0.727033346851526,0.727255466315542,0.687496800714676
1581.5,1.2,1.4,-0.88,1.92938991770573,2.00745223340535,0.726910118991189,0.727746215616063,0.726908131588095,0.727788917760089,0.727033900927461,0.727237379030032,0.687496846418752
1582,1.2,1.4,-0.88,1.92965676049265,2.00753115319618,0.726914119503984,0.727727304245214,0.726912338930436,0.727769931294745,0.72703435185832,0.727219323799767,0.687496891469913
1582.5,1.2,1.4,-0.88,1.92992302658615,2.00760962185646,0.726917989568598,0.727708424958318,0.72691641756405,0.727750976938675,0.727034697938865,0.727201300612628,0.687496935877486
1583,1.2,1.4,-0.88,1.93018871542788,2.00768764098995,0.726921729791363,0.727689577752149,0.726920368244037,0.727732054689261,0.72703493796366,0.727183309456279,0.687496979650665
1583.5,1.2,1.4,-0.88,1.9304538264721,2.00776521219622,0.72692534084869,0.727670762623157,0.726924191677716,0.727713164543557,0.727035071254417,0.727165350318134,0.687497022798512
1584,1.2,1.4,-0.88,1.9307183591833,2.00784233707063,0.726928823500551,0.727651979567468,0.726927888544259,0.727694306498284,0.727035097673992,0.727147423185365,0.687497065329962
1584.5,1.2,1.4,-0.88,1.93098231303349,2.00791901720437,0.726932178601269,0.727633228580892,0.72693145951371,0.727675480549839,0.727035017627796,0.727129528044936,0.68749710725382
1585,1.2,1.4,-0.88,1.93124568749952,2.00799525418444,0.726935407107352,0.727614509658912,0.726934905265,0.727656686694295,0.727034832052417,0.727111664883516,0.687497148578765
1585.5,1.2,1.4,-0.88,1.93150848206036,2.00807104959368,0.726938510082424,0.727595822796696,0.726938226502593,0.727637924927404,0.727034542392773,0.727093833687549,0.687497189313354
1586,1.2,1.4,-0.88,1.93177069619439,2.00814640501075,0.726941488699147,0.727577167989118,0.726941423971448,0.727619195244601,0.72703415056826,0.727076034443319,0.687497229466021
1586.5,1.2,1.4,-0.88,1.9320323293769,2.00822132201014,0.726944344238194,0.727558545230718,0.726944498470035,0.727600497641006,0.727033658929048,0.727058267136764,0.687497269045077
1587,1.2,1.4,-0.88,1.9322933810777,2.00829580216221,0.726947078084426,0.727539954515753,0.726947450861165,0.72758183211143,0.727033070203949,0.727040531753708,0.687497308058719
1587.5,1.2,1.4,-0.88,1.93255385075905,2.00836984703314,0.726949691720415,0.727521395838162,0.726950282080498,0.727563198650371,0.727032387441156,0.727022828279668,0.687497346515023
1588,1.2,1.4,-0.88,1.93281373787387,2.00844345818497,0.726952186717543,0.727502869191593,0.726952993142597,0.727544597252025,0.72703161394345,0.727005156699995,0.687497384421951
1588.5,1.2,1.4,-0.88,1.93307304186424,2.00851663717561,0.726954564724941,0.727484374569396,0.726955585144489,0.727526027910284,0.727030753199352,0.726987516999803,0.687497421787352
1589,1.2,1.4,-0.88,1.93333176216038,2.00858938555883,0.726956827456531,0.727465911964625,0.726958059266731,0.727507490618741,0.727029808811756,0.726969909163981,0.687497458618961
1589.5,1.2,1.4,-0.88,1.9335898981799,2.00866170488426,0.72695897667656,0.727447481370038,0.726960416772035,0.72748898537069,0.727028784425854,0.726952333177199,0.687497494924405
1590,1.2,1.4,-0.88,1.93384744932761,2.00873359669742,0.726961014183911,0.727429082778107,0.726962659001554,0.72747051215913,0.727027683657605,0.726934789023906,0.687497530711199
1590.5,1.2,1.4,-0.88,1.93410441499566,2.00880506253972,0.726962941795549,0.727410716181022,0.726964787368978,0.727452070976771,0.727026510024279,0.72691727668837,0.687497565986753
1591,1.2,1.4,-0.88,1.93436079456408,2.00887610394842,0.726964761329513,0.727392381570675,0.726966803352632,0.727433661816032,0.727025266878596,0.726899796154589,0.687497600758371
1591.5,1.2,1.4,-0.88,1.93461658740187,2.00894672245673,0.726966474587774,0.727374078938693,0.726968708485797,0.727415284669045,0.727023957347567,0.726882347406416,0.687497635033252
1592,1.2,1.4,-0.88,1.93487179286829,2.00901691959371,0.726968083339215,0.72735580827641,0.726970504345493,0.727396939527658,0.727022584276702,0.726864930427441,0.687497668818491
1592.5,1.2,1.4,-0.88,1.9351264103147,2.00908669688435,0.726969589303305,0.727337569574885,0.726972192540031,0.727378626383438,0.727021150181617,0.726847545201057,0.687497702121084
1593,1.2,1.4,-0.88,1.93538043908658,2.00915605584954,0.726970994134396,0.727319362824922,0.726973774695568,0.727360345227674,0.727019657206138,0.726830191710529,0.687497734947925
1593.5,1.2,1.4,-0.88,1.935633878526,2.00922499800612,0.726972299407333,0.727301188017018,0.726975252442025,0.727342096051378,0.72701810708927,0.726812869938771,0.687497767305812
1594,1.2,1.4,-0.88,1.93588672797417,2.00929352486681,0.726973506604275,0.72728304514142,0.72697662739862,0.727323878845284,0.727016501139886,0.72679557986858,0.687497799201443
1594.5,1.2,1.4,-0.88,1.93613898677439,2.00936163794029,0.726974617103156,0.727264934188119,0.726977901159346,0.727305693599862,0.727014840220389,0.726778321482601,0.687497830641423
1595,1.2,1.4,-0.88,1.93639065427498,2.00942933873116,0.726975632167841,0.727246855146804,0.72697907527866,0.727287540305303,0.727013124738777,0.726761094763112,0.68749786163226
1595.5,1.2,1.4,-0.88,1.93664172983247,2.00949662873997,0.726976552940159,0.72722880800694,0.726980151257679,0.727269418951539,0.727011354649242,0.726743899692381,0.68749789218037
1596,1.2,1.4,-0.88,1.93689221281471,2.00956350946323,0.726977380433938,0.727210792757704,0.726981130531128,0.727251329528233,0.727009529461154,0.726726736252344,0.687497922292079
1596.5,1.2,1.4,-0.88,1.93714210260413,2.00962998239338,0.72697811553102,0.727192809388028,0.726982014455279,0.727233272024785,0.727007648255656,0.726709604424803,0.687497951973621
1597,1.2,1.4,-0.88,1.9373913986008,2.00969604901885,0.726978758979369,0.727174857886572,0.726982804297092,0.727215246430336,0.727005709709672,0.726692504191308,0.687497981231141
1597.5,1.2,1.4,-0.88,1.93764010022554,2.00976171082401,0.726979311393171,0.72715693824176,0.726983501224738,0.727197252733767,0.727003712126452,0.726675435533281,0.687498010070696
1598,1.2,1.4,-0.88,1.93788820692281,2.00982696928922,0.726979773254956,0.727139050441746,0.726984106299649,0.727179290923705,0.727001653472078,0.726658398431894,0.687498038498257
1598.5,1.2,1.4,-0.88,1.93813571816342,2.00989182589082,0.726980144919601,0.727121194474447,0.726984620470227,0.72716136098852,0.726999531416996,0.726641392868172,0.687498066519711
1599,1.2,1.4,-0.88,1.93838263344704,2.00995628210114,0.726980426620149,0.727103370327512,0.726985044567282,0.727143462916332,0.726997343381853,0.726624418822866,0.687498094140858
1599.5,1.2,1.4,-0.88,1.93862895230446,2.01002033938849,0.726980618475318,0.727085577988366,0.726985379301263,0.727125596695009,0.726995086586722,0.726607476276645,0.687498121367417
1600,1.2,1.4,-0.88,1.93887467429955,2.01008399921719,0.726980720498443,0.727067817444174,0.726985625261303,0.727107762312173,0.726992758102452,0.726590565209919,0.687498148205025
1600.5,1.2,1.4,-0.88,1.93911979903092,2.01014726304757,0.726980732607788,0.727050088681869,0.726985782916046,0.727089959755199,0.726990354903618,0.726573685602953,0.687498174659239
1601,1.2,1.4,-0.88,1.93936432613324,2.01021013233597,0.726980654638013,0.727032391688127,0.726985852616249,0.727072189011218,0.726987873922131,0.726556837435762,0.687498200735536
1601.5,1.2,1.4,-0.88,1.93960825527823,2.01027260853475,0.72698048635247,0.727014726449406,0.726985834599041,0.727054450067119,0.726985312100017,0.726540020688259,0.687498226439314
1602,1.2,1.4,-0.88,1.93985158617531,2.01033469309228,0.726980227456226,0.726997092951917,0.726985728993774,0.727036742909553,0.726982666441026,0.726523235340137,0.687498251775895
1602.5,1.2,1.4,-0.88,1.9400943185719,2.01039638745299,0.726979877609542,0.726979491181629,0.726985535829318,0.72701906752493,0.726979934060089,0.726506481370873,0.687498276750525
1603,1.2,1.4,-0.88,1.94033645225336,2.01045769305733,0.726979436441514,0.726961921124292,0.726985255042656,0.727001423899427,0.726977112229463,0.726489758759824,0.687498301368375
1603.5,1.2,1.4,-0.88,1.94057798704261,2.0105186113418,0.726978903563711,0.726944382765425,0.726984886488608,0.726983812018985,0.726974198421211,0.726473067486167,0.687498325634541
1604,1.2,1.4,-0.88,1.94081892279946,2.01057914373897,0.726978278583517,0.726926876090303,0.726984429950491,0.726966231869313,0.726971190345102,0.726456407528842,0.687498349554047
1604.5,1.2,1.4,-0.88,1.94105925941963,2.01063929167743,0.726977561116949,0.726909401083989,0.726983885151516,0.726948683435892,0.726968085981237,0.726439778866678,0.687498373131847
1605,1.2,1.4,-0.88,1.94129899683348,2.01069905658189,0.726976750800817,0.726891957731324,0.726983251766712,0.726931166703973,0.7269648836074,0.726423181478333,0.68749839637282
1605.5,1.2,1.4,-0.88,1.94153813500455,2.01075843987309,0.726975847303874,0.726874546016911,0.726982529435155,0.726913681658582,0.726961581819992,0.726406615342233,0.68749841928178
1606,1.2,1.4,-0.88,1.94177667392785,2.01081744296786,0.726974850336901,0.726857165925152,0.726981717772278,0.72689622828452,0.726958179548851,0.726390080436737,0.687498441863469
1606.5,1.2,1.4,-0.88,1.94201461362806,2.01087606727912,0.726973759661555,0.726839817440209,0.726980816382061,0.726878806566367,0.726954676065756,0.726373576739914,0.687498464122562
1607,1.2,1.4,-0.88,1.94225195415754,2.01093431421588,0.726972575097788,0.726822500546043,0.726979824868868,0.72686141648848,0.726951070986279,0.72635710422977,0.687498486063668
1607.5,1.2,1.4,-0.88,1.94248869559427,2.01099218518327,0.726971296529775,0.7268052152264,0.726978742848748,0.726844058035002,0.726947364265269,0.726340662884119,0.68749850769133
1608,1.2,1.4,-0.88,1.94272483803975,2.01104968158249,0.726969923910331,0.726787961464805,0.726977569960005,0.726826731189855,0.726943556186446,0.726324252680593,0.687498529010025
1608.5,1.2,1.4,-0.88,1.94296038161693,2.01110680481088,0.726968457263681,0.726770739244573,0.726976305872868,0.726809435936749,0.726939647345923,0.726307873596671,0.687498550024168
1609,1.2,1.4,-0.88,1.94319532646813,2.01116355626189,0.726966896686691,0.726753548548815,0.726974950298128,0.72679217225918,0.726935638630655,0.726291525609682,0.687498570738108
1609.5,1.2,1.4,-0.88,1.94342967275303,2.01121993732511,0.726965242348535,0.726736389360434,0.726973502994594,0.726774940140434,0.726931531192113,0.726275208696809,0.687498591156135
1610,1.2,1.4,-0.88,1.94366342064679,2.01127594938623,0.726963494488791,0.726719261662124,0.726971963775292,0.726757739563588,0.726927326415533,0.726258922835059,0.687498611282476
1610.5,1.2,1.4,-0.88,1.94389657033832,2.01133159382713,0.726961653414285,0.72670216543637,0.72697033251233,0.726740570511511,0.726923025886414,0.726242668001264,0.687498631121298
1611,1.2,1.4,-0.88,1.94412912202865,2.0113868720258,0.726959719494509,0.726685100665468,0.726968609140379,0.726723432966865,0.726918631353816,0.726226444172151,0.687498650676708
1611.5,1.2,1.4,-0.88,1.94436107592955,2.0114417853564,0.726957693156004,0.726668067331505,0.726966793658776,0.726706326912112,0.726914144692286,0.726210251324274,0.687498669952755
1612,1.2,1.4,-0.88,1.94459243226231,2.01149633518924,0.726955574875708,0.726651065416377,0.726964886132237,0.72668925232951,0.726909567862593,0.726194089434054,0.68749868895343
1612.5,1.2,1.4,-0.88,1.94482319125674,2.01155052289081,0.726953365173557,0.726634094901771,0.726962886690247,0.726672209201117,0.726904902872541,0.726177958477714,0.687498707682667
1613,1.2,1.4,-0.88,1.9450533531504,2.01160434982377,0.726951064604461,0.726617155769188,0.726960795525185,0.726655197508792,0.726900151738382,0.726161858431378,0.687498726144343
1613.5,1.2,1.4,-0.88,1.94528291818807,2.01165781734697,0.726948673749895,0.726600247999929,0.726958612889271,0.726638217234199,0.72689531644778,0.726145789270978,0.687498744342281
1614,1.2,1.4,-0.88,1.94551188662137,2.01171092681543,0.726946193209271,0.726583371575117,0.72695633909046,0.726621268358805,0.726890398924937,0.726129750972383,0.687498762280248
1614.5,1.2,1.4,-0.88,1.94574025870869,2.01176367958038,0.726943623591307,0.726566526475658,0.726953974487397,0.726604350863884,0.726885400998579,0.726113743511178,0.687498779961959
1615,1.2,1.4,-0.88,1.94596803471522,2.01181607698926,0.726940965505597,0.7265497126823,0.726951519483599,0.72658746473052,0.726880324373452,0.726097766862954,0.687498797391074
1615.5,1.2,1.4,-0.88,1.94619521491326,2.01186812038571,0.726938219554539,0.72653293017558,0.726948974521002,0.726570609939604,0.726875170605693,0.726081821003052,0.687498814571201
1616,1.2,1.4,-0.88,1.94642179958263,2.01191981110958,0.726935386325782,0.726516178935871,0.726946340073052,0.726553786471842,0.726869941082486,0.726065905906757,0.687498831505899
1616.5,1.2,1.4,-0.88,1.94664778901123,2.01197115049695,0.726932466385377,0.72649945894333,0.726943616637496,0.72653699430775,0.726864637006367,0.726050021549084,0.687498848198671
1617,1.2,1.4,-0.88,1.94687318349577,2.01202213988014,0.726929460271735,0.726482770177972,0.726940804729056,0.726520233427662,0.726859259384296,0.726034167905087,0.687498864652976
1617.5,1.2,1.4,-0.88,1.94709798334251,2.0120727805877,0.726926368490509,0.726466112619596,0.72693790487214,0.726503503811723,0.726853809021587,0.726018344949518,0.687498880872219
1618,1.2,1.4,-0.88,1.94732218886814,2.01212307394442,0.726923191510438,0.726449486247833,0.72693491759375,0.726486805439901,0.726848286520454,0.726002552657052,0.687498896859759
1618.5,1.2,1.4,-0.88,1.94754580040067,2.01217302127136,0.726919929760295,0.72643289104215,0.726931843416739,0.726470138291981,0.726842692283404,0.725986791002286,0.687498912618905
1619,1.2,1.4,-0.88,1.9477688182803,2.01222262388581,0.726916583626932,0.726416326981816,0.72692868285355,0.726453502347567,0.726837026521057,0.725971059959582,0.687498928152921
1619.5,1.2,1.4,-0.88,1.94799124286032,2.01227188310136,0.726913153454393,0.726399794045937,0.726925436400562,0.726436897586089,0.726831289263913,0.725955359503231,0.687498943465022
1620,1.2,1.4,-0.88,1.94821307450795,2.01232080022785,0.726909639544191,0.726383292213446,0.726922104533148,0.726420323986799,0.726825480378142,0.725939689607386,0.687498958558379
1620.5,1.2,1.4,-0.88,1.94843431360508,2.0123693765714,0.726906042156533,0.726366821463097,0.726918687701515,0.726403781528774,0.726819599584181,0.725924050246036,0.687498973436117
1621,1.2,1.4,-0.88,1.94865496054898,2.01241761343444,0.726902361512664,0.72635038177347,0.726915186327418,0.726387270190916,0.726813646478579,0.725908441393041,0.687498988101315
1621.5,1.2,1.4,-0.88,1.94887501575286,2.01246551211566,0.726898597798065,0.726333973122988,0.726911600801763,0.726370789951958,0.72680762055777,0.725892863022163,0.68749900255701
1622,1.2,1.4,-0.88,1.94909447964627,2.01251307391009,0.726894751166528,0.726317595489901,0.72690793148316,0.72635434079046,0.726801521243671,0.725877315107032,0.687499016806196
1622.5,1.2,1.4,-0.88,1.94931335267548,2.01256030010905,0.726890821744889,0.726301248852289,0.726904178697389,0.726337922684816,0.726795347910046,0.725861797621124,0.687499030851822
1623,1.2,1.4,-0.88,1.94953163530355,2.01260719200016,0.726886809638519,0.726284933188067,0.726900342737809,0.726321535613248,0.726789099909986,0.725846310537788,0.687499044696796
1623.5,1.2,1.4,-0.88,1.9497493280104,2.0126537508674,0.726882714937139,0.726268648474985,0.726896423866635,0.726305179553815,0.726782776602586,0.725830853830253,0.687499058343984
1624,1.2,1.4,-0.88,1.94996643129258,2.01269997799105,0.726878537721094,0.726252394690641,0.726892422317062,0.726288854484409,0.72677637737944,0.725815427471656,0.687499071796213
1624.5,1.2,1.4,-0.88,1.95018294566298,2.01274587464774,0.726874278067882,0.726236171812456,0.726888338296164,0.726272560382761,0.726769901690132,0.725800031434953,0.687499085056267
1625,1.2,1.4,-0.88,1.95039887165034,2.01279144211045,0.726869936058678,0.726219979817709,0.726884171988481,0.726256297226437,0.726763349065659,0.725784665693043,0.687499098126892
1625.5,1.2,1.4,-0.88,1.95061420979862,2.01283668164849,0.726865511784903,0.726203818683498,0.726879923560205,0.726240064992843,0.726756719140219,0.725769330218614,0.687499111010794
1626,1.2,1.4,-0.88,1.95082896066619,2.01288159452756,0.726861005354618,0.726187688386781,0.726875593163882,0.726223863659225,0.726750011670508,0.725754024984304,0.687499123710639
1626.5,1.2,1.4,-0.88,1.95104312482496,2.0129261820097,0.726856416898627,0.726171588904361,0.726871180943494,0.726207693202672,0.726743226552257,0.725738749962637,0.687499136229059
1627,1.2,1.4,-0.88,1.9512567028593,2.01297044535334,0.726851746576195,0.726155520212874,0.726866687039841,0.726191553600115,0.726736363833892,0.725723505125959,0.687499148568644
1627.5,1.2,1.4,-0.88,1.95146969536497,2.01301438581329,0.726846994580307,0.726139482288817,0.726862111596083,0.72617544482833,0.726729423727094,0.725708290446572,0.687499160731949
1628,1.2,1.4,-0.88,1.95168210294784,2.01305800464074,0.726842161142325,0.726123475108518,0.726857454763349,0.726159366863938,0.726722406614069,0.725693105896571,0.687499172721492
1628.5,1.2,1.4,-0.88,1.95189392622265,2.01310130308328,0.726837246536006,0.726107498648175,0.726852716706288,0.726143319683408,0.726715313051526,0.725677951448039,0.687499184539757
1629,1.2,1.4,-0.88,1.95210516581167,2.0131442823849,0.726832251080806,0.726091552883819,0.726847897608456,0.726127303263057,0.726708143771326,0.725662827072857,0.687499196189189
1629.5,1.2,1.4,-0.88,1.95231582234332,2.01318694378599,0.726827175144483,0.726075637791348,0.726842997677447,0.72611131757905,0.726700899678169,0.725647732742865,0.6874992076722
1630,1.2,1.4,-0.88,1.95252589645082,2.01322928852339,0.726822019144831,0.726059753346499,0.726838017149659,0.726095362607406,0.726693581843814,0.725632668429731,0.687499218991169
1630.5,1.2,1.4,-0.88,1.95273538877086,2.01327131783033,0.726816783550678,0.726043899524869,0.726832956294626,0.726079438323993,0.726686191498661,0.725617634105026,0.687499230148438
1631,1.2,1.4,-0.88,1.95294429994223,2.01331303293648,0.726811468882077,0.726028076301917,0.726827815418825,0.726063544704535,0.726678730020622,0.725602629740248,0.687499241146317
1631.5,1.2,1.4,-0.88,1.9531526306046,2.01335443506796,0.726806075709642,0.726012283652956,0.726822594868909,0.726047681724609,0.72667119892133,0.72558765530676,0.687499251987084
1632,1.2,1.4,-0.88,1.9533603813973,2.01339552544732,0.726800604653198,0.725996521553149,0.726817295034295,0.726031849359649,0.726663599830505,0.725572710775799,0.687499262672983
1632.5,1.2,1.4,-0.88,1.95356755295819,2.01343630529357,0.726795056379671,0.725980789977531,0.726811916349101,0.726016047584945,0.726655934478467,0.725557796118531,0.687499273206226
1633,1.2,1.4,-0.88,1.95377414592267,2.0134767758222,0.726789431600259,0.725965088900982,0.726806459293362,0.726000276375646,0.72664820467694,0.725542911305964,0.687499283588994
1633.5,1.2,1.4,-0.88,1.95398016092276,2.01351693824512,0.726783731067057,0.725949418298263,0.726800924393557,0.72598453570676,0.726640412299196,0.725528056309071,0.687499293823437
1634,1.2,1.4,-0.88,1.95418559858631,2.01355679377077,0.726777955569074,0.725933778143985,0.72679531222241,0.725968825553157,0.726632559259142,0.725513231098669,0.687499303911674
1634.5,1.2,1.4,-0.88,1.95439045953636,2.01359634360403,0.726772105927822,0.725918168412624,0.726789623398007,0.725953145889568,0.726624647490345,0.725498435645479,0.687499313855793
1635,1.2,1.4,-0.88,1.95459474439062,2.01363558894628,0.726766182992522,0.725902589078526,0.726783858582244,0.725937496690586,0.726616678925108,0.725483669920129,0.687499323657853
1635.5,1.2,1.4,-0.88,1.95479845376103,2.01367453099541,0.726760187634987,0.725887040115903,0.726778018478631,0.725921877930672,0.726608655473846,0.725468933893156,0.687499333319884
1636,1.2,1.4,-0.88,1.95500158825361,2.01371317094581,0.726754120744369,0.725871521498831,0.726772103829528,0.725906289584149,0.726600579005549,0.725454227534974,0.687499342843885
1636.5,1.2,1.4,-0.88,1.95520414846826,2.01375150998837,0.726747983221744,0.725856033201257,0.726766115412848,0.725890731625207,0.726592451329124,0.725439550815904,0.68749935223183
1637,1.2,1.4,-0.88,1.95540613499884,2.01378954931049,0.726741775974773,0.725840575197001,0.726760054038304,0.725875204027906,0.726584274176538,0.725424903706183,0.687499361485661
1637.5,1.2,1.4,-0.88,1.95560754843327,2.01382729009613,0.726735499912426,0.725825147459747,0.72675392054328,0.725859706766174,0.726576049187559,0.725410286175923,0.687499370607294
1638,1.2,1.4,-0.88,1.95580838935385,2.01386473352575,0.726729155939859,0.725809749963055,0.726747715788382,0.725844239813806,0.726567777896364,0.725395698195152,0.687499379598619
1638.5,1.2,1.4,-0.88,1.95600865833756,2.01390188077636,0.726722744953636,0.725794382680361,0.726741440652791,0.725828803144473,0.726559461720638,0.72538113973381,0.687499388461496
1639,1.2,1.4,-0.88,1.9562083559566,2.01393873302153,0.726716267837271,0.725779045584975,0.726735096029461,0.725813396731716,0.72655110195289,0.725366610761752,0.68749939719776
1639.5,1.2,1.4,-0.88,1.95640748277889,2.01397529143137,0.726709725457213,0.725763738650081,0.726728682820289,0.725798020548949,0.726542699754303,0.725352111248714,0.687499405809221
1640,1.2,1.4,-0.88,1.95660603936867,2.01401155717254,0.726703118659252,0.725748461848725,0.726722201931307,0.72578267456946,0.726534256150835,0.725337641164288,0.68749941429766
1640.5,1.2,1.4,-0.88,1.95680402628723,2.0140475314083,0.72669644826558,0.725733215153862,0.726715654268009,0.725767358766415,0.726525772032354,0.725323200478111,0.687499422664837
1641,1.2,1.4,-0.88,1.95700144409355,2.01408321529847,0.726689715072316,0.725717998538299,0.726709040730868,0.725752073112855,0.726517248153785,0.725308789159605,0.687499430912482
1641.5,1.2,1.4,-0.88,1.95719829334505,2.01411860999944,0.726682919847663,0.725702811974726,0.726702362211131,0.725736817581697,0.726508685138775,0.725294407178116,0.687499439042303
1642,1.2,1.4,-0.88,1.95739457459834,2.01415371666421,0.726676063330723,0.725687655435729,0.726695619586955,0.725721592145739,0.726500083485839,0.725280054502971,0.687499447055985
1642.5,1.2,1.4,-0.88,1.9575902884099,2.01418853644238,0.726669146230828,0.725672528893765,0.726688813719927,0.72570639677766,0.726491443576125,0.725265731103353,0.687499454955185
1643,1.2,1.4,-0.88,1.95778543533682,2.01422307048014,0.726662169227542,0.725657432321168,0.726681945452042,0.725691231450016,0.72648276568338,0.725251436948335,0.68749946274154
1643.5,1.2,1.4,-0.88,1.95798001593743,2.01425731992029,0.726655132971228,0.725642365690165,0.726675015603155,0.725676096135247,0.726474049985416,0.725237172006942,0.68749947041666
1644,1.2,1.4,-0.88,1.95817403077194,2.01429128590228,0.726648038084103,0.725627328972869,0.726668024968942,0.725660990805676,0.726465296576752,0.725222936248125,0.687499477982137
1644.5,1.2,1.4,-0.88,1.95836748040299,2.01432496956215,0.726640885161826,0.72561232214127,0.726660974319389,0.72564591543351,0.72645650548236,0.725208729640689,0.687499485439535
1645,1.2,1.4,-0.88,1.95856036539614,2.01435837203259,0.72663367477553,0.725597345167243,0.726653864397817,0.725630869990838,0.72644767667223,0.725194552153367,0.687499492790399
1645.5,1.2,1.4,-0.88,1.95875268632027,2.01439149444294,0.72662640747417,0.72558239802257,0.726646695920423,0.725615854449639,0.726438810075986,0.72518040375488,0.68749950003625
1646,1.2,1.4,-0.88,1.95894444374797,2.01442433791918,0.726619083787266,0.725567480678901,0.726639469576342,0.725600868781777,0.726429905597998,0.725166284413777,0.687499507178589
1646.5,1.2,1.4,-0.88,1.95913563825575,2.01445690358393,0.726611704227822,0.725552593107785,0.726632186028197,0.725585912959004,0.72642096313199,0.725152194098564,0.687499514218895
1647,1.2,1.4,-0.88,1.95932627042425,2.01448919255651,0.726604269295398,0.725537735280665,0.726624845913091,0.725570986952959,0.726411982575036,0.725138132777675,0.687499521158625
1647.5,1.2,1.4,-0.88,1.95951634083832,2.01452120595287,0.726596779479337,0.725522907168861,0.726617449844025,0.725556090735174,0.726402963841088,0.725124100419406,0.687499527999216
1648,1.2,1.4,-0.88,1.95970585008703,2.01455294488567,0.726589235261943,0.725508108743603,0.726609998411662,0.72554122427707,0.726393906873151,0.725110096992046,0.687499534742085
1648.5,1.2,1.4,-0.88,1.95989479876364,2.01458441046423,0.726581637121649,0.725493339976004,0.726602492186421,0.725526387549959,0.726384811654423,0.725096122463745,0.687499541388626
1649,1.2,1.4,-0.88,1.96008318746545,2.01461560379458,0.726573985535996,0.725478600837078,0.726594931720795,0.725511580525048,0.726375678217649,0.725082176802619,0.687499547940217
1649.5,1.2,1.4,-0.88,1.96027101679361,2.01464652597944,0.726566280984519,0.725463891297722,0.726587317551881,0.725496803173434,0.726366506653362,0.725068259976644,0.687499554398214
1650,1.2,1.4,-0.88,1.96045828735288,2.01467717811824,0.726558523951295,0.725449211328747,0.726579650204016,0.725482055466113,0.726357297115948,0.725054371953793,0.687499560763954
1650.5,1.2,1.4,-0.88,1.96064499975137,2.01470756130712,0.72655071492729,0.725434560900856,0.726571930191495,0.725467337373974,0.726348049828367,0.725040512701934,0.687499567038755
1651,1.2,1.4,-0.88,1.96083115460014,2.01473767663894,0.726542854412255,0.725419939984628,0.726564158021263,0.725452648867801,0.726338765084541,0.725026682188775,0.687499573223915
1651.5,1.2,1.4,-0.88,1.96101675251294,2.0147675252033,0.726534942916391,0.72540534855058,0.726556334195572,0.725437989918278,0.72632944325055,0.725012880382112,0.687499579320717
1652,1.2,1.4,-0.88,1.96120179410577,2.01479710808652,0.726526980961513,0.725390786569103,0.726548459214506,0.725423360495986,0.726320084763584,0.724999107249542,0.687499585330421
1652.5,1.2,1.4,-0.88,1.96138627999656,2.01482642637167,0.726518969081833,0.725376254010488,0.726540533578334,0.725408760571407,0.726310690129327,0.7249853627586,0.687499591254272
1653,1.2,1.4,-0.88,1.96157021080476,2.01485548113856,0.726510907824405,0.725361750844947,0.72653255778966,0.72539419011492,0.726301259918124,0.724971646876813,0.687499597093497
1653.5,1.2,1.4,-0.88,1.96175358715105,2.01488427346377,0.726502797749,0.72534727704257,0.726524532355305,0.725379649096808,0.726291794759003,0.724957959571547,0.687499602849304
1654,1.2,1.4,-0.88,1.96193640965693,2.01491280442064,0.726494639427769,0.72533283257337,0.726516457787903,0.725365137487253,0.726282295333239,0.724944300810166,0.687499608522885
1654.5,1.2,1.4,-0.88,1.9621186789445,2.01494107507928,0.726486433444356,0.725318417407257,0.726508334607177,0.725350655256343,0.72627276236613,0.724930670559935,0.687499614115415
1655,1.2,1.4,-0.88,1.9623003956362,2.01496908650658,0.726478180392772,0.725304031514048,0.726500163340884,0.725336202374066,0.726263196618378,0.724917068788052,0.687499619628052
1655.5,1.2,1.4,-0.88,1.96248156035454,2.0149968397662,0.726469880875877,0.72528967486346,0.726491944525403,0.725321778810318,0.726253598876468,0.72490349546162,0.687499625061937
1656,1.2,1.4,-0.88,1.96266217372205,2.01502433591862,0.726461535503598,0.725275347425138,0.726483678705981,0.7253073845349,0.726243969942731,0.724889950547771,0.687499630418195
1656.5,1.2,1.4,-0.88,1.96284223636108,2.0150515760211,0.726453144890915,0.725261049168602,0.72647536643662,0.725293019517517,0.726234310625169,0.724876434013412,0.687499635697935
1657,1.2,1.4,-0.88,1.96302174889385,2.01507856112771,0.726444709655584,0.725246780063303,0.726467008279632,0.725278683727783,0.726224621726974,0.724862945825482,0.68749964090225
1657.5,1.2,1.4,-0.88,1.96320071194244,2.01510529228934,0.726436230415826,0.725232540078608,0.72645860480487,0.72526437713522,0.726214904036754,0.72484948595089,0.687499646032218
1658,1.2,1.4,-0.88,1.96337912612886,2.01513177055369,0.726427707787795,0.725218329183769,0.726450156588659,0.725250099709257,0.726205158318558,0.72483605435635,0.687499651088901
1658.5,1.2,1.4,-0.88,1.96355699207524,2.0151579969653,0.726419142383048,0.725204147347976,0.726441664212462,0.725235851419237,0.726195385302731,0.724822651008642,0.687499656073345
1659,1.2,1.4,-0.88,1.96373431040401,2.01518397256554,0.726410534806032,0.725189994540318,0.726433128261297,0.725221632234409,0.726185585677525,0.724809275874417,0.687499660986583
1659.5,1.2,1.4,-0.88,1.96391108173819,2.01520969839262,0.726401885651575,0.725175870729791,0.726424549321969,0.725207442123937,0.726175760081441,0.724795928920233,0.687499665829632
1660,1.2,1.4,-0.88,1.96408730670169,2.01523517548162,0.726393195502492,0.725161775885319,0.726415927981122,0.725193281056894,0.72616590909658,0.72478261011265,0.687499670603494
1660.5,1.2,1.4,-0.88,1.96426298591968,2.01526040486443,0.726384464927333,0.725147709975726,0.726407264823191,0.725179149002267,0.726156033243193,0.724769319418099,0.687499675309159
1661,1.2,1.4,-0.88,1.96443812001901,2.01528538756986,0.726375694478319,0.725133672969773,0.726398560428265,0.72516504592896,0.726146132975399,0.724756056803047,0.687499679947599
1661.5,1.2,1.4,-0.88,1.96461270962861,2.01531012462355,0.726366884689439,0.72511966483611,0.726389815369921,0.725150971805787,0.726136208677936,0.724742822233769,0.687499684519776
1662,1.2,1.4,-0.88,1.96478675538002,2.01533461704804,0.726358036074859,0.725105685543331,0.726381030213072,0.725136926601481,0.726126260664474,0.724729615676608,0.687499689026637
1662.5,1.2,1.4,-0.88,1.96496025790784,2.01535886586274,0.726349149127535,0.725091735059919,0.726372205511867,0.725122910284689,0.726116289176911,0.724716437097716,0.687499693469113
1663,1.2,1.4,-0.88,1.96513321785025,2.01538287208396,0.726340224318202,0.725077813354305,0.726363341807681,0.725108922823976,0.726106294386298,0.724703286463313,0.687499697848126
1663.5,1.2,1.4,-0.88,1.96530563584948,2.01540663672491,0.726331262094558,0.725063920394817,0.726354439627243,0.725094964187826,0.726096276394532,0.724690163739462,0.687499702164581
1664,1.2,1.4,-0.88,1.96547751255237,2.01543016079571,0.726322262880862,0.725050056149723,0.726345499480921,0.72508103434464,0.726086235237586,0.724677068892257,0.687499706419373
1664.5,1.2,1.4,-0.88,1.96564884861081,2.01545344530338,0.72631322707778,0.725036220587185,0.72633652186121,0.725067133262739,0.726076170889601,0.724664001887609,0.687499710613382
1665,1.2,1.4,-0.88,1.96581964468225,2.01547649125188,0.726304155062586,0.725022413675312,0.726327507241439,0.725053260910364,0.72606608326808,0.724650962691494,0.687499714747477
1665.5,1.2,1.4,-0.88,1.96598990143012,2.01549929964208,0.726295047189637,0.725008635382129,0.726318456074719,0.725039417255679,0.72605597223983,0.724637951269793,0.687499718822513
1666,1.2,1.4,-0.88,1.96615961952425,2.01552187147179,0.726285903791196,0.724994885675577,0.726309368793158,0.725025602266766,0.726045837627889,0.724624967588298,0.687499722839334
1666.5,1.2,1.4,-0.88,1.96632879964127,2.01554420773575,0.726276725178418,0.724981164523518,0.726300245807339,0.725011815911632,0.726035679218599,0.724612011612738,0.687499726798772
1667,1.2,1.4,-0.88,1.96649744246492,2.01556630942569,0.726267511642718,0.724967471893761,0.726291087506084,0.724998058158207,0.726025496769689,0.724599083308883,0.687499730701647
1667.5,1.2,1.4,-0.88,1.96666554868633,2.01558817753024,0.726258263457256,0.724953807754014,0.726281894256489,0.724984328974345,0.72601529001821,0.72458618264234,0.687499734548766
1668,1.2,1.4,-0.88,1.96683311900429,2.01560981303503,0.726248980878661,0.724940172071922,0.726272666404234,0.724970628327823,0.726005058688866,0.724573309578693,0.687499738340926
1668.5,1.2,1.4,-0.88,1.96700015412542,2.01563121692265,0.726239664148899,0.724926564815066,0.726263404274168,0.724956956186346,0.725994802502234,0.724560464083531,0.687499742078913
1669,1.2,1.4,-0.88,1.96716665476429,2.01565239017266,0.726230313497266,0.724912985950941,0.726254108171125,0.724943312517545,0.725984521182896,0.724547646122314,0.6874997457635
1669.5,1.2,1.4,-0.88,1.96733262164351,2.01567333376162,0.726220929142453,0.724899435446982,0.726244778380995,0.724929697288977,0.725974214467213,0.724534855660511,0.68749974939545
1670,1.2,1.4,-0.88,1.96749805549373,2.01569404866305,0.726211511294638,0.724885913270528,0.726235415171981,0.724916110468126,0.725963882110568,0.724522092663434,0.687499752975515
1670.5,1.2,1.4,-0.88,1.96766295705367,2.0157145358475,0.726202060157641,0.724872419388893,0.726226018796059,0.724902552022406,0.725953523894335,0.724509357096528,0.687499756504436
1671,1.2,1.4,-0.88,1.96782732706998,2.01573479628251,0.726192575930977,0.724858953769272,0.726216589490585,0.724889021919159,0.725943139631842,0.724496648924985,0.687499759982944
1671.5,1.2,1.4,-0.88,1.96799116629713,2.01575483093264,0.726183058811866,0.724845516378822,0.726207127480022,0.724875520125656,0.725932729173677,0.724483968114071,0.687499763411759
1672,1.2,1.4,-0.88,1.96815447549727,2.01577464075944,0.726173508997183,0.724832107184632,0.726197632977766,0.724862046609101,0.725922292412348,0.724471314629017,0.687499766791591
1672.5,1.2,1.4,-0.88,1.96831725544,2.01579422672153,0.726163926685193,0.724818726153704,0.726188106188028,0.724848601336628,0.725911829285641,0.724458688434905,0.68749977012314
1673,1.2,1.4,-0.88,1.96847950690213,2.01581358977452,0.726154312077193,0.72480537325299,0.726178547307739,0.724835184275302,0.72590133977934,0.72444608949685,0.687499773407095
1673.5,1.2,1.4,-0.88,1.96864123066744,2.0158327308711,0.726144665378961,0.724792048449373,0.726168956528445,0.724821795392122,0.725890823928938,0.724433517779909,0.687499776644137
1674,1.2,1.4,-0.88,1.96880242752635,2.01585165096096,0.726134986801943,0.72477875170967,0.726159334038167,0.724808434654021,0.725880281820088,0.72442097324908,0.687499779834935
1674.5,1.2,1.4,-0.88,1.96896309827566,2.01587035099089,0.726125276564313,0.724765483000628,0.726149680023179,0.724795102027863,0.725869713588524,0.7244084558693,0.68749978298015
1675,1.2,1.4,-0.88,1.9691232437182,2.0158888319047,0.726115534891723,0.724752242288936,0.726139994669695,0.724781797480451,0.725859119418682,0.724395965605482,0.687499786080434
1675.5,1.2,1.4,-0.88,1.96928286466255,2.01590709464329,0.726105762017905,0.724739029541215,0.726130278165433,0.724768520978518,0.725848499541807,0.724383502422479,0.687499789136427
1676,1.2,1.4,-0.88,1.96944196192267,2.01592514014464,0.726095958184929,0.724725844724028,0.726120530701011,0.724755272488738,0.725837854232801,0.724371066285114,0.687499792148764
1676.5,1.2,1.4,-0.88,1.96960053631764,2.01594296934378,0.726086123643367,0.724712687803873,0.726110752471209,0.724742051977719,0.725827183806944,0.724358657158155,0.687499795118067
1677,1.2,1.4,-0.88,1.96975858867135,2.01596058317286,0.726076258652093,0.72469955874719,0.726100943676013,0.724728859412006,0.725816488615322,0.72434627500634,0.687499798044952
1677.5,1.2,1.4,-0.88,1.96991611981219,2.0159779825611,0.726066363478028,0.72468645752036,0.726091104521494,0.724715694758085,0.725805769040451,0.724333919794378,0.687499800930024
1678,1.2,1.4,-0.88,1.97007313057284,2.01599516843485,0.726056438395542,0.724673384089696,0.726081235220471,0.724702557982379,0.725795025490797,0.72432159148689,0.687499803773881
1678.5,1.2,1.4,-0.88,1.97022962178999,2.01601214171753,0.726046483685844,0.724660338421454,0.726071335992979,0.724689449051248,0.725784258395712,0.724309290048468,0.687499806577112
1679,1.2,1.4,-0.88,1.97038559430414,2.0160289033297,0.726036499636063,0.724647320481839,0.726061407066529,0.724676367930997,0.725773468199478,0.724297015443708,0.687499809340296
1679.5,1.2,1.4,-0.88,1.97054104895943,2.01604545418905,0.726026486538349,0.72463433023699,0.726051448676177,0.724663314587868,0.725762655355967,0.724284767637114,0.687499812064006
1680,1.2,1.4,-0.88,1.97069598660347,2.01606179521037,0.726016444688796,0.724621367652996,0.726041461064403,0.724650288988045,0.725751820322949,0.724272546593195,0.687499814748806
1680.5,1.2,1.4,-0.88,1.97085040808726,2.0160779273056,0.726006374386303,0.724608432695872,0.726031444480811,0.724637291097655,0.725740963556646,0.724260352276337,0.687499817395251
1681,1.2,1.4,-0.88,1.97100431426503,2.01609385138384,0.725996275931443,0.7245955253316,0.726021399181676,0.724624320882766,0.725730085506765,0.724248184650993,0.687499820003891
1681.5,1.2,1.4,-0.88,1.97115770599424,2.01610956835131,0.725986149625279,0.724582645526087,0.726011325429344,0.724611378309391,0.725719186611729,0.724236043681494,0.687499822575264
1682,1.2,1.4,-0.88,1.97131058413553,2.0161250791114,0.725975995768172,0.724569793245203,0.726001223491509,0.724598463343484,0.725708267294275,0.724223929332203,0.687499825109903
1682.5,1.2,1.4,-0.88,1.97146294955269,2.01614038456466,0.725965814658728,0.72455696845475,0.725991093640392,0.724585575950948,0.725697327958007,0.724211841567395,0.687499827608333
1683,1.2,1.4,-0.88,1.97161480311271,2.01615548560882,0.725955606592678,0.724544171120478,0.725980936151844,0.724572716097627,0.725686368983959,0.724199780351313,0.687499830071071
1683.5,1.2,1.4,-0.88,1.97176614568579,2.01617038313876,0.725945371861938,0.724531401208088,0.72597075130439,0.724559883749312,0.725675390728218,0.724187745648176,0.687499832498627
1684,1.2,1.4,-0.88,1.97191697814541,2.01618507804656,0.725935110753759,0.724518658683235,0.725960539378248,0.724547078871742,0.725664393520131,0.7241757374222,0.687499834891504
1684.5,1.2,1.4,-0.88,1.97206730136842,2.0161995712215,0.725924823549983,0.724505943511503,0.725950300654344,0.7245343014306,0.725653377661113,0.724163755637482,0.687499837250196
1685,1.2,1.4,-0.88,1.97221711623508,2.01621386355004,0.72591451052642,0.724493255658441,0.725940035413336,0.724521551391518,0.725642343424103,0.724151800258154,0.687499839575194
1685.5,1.2,1.4,-0.88,1.97236642362915,2.01622795591585,0.725904171952406,0.72448059508954,0.725929743934684,0.724508828720077,0.725631291053799,0.724139871248282,0.687499841866977
1686,1.2,1.4,-0.88,1.97251522443802,2.01624184919981,0.72589380809049,0.72446796177025,0.725919426495778,0.724496133381806,0.72562022076748,0.72412796857194,0.68749984412602
1686.5,1.2,1.4,-0.88,1.97266351955277,2.01625554428,0.725883419196304,0.724455355665959,0.725909083371136,0.724483465342182,0.725609132756523,0.724116092193106,0.687499846352791
1687,1.2,1.4,-0.88,1.97281130986823,2.01626904203176,0.725873005518539,0.724442776742013,0.725898714831706,0.724470824566635,0.725598027188253,0.724104242075762,0.687499848547751
1687.5,1.2,1.4,-0.88,1.9729585962831,2.01628234332762,0.725862567299134,0.724430224963709,0.725888321144269,0.724458211020543,0.725586904208579,0.724092418183859,0.687499850711355
1688,1.2,1.4,-0.88,1.97310537969996,2.01629544903736,0.72585210477356,0.724417700296299,0.725877902570954,0.724445624669235,0.72557576394482,0.724080620481319,0.687499852844049
1688.5,1.2,1.4,-0.88,1.97325166102538,2.01630836002803,0.72584161817127,0.724405202704974,0.725867459368889,0.724433065477993,0.725564606509015,0.724068848931969,0.687499854946277
1689,1.2,1.4,-0.88,1.97339744116988,2.01632107716389,0.725831107716274,0.724392732154906,0.725856991789976,0.724420533412051,0.725553432001505,0.724057103499737,0.687499857018473
1689.5,1.2,1.4,-0.88,1.97354272104798,2.01633360130648,0.725820573627816,0.724380288611191,0.7258465000808,0.724408028436596,0.725542240514676,0.724045384148388,0.687499859061067
1690,1.2,1.4,-0.88,1.97368750157819,2.01634593331459,0.725810016121174,0.724367872038897,0.725835984482671,0.724395550516767,0.725531032136928,0.724033690841723,0.68749986107448
1690.5,1.2,1.4,-0.88,1.97383178368296,2.0163580740443,0.725799435408502,0.724355482403037,0.725825445231798,0.724383099617657,0.725519806956505,0.724022023543483,0.68749986305913
1691,1.2,1.4,-0.88,1.9739755682886,2.01637002434894,0.725788831699757,0.724343119668596,0.725814882559585,0.724370675704316,0.725508565065399,0.724010382217436,0.687499865015428
1691.5,1.2,1.4,-0.88,1.97411885632524,2.01638178507915,0.725778205203681,0.724330783800497,0.725804296693038,0.724358278741748,0.725497306563177,0.723998766827259,0.687499866943779
1692,1.2,1.4,-0.88,1.9742616487267,2.01639335708283,0.725767556128764,0.72431847476363,0.725793687855284,0.72434590869491,0.725486031560417,0.723987177336629,0.687499868844582
1692.5,1.2,1.4,-0.88,1.97440394643037,2.01640474120521,0.725756884684279,0.724306192522839,0.725783056266181,0.72433356552872,0.725474740182191,0.723975613709191,0.687499870718231
1693,1.2,1.4,-0.88,1.97454575037704,2.0164159382888,0.725746191081255,0.724293937042924,0.725772402143009,0.724321249208048,0.725463432571031,0.723964075908559,0.687499872565114
1693.5,1.2,1.4,-0.88,1.97468706151074,2.01642694917341,0.72573547553339,0.724281708288653,0.725761725701221,0.724308959697724,0.72545210888937,0.723952563898344,0.687499874385612
1694,1.2,1.4,-0.88,1.97482788077855,2.01643777469621,0.725724738258008,0.724269506224741,0.725751027155248,0.724296696962537,0.725440769322032,0.723941077642095,0.687499876180103
1694.5,1.2,1.4,-0.88,1.9749682091304,2.01644841569164,0.725713979476862,0.724257330815863,0.725740306719334,0.72428446096723,0.725429414077824,0.723929617103332,0.687499877948959
1695,1.2,1.4,-0.88,1.97510804751883,2.0164588729915,0.725703199416898,0.724245182026666,0.725729564608386,0.724272251676509,0.725418043390892,0.723918182245599,0.687499879692545
1695.5,1.2,1.4,-0.88,1.97524739689878,2.01646914742492,0.725692398310907,0.72423305982174,0.725718801038823,0.724260069055037,0.725406657521478,0.723906773032349,0.687499881411223
1696,1.2,1.4,-0.88,1.97538625822732,2.01647923981837,0.725681576398081,0.724220964165658,0.725708016229402,0.724247913067439,0.725395256756203,0.723895389427095,0.687499883105349
1696.5,1.2,1.4,-0.88,1.97552463246343,2.01648915099567,0.725670733924501,0.724208895022937,0.725697210402025,0.724235783678299,0.725383841408098,0.723884031393253,0.687499884775272
1697,1.2,1.4,-0.88,1.97566252056777,2.01649888177799,0.725659871143402,0.724196852358054,0.725686383782478,0.724223680852163,0.725372411815621,0.723872698894205,0.68749988642134
1697.5,1.2,1.4,-0.88,1.97579992350238,2.01650843298388,0.725648988315415,0.724184836135474,0.725675536601121,0.724211604553538,0.725360968341743,0.723861391893427,0.687499888043892
1698,1.2,1.4,-0.88,1.97593684223047,2.01651780542923,0.725638085708664,0.724172846319589,0.725664669093498,0.724199554746894,0.725349511372432,0.7238501103542,0.687499889643265
1698.5,1.2,1.4,-0.88,1.97607327771621,2.01652699992733,0.725627163598662,0.724160882874779,0.725653781500863,0.72418753139666,0.725338041314466,0.723838854239902,0.68749989121979
1699,1.2,1.4,-0.88,1.97620923092446,2.01653601728884,0.725616222268223,0.724148945765391,0.725642874070616,0.724175534467235,0.725326558593455,0.723827623513904,0.687499892773793
1699.5,1.2,1.4,-0.88,1.97634470282057,2.01654485832181,0.725605262007131,0.724137034955716,0.72563194705663,0.724163563922976,0.725315063651027,0.723816418139446,0.687499894305596
1700,1.2,1.4,-0.88,1.9764796943702,2.01655352383167,0.725594283111778,0.724125150410024,0.725621000719479,0.724151619728204,0.725303556942105,0.723805238079833,0.687499895815516
1700.5,1.2,1.4,-0.88,1.97661420653913,2.01656201462127,0.725583285884666,0.724113292092551,0.725610035326557,0.724139701847208,0.725292038931818,0.72379408329833,0.687499897303865
1701,1.2,1.4,-0.88,1.97674824029308,2.01657033149087,0.725572270633859,0.724101459967493,0.725599051152088,0.72412781024424,0.725280510092468,0.723782953758167,0.687499898770953
1701.5,1.2,1.4,-0.88,1.9768817965976,2.01657847523813,0.725561237672286,0.724089653999025,0.725588048477022,0.724115944883519,0.725268970900114,0.723771849422603,0.687499900217082
1702,1.2,1.4,-0.88,1.97701487641791,2.01658644665812,0.725550187317071,0.724077874151278,0.725577027588839,0.724104105729229,0.725257421831531,0.723760770254826,0.687499901642553
1702.5,1.2,1.4,-0.88,1.97714748071884,2.01659424654337,0.725539119888769,0.724066120388345,0.725565988781245,0.724092292745521,0.725245863361035,0.723749716217989,0.687499903047659
1703,1.2,1.4,-0.88,1.97727961046471,2.01660187568381,0.725528035710535,0.724054392674299,0.725554932353779,0.724080505896513,0.725234295957258,0.723738687275271,0.687499904432692
1703.5,1.2,1.4,-0.88,1.97741126661929,2.01660933486682,0.725516935107352,0.724042690973184,0.725543858611335,0.724068745146291,0.725222720080467,0.723727683389847,0.68749990579794
1704,1.2,1.4,-0.88,1.97754245014577,2.01661662487723,0.725505818405165,0.724031015249002,0.725532767863612,0.724057010458908,0.725211136179641,0.72371670452482,0.687499907143683
1704.5,1.2,1.4,-0.88,1.97767316200674,2.01662374649733,0.725494685930111,0.724019365465733,0.725521660424501,0.724045301798389,0.725199544690266,0.72370575064332,0.687499908470202
1705,1.2,1.4,-0.88,1.97780340316416,2.01663070050684,0.725483538007717,0.724007741587315,0.725510536611421,0.724033619128723,0.725187946032103,0.723694821708405,0.687499909777771
1705.5,1.2,1.4,-0.88,1.97793317457943,2.01663748768297,0.725472374962129,0.723996143577675,0.725499396744616,0.724021962413872,0.725176340607281,0.723683917683193,0.68749991106666
1706,1.2,1.4,-0.88,1.97806247721339,2.0166441088004,0.725461197115459,0.723984571400689,0.725488241146431,0.724010331617766,0.725164728799072,0.723673038530699,0.687499912337136
1706.5,1.2,1.4,-0.88,1.97819131202636,2.01665056463126,0.725450004787089,0.72397302502023,0.725477070140568,0.723998726704308,0.725153110970529,0.723662184214024,0.687499913589463
1707,1.2,1.4,-0.88,1.97831967997824,2.01665685594519,0.725438798293139,0.723961504400128,0.725465884051347,0.723987147637371,0.725141487463955,0.723651354696196,0.687499914823899
1707.5,1.2,1.4,-0.88,1.97844758202854,2.01666298350932,0.725427577945949,0.723950009504175,0.725454683202984,0.723975594380798,0.725129858600455,0.723640549940175,0.6874999160407
1708,1.2,1.4,-0.88,1.97857501913647,2.01666894808827,0.725416344053668,0.723938540296165,0.725443467918885,0.723964066898406,0.72511822467999,0.723629769909037,0.687499917240119
1708.5,1.2,1.4,-0.88,1.97870199226101,2.01667475044415,0.725405096919954,0.72392709673983,0.725432238520984,0.723952565153982,0.725106585981855,0.723619014565691,0.687499918422403
1709,1.2,1.4,-0.88,1.97882850236103,2.01668039133659,0.72539383684367,0.723915678798906,0.725420995329122,0.723941089111288,0.725094942765129,0.723608283873166,0.687499919587797
1709.5,1.2,1.4,-0.88,1.97895455039531,2.01668587152274,0.725382564118798,0.723904286437089,0.725409738660484,0.723929638734059,0.72508329526999,0.723597577794414,0.687499920736543
1710,1.2,1.4,-0.88,1.97908013732271,2.01669119175727,0.725371279034341,0.723892919618044,0.725398468829097,0.723918213986002,0.725071643718871,0.723586896292349,0.687499921868878
1710.5,1.2,1.4,-0.88,1.97920526410216,2.01669635279236,0.725359981874354,0.723881578305427,0.725387186145395,0.7239068148308,0.725059988318047,0.723576239329936,0.687499922985037
1711,1.2,1.4,-0.88,1.97932993169278,2.01670135537775,0.72534867291804,0.723870262462861,0.725375890915862,0.723895441232109,0.725048329259393,0.723565606870097,0.687499924085251
1711.5,1.2,1.4,-0.88,1.97945414105396,2.01670620026069,0.72533735243993,0.723858972053938,0.725364583442743,0.723884093153563,0.725036666722306,0.723554998875714,0.687499925169747
1712,1.2,1.4,-0.88,1.97957789314538,2.01671088818601,0.725326020710092,0.723847707042249,0.72535326402384,0.723872770558769,0.725025000875631,0.723544415309751,0.687499926238751
1712.5,1.2,1.4,-0.88,1.97970118892709,2.01671541989606,0.725314677994492,0.723836467391325,0.72534193295238,0.72386147341131,0.725013331880042,0.723533856134999,0.687499927292483
1713,1.2,1.4,-0.88,1.97982402935954,2.01671979613076,0.725303324555253,0.723825253064712,0.72533059051696,0.723850201674747,0.725001659889788,0.723523321314402,0.687499928331162
1713.5,1.2,1.4,-0.88,1.97994641540359,2.01672401762761,0.725291960651131,0.723814064025916,0.725319237001569,0.723838955312616,0.72498998505523,0.723512810810823,0.687499929355002
1714,1.2,1.4,-0.88,1.98006834802056,2.01672808512167,0.725280586537844,0.723802900238415,0.725307872685668,0.723827734288431,0.72497830752453,0.723502324587081,0.687499930364217
1714.5,1.2,1.4,-0.88,1.98018982817222,2.01673199934556,0.725269202468562,0.723791761665679,0.725296497844341,0.723816538565685,0.724966627445875,0.723491862606048,0.687499931359013
1715,1.2,1.4,-0.88,1.98031085682078,2.0167357610295,0.725257808694318,0.723780648271148,0.725285112748503,0.723805368107847,0.724954944969198,0.723481424830549,0.687499932339599
1715.5,1.2,1.4,-0.88,1.98043143492888,2.01673937090131,0.725246405464437,0.723769560018249,0.725273717665147,0.723794222878367,0.724943260247808,0.723471011223426,0.687499933306176
1716,1.2,1.4,-0.88,1.98055156345959,2.01674282968638,0.72523499302697,0.72375849687038,0.725262312857639,0.72378310284067,0.724931573439912,0.723460621747474,0.687499934258945
1716.5,1.2,1.4,-0.88,1.98067124337632,2.01674613810772,0.725223571629094,0.723747458790923,0.725250898586047,0.723772007958165,0.724919884709875,0.72345025636551,0.687499935198103
1717,1.2,1.4,-0.88,1.98079047564285,2.01674929688594,0.725212141517459,0.723736445743249,0.725239475107483,0.723760938194238,0.724908194229128,0.723439915040361,0.687499936123844
1717.5,1.2,1.4,-0.88,1.98090926122323,2.01675230673927,0.725200702938547,0.723725457690701,0.725228042676469,0.723749893512257,0.724896502177056,0.723429597734813,0.687499937036361
1718,1.2,1.4,-0.88,1.98102760108173,2.01675516838354,0.725189256138925,0.723714494596598,0.725216601545298,0.72373887387557,0.724884808741362,0.723419304411628,0.687499937935841
1718.5,1.2,1.4,-0.88,1.98114549618282,2.01675788253223,0.725177801365513,0.723703556424258,0.725205151964404,0.723727879247505,0.724873114118459,0.723409035033625,0.687499938822472
1719,1.2,1.4,-0.88,1.98126294749109,2.01676044989644,0.725166338865736,0.723692643136961,0.725193694182701,0.723716909591372,0.724861418513329,0.723398789563534,0.687499939696437
1719.5,1.2,1.4,-0.88,1.98137995597118,2.01676287118491,0.725154868887672,0.723681754697991,0.725182228447924,0.723705964870466,0.724849722139373,0.723388567964169,0.687499940557916
1720,1.2,1.4,-0.88,1.98149652258773,2.01676514710403,0.725143391680097,0.723670891070598,0.725170755006921,0.723695045048059,0.724838025217837,0.723378370198262,0.687499941407089
1720.5,1.2,1.4,-0.88,1.98161264830534,2.01676727835782,0.725131907492494,0.723660052218017,0.725159274105927,0.723684150087409,0.724826327977106,0.723368196228554,0.687499942244131
1721,1.2,1.4,-0.88,1.98172833408849,2.01676926564799,0.725120416574996,0.723649238103482,0.72514778599079,0.723673279951756,0.724814630651812,0.723358046017838,0.687499943069214
1721.5,1.2,1.4,-0.88,1.9818435809015,2.01677110967388,0.725108919178306,0.723638448690193,0.725136290907158,0.723662434604325,0.724802933481854,0.723347919528821,0.687499943882511
1722,1.2,1.4,-0.88,1.9819583897085,2.0167728111325,0.725097415553493,0.723627683941351,0.725124789100621,0.723651614008324,0.724791236711028,0.723337816724287,0.68749994468419
1722.5,1.2,1.4,-0.88,1.98207276147338,2.01677437071857,0.725085905951799,0.723616943820127,0.725113280816792,0.723640818126944,0.724779540585756,0.723327737566936,0.687499945474416
1723,1.2,1.4,-0.88,1.98218669715976,2.01677578912444,0.725074390624377,0.723606228289693,0.725101766301354,0.723630046923364,0.724767845353659,0.723317682019542,0.687499946253353
1723.5,1.2,1.4,-0.88,1.982300197731,2.01677706704018,0.725062869822018,0.72359553731319,0.725090245800048,0.723619300360745,0.724756151262172,0.723307650044798,0.687499947021162
1724,1.2,1.4,-0.88,1.98241326415014,2.01677820515354,0.725051343794775,0.723584870853748,0.725078719558608,0.723608578402234,0.724744458556845,0.723297641605407,0.687499947778002
1724.5,1.2,1.4,-0.88,1.98252589737994,2.01677920414997,0.725039812791672,0.723574228874509,0.725067187822658,0.723597881010965,0.724732767480112,0.723287656664177,0.687499948524031
1725,1.2,1.4,-0.88,1.98263809838286,2.01678006471263,0.725028277060274,0.72356361133856,0.725055650837556,0.723587208150058,0.724721078269603,0.723277695183737,0.687499949259402
1725.5,1.2,1.4,-0.88,1.98274986812112,2.01678078752237,0.725016736846349,0.723553018209017,0.725044108848203,0.723576559782619,0.724709391156947,0.723267757126882,0.687499949984268
1726,1.2,1.4,-0.88,1.98286120755667,2.01678137325778,0.725005192393448,0.723542449448955,0.725032562098807,0.723565935871741,0.724697706366334,0.72325784245629,0.687499950698778
1726.5,1.2,1.4,-0.88,1.98297211765125,2.01678182259515,0.72499364394255,0.723531905021446,0.725021010832628,0.723555336380506,0.724686024113446,0.723247951134679,0.687499951403081
1727,1.2,1.4,-0.88,1.98308259936647,2.01678213620852,0.7249820917317,0.723521384889557,0.72500945529169,0.723544761271981,0.724674344604482,0.723238083124778,0.687499952097323
1727.5,1.2,1.4,-0.88,1.9831926536638,2.01678231476965,0.724970535995618,0.723510889016334,0.72499789571647,0.723534210509225,0.724662668035086,0.723228238389289,0.687499952781647
1728,1.2,1.4,-0.88,1.98330228150466,2.01678235894803,0.724958976965405,0.723500417364817,0.724986332345581,0.723523684055282,0.724650994589793,0.723218416890923,0.687499953456195
1728.5,1.2,1.4,-0.88,1.98341148385049,2.01678226941092,0.724947414868244,0.723489969898035,0.724974765415445,0.723513181873185,0.724639324441508,0.723208618592396,0.687499954121106
1729,1.2,1.4,-0.88,1.9835202616628,2.0167820468233,0.724935849927133,0.723479546579011,0.724963195159967,0.72350270392596,0.724627657751111,0.723198843456434,0.687499954776519
1729.5,1.2,1.4,-0.88,1.98362861590326,2.01678169184794,0.724924282360665,0.723469147370752,0.724951621810213,0.723492250176619,0.724615994667359,0.723189091445732,0.687499955422569
1730,1.2,1.4,-0.88,1.98373654753374,2.01678120514534,0.724912712382843,0.723458772236254,0.724940045594102,0.723481820588165,0.724604335326875,0.723179362522997,0.687499956059389
1730.5,1.2,1.4,-0.88,1.98384405751644,2.01678058737379,0.724901140202971,0.723448421138516,0.724928466736115,0.723471415123592,0.724592679854492,0.723169656650967,0.687499956687112
1731,1.2,1.4,-0.88,1.98395114681392,2.01677983918936,0.72488956602554,0.723438094040514,0.72491688545703,0.723461033745883,0.724581028363545,0.723159973792327,0.687499957305868
1731.5,1.2,1.4,-0.88,1.98405781638918,2.01677896124587,0.724877990050219,0.723427790905228,0.724905301973681,0.723450676418014,0.724569380956559,0.723150313909824,0.687499957915784
1732,1.2,1.4,-0.88,1.98416406720575,2.01677795419496,0.724866412471856,0.72341751169562,0.724893716498756,0.723440343102952,0.724557737725957,0.723140676966149,0.687499958516987
1732.5,1.2,1.4,-0.88,1.98426990022775,2.01677681868603,0.724854833480542,0.723407256374658,0.724882129240629,0.723430033763656,0.724546098754932,0.723131062924059,0.687499959109601
1733,1.2,1.4,-0.88,1.98437531641994,2.01677555536631,0.724843253261713,0.723397024905287,0.724870540403223,0.723419748363076,0.724534464118453,0.723121471746249,0.68749995969375
1733.5,1.2,1.4,-0.88,1.98448031674779,2.01677416488081,0.724831671996289,0.723386817250453,0.724858950185926,0.723409486864155,0.724522833884298,0.72311190339545,0.687499960269554
1734,1.2,1.4,-0.88,1.98458490217753,2.01677264787235,0.724820089860886,0.723376633373098,0.72484735878354,0.723399249229829,0.724511208114365,0.723102357834393,0.687499960837131
1734.5,1.2,1.4,-0.88,1.9846890736762,2.01677100498157,0.724808507028025,0.723366473236153,0.724835766386283,0.723389035423029,0.724499586865808,0.723092835025813,0.687499961396601
1735,1.2,1.4,-0.88,1.98479283221167,2.01676923684694,0.724796923666378,0.723356336802546,0.724824173179816,0.723378845406676,0.72448797019228,0.723083334932443,0.687499961948078
1735.5,1.2,1.4,-0.88,1.98489617875269,2.01676734410475,0.724785339941061,0.723346224035198,0.72481257934533,0.723368679143687,0.724476358145253,0.723073857517019,0.687499962491677
1736,1.2,1.4,-0.88,1.98499911426889,2.0167653273891,0.724773756013927,0.723336134897024,0.724800985059661,0.723358536596974,0.724464750775238,0.723064402742277,0.68749996302751
1736.5,1.2,1.4,-0.88,1.98510163973082,2.01676318733195,0.724762172043883,0.723326069350939,0.724789390495439,0.723348417729441,0.724453148133007,0.723054970570982,0.687499963555689
1737,1.2,1.4,-0.88,1.98520375610991,2.01676092456311,0.724750588187218,0.723316027359847,0.724777795821283,0.723338322503988,0.724441550270769,0.723045560965869,0.687499964076322
1737.5,1.2,1.4,-0.88,1.98530546437853,2.01675853971022,0.724739004597904,0.72330600888666,0.724766201202011,0.723328250883513,0.724429957243119,0.723036173889734,0.687499964589517
1738,1.2,1.4,-0.88,1.98540676550991,2.01675603339879,0.724727421427947,0.723296013894264,0.724754606798883,0.723318202830905,0.724418369108162,0.723026809305274,0.687499965095381
1738.5,1.2,1.4,-0.88,1.98550766047817,2.01675340625217,0.724715838827708,0.723286042345567,0.724743012769866,0.723308178309052,0.724406785928367,0.723017467175315,0.687499965594018
1739,1.2,1.4,-0.88,1.98560815025828,2.0167506588916,0.724704256946174,0.723276094203458,0.72473141926991,0.723298177280837,0.72439520777119,0.723008147462614,0.687499966085533
1739.5,1.2,1.4,-0.88,1.98570823582601,2.01674779193616,0.724692675931272,0.723266169430829,0.72471982645124,0.723288199709141,0.724383634709814,0.722998850129954,0.687499966570025
1740,1.2,1.4,-0.88,1.98580791815793,2.01674480600285,0.724681095930107,0.723256267990567,0.724708234463648,0.723278245556841,0.724372066823496,0.722989575140119,0.687499967047596
1740.5,1.2,1.4,-0.88,1.98590719823133,2.01674170170652,0.724669517089231,0.723246389845555,0.724696643454794,0.723268314786809,0.724360504198032,0.722980322455886,0.687499967518345
1741,1.2,1.4,-0.88,1.98600607702419,2.01673847965991,0.724657939554819,0.723236534958676,0.724685053570495,0.723258407361917,0.724348946925807,0.72297109204006,0.687499967982368
1741.5,1.2,1.4,-0.88,1.98610455551516,2.01673514047368,0.724646363472863,0.72322670329282,0.724673464955008,0.723248523245036,0.724337395105894,0.722961883855472,0.687499968439763
1742,1.2,1.4,-0.88,1.98620263468343,2.01673168475635,0.724634788989341,0.723216894810855,0.72466187775131,0.723238662399031,0.72432584884405,0.722952697864886,0.687499968890623
1742.5,1.2,1.4,-0.88,1.98630031550879,2.01672811311437,0.724623216250271,0.723207109475684,0.724650292101341,0.72322882478677,0.724314308252253,0.722943534031216,0.687499969335043
1743,1.2,1.4,-0.88,1.98639759897145,2.01672442615211,0.724611645401843,0.723197347250167,0.724638708146249,0.723219010371118,0.724302773448566,0.722934392317208,0.687499969773114
1743.5,1.2,1.4,-0.88,1.9864944860521,2.01672062447182,0.724600076590459,0.723187608097183,0.724627126026596,0.723209219114938,0.724291244556661,0.722925272685702,0.687499970204927
1744,1.2,1.4,-0.88,1.9865909777318,2.01671670867372,0.724588509962697,0.723177891979623,0.724615545882544,0.723199450981093,0.724279721705058,0.72291617509959,0.687499970630571
1744.5,1.2,1.4,-0.88,1.98668707499192,2.01671267935591,0.724576945665368,0.723168198860367,0.724603967854019,0.723189705932447,0.724268205026793,0.722907099521727,0.687499971050134
1745,1.2,1.4,-0.88,1.98678277881415,2.01670853711445,0.724565383845394,0.72315852870229,0.724592392080832,0.723179983931864,0.724256694658409,0.722898045914955,0.687499971463703
1745.5,1.2,1.4,-0.88,1.98687809018039,2.01670428254334,0.724553824649791,0.723148881468273,0.724580818702786,0.723170284942207,0.724245190739431,0.722889014242141,0.687499971871365
1746,1.2,1.4,-0.88,1.98697301007275,2.0166999162345,0.724542268225556,0.7231392571212,0.724569247859743,0.723160608926339,0.724233693411513,0.722880004466176,0.687499972273202
1746.5,1.2,1.4,-0.88,1.98706753947351,2.01669543877783,0.724530714719542,0.723129655623966,0.724557679691671,0.723150955847128,0.724222202817563,0.72287101655,0.6874999726693
1747,1.2,1.4,-0.88,1.98716167936505,2.01669085076116,0.724519164278353,0.723120076939436,0.724546114338652,0.723141325667437,0.724210719101105,0.722862050456418,0.687499973059738
1747.5,1.2,1.4,-0.88,1.98725543072989,2.0166861527703,0.724507617048158,0.723110521030522,0.724534551940872,0.723131718350138,0.72419924240525,0.722853106148447,0.687499973444599
1748,1.2,1.4,-0.88,1.98734879455059,2.016681345389,0.724496073174608,0.723100987860096,0.724522992638586,0.723122133858097,0.724187772872292,0.722844183588932,0.687499973823962
1748.5,1.2,1.4,-0.88,1.98744177180977,2.016676429199,0.724484532802607,0.723091477391067,0.724511436572054,0.72311257215419,0.724176310642639,0.722835282740865,0.687499974197905
1749,1.2,1.4,-0.88,1.98753436349011,2.01667140478002,0.72447299607623,0.723081989586323,0.724499883881469,0.723103033201289,0.72416485585451,0.72282640356716,0.687499974566507
1749.5,1.2,1.4,-0.88,1.98762657057428,2.01666627270974,0.72446146313852,0.72307252440876,0.724488334706858,0.723093516962271,0.724153408643125,0.722817546030753,0.687499974929842
1750,1.2,1.4,-0.88,1.98771839404498,2.01666103356386,0.72444993413138,0.723063081821299,0.724476789187975,0.723084023400018,0.724141969140369,0.722808710094691,0.687499975287987
1750.5,1.2,1.4,-0.88,1.98780983488493,2.01665568791604,0.724438409195426,0.723053661786833,0.724465247464186,0.723074552477413,0.724130537474321,0.72279989572188,0.687499975641016
1751,1.2,1.4,-0.88,1.98790089407681,2.01665023633796,0.724426888469876,0.723044264268278,0.724453709674346,0.723065104157344,0.724119113768979,0.722791102875338,0.687499975989001
1751.5,1.2,1.4,-0.88,1.98799157260334,2.0166446793993,0.724415372092443,0.723034889228551,0.724442175956669,0.723055678402702,0.724107698144037,0.72278233151807,0.687499976332016
1752,1.2,1.4,-0.88,1.98808187144723,2.01663901766772,0.724403860199261,0.723025536630575,0.724430646448607,0.723046275176382,0.724096290714795,0.722773581613096,0.68749997667013
1752.5,1.2,1.4,-0.88,1.98817179159117,2.01663325170895,0.724392352924837,0.723016206437275,0.724419121286727,0.723036894441284,0.724084891592219,0.722764853123448,0.687499977003414
1753,1.2,1.4,-0.88,1.98826133401788,2.01662738208668,0.724380850401964,0.723006898611587,0.724407600606597,0.723027536160313,0.724073500882815,0.722756146012176,0.687499977331936
1753.5,1.2,1.4,-0.88,1.98835049971005,2.01662140936267,0.724369352761773,0.722997613116442,0.724396084542681,0.72301820029638,0.724062118689124,0.722747460242314,0.687499977655766
1754,1.2,1.4,-0.88,1.9884392896504,2.01661533409669,0.72435786013366,0.722988349914791,0.724384573228246,0.7230088868124,0.724050745109632,0.72273879577697,0.687499977974969
1754.5,1.2,1.4,-0.88,1.98852770482162,2.01660915684654,0.724346372645381,0.722979108969574,0.724373066795284,0.722999595671292,0.724039380239396,0.722730152579173,0.687499978289612
1755,1.2,1.4,-0.88,1.98861574620642,2.01660287816808,0.724334890423054,0.722969890243753,0.72436156537445,0.722990326835984,0.724028024170263,0.722721530612058,0.687499978599761
1755.5,1.2,1.4,-0.88,1.9887034147875,2.0165964986152,0.724323413591252,0.722960693700286,0.724350069095016,0.722981080269409,0.724016676991433,0.722712929838712,0.687499978905479
1756,1.2,1.4,-0.88,1.98879071154752,2.01659001873984,0.724311942273088,0.72295151930215,0.724338578084847,0.722971855934505,0.724005338789936,0.722704350222295,0.687499979206829
1756.5,1.2,1.4,-0.88,1.98887763746914,2.01658343909201,0.724300476590324,0.722942367012316,0.724327092470392,0.722962653794219,0.7239940096512,0.722695791725914,0.687499979503874
1757,1.2,1.4,-0.88,1.98896419353496,2.01657676021978,0.724289016663464,0.722933236793772,0.724315612376696,0.722953473811503,0.723982689659501,0.722687254312752,0.687499979796676
1757.5,1.2,1.4,-0.88,1.98905038072755,2.01656998266927,0.724277562611931,0.722924128609503,0.72430413792743,0.722944315949318,0.723971378898725,0.72267873794594,0.687499980085295
1758,1.2,1.4,-0.88,1.98913620002937,2.01656310698469,0.724266114554183,0.72291504242252,0.724292669244943,0.722935180170631,0.723960077452822,0.72267024258871,0.687499980369791
1758.5,1.2,1.4,-0.88,1.98922165242279,2.01655613370833,0.724254672607875,0.722905978195827,0.724281206450325,0.722926066438418,0.723948785406416,0.722661768204243,0.687499980650222
1759,1.2,1.4,-0.88,1.98930673889006,2.01654906338054,0.724243236889994,0.722896935892441,0.72426974966349,0.722916974715662,0.723937502845262,0.722653314755759,0.687499980926648
1759.5,1.2,1.4,-0.88,1.98939146041326,2.01654189653978,0.724231807517044,0.722887915475388,0.724258299003269,0.722907904965357,0.723926229856874,0.722644882206486,0.687499981199124
1760,1.2,1.4,-0.88,1.98947581797427,2.01653463372259,0.724220384605198,0.722878916907701,0.724246854587525,0.7228988571505,0.723914966530949,0.722636470519662,0.687499981467708
1760.5,1.2,1.4,-0.88,1.98955981255474,2.01652727546362,0.724208968270435,0.722869940152425,0.724235416533266,0.722889831234102,0.723903712959746,0.722628079658562,0.687499981732455
1761,1.2,1.4,-0.88,1.98964344513605,2.01651982229562,0.724197558628689,0.722860985172622,0.724223984956771,0.722880827179182,0.723892469238426,0.722619709586498,0.68749998199342
1761.5,1.2,1.4,-0.88,1.98972671669927,2.01651227474944,0.724186155795984,0.722852051931339,0.724212559973724,0.722871844948766,0.72388123546535,0.722611360266694,0.687499982250657
1762,1.2,1.4,-0.88,1.98980962822509,2.01650463335406,0.724174759888583,0.722843140391667,0.724201141699346,0.722862884505892,0.723870011742393,0.722603031662542,0.687499982504219
1762.5,1.2,1.4,-0.88,1.98989218069381,2.01649689863656,0.724163371023045,0.722834250516682,0.72418973024853,0.722853945813607,0.723858798174859,0.722594723737337,0.687499982754159
1763,1.2,1.4,-0.88,1.98997437508525,2.01648907112216,0.724151989316393,0.722825382269484,0.724178325735975,0.722845028834968,0.723847594871876,0.722586436454446,0.687499983000528
1763.5,1.2,1.4,-0.88,1.99005621237875,2.0164811513342,0.724140614886125,0.722816535613171,0.724166928276311,0.722836133533043,0.723836401946069,0.722578169777209,0.687499983243377
1764,1.2,1.4,-0.88,1.99013769355307,2.01647313979416,0.724129247850316,0.722807710510864,0.724155537984224,0.722827259870909,0.72382521951369,0.722569923669031,0.687499983482758
1764.5,1.2,1.4,-0.88,1.99021881958638,2.01646503702166,0.724117888327631,0.722798906925694,0.724144154974561,0.722818407811656,0.72381404769432,0.722561698093319,0.687499983718718
1765,1.2,1.4,-0.88,1.99029959145619,2.01645684353445,0.724106536437383,0.722790124820804,0.724132779362436,0.722809577318384,0.723802886610828,0.722553493013516,0.687499983951308
1765.5,1.2,1.4,-0.88,1.99038001013932,2.01644855984845,0.724095192299519,0.722781364159333,0.724121411263322,0.722800768354205,0.723791736388994,0.722545308393001,0.687499984180575
1766,1.2,1.4,-0.88,1.99046007661182,2.01644018647773,0.724083856034581,0.722772624904456,0.724110050793114,0.722791980882241,0.723780597157082,0.722537144195286,0.687499984406567
1766.5,1.2,1.4,-0.88,1.99053979184895,2.0164317239345,0.724072527763736,0.722763907019341,0.7240986980682,0.722783214865627,0.723769469045717,0.722529000383815,0.68749998462933
1767,1.2,1.4,-0.88,1.99061915682517,2.01642317272917,0.72406120760865,0.722755210467182,0.724087353205499,0.722774470267509,0.723758352187162,0.7225208769221,0.687499984848911
1767.5,1.2,1.4,-0.88,1.99069817251401,2.0164145333703,0.724049895691503,0.722746535211176,0.724076016322488,0.722765747051047,0.723747246715181,0.722512773773649,0.687499985065355
1768,1.2,1.4,-0.88,1.99077683988812,2.01640580636461,0.724038592134846,0.722737881214548,0.724064687537216,0.722757045179414,0.723736152764303,0.722504690902034,0.687499985278707
1768.5,1.2,1.4,-0.88,1.99085515991921,2.01639699221703,0.724027297061534,0.722729248440514,0.72405336696829,0.722748364615792,0.723725070469443,0.722496628270763,0.687499985489012
1769,1.2,1.4,-0.88,1.99093313357799,2.01638809143066,0.72401601059464,0.722720636852321,0.724042054734863,0.72273970532338,0.723713999965474,0.722488585843435,0.687499985696312
1769.5,1.2,1.4,-0.88,1.99101076183417,2.01637910450679,0.72400473285731,0.722712046413224,0.724030750956587,0.722731067265389,0.723702941386599,0.722480563583649,0.68749998590065
1770,1.2,1.4,-0.88,1.99108804565645,2.0163700319449,0.723993463972694,0.722703477086488,0.72401945575357,0.722722450405043,0.723691894866069,0.722472561455,0.687499986102069
1770.5,1.2,1.4,-0.88,1.99116498601246,2.01636087424269,0.72398220406378,0.722694928835394,0.724008169246302,0.722713854705578,0.723680860535545,0.722464579421111,0.687499986300611
1771,1.2,1.4,-0.88,1.99124158386877,2.01635163189603,0.723970953253292,0.72268640162325,0.723996891555584,0.722705280130249,0.72366983852476,0.722456617445697,0.687499986496317
1771.5,1.2,1.4,-0.88,1.99131784019085,2.01634230539905,0.723959711663568,0.722677895413364,0.723985622802436,0.722696726642321,0.723658828961128,0.722448675492402,0.687499986689226
1772,1.2,1.4,-0.88,1.99139375594311,2.01633289524404,0.723948479416452,0.722669410169055,0.723974363108003,0.722688194205073,0.723647831969466,0.722440753524899,0.68749998687938
1772.5,1.2,1.4,-0.88,1.99146933208884,2.01632340192155,0.723937256633155,0.722660945853675,0.723963112593455,0.722679682781803,0.723636847671552,0.722432851506951,0.687499987066818
1773,1.2,1.4,-0.88,1.99154456959022,2.01631382592033,0.723926043434177,0.722652502430579,0.723951871379875,0.722671192335819,0.723625876186048,0.722424969402281,0.687499987251577
1773.5,1.2,1.4,-0.88,1.99161946940832,2.01630416772739,0.72391483993917,0.722644079863135,0.72394063958815,0.722662722830446,0.723614917628131,0.722417107174638,0.687499987433698
1774,1.2,1.4,-0.88,1.9916940325031,2.01629442782793,0.723903646266875,0.72263567811473,0.723929417338861,0.722654274229024,0.723603972109468,0.722409264787795,0.687499987613217
1774.5,1.2,1.4,-0.88,1.99176825983342,2.01628460670544,0.723892462535031,0.722627297148781,0.723918204752169,0.72264584649491,0.7235930397381,0.722401442205613,0.687499987790171
1775,1.2,1.4,-0.88,1.991842152357,2.01627470484161,0.723881288860316,0.7226189369287,0.723907001947711,0.722637439591476,0.723582120618451,0.72239363939188,0.687499987964597
1775.5,1.2,1.4,-0.88,1.99191571103049,2.01626472271641,0.723870125358277,0.722610597417922,0.723895809044497,0.722629053482108,0.723571214851295,0.722385856310439,0.687499988136531
1776,1.2,1.4,-0.88,1.9919889368094,2.01625466080805,0.723858972143287,0.722602278579906,0.723884626160809,0.722620688130211,0.723560322533829,0.722378092925188,0.687499988306009
1776.5,1.2,1.4,-0.88,1.99206183064817,2.01624451959299,0.723847829328527,0.722593980378122,0.72387345341411,0.722612343499204,0.723549443759857,0.722370349200012,0.687499988473066
1777,1.2,1.4,-0.88,1.99213439350013,2.01623429954598,0.723836697025955,0.72258570277606,0.72386229092097,0.722604019552526,0.723538578619917,0.722362625098849,0.687499988637737
1777.5,1.2,1.4,-0.88,1.99220662631753,2.01622400114002,0.723825575346303,0.722577445737217,0.723851138796987,0.722595716253628,0.723527727201467,0.722354920585598,0.687499988800055
1778,1.2,1.4,-0.88,1.99227853005152,2.01621362484639,0.723814464399072,0.722569209225118,0.723839997156724,0.722587433565982,0.723516889589103,0.722347235624238,0.687499988960054
1778.5,1.2,1.4,-0.88,1.99235010565218,2.01620317113464,0.723803364292596,0.722560993203305,0.723828866113667,0.722579171453075,0.723506065865015,0.722339570178769,0.687499989117767
1779,1.2,1.4,-0.88,1.99242135406849,2.01619264047261,0.72379227513399,0.722552797635338,0.723817745780175,0.722570929878413,0.723495256108915,0.722331924213209,0.687499989273228
1779.5,1.2,1.4,-0.88,1.99249227624838,2.01618203332644,0.723781197029254,0.722544622484786,0.723806636267458,0.722562708805518,0.723484460398662,0.722324297691562,0.687499989426467
1780,1.2,1.4,-0.88,1.99256287313867,2.01617135016053,0.723770130083286,0.72253646771525,0.723795537685556,0.722554508197931,0.723473678810407,0.722316690577916,0.687499989577518
1780.5,1.2,1.4,-0.88,1.99263314568511,2.01616059143761,0.723759074399936,0.722528333290339,0.723784450143335,0.722546328019211,0.723462911418925,0.722309102836341,0.68749998972641
1781,1.2,1.4,-0.88,1.99270309483236,2.0161497576187,0.723748030082061,0.722520219173687,0.723773373748488,0.722538168232936,0.723452158297927,0.722301534430957,0.687499989873176
1781.5,1.2,1.4,-0.88,1.99277272152401,2.01613884916312,0.723736997231592,0.72251212532894,0.723762308607551,0.722530028802701,0.723441419520371,0.722293985325869,0.687499990017845
1782,1.2,1.4,-0.88,1.99284202670254,2.01612786652852,0.723725975949556,0.722504051719772,0.723751254825919,0.722521909692119,0.723430695158576,0.722286455485259,0.687499990160447
1782.5,1.2,1.4,-0.88,1.99291101130933,2.01611681017084,0.723714966336203,0.722495998309868,0.723740212507881,0.722513810864825,0.723419985284779,0.722278944873296,0.687499990301012
1783,1.2,1.4,-0.88,1.99297967628466,2.01610568054437,0.723703968491012,0.722487965062939,0.723729181756655,0.722505732284471,0.723409289971109,0.722271453454191,0.687499990439569
1783.5,1.2,1.4,-0.88,1.99304802256767,2.01609447810171,0.723692982512744,0.722479951942712,0.723718162674425,0.722497673914727,0.723398609289767,0.72226398119217,0.687499990576147
1784,1.2,1.4,-0.88,1.99311605109641,2.01608320329379,0.723682008499543,0.722471958912929,0.723707155362392,0.722489635719285,0.723387943313417,0.722256528051475,0.687499990710773
1784.5,1.2,1.4,-0.88,1.99318376280776,2.01607185656987,0.723671046548936,0.722463985937368,0.723696159920815,0.722481617661857,0.723377292115086,0.722249093996421,0.687499990843476
1785,1.2,1.4,-0.88,1.99325115863745,2.01606043837758,0.723660096757876,0.722456032979813,0.723685176449063,0.722473619706172,0.72336665576827,0.722241678991304,0.687499990974284
1785.5,1.2,1.4,-0.88,1.99331823952007,2.01604894916286,0.723649159222829,0.722448100004068,0.723674205045668,0.72246564181598,0.723356034347217,0.722234283000434,0.687499991103223
1786,1.2,1.4,-0.88,1.99338500638901,2.01603738937001,0.723638234039731,0.722440186973968,0.723663245808367,0.722457683955054,0.723345427926624,0.722226905988193,0.687499991230319
1786.5,1.2,1.4,-0.88,1.99345146017649,2.01602575944169,0.723627321304057,0.722432293853356,0.72365229883415,0.722449746087184,0.723334836581843,0.722219547918943,0.687499991355601
1787,1.2,1.4,-0.88,1.99351760181352,2.01601405981893,0.723616421110796,0.722424420606104,0.7236413642193,0.722441828176181,0.723324260388662,0.722212208757089,0.687499991479092
1787.5,1.2,1.4,-0.88,1.9935834322299,2.01600229094109,0.723605533554482,0.72241656719611,0.723630442059435,0.722433930185878,0.723313699423359,0.722204888467108,0.687499991600819
1788,1.2,1.4,-0.88,1.9936489523542,2.01599045324593,0.723594658729189,0.722408733587288,0.72361953244954,0.722426052080131,0.723303153762571,0.722197587013452,0.687499991720808
1788.5,1.2,1.4,-0.88,1.99371416311378,2.01597854716956,0.723583796728474,0.722400919743566,0.723608635483988,0.722418193822812,0.723292623482974,0.722190304360584,0.687499991839082
1789,1.2,1.4,-0.88,1.99377906543472,2.01596657314649,0.723572947645395,0.722393125628904,0.723597751256564,0.72241035537782,0.723282108661288,0.722183040473036,0.687499991955666
1789.5,1.2,1.4,-0.88,1.99384366024189,2.01595453160958,0.723562111572481,0.722385351207281,0.723586879860482,0.722402536709071,0.7232716093741,0.722175795315351,0.687499992070585
1790,1.2,1.4,-0.88,1.99390794845885,2.01594242299012,0.723551288601661,0.722377596442698,0.723576021388383,0.722394737780505,0.723261125697502,0.722168568852107,0.687499992183863
1790.5,1.2,1.4,-0.88,1.99397193100795,2.01593024771775,0.723540478824249,0.722369861299171,0.723565175932337,0.722386958556084,0.723250657707013,0.722161361047857,0.687499992295522
1791,1.2,1.4,-0.88,1.99403560881022,2.01591800622052,0.723529682330891,0.722362145740764,0.723554343583837,0.722379198999792,0.72324020547733,0.72215417186732,0.687499992405586
1791.5,1.2,1.4,-0.88,1.99409898278546,2.01590569892489,0.723518899211522,0.722354449731526,0.723543524433781,0.722371459075634,0.723229769082159,0.722147001275059,0.687499992514077
1792,1.2,1.4,-0.88,1.99416205385216,2.01589332625572,0.723508129555272,0.722346773235552,0.723532718572449,0.722363738747638,0.723219348593831,0.72213984923577,0.687499992621019
1792.5,1.2,1.4,-0.88,1.99422482292755,2.01588088863628,0.723497373450454,0.722339116216969,0.723521926089477,0.722356037979858,0.723208944083287,0.722132715714216,0.687499992726433
1793,1.2,1.4,-0.88,1.9942872909276,2.01586838648823,0.723486630984493,0.722331478639898,0.723511147073823,0.722348356736365,0.723198555619836,0.722125600675067,0.687499992830341
1793.5,1.2,1.4,-0.88,1.99434945876698,2.01585582023169,0.723475902243848,0.722323860468508,0.723500381613724,0.722340694981257,0.72318818327088,0.722118504083126,0.687499992932765
1794,1.2,1.4,-0.88,1.99441132735912,2.01584319028516,0.723465187313984,0.72231626166698,0.723489629796664,0.722333052678653,0.723177827101898,0.722111425903161,0.687499993033725
1794.5,1.2,1.4,-0.88,1.99447289761617,2.01583049706561,0.723454486279308,0.722308682199524,0.723478891709316,0.722325429792699,0.723167487176229,0.72210436610001,0.687499993133244
1795,1.2,1.4,-0.88,1.99453417044904,2.01581774098841,0.723443799223114,0.722301122030369,0.723468167437505,0.722317826287559,0.723157163554983,0.722097324638512,0.68749999323134
1795.5,1.2,1.4,-0.88,1.99459514676739,2.01580492246738,0.723433126227544,0.722293581123777,0.723457457066153,0.722310242127426,0.723146856296961,0.722090301483567,0.687499993328035
1796,1.2,1.4,-0.88,1.99465582747963,2.01579204191477,0.723422467373542,0.722286059444019,0.723446760679234,0.722302677276513,0.723136565458575,0.722083296600044,0.687499993423349
1796.5,1.2,1.4,-0.88,1.99471621349294,2.01577909974129,0.723411822740812,0.722278556955405,0.72343607835972,0.72229513169906,0.723126291093805,0.722076309952908,0.687499993517301
1797,1.2,1.4,-0.88,1.9947763057133,2.0157660963561,0.723401192407828,0.722271073622265,0.723425410189541,0.722287605359328,0.723116033254357,0.722069341507123,0.687499993609911
1797.5,1.2,1.4,-0.88,1.99483610504546,2.01575303216678,0.723390576451767,0.722263609408944,0.723414756249539,0.722280098221606,0.723105791989498,0.72206239122765,0.687499993701198
1798,1.2,1.4,-0.88,1.99489561239296,2.01573990757943,0.723379974948509,0.722256164279829,0.723404116619427,0.722272610250204,0.723095567346163,0.722055459079545,0.687499993791181
1798.5,1.2,1.4,-0.88,1.99495482865819,2.01572672299855,0.723369387972657,0.722248738199321,0.723393491377752,0.722265141409459,0.723085359369173,0.722048545027858,0.687499993879878
1799,1.2,1.4,-0.88,1.9950137547423,2.01571347882714,0.723358815597482,0.72224133113185,0.723382880601863,0.722257691663733,0.723075168101093,0.722041649037669,0.687499993967309
1799.5,1.2,1.4,-0.88,1.99507239154531,2.01570017546669,0.723348257895011,0.72223394304186,0.723372284367891,0.72225026097741,0.723064993582706,0.722034771074055,0.68749999405349
1800,1.2,1.4,-0.88,1.99513073996606,2.01568681331711,0.723337714935949,0.722226573893846,0.72336170275072,0.722242849314904,0.723054835852766,0.722027911102217,0.68749999413844
1800.5,1.2,1.4,-0.88,1.99518880090222,2.01567339277685,0.72332718678979,0.722219223652301,0.723351135823981,0.72223545664065,0.723044694948534,0.722021069087282,0.687499994222177
1801,1.2,1.4,-0.88,1.99524657525034,2.0156599142428,0.723316673524763,0.722211892281768,0.723340583660035,0.722228082919111,0.72303457090562,0.722014244994502,0.687499994304717
1801.5,1.2,1.4,-0.88,1.99530406390578,2.01564637811038,0.723306175207934,0.722204579746785,0.723330046329983,0.722220728114775,0.723024463758452,0.722007438789028,0.687499994386078
1802,1.2,1.4,-0.88,1.9953612677628,2.01563278477346,0.723295691905209,0.722197286011953,0.723319523903661,0.722213392192156,0.723014373540332,0.722000650436194,0.687499994466277
1802.5,1.2,1.4,-0.88,1.99541818771449,2.01561913462444,0.723285223681384,0.722190011041872,0.72330901644966,0.722206075115793,0.723004300283634,0.721993879901263,0.68749999454533
1803,1.2,1.4,-0.88,1.99547482465284,2.01560542805422,0.723274770600183,0.722182754801177,0.723298524035338,0.722198776850251,0.722994244019992,0.721987127149553,0.687499994623254
1803.5,1.2,1.4,-0.88,1.99553117946867,2.01559166545218,0.723264332724336,0.722175517254537,0.723288046726846,0.722191497360124,0.722984204780593,0.721980392146441,0.687499994700065
1804,1.2,1.4,-0.88,1.99558725305169,2.01557784720625,0.723253910115585,0.722168298366633,0.723277584589157,0.72218423661003,0.722974182596176,0.721973674857289,0.687499994775778
1804.5,1.2,1.4,-0.88,1.99564304629046,2.01556397370284,0.723243502834784,0.722161098102191,0.723267137686099,0.722176994564614,0.722964177497417,0.721966975247547,0.68749999485041
1805,1.2,1.4,-0.88,1.99569856007241,2.01555004532691,0.723233110941905,0.722153916425945,0.723256706080392,0.722169771188548,0.722954189514874,0.721960293282625,0.687499994923975
1805.5,1.2,1.4,-0.88,1.99575379528381,2.01553606246191,0.723222734496127,0.722146753302661,0.723246289833689,0.722162566446529,0.72294421867931,0.721953628927987,0.68749999499649
1806,1.2,1.4,-0.88,1.99580875280981,2.01552202548985,0.723212373555857,0.722139608697151,0.723235889006623,0.722155380303285,0.722934265021693,0.721946982149208,0.687499995067969
1806.5,1.2,1.4,-0.88,1.99586343353438,2.01550793479126,0.723202028178801,0.722132482574231,0.723225503658848,0.722148212723568,0.722924328573389,0.721940352911791,0.687499995138426
1807,1.2,1.4,-0.88,1.99591783834036,2.0154937907452,0.723191698421992,0.722125374898758,0.723215133849093,0.72214106367216,0.722914409366194,0.72193374118132,0.687499995207877
1807.5,1.2,1.4,-0.88,1.99597196810938,2.01547959372928,0.723181384341841,0.722118285635603,0.723204779635204,0.722133933113867,0.722904507432433,0.721927146923368,0.687499995276336
1808,1.2,1.4,-0.88,1.99602582372193,2.01546534411966,0.72317108599415,0.72211121474968,0.723194441074195,0.722126821013525,0.722894622804909,0.72192057010359,0.687499995343817
1808.5,1.2,1.4,-0.88,1.99607940605729,2.01545104229103,0.723160803434194,0.722104162205932,0.723184118222292,0.722119727335997,0.722884755517124,0.721914010687689,0.687499995410334
1809,1.2,1.4,-0.88,1.99613271599358,2.01543668861664,0.723150536716705,0.722097127969313,0.723173811134986,0.722112652046174,0.7228749056031,0.721907468641322,0.687499995475901
1809.5,1.2,1.4,-0.88,1.99618575440768,2.01542228346833,0.723140285895907,0.722090112004819,0.723163519867067,0.722105595108976,0.722865073097411,0.721900943930226,0.687499995540531
1810,1.2,1.4,-0.88,1.99623852217528,2.01540782721645,0.723130051025542,0.722083114277473,0.72315324447267,0.72209855648935,0.722855258035171,0.721894436520188,0.687499995604237
1810.5,1.2,1.4,-0.88,1.99629102017083,2.01539332022995,0.723119832158885,0.722076134752328,0.723142985005314,0.722091536152272,0.722845460451992,0.721887946377007,0.687499995667034
1811,1.2,1.4,-0.88,1.99634324926756,2.01537876287634,0.723109629348741,0.722069173394452,0.723132741517933,0.722084534062745,0.722835680383868,0.721881473466468,0.687499995728934
1811.5,1.2,1.4,-0.88,1.99639521033745,2.01536415552171,0.723099442647454,0.722062230168966,0.723122514062905,0.722077550185803,0.722825917867105,0.721875017754495,0.687499995789949
1812,1.2,1.4,-0.88,1.99644690425125,2.01534949853073,0.723089272106924,0.722055305040994,0.723112302692085,0.722070584486508,0.722816172938298,0.721868579206933,0.687499995850092
1812.5,1.2,1.4,-0.88,1.99649833187842,2.01533479226665,0.723079117778564,0.722048397975716,0.723102107456818,0.722063636929949,0.722806445634084,0.721862157789766,0.687499995909377
1813,1.2,1.4,-0.88,1.99654949408716,2.01532003709129,0.723068979713349,0.722041508938313,0.723091928407966,0.722056707481248,0.72279673599125,0.721855753468896,0.687499995967814
1813.5,1.2,1.4,-0.88,1.99660039174441,2.01530523336509,0.723058857961757,0.722034637894012,0.723081765595915,0.72204979610555,0.722787044046426,0.72184936621033,0.687499996025417
1814,1.2,1.4,-0.88,1.99665102571582,2.01529038144707,0.723048752573755,0.722027784808074,0.723071619070583,0.722042902768036,0.722777369835979,0.721842995980123,0.687499996082197
1814.5,1.2,1.4,-0.88,1.99670139686573,2.01527548169484,0.723038663598839,0.722020949645782,0.723061488881435,0.722036027433913,0.722767713396117,0.721836642744338,0.687499996138165
1815,1.2,1.4,-0.88,1.9967515060572,2.01526053446465,0.723028591085962,0.722014132372446,0.723051375077472,0.722029170068417,0.72275807476256,0.721830306469045,0.687499996193334
1815.5,1.2,1.4,-0.88,1.99680135415199,2.01524554011131,0.723018535083532,0.722007332953406,0.72304127770724,0.722022330636816,0.722748453970507,0.721823987120364,0.687499996247715
1816,1.2,1.4,-0.88,1.99685094201055,2.01523049898828,0.72300849563941,0.722000551354042,0.723031196818819,0.722015509104404,0.722738851054599,0.721817684664482,0.687499996301319
1816.5,1.2,1.4,-0.88,1.99690027049201,2.01521541144762,0.722998472800879,0.721993787539751,0.723021132459817,0.72200870543651,0.722729266048779,0.721811399067566,0.687499996354158
1817,1.2,1.4,-0.88,1.9969493404542,2.01520027784,0.722988466614612,0.721987041475975,0.723011084677362,0.722001919598489,0.722719698986157,0.721805130295882,0.687499996406241
1817.5,1.2,1.4,-0.88,1.99699815275359,2.01518509851473,0.722978477126714,0.721980313128177,0.72300105351809,0.721995151555728,0.722710149899191,0.721798878315678,0.687499996457581
1818,1.2,1.4,-0.88,1.99704670824538,2.01516987381975,0.722968504382643,0.721973602461847,0.722991039028132,0.721988401273645,0.722700618819364,0.721792643093235,0.687499996508187
1818.5,1.2,1.4,-0.88,1.99709500778341,2.01515460410161,0.722958548427227,0.721966909442516,0.722981041253103,0.721981668717687,0.722691105777256,0.721786424594907,0.68749999655807
1819,1.2,1.4,-0.88,1.9971430522202,2.01513928970553,0.722948609304663,0.721960234035742,0.722971060238086,0.721974953853333,0.722681610802585,0.721780222787056,0.68749999660724
1819.5,1.2,1.4,-0.88,1.99719084240693,2.01512393097534,0.722938687058507,0.721953576207102,0.722961096027621,0.72196825664609,0.722672133924158,0.721774037636044,0.687499996655708
1820,1.2,1.4,-0.88,1.99723837919344,2.01510852825352,0.72292878173166,0.72194693592223,0.722951148665695,0.721961577061499,0.722662675169838,0.721767869108371,0.687499996703484
1820.5,1.2,1.4,-0.88,1.99728566342827,2.01509308188122,0.722918893366394,0.721940313146762,0.722941218195728,0.721954915065131,0.722653234566689,0.721761717170442,0.687499996750577
1821,1.2,1.4,-0.88,1.99733269595856,2.01507759219821,0.722909022004308,0.721933707846388,0.722931304660563,0.721948270622586,0.722643812140784,0.721755581788795,0.687499996796997
1821.5,1.2,1.4,-0.88,1.99737947763017,2.01506205954295,0.722899167686406,0.721927119986812,0.722921408102464,0.721941643699498,0.722634407917588,0.721749462929936,0.687499996842754
1822,1.2,1.4,-0.88,1.99742600928755,2.01504648425252,0.722889330453034,0.721920549533787,0.722911528563104,0.721935034261531,0.72262502192167,0.721743360560476,0.687499996887858
1822.5,1.2,1.4,-0.88,1.99747229177386,2.01503086666271,0.722879510343955,0.721913996453088,0.722901666083569,0.72192844227438,0.722615654177046,0.72173727464702,0.687499996932317
1823,1.2,1.4,-0.88,1.99751832593086,2.01501520710794,0.722869707398313,0.721907460710525,0.722891820704352,0.721921867703775,0.722606304707042,0.72173120515621,0.687499996976141
1823.5,1.2,1.4,-0.88,1.99756411259899,2.01499950592132,0.722859921654695,0.721900942271927,0.722881992465358,0.721915310515472,0.722596973534546,0.721725152054689,0.687499997019339
1824,1.2,1.4,-0.88,1.99760965261729,2.01498376343463,0.722850153151118,0.721894441103173,0.722872181405911,0.721908770675262,0.722587660681938,0.721719115309196,0.68749999706192
1824.5,1.2,1.4,-0.88,1.99765494682345,2.01496797997835,0.722840401925082,0.721887957170165,0.722862387564758,0.721902248148969,0.722578366171336,0.721713094886469,0.687499997103892
1825,1.2,1.4,-0.88,1.9976999960538,2.0149521558816,0.722830668013573,0.721881490438841,0.722852610980085,0.721895742902447,0.722569090024554,0.721707090753309,0.687499997145265
1825.5,1.2,1.4,-0.88,1.99774480114328,2.01493629147223,0.722820951453097,0.721875040875167,0.722842851689523,0.721889254901583,0.722559832263248,0.721701102876515,0.687499997186047
1826,1.2,1.4,-0.88,1.99778936292543,2.01492038707677,0.72281125227971,0.721868608445137,0.722833109730173,0.721882784112294,0.722550592908999,0.72169513122292,0.687499997226247
1826.5,1.2,1.4,-0.88,1.99783368223241,2.01490444302044,0.722801570529044,0.7218621931148,0.722823385138614,0.721876330500534,0.722541371983401,0.721689175759477,0.687499997265872
1827,1.2,1.4,-0.88,1.99787775989498,2.01488845962715,0.7227919062363,0.721855794850213,0.722813677950925,0.721869894032285,0.722532169507969,0.721683236453074,0.687499997304931
1827.5,1.2,1.4,-0.88,1.99792159674249,2.01487243721954,0.722782259436352,0.721849413617478,0.722803988202713,0.721863474673565,0.722522985504556,0.72167731327069,0.687499997343432
1828,1.2,1.4,-0.88,1.99796519360287,2.01485637611893,0.722772630163696,0.721843049382717,0.722794315929125,0.721857072390422,0.722513819995078,0.72167140617927,0.687499997381383
1828.5,1.2,1.4,-0.88,1.99800855130261,2.01484027664537,0.722763018452507,0.721836702112108,0.722784661164877,0.721850687148938,0.722504673001687,0.721665515145912,0.687499997418791
1829,1.2,1.4,-0.88,1.99805167066679,2.01482413911762,0.72275342433666,0.72183037177184,0.722775023944276,0.721844318915229,0.722495544546824,0.721659640137646,0.687499997455666
1829.5,1.2,1.4,-0.88,1.99809455251903,2.01480796385315,0.722743847849737,0.721824058328148,0.722765404301239,0.721837967655441,0.72248643465318,0.721653781121592,0.687499997492013
1830,1.2,1.4,-0.88,1.99813719768148,2.01479175116817,0.722734289025075,0.721817761747289,0.722755802269325,0.721831633335755,0.722477343343826,0.721647938064863,0.687499997527842
1830.5,1.2,1.4,-0.88,1.99817960697485,2.0147755013776,0.722724747895757,0.721811481995574,0.722746217881752,0.721825315922386,0.722468270642141,0.721642110934692,0.687499997563158
1831,1.2,1.4,-0.88,1.99822178121837,2.0147592147951,0.72271522449461,0.721805219039323,0.722736651171417,0.721819015381581,0.722459216571699,0.721636299698242,0.68749999759797
1831.5,1.2,1.4,-0.88,1.99826372122976,2.01474289173305,0.722705718854267,0.721798972844907,0.722727102170921,0.721812731679622,0.722450181156525,0.721630504322794,0.687499997632285
1832,1.2,1.4,-0.88,1.99830542782528,2.0147265325026,0.722696231007111,0.721792743378721,0.722717570912581,0.721806464782822,0.722441164420744,0.721624724775622,0.68749999766611
1832.5,1.2,1.4,-0.88,1.99834690181965,2.0147101374136,0.722686760985322,0.721786530607208,0.722708057428454,0.721800214657531,0.722432166388765,0.721618961024083,0.687499997699451
1833,1.2,1.4,-0.88,1.99838814402609,2.01469370677467,0.722677308820885,0.721780334496816,0.722698561750348,0.721793981270128,0.722423187085257,0.721613213035465,0.687499997732316
1833.5,1.2,1.4,-0.88,1.99842915525632,2.01467724089319,0.722667874545539,0.721774155014054,0.722689083909831,0.721787764587031,0.722414226534857,0.721607480777204,0.687499997764711
1834,1.2,1.4,-0.88,1.99846993632049,2.01466074007527,0.722658458190816,0.721767992125462,0.722679623938248,0.721781564574689,0.722405284762327,0.721601764216757,0.687499997796644
1834.5,1.2,1.4,-0.88,1.99851048802722,2.01464420462577,0.722649059788033,0.721761845797611,0.722670181866722,0.721775381199586,0.722396361792462,0.721596063321597,0.68749999782812
1835,1.2,1.4,-0.88,1.99855081118359,2.01462763484835,0.72263967936827,0.721755715997086,0.722660757726163,0.721769214428238,0.722387457649978,0.721590378059159,0.687499997859147
1835.5,1.2,1.4,-0.88,1.99859090659513,2.0146110310454,0.722630316962333,0.721749602690547,0.722651351547269,0.7217630642272,0.722378572359317,0.721584708397088,0.687499997889731
1836,1.2,1.4,-0.88,1.99863077506577,2.01459439351809,0.722620972600818,0.721743505844649,0.722641963360523,0.721756930563056,0.722369705944901,0.721579054302884,0.687499997919878
1836.5,1.2,1.4,-0.88,1.99867041739791,2.01457772256636,0.722611646314005,0.721737425426105,0.722632593196195,0.721750813402427,0.722360858430673,0.721573415744197,0.687499997949594
1837,1.2,1.4,-0.88,1.99870983439235,2.01456101848892,0.722602338131909,0.721731361401658,0.722623241084332,0.721744712711969,0.722352029840317,0.721567792688694,0.687499997978885
1837.5,1.2,1.4,-0.88,1.99874902684831,2.01454428158327,0.722593048084237,0.721725313738083,0.722613907054756,0.721738628458372,0.722343220197053,0.72156218510406,0.687499998007758
1838,1.2,1.4,-0.88,1.99878799556345,2.01452751214569,0.722583776200382,0.721719282402191,0.722604591137052,0.721732560608361,0.722334429523625,0.721556592958024,0.687499998036219
1838.5,1.2,1.4,-0.88,1.9988267413338,2.01451071047124,0.722574522509391,0.72171326736083,0.722595293360556,0.721726509128694,0.722325657842179,0.721551016218368,0.687499998064273
1839,1.2,1.4,-0.88,1.99886526495382,2.01449387685378,0.722565287039954,0.721707268580872,0.722586013754345,0.721720473986166,0.722316905174233,0.721545454852856,0.687499998091926
1839.5,1.2,1.4,-0.88,1.99890356721636,2.01447701158595,0.722556069820409,0.721701286029247,0.722576752347224,0.721714455147607,0.722308171540715,0.721539908829393,0.687499998119184
1840,1.2,1.4,-0.88,1.99894164891267,2.0144601149592,0.722546870878701,0.721695319672902,0.722567509167711,0.721708452579881,0.722299456961809,0.721534378115835,0.687499998146053
1840.5,1.2,1.4,-0.88,1.99897951083242,2.01444318726379,0.722537690242369,0.721689369478818,0.722558284244018,0.721702466249888,0.722290761456935,0.721528862680086,0.687499998172538
1841,1.2,1.4,-0.88,1.99901715376364,2.01442622878875,0.722528527938541,0.721683435414018,0.722549077604042,0.721696496124562,0.722282085044751,0.721523362490094,0.687499998198645
1841.5,1.2,1.4,-0.88,1.99905457849277,2.01440923982196,0.722519383993939,0.721677517445571,0.722539889275348,0.721690542170874,0.722273427743213,0.721517877513915,0.687499998224378
1842,1.2,1.4,-0.88,1.99909178580465,2.01439222065008,0.722510258434834,0.721671615540558,0.72253071928515,0.721684604355829,0.722264789569418,0.72151240771952,0.687499998249744
1842.5,1.2,1.4,-0.88,1.99912877648249,2.01437517155861,0.722501151287056,0.721665729666109,0.722521567660301,0.721678682646467,0.722256170539669,0.721506953074991,0.687499998274748
1843,1.2,1.4,-0.88,1.9991655513079,2.01435809283185,0.722492062576001,0.721659859789394,0.722512434427276,0.721672777009867,0.722247570669554,0.721501513548451,0.687499998299395
1843.5,1.2,1.4,-0.88,1.99920211106089,2.01434098475293,0.72248299232659,0.721654005877616,0.72250331961216,0.72166688741314,0.722238989973804,0.721496089108066,0.687499998323689
1844,1.2,1.4,-0.88,1.99923845651984,2.01432384760382,0.722473940563303,0.721648167898009,0.722494223240637,0.721661013823436,0.722230428466463,0.721490679722008,0.687499998347636
1844.5,1.2,1.4,-0.88,1.99927458846152,2.0143066816653,0.722464907310151,0.721642345817839,0.722485145337976,0.721655156207937,0.722221886160802,0.721485285358465,0.687499998371241
1845,1.2,1.4,-0.88,1.9993105076611,2.01428948721699,0.722455892590708,0.721636539604426,0.722476085929027,0.721649314533864,0.722213363069495,0.721479905985756,0.687499998394509
1845.5,1.2,1.4,-0.88,1.99934621489212,2.01427226453735,0.722446896428079,0.721630749225108,0.722467045038209,0.721643488768474,0.722204859204489,0.72147454157215,0.687499998417445
1846,1.2,1.4,-0.88,1.99938171092652,2.01425501390368,0.722437918844908,0.721624974647266,0.722458022689505,0.721637678879057,0.722196374577088,0.721469192085981,0.687499998440053
1846.5,1.2,1.4,-0.88,1.99941699653461,2.01423773559213,0.722428959863414,0.721619215838324,0.722449018906458,0.721631884832944,0.722187909198099,0.721463857495658,0.687499998462338
1847,1.2,1.4,-0.88,1.9994520724851,2.01422042987769,0.722420019505362,0.721613472765729,0.722440033712168,0.721626106597498,0.722179463077749,0.721458537769567,0.687499998484304
1847.5,1.2,1.4,-0.88,1.99948693954506,2.01420309703421,0.722411097792095,0.721607745396971,0.72243106712929,0.72162034414012,0.722171036225824,0.721453232876158,0.687499998505957
1848,1.2,1.4,-0.88,1.99952159847997,2.01418573733438,0.722402194744531,0.721602033699582,0.722422119180035,0.721614597428248,0.722162628651653,0.721447942783956,0.687499998527301
1848.5,1.2,1.4,-0.88,1.99955605005367,2.01416835104976,0.722393310383161,0.721596337641127,0.722413189886172,0.721608866429356,0.722154240364128,0.721442667461489,0.687499998548339
1849,1.2,1.4,-0.88,1.99959029502839,2.01415093845076,0.722384444728082,0.721590657189204,0.722404279269027,0.721603151110955,0.72214587137184,0.721437406877318,0.687499998569077
1849.5,1.2,1.4,-0.88,1.99962433416473,2.01413349980669,0.722375597798984,0.721584992311448,0.722395387349493,0.721597451440591,0.722137521683011,0.721432161000046,0.687499998589519
1850,1.2,1.4,-0.88,1.99965816822167,2.01411603538569,0.722366769615186,0.721579342975529,0.722386514148032,0.721591767385848,0.722129191305661,0.721426929798308,0.687499998609669
1850.5,1.2,1.4,-0.88,1.99969179795656,2.01409854545479,0.722357960195606,0.72157370914917,0.72237765968468,0.721586098914348,0.722120880247457,0.721421713240837,0.687499998629531
1851,1.2,1.4,-0.88,1.99972522412513,2.01408103027989,0.7223491695588,0.721568090800113,0.722368823979053,0.721580445993748,0.722112588515881,0.721416511296339,0.687499998649109
1851.5,1.2,1.4,-0.88,1.99975844748148,2.01406349012577,0.722340397722976,0.721562487896144,0.72236000705036,0.721574808591742,0.722104316118266,0.721411323933583,0.687499998668407
1852,1.2,1.4,-0.88,1.99979146877807,2.0140459252561,0.722331644705948,0.721556900405084,0.722351208917402,0.721569186676063,0.722096063061606,0.721406151121371,0.68749999868743
1852.5,1.2,1.4,-0.88,1.99982428876572,2.01402833593344,0.72232291052522,0.7215513282948,0.722342429598584,0.72156358021448,0.722087829352873,0.721400992828571,0.687499998706181
1853,1.2,1.4,-0.88,1.99985690819364,2.01401072241922,0.722314195197936,0.721545771533177,0.722333669111925,0.721557989174798,0.722079614998812,0.72139584902402,0.687499998724664
1853.5,1.2,1.4,-0.88,1.99988932780939,2.01399308497379,0.722305498740872,0.721540230088158,0.722324927475057,0.721552413524861,0.722071420005874,0.72139071967668,0.687499998742883
1854,1.2,1.4,-0.88,1.99992154835887,2.01397542385636,0.722296821170508,0.721534703927708,0.722316204705239,0.721546853232548,0.722063244380527,0.721385604755482,0.687499998760842
1854.5,1.2,1.4,-0.88,1.99995357058637,2.01395773932508,0.722288162502963,0.721529193019841,0.722307500819362,0.721541308265778,0.722055088128935,0.721380504229452,0.687499998778544
1855,1.2,1.4,-0.88,1.99998539523452,2.01394003163698,0.722279522754006,0.721523697332606,0.72229881583395,0.721535778592507,0.722046951257007,0.721375418067643,0.687499998795994
1855.5,1.2,1.4,-0.88,2.00001702304431,2.01392230104801,0.722270901939095,0.72151821683409,0.72229014976517,0.721530264180728,0.722038833770556,0.721370346239138,0.687499998813194
1856,1.2,1.4,-0.88,2.00004845475508,2.01390454781301,0.722262300073312,0.721512751492406,0.722281502628831,0.721524764998471,0.722030735674987,0.721365288713019,0.687499998830148
1856.5,1.2,1.4,-0.88,2.00007969110452,2.01388677218576,0.722253717171426,0.721507301275723,0.722272874440389,0.721519281013805,0.722022656975577,0.72136024545849,0.68749999884686
1857,1.2,1.4,-0.88,2.00011073282869,2.01386897441894,0.722245153247852,0.721501866152232,0.722264265214952,0.721513812194835,0.722014597677286,0.72135521644472,0.687499998863334
1857.5,1.2,1.4,-0.88,2.00014158066197,2.01385115476415,0.722236608316602,0.721496446090174,0.722255674967272,0.721508358509707,0.72200655778453,0.721350201640968,0.687499998879572
1858,1.2,1.4,-0.88,2.00017223533712,2.01383331347192,0.722228082391396,0.721491041057825,0.722247103711752,0.7215029199266,0.721998537301667,0.721345201016522,0.687499998895578
1858.5,1.2,1.4,-0.88,2.00020269758524,2.01381545079171,0.722219575485531,0.721485651023487,0.722238551462441,0.721497496413736,0.721990536232419,0.721340214540661,0.687499998911355
1859,1.2,1.4,-0.88,2.00023296813577,2.0137975669719,0.722211087611969,0.72148027595552,0.722230018233035,0.721492087939371,0.721982554580275,0.721335242182787,0.687499998926908
1859.5,1.2,1.4,-0.88,2.00026304771652,2.01377966225982,0.722202618783258,0.721474915822312,0.722221504036871,0.721486694471802,0.721974592348119,0.721330283912296,0.687499998942237
1860,1.2,1.4,-0.88,2.00029293705363,2.01376173690171,0.722194169011564,0.721469570592284,0.722213008886922,0.721481315979362,0.721966649538406,0.721325339698607,0.687499998957348
1860.5,1.2,1.4,-0.88,2.00032263687161,2.01374379114279,0.722185738308641,0.721464240233908,0.722204532795792,0.721475952430424,0.721958726153026,0.721320409511227,0.687499998972243
1861,1.2,1.4,-0.88,2.00035214789332,2.01372582522719,0.722177326685887,0.721458924715683,0.722196075775718,0.721470603793398,0.721950822193556,0.721315493319654,0.687499998986926
1861.5,1.2,1.4,-0.88,2.00038147083996,2.013707839398,0.722168934154201,0.721453624006148,0.722187637838549,0.721465270036733,0.721942937660657,0.721310591093442,0.687499999001398
1862,1.2,1.4,-0.88,2.0004106064311,2.01368983389726,0.722160560724168,0.721448338073886,0.72217921899576,0.721459951128915,0.721935072554885,0.721305702802201,0.687499999015664
1862.5,1.2,1.4,-0.88,2.00043955538466,2.01367180896596,0.722152206405842,0.72144306688752,0.722170819258427,0.721454647038471,0.721927226875763,0.721300828415591,0.687499999029726
1863,1.2,1.4,-0.88,2.00046831841693,2.01365376484405,0.722143871208896,0.721437810415702,0.722162438637228,0.721449357733964,0.72191940062245,0.721295967903263,0.687499999043587
1863.5,1.2,1.4,-0.88,2.00049689624255,2.01363570177045,0.722135555142582,0.72143256862713,0.72215407714244,0.721444083183997,0.721911593793596,0.721291121234953,0.68749999905725
1864,1.2,1.4,-0.88,2.00052528957452,2.01361761998303,0.722127258215684,0.721427341490538,0.72214573478393,0.721438823357211,0.721903806387131,0.721286288380416,0.687499999070718
1864.5,1.2,1.4,-0.88,2.00055349912422,2.01359951971863,0.722118980436556,0.721422128974701,0.722137411571147,0.721433578222286,0.721896038400446,0.721281469309461,0.687499999083993
1865,1.2,1.4,-0.88,2.00058152560139,2.01358140121306,0.7221107218131,0.721416931048429,0.72212910751312,0.72142834774794,0.721888289830342,0.721276663991915,0.687499999097079
1865.5,1.2,1.4,-0.88,2.00060936971414,2.0135632647011,0.722102482352776,0.721411747680578,0.722120822618451,0.721423131902932,0.721880560673049,0.721271872397685,0.687499999109978
1866,1.2,1.4,-0.88,2.00063703216893,2.01354511041652,0.722094262062613,0.721406578840033,0.722112556895314,0.721417930656056,0.721872850924323,0.721267094496668,0.687499999122692
1866.5,1.2,1.4,-0.88,2.00066451367065,2.01352693859206,0.722086060949182,0.721401424495725,0.722104310351447,0.721412743976149,0.72186516057931,0.72126233025884,0.687499999135225
1867,1.2,1.4,-0.88,2.0006918149225,2.01350874945944,0.722077879018611,0.721396284616629,0.722096082994153,0.721407571832085,0.721857489632641,0.721257579654227,0.687499999147579
1867.5,1.2,1.4,-0.88,2.0007189366261,2.01349054324937,0.722069716276641,0.721391159171743,0.722087874830304,0.721402414192777,0.721849838078683,0.721252842652839,0.687499999159757
1868,1.2,1.4,-0.88,2.00074587948144,2.01347232019154,0.722061572728506,0.721386048130116,0.722079685866327,0.721397271027177,0.721842205910998,0.721248119224765,0.68749999917176
1868.5,1.2,1.4,-0.88,2.00077264418688,2.01345408051466,0.722053448379108,0.721380951460836,0.722071516108221,0.721392142304275,0.721834593123148,0.721243409340143,0.687499999183592
1869,1.2,1.4,-0.88,2.00079923143919,2.01343582444641,0.722045343232863,0.721375869133032,0.722063365561547,0.721387027993105,0.721826999707983,0.721238712969158,0.687499999195255
1869.5,1.2,1.4,-0.88,2.0008256419335,2.01341755221348,0.722037257293806,0.721370801115859,0.722055234231433,0.721381928062734,0.721819425658133,0.721234030081975,0.687499999206752
1870,1.2,1.4,-0.88,2.00085187636332,2.01339926404155,0.722029190565561,0.721365747378528,0.72204712212258,0.721376842482272,0.721811870965847,0.721229360648872,0.687499999218084
1870.5,1.2,1.4,-0.88,2.00087793542058,2.01338096015533,0.722021143051394,0.721360707890274,0.722039029239268,0.721371771220866,0.721804335623233,0.721224704640106,0.687499999229254
1871,1.2,1.4,-0.88,2.00090381979557,2.0133626407785,0.722013114754126,0.721355682620388,0.722030955585355,0.721366714247705,0.721796819621864,0.721220062026043,0.687499999240265
1871.5,1.2,1.4,-0.88,2.00092953017697,2.01334430613379,0.722005105676279,0.721350671538196,0.72202290116429,0.721361671532017,0.721789322953408,0.721215432777062,0.687499999251118
1872,1.2,1.4,-0.88,2.00095506725187,2.01332595644293,0.721997115819954,0.721345674613045,0.722014865979116,0.721356643043067,0.721781845609065,0.721210816863521,0.687499999261816
1872.5,1.2,1.4,-0.88,2.00098043170573,2.01330759192666,0.721989145186919,0.721340691814348,0.722006850032478,0.721351628750162,0.721774387579965,0.721206214255917,0.687499999272362
1873,1.2,1.4,-0.88,2.00100562422241,2.01328921280475,0.7219811937786,0.721335723111542,0.721998853326631,0.721346628622648,0.721766948857078,0.721201624924727,0.687499999282757
1873.5,1.2,1.4,-0.88,2.00103064548415,2.01327081929599,0.721973261596094,0.721330768474111,0.721990875863453,0.72134164262991,0.721759529431282,0.721197048840499,0.687499999293003
1874,1.2,1.4,-0.88,2.00105549617159,2.01325241161821,0.721965348640125,0.721325827871572,0.721982917644442,0.721336670741372,0.721752129293119,0.721192485973794,0.687499999303103
1874.5,1.2,1.4,-0.88,2.00108017696375,2.01323398998825,0.721957454911147,0.721320901273481,0.721974978670736,0.7213317129265,0.721744748433265,0.721187936295214,0.687499999313059
1875,1.2,1.4,-0.88,2.00110468853807,2.01321555462199,0.721949580409283,0.72131598864945,0.721967058943118,0.721326769154799,0.721737386842195,0.721183399775462,0.687499999322872
1875.5,1.2,1.4,-0.88,2.00112903157033,2.01319710573436,0.721941725134337,0.721311089969107,0.721959158462022,0.721321839395812,0.72173004451025,0.721178876385188,0.687499999332545
1876,1.2,1.4,-0.88,2.00115320673474,2.01317864353931,0.721933889085841,0.721306205202143,0.721951277227548,0.721316923619124,0.721722721427794,0.721174366095177,0.68749999934208
1876.5,1.2,1.4,-0.88,2.00117721470388,2.01316016824984,0.721926072263017,0.721301334318271,0.721943415239464,0.72131202179436,0.721715417585034,0.721169868876186,0.687499999351479
1877,1.2,1.4,-0.88,2.00120105614873,2.01314168007801,0.721918274664798,0.721296477287248,0.721935572497218,0.721307133891182,0.721708132972095,0.721165384699017,0.687499999360744
1877.5,1.2,1.4,-0.88,2.00122473173864,2.0131231792349,0.721910496289835,0.72129163407888,0.721927748999945,0.721302259879294,0.721700867579009,0.721160913534567,0.687499999369876
1878,1.2,1.4,-0.88,2.00124824214137,2.01310466593068,0.721902737136512,0.721286804663001,0.721919944746473,0.721297399728442,0.721693621395782,0.721156455353712,0.687499999378878
1878.5,1.2,1.4,-0.88,2.00127158802304,2.01308614037453,0.721894997202882,0.721281989009497,0.721912159735326,0.721292553408408,0.721686394412074,0.721152010127425,0.687499999387751
1879,1.2,1.4,-0.88,2.00129477004819,2.01306760277472,0.721887276486794,0.721277187088287,0.72190439396474,0.721287720889017,0.721679186617749,0.721147577826683,0.687499999396497
1879.5,1.2,1.4,-0.88,2.00131778887972,2.01304905333858,0.721879574985769,0.721272398869335,0.721896647432659,0.721282902140134,0.721671998002302,0.721143158422534,0.687499999405119
1880,1.2,1.4,-0.88,2.00134064517892,2.01303049227248,0.721871892697095,0.72126762432263,0.721888920136746,0.721278097131663,0.721664828555262,0.721138751885994,0.687499999413617
1880.5,1.2,1.4,-0.88,2.00136333960547,2.01301191978188,0.721864229617739,0.721262863418229,0.72188121207438,0.721273305833549,0.721657678265789,0.721134358188245,0.687499999421994
1881,1.2,1.4,-0.88,2.00138587281745,2.01299333607131,0.721856585744457,0.721258116126198,0.721873523242673,0.721268528215776,0.721650547123146,0.721129977300372,0.687499999430251
1881.5,1.2,1.4,-0.88,2.00140824547129,2.01297474134435,0.721848961073673,0.721253382416672,0.721865853638455,0.721263764248371,0.72164343511614,0.721125609193625,0.687499999438391
1882,1.2,1.4,-0.88,2.00143045822184,2.01295613580368,0.721841355601551,0.7212486622598,0.721858203258288,0.721259013901399,0.721636342233452,0.721121253839188,0.687499999446413
1882.5,1.2,1.4,-0.88,2.00145251172232,2.01293751965106,0.721833769324036,0.721243955625795,0.721850572098471,0.721254277144965,0.721629268463783,0.721116911208379,0.687499999454322
1883,1.2,1.4,-0.88,2.00147440662434,2.0129188930873,0.721826202236731,0.721239262484899,0.721842960155032,0.721249553949216,0.721622213795308,0.721112581272508,0.687499999462117
1883.5,1.2,1.4,-0.88,2.00149614357788,2.01290025631233,0.721818654334987,0.721234582807398,0.721835367423734,0.721244844284341,0.721615178216075,0.721108264002955,0.687499999469801
1884,1.2,1.4,-0.88,2.00151772323134,2.01288160952516,0.721811125613892,0.721229916563605,0.721827793900074,0.721240148120565,0.721608161713935,0.721103959371064,0.687499999477376
1884.5,1.2,1.4,-0.88,2.00153914623146,2.01286295292388,0.72180361606825,0.721225263723891,0.721820239579287,0.721235465428156,0.72160116427646,0.721099667348309,0.687499999484842
1885,1.2,1.4,-0.88,2.00156041322342,2.01284428670567,0.721796125692589,0.721220624258665,0.721812704456342,0.721230796177424,0.721594185890956,0.721095387906191,0.687499999492201
1885.5,1.2,1.4,-0.88,2.00158152485075,2.01282561106683,0.72178865448116,0.721215998138374,0.721805188525946,0.721226140338718,0.721587226544465,0.721091121016241,0.687499999499456
1886,1.2,1.4,-0.88,2.00160248175537,2.01280692620274,0.721781202427924,0.721211385333497,0.721797691782538,0.721221497882427,0.721580286223698,0.721086866649989,0.687499999506606
1886.5,1.2,1.4,-0.88,2.00162328457761,2.01278823230789,0.721773769526624,0.721206785814562,0.721790214220299,0.721216868778981,0.721573364915356,0.721082624779056,0.687499999513655
1887,1.2,1.4,-0.88,2.00164393395617,2.01276952957586,0.721766355770645,0.721202199552146,0.721782755833139,0.721212252998853,0.721566462605502,0.721078395375124,0.687499999520602
1887.5,1.2,1.4,-0.88,2.00166443052815,2.01275081819937,0.721758961153178,0.721197626516846,0.72177531661471,0.721207650512552,0.721559579280285,0.721074178409838,0.687499999527451
1888,1.2,1.4,-0.88,2.00168477492904,2.01273209837022,0.721751585667115,0.721193066679328,0.721767896558402,0.721203061290634,0.721552714925468,0.721069973854997,0.687499999534202
1888.5,1.2,1.4,-0.88,2.0017049677927,2.01271337027935,0.721744229305051,0.72118852001027,0.721760495657337,0.72119848530369,0.721545869526438,0.721065781682331,0.687499999540856
1889,1.2,1.4,-0.88,2.00172500975143,2.01269463411679,0.721736892059375,0.721183986480405,0.721753113904379,0.721193922522356,0.721539043068609,0.721061601863661,0.687499999547415
1889.5,1.2,1.4,-0.88,2.00174490143586,2.0126758900717,0.721729573922187,0.721179466060504,0.721745751292134,0.721189372917305,0.721532235537028,0.721057434370835,0.687499999553881
1890,1.2,1.4,-0.88,2.00176464347506,2.01265713833239,0.72172227488533,0.721174958721392,0.721738407812948,0.721184836459256,0.72152544691654,0.721053279175819,0.687499999560254
1890.5,1.2,1.4,-0.88,2.00178423649647,2.01263837908625,0.721714994940398,0.721170464433908,0.721731083458909,0.721180313118963,0.721518677191792,0.721049136250476,0.687499999566536
1891,1.2,1.4,-0.88,2.00180368112593,2.01261961251982,0.721707734078735,0.72116598316896,0.721723778221854,0.721175802867226,0.721511926347244,0.721045005566853,0.687499999572728
1891.5,1.2,1.4,-0.88,2.00182297798768,2.01260083881879,0.721700492291477,0.721161514897473,0.721716492093369,0.721171305674883,0.721505194367319,0.721040887096927,0.687499999578832
1892,1.2,1.4,-0.88,2.00184212770433,2.01258205816794,0.72169326956946,0.721157059590437,0.721709225064791,0.721166821512814,0.721498481236014,0.721036780812823,0.687499999584849
1892.5,1.2,1.4,-0.88,2.00186113089691,2.01256327075124,0.721686065903369,0.721152617218858,0.721701977127216,0.72116235035194,0.721491786937539,0.721032686686594,0.687499999590779
1893,1.2,1.4,-0.88,2.00187998818484,2.01254447675175,0.721678881283581,0.721148187753806,0.721694748271495,0.721157892163224,0.721485111455598,0.721028604690441,0.687499999596625
1893.5,1.2,1.4,-0.88,2.0018987001859,2.01252567635171,0.721671715700326,0.721143771166374,0.721687538488249,0.721153446917667,0.721478454774109,0.721024534796526,0.687499999602388
1894,1.2,1.4,-0.88,2.00191726751632,2.01250686973248,0.721664569143583,0.721139367427706,0.721680347767865,0.721149014586315,0.72147181687672,0.721020476977092,0.687499999608068
1894.5,1.2,1.4,-0.88,2.00193569079068,2.01248805707458,0.7216574416031,0.72113497650899,0.721673176100499,0.721144595140252,0.721465197746898,0.72101643120444,0.687499999613667
1895,1.2,1.4,-0.88,2.00195397062196,2.01246923855768,0.721650333068489,0.721130598381441,0.721666023476093,0.721140188550605,0.721458597368314,0.721012397450851,0.687499999619186
1895.5,1.2,1.4,-0.88,2.00197210762155,2.01245041436061,0.721643243529102,0.721126233016334,0.721658889884366,0.721135794788543,0.721452015724291,0.721008375688729,0.687499999624626
1896,1.2,1.4,-0.88,2.00199010239921,2.01243158466134,0.721636172974138,0.721121880384972,0.72165177531483,0.721131413825273,0.721445452798274,0.72100436589046,0.687499999629989
1896.5,1.2,1.4,-0.88,2.00200795556312,2.01241274963702,0.721629121392581,0.721117540458701,0.721644679756786,0.721127045632047,0.721438908573516,0.721000368028481,0.687499999635275
1897,1.2,1.4,-0.88,2.00202566771982,2.01239390946394,0.721622088773231,0.72111321320891,0.721637603199334,0.721122690180155,0.721432383033228,0.720996382075283,0.687499999640485
1897.5,1.2,1.4,-0.88,2.00204323947427,2.01237506431757,0.721615075104752,0.721108898607039,0.721630545631381,0.721118347440931,0.721425876160742,0.720992408003433,0.687499999645621
1898,1.2,1.4,-0.88,2.0020606714298,2.01235621437254,0.721608080375556,0.721104596624549,0.721623507041636,0.721114017385748,0.721419387939024,0.720988445785453,0.687499999650684
1898.5,1.2,1.4,-0.88,2.00207796418815,2.01233735980267,0.72160110457396,0.72110030723295,0.721616487418625,0.721109699986022,0.72141291835132,0.720984495393949,0.687499999655674
1899,1.2,1.4,-0.88,2.00209511834942,2.01231850078092,0.721594147688058,0.721096030403811,0.72160948675069,0.721105395213209,0.721406467380584,0.720980556801634,0.687499999660593
1899.5,1.2,1.4,-0.88,2.00211213451213,2.01229963747945,0.721587209705778,0.72109176610872,0.721602505025992,0.721101103038808,0.721400035009727,0.720976629981174,0.687499999665441
1900,1.2,1.4,-0.88,2.00212901327318,2.01228077006958,0.72158029061492,0.721087514319323,0.721595542232518,0.721096823434359,0.721393621221771,0.720972714905347,0.687499999670221
1900.5,1.2,1.4,-0.88,2.00214575522786,2.01226189872184,0.721573390403056,0.72108327500728,0.721588598358079,0.721092556371442,0.721387225999371,0.720968811546846,0.687499999674932
1901,1.2,1.4,-0.88,2.00216236096984,2.01224302360592,0.72156650905767,0.721079048144329,0.721581673390325,0.72108830182168,0.721380849325458,0.720964919878576,0.687499999679576
1901.5,1.2,1.4,-0.88,2.00217883109119,2.01222414489071,0.721559646566004,0.721074833702228,0.721574767316732,0.721084059756737,0.721374491182515,0.720961039873385,0.687499999684153
1902,1.2,1.4,-0.88,2.00219516618237,2.01220526274427,0.721552802915168,0.721070631652778,0.72156788012461,0.721079830148318,0.721368151553074,0.720957171504171,0.687499999688665
1902.5,1.2,1.4,-0.88,2.00221136683223,2.01218637733387,0.721545978092138,0.721066441967822,0.721561011801113,0.721075612968169,0.721361830419703,0.720953314743873,0.687499999693113
1903,1.2,1.4,-0.88,2.00222743362799,2.01216748882597,0.721539172083696,0.721062264619251,0.721554162333232,0.721071408188081,0.721355527764694,0.720949469565508,0.687499999697497
1903.5,1.2,1.4,-0.88,2.00224336715528,2.01214859738623,0.721532384876422,0.721058099578986,0.721547331707794,0.721067215779881,0.72134924357008,0.720945635942073,0.687499999701819
1904,1.2,1.4,-0.88,2.00225916799813,2.01212970317951,0.721525616456778,0.721053946819008,0.721540519911466,0.721063035715441,0.721342977817952,0.720941813846702,0.687499999706078
1904.5,1.2,1.4,-0.88,2.00227483673892,2.01211080636986,0.72151886681105,0.721049806311322,0.721533726930758,0.721058867966676,0.721336730490227,0.720938003252476,0.687499999710277
1905,1.2,1.4,-0.88,2.00229037395845,2.01209190712055,0.721512135925354,0.721045678027984,0.721526952752021,0.721054712505539,0.721330501568656,0.720934204132582,0.687499999714416
1905.5,1.2,1.4,-0.88,2.00230578023592,2.01207300559406,0.721505423785603,0.721041561941083,0.721520197361443,0.721050569304027,0.721324291034673,0.720930416460184,0.687499999718496
1906,1.2,1.4,-0.88,2.00232105614891,2.01205410195207,0.721498730377578,0.721037458022759,0.721513460745052,0.721046438334178,0.721318098869726,0.720926640208554,0.687499999722517
1906.5,1.2,1.4,-0.88,2.00233620227338,2.01203519635547,0.721492055686862,0.721033366245187,0.721506742888716,0.721042319568071,0.721311925054965,0.720922875350968,0.687499999726481
1907,1.2,1.4,-0.88,2.0023512191837,2.01201628896438,0.721485399698857,0.721029286580594,0.721500043778137,0.721038212977828,0.721305769571333,0.720919121860778,0.687499999730389
1907.5,1.2,1.4,-0.88,2.00236610745263,2.01199737993814,0.721478762398808,0.721025219001228,0.721493363398854,0.721034118535611,0.721299632399659,0.720915379711308,0.68749999973424
1908,1.2,1.4,-0.88,2.00238086765134,2.0119784694353,0.721472143771786,0.721021163479404,0.721486701736245,0.721030036213625,0.72129351352058,0.72091164887602,0.687499999738037
1908.5,1.2,1.4,-0.88,2.00239550034936,2.01195955761363,0.72146554380267,0.721017119987463,0.721480058775519,0.721025965984116,0.72128741291448,0.72090792932835,0.687499999741779
1909,1.2,1.4,-0.88,2.00241000611467,2.01194064463013,0.721458962476134,0.721013088497791,0.721473434501716,0.721021907819372,0.721281330561421,0.720904221041802,0.687499999745468
1909.5,1.2,1.4,-0.88,2.0024243855136,2.01192173064105,0.721452399776701,0.72100906898281,0.721466828899705,0.721017861691722,0.721275266441396,0.720900523989888,0.687499999749104
1910,1.2,1.4,-0.88,2.00243863911092,2.01190281580184,0.721445855688728,0.721005061414998,0.72146024195419,0.721013827573539,0.721269220534255,0.72089683814622,0.687499999752689
1910.5,1.2,1.4,-0.88,2.00245276746977,2.01188390026721,0.721439330196374,0.721001065766864,0.721453673649702,0.721009805437235,0.721263192819554,0.720893163484415,0.687499999756222
1911,1.2,1.4,-0.88,2.00246677115172,2.01186498419109,0.721432823283598,0.720997082010966,0.721447123970598,0.721005795255265,0.721257183276573,0.720889499978157,0.687499999759704
1911.5,1.2,1.4,-0.88,2.00248065071672,2.01184606772665,0.72142633493422,0.720993110119887,0.721440592901064,0.721001797000127,0.721251191884563,0.720885847601104,0.687499999763137
1912,1.2,1.4,-0.88,2.00249440672316,2.01182715102631,0.721419865131846,0.720989150066279,0.721434080425109,0.720997810644358,0.721245218622437,0.720882206327074,0.687499999766521
1912.5,1.2,1.4,-0.88,2.0025080397278,2.01180823424174,0.721413413859925,0.720985201822807,0.721427586526573,0.720993836160539,0.721239263469018,0.720878576129793,0.687499999769856
1913,1.2,1.4,-0.88,2.00252155028583,2.01178931752384,0.72140698110172,0.720981265362195,0.721421111189117,0.720989873521292,0.721233326402888,0.720874956983119,0.687499999773144
1913.5,1.2,1.4,-0.88,2.00253493895086,2.01177040102277,0.721400566840322,0.72097734065721,0.721414654396229,0.72098592269928,0.721227407402481,0.720871348860943,0.687499999776385
1914,1.2,1.4,-0.88,2.00254820627488,2.01175148488793,0.721394171058653,0.720973427680656,0.721408216131224,0.720981983667211,0.721221506446084,0.720867751737187,0.687499999779579
1914.5,1.2,1.4,-0.88,2.00256135280833,2.011732569268,0.721387793739453,0.720969526405379,0.721401796377243,0.720978056397831,0.721215623511773,0.720864165585806,0.687499999782728
1915,1.2,1.4,-0.88,2.00257437910005,2.01171365431089,0.721381434865298,0.720965636804255,0.721395395117251,0.720974140863928,0.721209758577493,0.720860590380758,0.687499999785832
1915.5,1.2,1.4,-0.88,2.00258728569728,2.01169474016379,0.721375094418599,0.72096175885023,0.721389012334045,0.720970237038336,0.721203911621069,0.720857026096161,0.687499999788892
1916,1.2,1.4,-0.88,2.0026000731457,2.01167582697314,0.72136877238161,0.720957892516269,0.72138264801025,0.720966344893927,0.721198082620207,0.720853472706064,0.687499999791907
1916.5,1.2,1.4,-0.88,2.00261274198941,2.01165691488465,0.721362468736408,0.72095403777538,0.721376302128323,0.720962464403615,0.721192271552424,0.720849930184582,0.68749999979488
1917,1.2,1.4,-0.88,2.00262529277092,2.01163800404329,0.721356183464894,0.720950194600628,0.721369974670547,0.720958595540359,0.721186478395051,0.720846398505924,0.68749999979781
1917.5,1.2,1.4,-0.88,2.00263772603117,2.01161909459331,0.721349916548835,0.720946362965109,0.721363665619042,0.720954738277157,0.721180703125405,0.720842877644295,0.687499999800699
1918,1.2,1.4,-0.88,2.00265004230951,2.01160018667822,0.721343667969844,0.720942542841956,0.721357374955764,0.720950892587049,0.7211749457207,0.720839367573933,0.687499999803546
1918.5,1.2,1.4,-0.88,2.00266224214373,2.01158128044083,0.72133743770933,0.720938734204351,0.721351102662499,0.720947058443119,0.721169206157825,0.720835868269132,0.687499999806352
1919,1.2,1.4,-0.88,2.00267432607004,2.01156237602318,0.721331225748624,0.720934937025513,0.721344848720879,0.720943235818489,0.721163484413898,0.720832379704222,0.687499999809119
1919.5,1.2,1.4,-0.88,2.0026862946231,2.01154347356665,0.721325032068858,0.720931151278722,0.721338613112374,0.720939424686328,0.721157780465708,0.720828901853649,0.687499999811846
1920,1.2,1.4,-0.88,2.00269814833595,2.01152457321184,0.721318856651001,0.720927376937268,0.721332395818291,0.720935625019842,0.72115209428989,0.720825434691761,0.687499999814534
1920.5,1.2,1.4,-0.88,2.00270988774012,2.01150567509869,0.721312699475896,0.720923613974509,0.721326196819784,0.720931836792283,0.721146425863082,0.720821978193065,0.687499999817183
1921,1.2,1.4,-0.88,2.00272151336553,2.01148677936638,0.721306560524245,0.720919862363839,0.721320016097853,0.720928059976943,0.721140775161846,0.720818532332088,0.687499999819795
1921.5,1.2,1.4,-0.88,2.00273302574055,2.01146788615342,0.721300439776577,0.720916122078678,0.721313853633341,0.720924294547156,0.721135142162514,0.720815097083323,0.687499999822369
1922,1.2,1.4,-0.88,2.00274442539199,2.01144899559758,0.72129433721328,0.720912393092505,0.721307709406942,0.720920540476297,0.721129526841354,0.720811672421385,0.687499999824907
1922.5,1.2,1.4,-0.88,2.00275571284509,2.01143010783594,0.721288252814628,0.720908675378837,0.721301583399199,0.720916797737784,0.721123929174649,0.720808258320913,0.687499999827408
1923,1.2,1.4,-0.88,2.00276688862354,2.01141122300488,0.721282186560705,0.720904968911238,0.721295475590505,0.720913066305078,0.721118349138382,0.720804854756603,0.687499999829874
1923.5,1.2,1.4,-0.88,2.00277795324945,2.01139234124006,0.721276138431464,0.7209012736633,0.721289385961104,0.72090934615168,0.721112786708483,0.720801461703142,0.687499999832304
1924,1.2,1.4,-0.88,2.00278890724341,2.01137346267646,0.721270108406747,0.720897589608676,0.721283314491098,0.720905637251135,0.72110724186091,0.720798079135338,0.6874999998347
1924.5,1.2,1.4,-0.88,2.0027997511244,2.01135458744836,0.721264096466176,0.720893916721035,0.721277261160434,0.720901939577028,0.721101714571175,0.720794707027924,0.687499999837061
1925,1.2,1.4,-0.88,2.0028104854099,2.01133571568935,0.721258102589301,0.720890254974106,0.721271225948919,0.720898253102986,0.721096204814993,0.720791345355756,0.687499999839389
1925.5,1.2,1.4,-0.88,2.00282111061581,2.0113168475323,0.721252126755494,0.720886604341667,0.721265208836215,0.720894577802679,0.721090712567794,0.720787994093774,0.687499999841683
1926,1.2,1.4,-0.88,2.00283162725649,2.01129798310944,0.721246168943984,0.720882964797522,0.721259209801838,0.720890913649819,0.721085237804901,0.720784653216875,0.687499999843945
1926.5,1.2,1.4,-0.88,2.00284203584474,2.01127912255227,0.721240229133826,0.720879336315525,0.721253228825156,0.720887260618159,0.721079780501375,0.720781322700042,0.687499999846174
1927,1.2,1.4,-0.88,2.00285233689183,2.01126026599163,0.72123430730399,0.720875718869562,0.721247265885397,0.720883618681496,0.721074340632411,0.720778002518246,0.687499999848372
1927.5,1.2,1.4,-0.88,2.00286253090748,2.01124141355766,0.72122840343324,0.720872112433575,0.721241320961644,0.720879987813665,0.721068918172794,0.720774692646578,0.687499999850538
1928,1.2,1.4,-0.88,2.00287261839987,2.01122256537984,0.721222517500219,0.720868516981538,0.721235394032832,0.720876367988546,0.721063513097298,0.720771393060113,0.687499999852673
1928.5,1.2,1.4,-0.88,2.00288259987563,2.01120372158696,0.721216649483405,0.720864932487474,0.721229485077753,0.720872759180062,0.721058125380458,0.72076810373401,0.687499999854778
1929,1.2,1.4,-0.88,2.00289247583987,2.01118488230715,0.721210799361159,0.720861358925446,0.721223594075055,0.720869161362175,0.721052754996812,0.72076482464345,0.687499999856852
1929.5,1.2,1.4,-0.88,2.00290224679616,2.01116604766784,0.721204967111659,0.72085779626955,0.72121772100324,0.72086557450889,0.721047401920587,0.72076155576363,0.687499999858897
1930,1.2,1.4,-0.88,2.00291191324653,2.01114721779581,0.721199152712955,0.720854244493937,0.721211865840663,0.720861998594255,0.721042066125949,0.720758297069829,0.687499999860913
1930.5,1.2,1.4,-0.88,2.00292147569149,2.01112839281717,0.721193356142915,0.72085070357279,0.721206028565533,0.720858433592358,0.721036747586769,0.720755048537346,0.6874999998629
1931,1.2,1.4,-0.88,2.00293093463002,2.01110957285736,0.721187577379334,0.720847173480347,0.721200209155919,0.720854879477331,0.721031446277103,0.720751810141558,0.687499999864859
1931.5,1.2,1.4,-0.88,2.00294029055957,2.01109075804117,0.721181816399757,0.720843654190872,0.721194407589735,0.720851336223348,0.721026162170404,0.720748581857828,0.687499999866789
1932,1.2,1.4,-0.88,2.00294954397606,2.0110719484927,0.721176073181641,0.720840145678674,0.721188623844752,0.720847803804622,0.72102089524025,0.720745363661567,0.687499999868692
1932.5,1.2,1.4,-0.88,2.00295869537392,2.01105314433542,0.721170347702306,0.720836647918112,0.721182857898597,0.72084428219541,0.721015645460104,0.720742155528269,0.687499999870568
1933,1.2,1.4,-0.88,2.00296774524603,2.01103434569213,0.721164639938892,0.720833160883588,0.721177109728749,0.720840771370012,0.72101041280316,0.720738957433472,0.687499999872417
1933.5,1.2,1.4,-0.88,2.00297669408376,2.01101555268499,0.721158949868426,0.720829684549532,0.721171379312544,0.720837271302768,0.721005197242587,0.720735769352697,0.68749999987424
1934,1.2,1.4,-0.88,2.00298554237699,2.01099676543548,0.721153277467722,0.720826218890426,0.721165666627164,0.720833781968061,0.720999998751147,0.720732591261544,0.687499999876036
1934.5,1.2,1.4,-0.88,2.00299429061406,2.01097798406446,0.721147622713551,0.7208227638808,0.721159971649655,0.720830303340315,0.7209948173019,0.720729423135692,0.687499999877807
1935,1.2,1.4,-0.88,2.00300293928183,2.01095920869212,0.721141985582444,0.720819319495206,0.721154294356912,0.720826835393997,0.720989652867342,0.720726264950769,0.687499999879553
1935.5,1.2,1.4,-0.88,2.00301148886561,2.01094043943802,0.721136366050887,0.720815885708262,0.721148634725691,0.720823378103615,0.720984505420284,0.720723116682542,0.687499999881273
1936,1.2,1.4,-0.88,2.00301993984927,2.01092167642107,0.721130764095131,0.72081246249461,0.7211429927326,0.72081993144372,0.720979374932976,0.720719978306762,0.68749999988297
1936.5,1.2,1.4,-0.88,2.00302829271511,2.01090291975954,0.721125179691384,0.720809049828946,0.721137368354113,0.720816495388904,0.720974261377985,0.720716849799253,0.687499999884641
1937,1.2,1.4,-0.88,2.003036547944,2.01088416957108,0.721119612815638,0.720805647685991,0.721131761566556,0.720813069913801,0.720969164727406,0.72071373113582,0.687499999886289
1937.5,1.2,1.4,-0.88,2.00304470601525,2.01086542597266,0.721114063443793,0.720802256040523,0.721126172346118,0.720809654993087,0.720964084953424,0.720710622292377,0.687499999887914
1938,1.2,1.4,-0.88,2.00305276740672,2.01084668908067,0.721108531551624,0.720798874867363,0.721120600668853,0.72080625060148,0.72095902202815,0.720707523244879,0.687499999889515
1938.5,1.2,1.4,-0.88,2.00306073259476,2.01082795901082,0.721103017114781,0.720795504141361,0.721115046510678,0.72080285671374,0.72095397592362,0.720704433969259,0.687499999891093
1939,1.2,1.4,-0.88,2.00306860205424,2.01080923587823,0.721097520108739,0.720792143837419,0.721109509847375,0.720799473304667,0.720948946611568,0.720701354441558,0.687499999892649
1939.5,1.2,1.4,-0.88,2.00307637625853,2.01079051979737,0.721092040508904,0.720788793930484,0.721103990654592,0.720796100349107,0.720943934063899,0.720698284637855,0.687499999894183
1940,1.2,1.4,-0.88,2.00308405567953,2.01077181088208,0.721086578290525,0.720785454395523,0.721098488907849,0.720792737821942,0.720938938252293,0.720695224534178,0.687499999895695
1940.5,1.2,1.4,-0.88,2.00309164078764,2.0107531092456,0.721081133428769,0.72078212520758,0.721093004582538,0.720789385698103,0.720933959148522,0.720692174106752,0.687499999897185
1941,1.2,1.4,-0.88,2.00309913205179,2.01073441500053,0.721075705898651,0.720778806341703,0.721087537653924,0.720786043952555,0.720928996724127,0.720689133331685,0.687499999898653
1941.5,1.2,1.4,-0.88,2.00310652993943,2.01071572825886,0.721070295675086,0.720775497773013,0.721082088097149,0.720782712560312,0.72092405095067,0.720686102185252,0.687499999900101
1942,1.2,1.4,-0.88,2.00311383491655,2.01069704913197,0.721064902732875,0.720772199476663,0.721076655887232,0.720779391496426,0.720919121799642,0.720683080643732,0.687499999901528
1942.5,1.2,1.4,-0.88,2.00312104744763,2.01067837773061,0.721059527046686,0.720768911427827,0.721071240999071,0.72077608073599,0.72091420924239,0.720680068683351,0.687499999902935
1943,1.2,1.4,-0.88,2.00312816799571,2.01065971416493,0.721054168591113,0.720765633601754,0.721065843407447,0.720772780254141,0.720909313250357,0.720677066280531,0.687499999904322
1943.5,1.2,1.4,-0.88,2.00313519702235,2.01064105854446,0.72104882734062,0.720762365973714,0.721060463087027,0.720769490026058,0.720904433794834,0.720674073411637,0.687499999905689
1944,1.2,1.4,-0.88,2.00314213498763,2.01062241097814,0.721043503269564,0.720759108519025,0.721055100012361,0.72076621002696,0.720899570847051,0.720671090053104,0.687499999907036
1944.5,1.2,1.4,-0.88,2.00314898235019,2.01060377157429,0.721038196352208,0.720755861213044,0.72104975415789,0.720762940232108,0.720894724378246,0.720668116181401,0.687499999908364
1945,1.2,1.4,-0.88,2.00315573956719,2.01058514044063,0.721032906562713,0.720752624031171,0.721044425497947,0.720759680616805,0.720889894359593,0.720665151773037,0.687499999909673
1945.5,1.2,1.4,-0.88,2.00316240709433,2.01056651768427,0.721027633875113,0.720749396948846,0.721039114006753,0.720756431156397,0.720885080762117,0.720662196804556,0.687499999910963
1946,1.2,1.4,-0.88,2.00316898538584,2.01054790341175,0.721022378263359,0.720746179941561,0.721033819658423,0.72075319182627,0.72088028355686,0.720659251252601,0.687499999912236
1946.5,1.2,1.4,-0.88,2.00317547489453,2.01052929772898,0.721017139701316,0.720742972984838,0.721028542426971,0.720749962601854,0.720875502714874,0.720656315093785,0.687499999913489
1947,1.2,1.4,-0.88,2.00318187607172,2.01051070074129,0.72101191816273,0.720739776054244,0.721023282286308,0.720746743458619,0.720870738207065,0.72065338830479,0.687499999914725
1947.5,1.2,1.4,-0.88,2.00318818936729,2.01049211255342,0.721006713621248,0.720736589125379,0.72101803921024,0.720743534372075,0.720865990004275,0.7206504708623,0.687499999915943
1948,1.2,1.4,-0.88,2.00319441522966,2.01047353326952,0.721001526050419,0.720733412173905,0.721012813172475,0.720740335317777,0.720861258077282,0.720647562743129,0.687499999917144
1948.5,1.2,1.4,-0.88,2.00320055410583,2.01045496299314,0.720996355423729,0.72073024517551,0.721007604146624,0.720737146271319,0.720856542396959,0.720644663924059,0.687499999918328
1949,1.2,1.4,-0.88,2.00320660644133,2.01043640182725,0.720991201714534,0.720727088105927,0.721002412106202,0.72073396720834,0.720851842933952,0.72064177438194,0.687499999919495
1949.5,1.2,1.4,-0.88,2.00321257268024,2.01041784987425,0.720986064896076,0.720723940940931,0.720997237024621,0.720730798104517,0.720847159658774,0.72063889409365,0.687499999920645
1950,1.2,1.4,-0.88,2.00321845326522,2.01039930723593,0.72098094494156,0.720720803656342,0.720992078875204,0.720727638935571,0.720842492542115,0.720636023036135,0.687499999921778
1950.5,1.2,1.4,-0.88,2.00322424863748,2.01038077401352,0.72097584182408,0.720717676228014,0.720986937631181,0.720724489677263,0.720837841554523,0.72063316118634,0.687499999922896
1951,1.2,1.4,-0.88,2.00322995923679,2.01036225030767,0.720970755516602,0.720714558631853,0.720981813265686,0.720721350305398,0.720833206666331,0.720630308521302,0.687499999923997
1951.5,1.2,1.4,-0.88,2.00323558550151,2.01034373621845,0.720965685992024,0.72071145084379,0.72097670575176,0.720718220795819,0.720828587847899,0.720627465018031,0.687499999925083
1952,1.2,1.4,-0.88,2.00324112786852,2.01032523184536,0.72096063322317,0.720708352839818,0.720971615062355,0.720715101124414,0.720823985069613,0.720624630653659,0.687499999926153
1952.5,1.2,1.4,-0.88,2.00324658677333,2.01030673728732,0.720955597182763,0.720705264595961,0.720966541170334,0.72071199126711,0.720819398301726,0.720621805405315,0.687499999927208
1953,1.2,1.4,-0.88,2.00325196264996,2.01028825264269,0.72095057784342,0.720702186088281,0.720961484048468,0.720708891199879,0.720814827514363,0.720618989250161,0.687499999928248
1953.5,1.2,1.4,-0.88,2.00325725593106,2.01026977800925,0.720945575177674,0.720699117292881,0.72095644366944,0.720705800898729,0.720810272677604,0.720616182165388,0.687499999929273
1954,1.2,1.4,-0.88,2.00326246704782,2.01025131348424,0.720940589158011,0.720696058185922,0.720951420005846,0.720702720339715,0.720805733761639,0.720613384128307,0.687499999930284
1954.5,1.2,1.4,-0.88,2.00326759643002,2.01023285916431,0.720935619756764,0.720693008743583,0.720946413030195,0.72069964949893,0.720801210736298,0.720610595116168,0.68749999993128
1955,1.2,1.4,-0.88,2.00327264450604,2.01021441514555,0.720930666946255,0.720689968942103,0.720941422714911,0.72069658835251,0.720796703571689,0.72060781510634,0.687499999932261
1955.5,1.2,1.4,-0.88,2.00327761170281,2.01019598152351,0.72092573069864,0.720686938757759,0.72093644903233,0.720693536876634,0.720792212237483,0.720605044076219,0.687499999933229
1956,1.2,1.4,-0.88,2.00328249844588,2.01017755839317,0.720920810986084,0.720683918166854,0.720931491954709,0.720690495047518,0.720787736703707,0.720602282003167,0.687499999934183
1956.5,1.2,1.4,-0.88,2.00328730515936,2.01015914584894,0.720915907780585,0.720680907145753,0.720926551454218,0.720687462841424,0.720783276939958,0.720599528864699,0.687499999935123
1957,1.2,1.4,-0.88,2.00329203226598,2.01014074398471,0.720911021054103,0.720677905670843,0.720921627502942,0.720684440234652,0.720778832915959,0.720596784638261,0.68749999993605
1957.5,1.2,1.4,-0.88,2.00329668018704,2.01012235289379,0.720906150778538,0.720674913718582,0.720916720072894,0.720681427203547,0.72077440460148,0.720594049301484,0.687499999936964
1958,1.2,1.4,-0.88,2.00330124934244,2.01010397266896,0.720901296925666,0.72067193126543,0.720911829135998,0.720678423724491,0.720769991966018,0.720591322831862,0.687499999937864
1958.5,1.2,1.4,-0.88,2.00330574015069,2.01008560340244,0.720896459467242,0.720668958287921,0.720906954664107,0.72067542977391,0.720765594979278,0.720588605207079,0.687499999938752
1959,1.2,1.4,-0.88,2.00331015302888,2.0100672451859,0.720891638374879,0.720665994762612,0.720902096628991,0.720672445328272,0.720761213610622,0.720585896404774,0.687499999939627
1959.5,1.2,1.4,-0.88,2.00331448839272,2.01004889811048,0.720886833620193,0.720663040666104,0.720897255002348,0.720669470364085,0.720756847829702,0.720583196402646,0.687499999940489
1960,1.2,1.4,-0.88,2.00331874665653,2.01003056226678,0.720882045174657,0.720660095975053,0.720892429755797,0.720666504857898,0.720752497605822,0.72058050517848,0.687499999941339
1960.5,1.2,1.4,-0.88,2.00332292823321,2.01001223774484,0.720877273009731,0.72065716066614,0.720887620860887,0.720663548786303,0.720748162908505,0.72057782271005,0.687499999942177
1961,1.2,1.4,-0.88,2.0033270335343,2.00999392463419,0.720872517096793,0.720654234716088,0.720882828289097,0.720660602125932,0.720743843707161,0.720575148975157,0.687499999943003
1961.5,1.2,1.4,-0.88,2.00333106296992,2.0099756230238,0.720867777407134,0.720651318101668,0.72087805201183,0.720657664853457,0.720739539971102,0.720572483951685,0.687499999943817
1962,1.2,1.4,-0.88,2.00333501694883,2.00995733300211,0.720863053911984,0.720648410799697,0.720873292000423,0.720654736945594,0.720735251669614,0.720569827617573,0.68749999994462
1962.5,1.2,1.4,-0.88,2.00333889587841,2.00993905465706,0.720858346582527,0.720645512787021,0.720868548226144,0.720651818379099,0.720730978772044,0.720567179950748,0.687499999945411
1963,1.2,1.4,-0.88,2.00334270016462,2.00992078807601,0.720853655389884,0.72064262404053,0.720863820660196,0.720648909130769,0.720726721247712,0.720564540929193,0.687499999946191
1963.5,1.2,1.4,-0.88,2.00334643021208,2.00990253334583,0.7208489803051,0.720639744537158,0.720859109273717,0.720646009177441,0.720722479065838,0.720561910530941,0.68749999994696
1964,1.2,1.4,-0.88,2.00335008642401,2.00988429055285,0.720844321299177,0.720636874253882,0.720854414037783,0.720643118495996,0.720718252195699,0.720559288734079,0.687499999947717
1964.5,1.2,1.4,-0.88,2.00335366920228,2.00986605978287,0.720839678343042,0.720634013167716,0.720849734923406,0.720640237063353,0.720714040606473,0.720556675516714,0.687499999948464
1965,1.2,1.4,-0.88,2.00335717894735,2.00984784112118,0.720835051407583,0.720631161255725,0.720845071901539,0.720637364856476,0.720709844267396,0.720554070857032,0.687499999949201
1965.5,1.2,1.4,-0.88,2.00336061605833,2.00982963465255,0.720830440463631,0.720628318494995,0.720840424943078,0.720634501852366,0.720705663147685,0.720551474733178,0.687499999949926
1966,1.2,1.4,-0.88,2.00336398093298,2.00981144046123,0.720825845481946,0.720625484862663,0.720835794018857,0.720631648028066,0.720701497216453,0.720548887123379,0.687499999950641
1966.5,1.2,1.4,-0.88,2.00336727396765,2.00979325863093,0.720821266433252,0.720622660335924,0.720831179099657,0.720628803360663,0.720697346442879,0.720546308005977,0.687499999951347
1967,1.2,1.4,-0.88,2.00337049555737,2.00977508924489,0.720816703288203,0.720619844891985,0.720826580156204,0.720625967827282,0.720693210796045,0.720543737359232,0.687499999952042
1967.5,1.2,1.4,-0.88,2.00337364609578,2.0097569323858,0.720812156017438,0.720617038508114,0.720821997159169,0.72062314140509,0.720689090245169,0.72054117516152,0.687499999952727
1968,1.2,1.4,-0.88,2.00337672597517,2.00973878813586,0.720807624591474,0.720614241161611,0.720817430079168,0.720620324071295,0.720684984759142,0.720538621391234,0.687499999953402
1968.5,1.2,1.4,-0.88,2.00337973558647,2.00972065657674,0.720803108980869,0.720611452829822,0.72081287888677,0.720617515803146,0.720680894307235,0.720536076026816,0.687499999954068
1969,1.2,1.4,-0.88,2.00338267531925,2.00970253778964,0.720798609156061,0.720608673490125,0.720808343552491,0.720614716577931,0.720676818858384,0.720533539046721,0.687499999954724
1969.5,1.2,1.4,-0.88,2.00338554556175,2.00968443185521,0.72079412508748,0.720605903119951,0.720803824046797,0.720611926372983,0.720672758381674,0.720531010429486,0.687499999955371
1970,1.2,1.4,-0.88,2.00338834670083,2.00966633885363,0.720789656745472,0.720603141696764,0.720799320340104,0.720609145165673,0.720668712846019,0.720528490153664,0.687499999956008
1970.5,1.2,1.4,-0.88,2.00339107912203,2.00964825886458,0.720785204100357,0.720600389198071,0.720794832402781,0.720606372933412,0.720664682220406,0.720525978197853,0.687499999956637
1971,1.2,1.4,-0.88,2.00339374320951,2.0096301919672,0.720780767122431,0.72059764560142,0.720790360205151,0.720603609653655,0.720660666473891,0.720523474540697,0.687499999957256
1971.5,1.2,1.4,-0.88,2.00339633934612,2.00961213824019,0.720776345781876,0.720594910884404,0.720785903717487,0.720600855303896,0.720656665575207,0.720520979160887,0.687499999957867
1972,1.2,1.4,-0.88,2.00339886791335,2.0095940977617,0.720771940048922,0.720592185024642,0.72078146291002,0.720598109861669,0.72065267949348,0.720518492037095,0.687499999958469
1972.5,1.2,1.4,-0.88,2.00340132929136,2.00957607060943,0.720767549893651,0.720589467999814,0.720777037752931,0.720595373304551,0.720648708197354,0.720516013148135,0.687499999959062
1973,1.2,1.4,-0.88,2.00340372385896,2.00955805686056,0.720763175286161,0.720586759787617,0.720772628216357,0.720592645610158,0.720644751655719,0.720513542472737,0.687499999959647
1973.5,1.2,1.4,-0.88,2.00340605199365,2.00954005659179,0.720758816196494,0.720584060365816,0.720768234270391,0.720589926756146,0.720640809837385,0.720511079989805,0.687499999960223
1974,1.2,1.4,-0.88,2.00340831407159,2.00952206987934,0.720754472594654,0.720581369712196,0.720763855885084,0.720587216720214,0.720636882711167,0.720508625678188,0.687499999960792
1974.5,1.2,1.4,-0.88,2.00341051046759,2.00950409679892,0.720750144450592,0.720578687804592,0.720759493030441,0.7205845154801,0.720632970245802,0.720506179516812,0.687499999961352
1975,1.2,1.4,-0.88,2.00341264155515,2.00948613742578,0.720745831734188,0.720576014620871,0.720755145676423,0.720581823013584,0.720629072409883,0.720503741484616,0.687499999961904
1975.5,1.2,1.4,-0.88,2.00341470770647,2.00946819183466,0.720741534415307,0.720573350138959,0.720750813792945,0.720579139298486,0.720625189172098,0.720501311560642,0.687499999962448
1976,1.2,1.4,-0.88,2.00341670929237,2.00945026009986,0.72073725246378,0.720570694336797,0.720746497349885,0.720576464312666,0.720621320501148,0.72049888972388,0.687499999962984
1976.5,1.2,1.4,-0.88,2.00341864668242,2.00943234229516,0.720732985849386,0.720568047192384,0.720742196317078,0.720573798034025,0.720617466365665,0.720496475953426,0.687499999963513
1977,1.2,1.4,-0.88,2.00342052024481,2.00941443849388,0.720728734541842,0.720565408683754,0.720737910664313,0.720571140440504,0.720613626734147,0.720494070228389,0.687499999964034
1977.5,1.2,1.4,-0.88,2.00342233034647,2.00939654876886,0.720724498510831,0.720562778788985,0.72073364036134,0.720568491510085,0.720609801575114,0.720491672527944,0.687499999964548
1978,1.2,1.4,-0.88,2.00342407735298,2.00937867319248,0.720720277726007,0.720560157486193,0.720729385377866,0.720565851220791,0.720605990857113,0.720489282831281,0.687499999965055
1978.5,1.2,1.4,-0.88,2.00342576162863,2.00936081183663,0.72071607215698,0.72055754475353,0.720725145683558,0.720563219550686,0.720602194548634,0.720486901117626,0.687499999965554
1979,1.2,1.4,-0.88,2.0034273835364,2.00934296477273,0.720711881773312,0.7205549405692,0.720720921248044,0.720560596477872,0.720598412618119,0.72048452736628,0.687499999966046
1979.5,1.2,1.4,-0.88,2.00342894343796,2.00932513207174,0.720707706544522,0.720552344911429,0.720716712040907,0.720557981980494,0.720594645033962,0.720482161556517,0.687499999966531
1980,1.2,1.4,-0.88,2.00343044169369,2.00930731380416,0.720703546440104,0.720549757758507,0.720712518031697,0.720555376036736,0.720590891764592,0.720479803667748,0.687499999967009
1980.5,1.2,1.4,-0.88,2.00343187866266,2.00928951004001,0.720699401429489,0.720547179088743,0.720708339189918,0.720552778624822,0.720587152778312,0.720477453679325,0.68749999996748
1981,1.2,1.4,-0.88,2.00343325470266,2.00927172084885,0.720695271482104,0.720544608880498,0.720704175485039,0.720550189723018,0.720583428043548,0.720475111570705,0.687499999967945
1981.5,1.2,1.4,-0.88,2.00343457017017,2.00925394629977,0.7206911565673,0.720542047112169,0.720700026886488,0.720547609309629,0.720579717528525,0.720472777321348,0.687499999968403
1982,1.2,1.4,-0.88,2.00343582542039,2.00923618646144,0.720687056654421,0.720539493762189,0.720695893363658,0.720545037363,0.72057602120159,0.720470450910753,0.687499999968854
1982.5,1.2,1.4,-0.88,2.00343702080723,2.00921844140201,0.720682971712773,0.720536948809048,0.720691774885905,0.720542473861517,0.720572339031055,0.720468132318521,0.687499999969299
1983,1.2,1.4,-0.88,2.0034381566833,2.00920071118923,0.720678901711625,0.72053441223126,0.720687671422548,0.720539918783607,0.720568670985193,0.720465821524223,0.687499999969738
1983.5,1.2,1.4,-0.88,2.00343923339996,2.00918299589035,0.720674846620171,0.720531884007379,0.720683582942866,0.720537372107736,0.720565017032092,0.720463518507468,0.68749999997017
1984,1.2,1.4,-0.88,2.00344025130724,2.00916529557221,0.72067080640764,0.720529364116011,0.720679509416108,0.72053483381241,0.720561377140128,0.720461223247965,0.687499999970596
1984.5,1.2,1.4,-0.88,2.00344121075395,2.00914761030116,0.72066678104319,0.72052685253579,0.720675450811487,0.720532303876177,0.720557751277485,0.720458935725395,0.687499999971016
1985,1.2,1.4,-0.88,2.00344211208757,2.00912994014313,0.720662770495944,0.720524349245392,0.720671407098182,0.720529782277621,0.72055413941232,0.720456655919505,0.68749999997143
1985.5,1.2,1.4,-0.88,2.00344295565436,2.00911228516359,0.720658774735008,0.720521854223544,0.720667378245337,0.720527268995371,0.720550541512844,0.720454383810111,0.687499999971839
1986,1.2,1.4,-0.88,2.00344374179926,2.00909464542755,0.720654793729436,0.720519367449,0.720663364222065,0.720524764008092,0.720546957547166,0.720452119377027,0.687499999972241
1986.5,1.2,1.4,-0.88,2.00344447086597,2.0090770209996,0.720650827448288,0.720516888900557,0.720659364997447,0.720522267294493,0.720543387483529,0.720449862600106,0.687499999972637
1987,1.2,1.4,-0.88,2.00344514319693,2.00905941194387,0.720646875860553,0.720514418557055,0.720655380540532,0.720519778833319,0.720539831289992,0.720447613459265,0.687499999973028
1987.5,1.2,1.4,-0.88,2.00344575913331,2.00904181832407,0.720642938935209,0.720511956397381,0.720651410820337,0.720517298603357,0.720536288934681,0.720445371934484,0.687499999973414
1988,1.2,1.4,-0.88,2.003446319015,2.00902424020344,0.720639016641239,0.720509502400438,0.720647455805854,0.720514826583435,0.720532760385853,0.720443138005683,0.687499999973794
1988.5,1.2,1.4,-0.88,2.00344682318068,2.00900667764481,0.720635108947525,0.720507056545198,0.72064351546604,0.720512362752418,0.72052924561143,0.720440911652939,0.687499999974168
1989,1.2,1.4,-0.88,2.00344727196772,2.00898913071055,0.72063121582301,0.720504618810653,0.720639589769829,0.720509907089214,0.720525744579716,0.720438692856299,0.687499999974537
1989.5,1.2,1.4,-0.88,2.00344766571228,2.00897159946263,0.720627337236519,0.720502189175846,0.720635678686121,0.72050745957277,0.720522257258602,0.720436481595874,0.687499999974901
1990,1.2,1.4,-0.88,2.00344800474925,2.00895408396254,0.72062347315694,0.720499767619846,0.720631782183796,0.72050502018207,0.720518783616361,0.720434277851775,0.687499999975259
1990.5,1.2,1.4,-0.88,2.00344828941229,2.00893658427138,0.720619623553044,0.720497354121775,0.720627900231698,0.720502588896141,0.720515323620855,0.720432081604204,0.687499999975613
1991,1.2,1.4,-0.88,2.0034485200338,2.0089191004498,0.720615788393668,0.720494948660789,0.720624032798653,0.720500165694049,0.720511877240332,0.720429892833367,0.687499999975961
1991.5,1.2,1.4,-0.88,2.00344869694495,2.00890163255804,0.720611967647568,0.720492551216084,0.720620179853457,0.720497750554898,0.720508444442789,0.720427711519529,0.687499999976305
1992,1.2,1.4,-0.88,2.00344882047567,2.00888418065588,0.72060816128346,0.720490161766905,0.72061634136488,0.720495343457835,0.720505025196138,0.720425537643017,0.687499999976643
1992.5,1.2,1.4,-0.88,2.00344889095464,2.00886674480272,0.720604369270105,0.72048778029251,0.72061251730167,0.720492944382044,0.720501619468597,0.72042337118409,0.687499999976977
1993,1.2,1.4,-0.88,2.00344890870932,2.0088493250575,0.720600591576174,0.720485406772232,0.72060870763255,0.720490553306749,0.720498227228059,0.7204212121232,0.687499999977306
1993.5,1.2,1.4,-0.88,2.00344887406595,2.00883192147875,0.720596828170347,0.720483041185418,0.720604912326217,0.720488170211215,0.720494848442575,0.720419060440727,0.68749999997763
1994,1.2,1.4,-0.88,2.00344878734952,2.0088145341246,0.720593079021287,0.720480683511462,0.72060113135135,0.720485795074745,0.720491483080186,0.720416916117114,0.687499999977949
1994.5,1.2,1.4,-0.88,2.00344864888381,2.00879716305273,0.720589344097598,0.720478333729793,0.720597364676597,0.720483427876681,0.720488131108775,0.720414779132832,0.687499999978264
1995,1.2,1.4,-0.88,2.00344845899137,2.00877980832044,0.7205856233679,0.720475991819899,0.72059361227059,0.720481068596407,0.720484792496382,0.720412649468474,0.687499999978575
1995.5,1.2,1.4,-0.88,2.00344821799354,2.00876246998457,0.720581916800757,0.720473657761275,0.720589874101933,0.720478717213345,0.72048146721089,0.720410527104533,0.687499999978881
1996,1.2,1.4,-0.88,2.00344792621043,2.0087451481016,0.720578224364752,0.72047133153349,0.720586150139214,0.720476373706956,0.720478155220343,0.720408412021688,0.687499999979183
1996.5,1.2,1.4,-0.88,2.00344758396095,2.00872784272754,0.720574546028413,0.720469013116122,0.720582440350994,0.720474038056742,0.720474856492626,0.720406304200517,0.68749999997948
1997,1.2,1.4,-0.88,2.0034471915628,2.00871055391805,0.720570881760269,0.720466702488803,0.720578744705818,0.720471710242241,0.720471570995709,0.72040420362172,0.687499999979773
1997.5,1.2,1.4,-0.88,2.00344674933245,2.00869328172833,0.720567231528795,0.720464399631213,0.720575063172204,0.720469390243035,0.72046829869741,0.720402110266054,0.687499999980062
1998,1.2,1.4,-0.88,2.00344625758518,2.00867602621321,0.720563595302487,0.720462104523051,0.720571395718655,0.720467078038742,0.720465039565717,0.720400024114237,0.687499999980347
1998.5,1.2,1.4,-0.88,2.00344571663508,2.0086587874271,0.720559973049806,0.720459817144068,0.720567742313651,0.720464773609019,0.720461793568539,0.720397945147077,0.687499999980628
1999,1.2,1.4,-0.88,2.00344512679501,2.008641565424,0.720556364739183,0.720457537474051,0.720564102925653,0.720462476933566,0.720458560673719,0.720395873345405,0.687499999980904
1999.5,1.2,1.4,-0.88,2.00344448837665,2.00862436025752,0.720552770339013,0.720455265492829,0.720560477523099,0.720460187992117,0.720455340849039,0.720393808690111,0.687499999981177
2000,1.2,1.4,-0.88,2.00344380169049,2.00860717198087,0.720549189817733,0.720453001180267,0.720556866074413,0.72045790676445,0.720452134062524,0.720391751162104,0.687499999981446
2000.5,1.2,1.4,-0.88,2.00344306704583,2.00859000064685,0.720545623143713,0.720450744516261,0.720553268547999,0.720455633230378,0.720448940281978,0.720389700742288,0.687499999981711
2001,1.2,1.4,-0.88,2.00344228475076,2.00857284630787,0.720542070285309,0.720448495480767,0.720549684912239,0.720453367369756,0.720445759475216,0.720387657411718,0.687499999981972
2001.5,1.2,1.4,-0.88,2.0034414551122,2.00855570901595,0.720538531210868,0.720446254053766,0.720546115135501,0.720451109162478,0.720442591610076,0.720385621151406,0.68749999998223
2002,1.2,1.4,-0.88,2.00344057843589,2.0085385888227,0.720535005888739,0.720444020215266,0.720542559186134,0.720448858588474,0.720439436654487,0.720383591942354,0.687499999982484
2002.5,1.2,1.4,-0.88,2.00343965502638,2.00852148577935,0.720531494287228,0.720441793945344,0.72053901703247,0.720446615627716,0.720436294576238,0.720381569765747,0.687499999982734
2003,1.2,1.4,-0.88,2.00343868518704,2.00850439993675,0.720527996374628,0.720439575224096,0.720535488642826,0.720444380260215,0.720433165343139,0.720379554602696,0.687499999982981
2003.5,1.2,1.4,-0.88,2.00343766922008,2.00848733134533,0.720524512119242,0.720437364031646,0.720531973985502,0.720442152466019,0.720430048923096,0.72037754643433,0.687499999983224
2004,1.2,1.4,-0.88,2.00343660742653,2.00847028005515,0.720521041489326,0.720435160348188,0.720528473028781,0.720439932225216,0.72042694528388,0.720375545241932,0.687499999983463
2004.5,1.2,1.4,-0.88,2.00343550010624,2.00845324611588,0.720517584453166,0.720432964153933,0.720524985740936,0.720437719517934,0.720423854393437,0.720373551006737,0.6874999999837
2005,1.2,1.4,-0.88,2.0034343475579,2.00843622957682,0.720514140978983,0.720430775429134,0.720521512090222,0.720435514324337,0.720420776219499,0.720371563710033,0.687499999983933
2005.5,1.2,1.4,-0.88,2.00343315007905,2.00841923048687,0.720510711035028,0.720428594154088,0.72051805204488,0.720433316624631,0.720417710729979,0.72036958333316,0.687499999984162
2006,1.2,1.4,-0.88,2.00343190796605,2.00840224889455,0.720507294589508,0.720426420309117,0.720514605573139,0.720431126399058,0.720414657892653,0.720367609857445,0.687499999984388
2006.5,1.2,1.4,-0.88,2.00343062151412,2.008385284848,0.72050389161066,0.720424253874599,0.720511172643217,0.720428943627901,0.720411617675481,0.72036564326433,0.687499999984611
2007,1.2,1.4,-0.88,2.00342929101729,2.00836833839498,0.720500502066679,0.720422094830935,0.72050775322332,0.720426768291478,0.720408590046284,0.720363683535215,0.687499999984831
2007.5,1.2,1.4,-0.88,2.00342791676848,2.00835140958288,0.720497125925755,0.720419943158586,0.720504347281639,0.72042460037015,0.720405574972908,0.720361730651642,0.687499999985048
2008,1.2,1.4,-0.88,2.00342649905943,2.00833449845872,0.720493763156072,0.720417798838033,0.720500954786359,0.720422439844315,0.720402572423226,0.720359784595106,0.687499999985262
2008.5,1.2,1.4,-0.88,2.00342503818075,2.00831760506912,0.720490413725827,0.720415661849799,0.720497575705654,0.72042028669441,0.72039958236521,0.720357845347154,0.687499999985472
2009,1.2,1.4,-0.88,2.00342353442189,2.00830072946035,0.720487077603197,0.720413532174448,0.720494210007691,0.720418140900909,0.720396604766775,0.720355912889382,0.68749999998568
2009.5,1.2,1.4,-0.88,2.00342198807118,2.0082838716783,0.72048375475632,0.720411409792576,0.720490857660625,0.720416002444325,0.720393639595705,0.720353987203401,0.687499999985884
2010,1.2,1.4,-0.88,2.00342039941578,2.00826703176849,0.720480445153382,0.720409294684831,0.720487518632606,0.720413871305211,0.720390686820046,0.720352068270906,0.687499999986086
2010.5,1.2,1.4,-0.88,2.00341876874173,2.00825020977607,0.720477148762534,0.720407186831883,0.720484192891776,0.720411747464157,0.72038774640771,0.720350156073573,0.687499999986285
2011,1.2,1.4,-0.88,2.00341709633395,2.00823340574584,0.720473865551924,0.72040508621446,0.720480880406271,0.720409630901791,0.720384818326631,0.72034825059319,0.687499999986481
2011.5,1.2,1.4,-0.88,2.0034153824762,2.00821661972221,0.720470595489697,0.720402992813307,0.720477581144221,0.720407521598781,0.72038190254477,0.720346351811496,0.687499999986674
2012,1.2,1.4,-0.88,2.00341362745114,2.00819985174923,0.720467338544017,0.720400906609219,0.720474295073753,0.720405419535832,0.720378999030191,0.720344459710311,0.687499999986864
2012.5,1.2,1.4,-0.88,2.00341183154029,2.00818310187061,0.720464094682995,0.720398827583027,0.720471022162986,0.720403324693688,0.720376107750745,0.7203425742715,0.687499999987052
2013,1.2,1.4,-0.88,2.00340999502404,2.00816637012968,0.720460863874793,0.720396755715608,0.720467762380038,0.720401237053131,0.720373228674547,0.720340695476975,0.687499999987237
2013.5,1.2,1.4,-0.88,2.00340811818167,2.00814965656941,0.72045764608754,0.720394690987852,0.720464515693023,0.72039915659498,0.720370361769576,0.720338823308598,0.687499999987419
2014,1.2,1.4,-0.88,2.00340620129135,2.00813296123241,0.720454441289382,0.720392633380729,0.720461282070053,0.720397083300095,0.720367507003916,0.720336957748434,0.687499999987599
2014.5,1.2,1.4,-0.88,2.00340424463011,2.00811628416094,0.720451249448452,0.720390582875203,0.720458061479237,0.720395017149372,0.720364664345596,0.720335098778404,0.687499999987776
2015,1.2,1.4,-0.88,2.00340224847389,2.00809962539691,0.720448070532882,0.720388539452302,0.720454853888685,0.720392958123745,0.720361833762671,0.72033324638057,0.687499999987951
2015.5,1.2,1.4,-0.88,2.00340021309753,2.00808298498187,0.720444904510827,0.720386503093084,0.720451659266506,0.720390906204187,0.7203590152233,0.720331400537005,0.687499999988123
2016,1.2,1.4,-0.88,2.00339813877472,2.00806636295701,0.720441751350406,0.720384473778647,0.720448477580806,0.720388861371708,0.720356208695507,0.720329561229828,0.687499999988292
2016.5,1.2,1.4,-0.88,2.0033960257781,2.00804975936318,0.720438611019745,0.720382451490129,0.72044530879969,0.720386823607358,0.720353414147345,0.720327728441199,0.68749999998846
2017,1.2,1.4,-0.88,2.00339387437917,2.00803317424087,0.720435483487027,0.720380436208701,0.720442152891272,0.720384792892222,0.720350631547133,0.720325902153291,0.687499999988624
2017.5,1.2,1.4,-0.88,2.00339168484834,2.00801660763024,0.720432368720365,0.720378427915579,0.720439009823659,0.720382769207427,0.720347860862889,0.720324082348353,0.687499999988787
2018,1.2,1.4,-0.88,2.00338945745494,2.00800005957108,0.720429266687917,0.720376426592005,0.720435879564964,0.720380752534133,0.720345102062824,0.720322269008611,0.687499999988947
2018.5,1.2,1.4,-0.88,2.00338719246718,2.00798353010286,0.720426177357825,0.720374432219265,0.720432762083302,0.720378742853541,0.720342355115091,0.720320462116366,0.687499999989105
2019,1.2,1.4,-0.88,2.00338489015222,2.00796701926467,0.720423100698238,0.720372444778693,0.720429657346788,0.720376740146889,0.720339619987875,0.720318661653993,0.687499999989261
2019.5,1.2,1.4,-0.88,2.00338255077608,2.0079505270953,0.72042003667733,0.72037046425164,0.720426565323544,0.720374744395453,0.720336896649462,0.720316867603814,0.687499999989414
2020,1.2,1.4,-0.88,2.00338017460375,2.00793405363317,0.720416985263245,0.72036849061951,0.720423485981692,0.720372755580546,0.720334185068009,0.720315079948253,0.687499999989565
2020.5,1.2,1.4,-0.88,2.00337776189909,2.00791759891637,0.72041394642417,0.720366523863738,0.720420419289365,0.72037077368352,0.720331485211856,0.720313298669748,0.687499999989714
2021,1.2,1.4,-0.88,2.00337531292491,2.00790116298265,0.720410920128263,0.720364563965804,0.720417365214693,0.720368798685763,0.720328797049212,0.720311523750806,0.687499999989861
2021.5,1.2,1.4,-0.88,2.00337282794294,2.00788474586942,0.720407906343693,0.720362610907222,0.720414323725814,0.720366830568702,0.720326120548318,0.720309755173942,0.687499999990006
2022,1.2,1.4,-0.88,2.00337030721382,2.00786834761376,0.720404905038669,0.720360664669526,0.720411294790873,0.7203648693138,0.720323455677596,0.720307992921649,0.687499999990149
2022.5,1.2,1.4,-0.88,2.00336775099713,2.00785196825241,0.720401916181358,0.72035872523432,0.720408278378019,0.72036291490256,0.72032080240526,0.720306236976587,0.68749999999029
2023,1.2,1.4,-0.88,2.00336515955139,2.00783560782178,0.720398939739971,0.720356792583222,0.720405274455409,0.72036096731652,0.720318160699712,0.720304487321358,0.687499999990429
2023.5,1.2,1.4,-0.88,2.00336253313404,2.00781926635796,0.720395975682728,0.720354866697892,0.720402282991208,0.720359026537256,0.720315530529378,0.720302743938606,0.687499999990565
2024,1.2,1.4,-0.88,2.00335987200146,2.00780294389668,0.720393023977825,0.720352947560029,0.720399303953586,0.720357092546382,0.720312911862555,0.720301006811042,0.6874999999907
2024.5,1.2,1.4,-0.88,2.00335717640897,2.00778664047338,0.720390084593485,0.720351035151375,0.720396337310722,0.72035516532555,0.720310304667652,0.720299275921418,0.687499999990833
2025,1.2,1.4,-0.88,2.00335444661084,2.00777035612313,0.720387157497942,0.720349129453699,0.720393383030801,0.720353244856448,0.720307708913104,0.720297551252489,0.687499999990964
2025.5,1.2,1.4,-0.88,2.00335168286028,2.00775409088072,0.720384242659459,0.720347230448811,0.720390441082023,0.720351331120802,0.720305124567452,0.720295832787052,0.687499999991093
2026,1.2,1.4,-0.88,2.00334888540943,2.00773784478057,0.720381340046294,0.720345338118561,0.720387511432595,0.720349424100374,0.720302551599184,0.720294120507968,0.68749999999122
2026.5,1.2,1.4,-0.88,2.00334605450942,2.00772161785681,0.720378449626679,0.720343452444834,0.72038459405073,0.720347523776965,0.720299989976661,0.720292414398107,0.687499999991346
2027,1.2,1.4,-0.88,2.00334319041029,2.00770541014323,0.720375571368914,0.720341573409548,0.720381688904656,0.720345630132412,0.720297439668513,0.720290714440375,0.687499999991469
2027.5,1.2,1.4,-0.88,2.00334029336106,2.00768922167331,0.720372705241274,0.720339700994675,0.720378795962609,0.720343743148591,0.720294900643238,0.720289020617775,0.687499999991591
2028,1.2,1.4,-0.88,2.00333736360971,2.00767305248021,0.720369851212086,0.720337835182195,0.720375915192839,0.720341862807412,0.720292372869518,0.72028733291322,0.687499999991711
2028.5,1.2,1.4,-0.88,2.00333440140317,2.00765690259675,0.720367009249653,0.720335975954152,0.720373046563608,0.720339989090824,0.720289856315907,0.720285651309788,0.68749999999183
2029,1.2,1.4,-0.88,2.00333140698734,2.00764077205547,0.720364179322291,0.720334123292608,0.720370190043188,0.720338121980813,0.720287350950987,0.720283975790495,0.687499999991946
2029.5,1.2,1.4,-0.88,2.00332838060707,2.00762466088856,0.720361361398367,0.720332277179673,0.720367345599866,0.720336261459401,0.720284856743528,0.720282306338455,0.687499999992061
2030,1.2,1.4,-0.88,2.00332532250621,2.00760856912792,0.720358555446227,0.720330437597494,0.720364513201942,0.720334407508649,0.720282373662166,0.720280642936818,0.687499999992175
2030.5,1.2,1.4,-0.88,2.00332223292756,2.00759249680512,0.720355761434251,0.720328604528251,0.720361692817733,0.720332560110651,0.720279901675645,0.720278985568735,0.687499999992287
2031,1.2,1.4,-0.88,2.0033191121129,2.00757644395144,0.720352979330814,0.720326777954162,0.720358884415564,0.720330719247544,0.720277440752662,0.720277334217423,0.687499999992397
2031.5,1.2,1.4,-0.88,2.00331596030298,2.00756041059782,0.720350209104326,0.720324957857472,0.720356087963779,0.720328884901495,0.720274990862018,0.720275688866069,0.687499999992506
2032,1.2,1.4,-0.88,2.00331277773754,2.00754439677492,0.720347450723233,0.720323144220479,0.72035330343074,0.720327057054711,0.720272551972619,0.720274049497989,0.687499999992613
2032.5,1.2,1.4,-0.88,2.0033095646553,2.00752840251308,0.72034470415594,0.720321337025505,0.720350530784821,0.720325235689437,0.720270124053161,0.720272416096469,0.687499999992718
2033,1.2,1.4,-0.88,2.00330632129395,2.00751242784232,0.720341969370924,0.720319536254924,0.720347769994414,0.720323420787952,0.720267707072609,0.72027078864489,0.687499999992822
2033.5,1.2,1.4,-0.88,2.0033030478902,2.00749647279238,0.720339246336664,0.720317741891122,0.720345021027929,0.720321612332572,0.72026530099987,0.72026916712657,0.687499999992925
2034,1.2,1.4,-0.88,2.00329974467971,2.00748053739268,0.720336535021653,0.720315953916548,0.720342283853794,0.720319810305653,0.720262905803881,0.720267551524987,0.687499999993026
2034.5,1.2,1.4,-0.88,2.00329641189717,2.00746462167235,0.720333835394384,0.720314172313669,0.720339558440451,0.720318014689583,0.720260521453525,0.720265941823553,0.687499999993125
2035,1.2,1.4,-0.88,2.00329304977623,2.00744872566019,0.72033114742339,0.720312397064999,0.720336844756363,0.720316225466789,0.720258147917798,0.720264338005777,0.687499999993224
2035.5,1.2,1.4,-0.88,2.00328965854957,2.00743284938475,0.720328471077254,0.720310628153081,0.720334142770013,0.720314442619735,0.720255785165874,0.720262740055167,0.68749999999332
2036,1.2,1.4,-0.88,2.00328623844886,2.00741699287422,0.720325806324526,0.720308865560494,0.720331452449903,0.720312666130919,0.720253433166714,0.72026114795526,0.687499999993416
2036.5,1.2,1.4,-0.88,2.00328278970476,2.00740115615655,0.720323153133775,0.720307109269864,0.72032877376455,0.720310895982878,0.720251091889313,0.72025956168969,0.68749999999351
2037,1.2,1.4,-0.88,2.00327931254695,2.00738533925935,0.720320511473662,0.720305359263841,0.720326106682499,0.720309132158184,0.720248761303007,0.720257981242052,0.687499999993603
2037.5,1.2,1.4,-0.88,2.00327580720412,2.00736954220997,0.720317881312778,0.720303615525116,0.720323451172308,0.720307374639445,0.720246441376759,0.720256406596007,0.687499999993694
2038,1.2,1.4,-0.88,2.00327227390395,2.00735376503543,0.720315262619786,0.720301878036414,0.720320807202557,0.720305623409305,0.7202441320798,0.720254837735244,0.687499999993784
2038.5,1.2,1.4,-0.88,2.00326871287317,2.00733800776249,0.72031265536339,0.720300146780502,0.720318174741854,0.720303878450445,0.720241833381467,0.720253274643516,0.687499999993873
2039,1.2,1.4,-0.88,2.0032651243375,2.00732227041761,0.720310059512242,0.720298421740182,0.720315553758819,0.720302139745584,0.720239545250802,0.720251717304598,0.68749999999396
2039.5,1.2,1.4,-0.88,2.00326150852168,2.00730655302694,0.720307475035104,0.720296702898285,0.720312944222101,0.720300407277473,0.720237267657276,0.720250165702266,0.687499999994047
2040,1.2,1.4,-0.88,2.00325786564948,2.00729085561637,0.720304901900689,0.720294990237681,0.720310346100367,0.720298681028902,0.720235000570065,0.720248619820355,0.687499999994132
2040.5,1.2,1.4,-0.88,2.0032541959437,2.00727517821148,0.720302340077767,0.720293283741276,0.720307759362306,0.720296960982697,0.720232743958534,0.720247079642727,0.687499999994216
2041,1.2,1.4,-0.88,2.00325049962614,2.00725952083758,0.720299789535129,0.720291583392023,0.720305183976631,0.720295247121718,0.720230497792074,0.720245545153339,0.687499999994298
2041.5,1.2,1.4,-0.88,2.00324677691767,2.00724388351968,0.720297250241572,0.720289889172897,0.720302619912078,0.720293539428864,0.720228262040026,0.720244016336103,0.68749999999438
2042,1.2,1.4,-0.88,2.00324302803817,2.00722826628252,0.720294722165968,0.720288201066906,0.720300067137408,0.720291837887068,0.720226036671991,0.720242493174965,0.68749999999446
2042.5,1.2,1.4,-0.88,2.00323925320654,2.00721266915056,0.720292205277122,0.720286519057105,0.720297525621401,0.720290142479297,0.720223821657201,0.72024097565396,0.687499999994539
2043,1.2,1.4,-0.88,2.00323545264074,2.00719709214795,0.720289699543972,0.720284843126585,0.720294995332868,0.720288453188559,0.720221616965398,0.720239463757147,0.687499999994617
2043.5,1.2,1.4,-0.88,2.00323162655777,2.0071815352986,0.720287204935368,0.720283173258462,0.720292476240635,0.720286769997893,0.720219422565867,0.720237957468579,0.687499999994694
2044,1.2,1.4,-0.88,2.00322777517367,2.0071659986261,0.720284721420294,0.7202815094359,0.72028996831356,0.720285092890376,0.720217238428402,0.720236456772399,0.68749999999477
2044.5,1.2,1.4,-0.88,2.00322389870351,2.0071504821538,0.720282248967667,0.720279851642084,0.720287471520522,0.720283421849121,0.720215064522425,0.720234961652713,0.687499999994845
2045,1.2,1.4,-0.88,2.00321999736143,2.00713498590475,0.720279787546483,0.720278199860245,0.720284985830426,0.720281756857274,0.720212900817626,0.720233472093713,0.687499999994918
2045.5,1.2,1.4,-0.88,2.00321607136061,2.00711950990173,0.720277337125742,0.720276554073654,0.7202825112122,0.72028009789802,0.720210747283644,0.720231988079651,0.687499999994991
2046,1.2,1.4,-0.88,2.00321212091329,2.00710405416724,0.720274897674471,0.720274914265602,0.720280047634798,0.720278444954577,0.720208603890145,0.720230509594734,0.687499999995062
2046.5,1.2,1.4,-0.88,2.00320814623074,2.00708861872352,0.720272469161756,0.720273280419434,0.720277595067204,0.720276798010201,0.720206470606981,0.720229036623294,0.687499999995133
2047,1.2,1.4,-0.88,2.00320414752334,2.00707320359254,0.720270051556656,0.720271652518508,0.720275153478424,0.72027515704818,0.720204347403793,0.720227569149585,0.687499999995203
2047.5,1.2,1.4,-0.88,2.00320012500048,2.00705780879598,0.72026764482829,0.720270030546241,0.72027272283749,0.720273522051842,0.720202234250408,0.720226107158018,0.687499999995271
2048,1.2,1.4,-0.88,2.00319607887065,2.00704243435526,0.720265248945784,0.720268414486071,0.72027030311346,0.720271893004546,0.720200131116608,0.720224650632962,0.687499999995339
2048.5,1.2,1.4,-0.88,2.00319200934138,2.00702708029153,0.720262863878326,0.720266804321474,0.720267894275423,0.720270269889689,0.720198037972354,0.720223199558836,0.687499999995405
2049,1.2,1.4,-0.88,2.00318791661928,2.00701174662569,0.720260489595077,0.720265200035966,0.720265496292489,0.720268652690703,0.720195954787403,0.720221753920116,0.687499999995471
2049.5,1.2,1.4,-0.88,2.00318380091005,2.00699643337834,0.720258126065296,0.720263601613083,0.720263109133802,0.720267041391054,0.720193881531856,0.720220313701239,0.687499999995536
2050,1.2,1.4,-0.88,2.00317966241843,2.00698114056985,0.720255773258213,0.720262009036419,0.720260732768528,0.720265435974245,0.720191818175598,0.720218878886786,0.687499999995599
2050.5,1.2,1.4,-0.88,2.00317550134826,2.00696586822031,0.720253431143086,0.720260422289588,0.720258367165862,0.720263836423814,0.720189764688549,0.720217449461301,0.687499999995662
2051,1.2,1.4,-0.88,2.00317131790245,2.00695061634954,0.720251099689252,0.720258841356235,0.72025601229503,0.720262242723332,0.720187721040894,0.720216025409344,0.687499999995724
2051.5,1.2,1.4,-0.88,2.00316711228301,2.00693538497711,0.720248778866023,0.720257266220061,0.720253668125282,0.720260654856407,0.720185687202605,0.720214606715595,0.687499999995785
2052,1.2,1.4,-0.88,2.00316288469101,2.00692017412233,0.720246468642773,0.720255696864774,0.720251334625901,0.720259072806682,0.720183663143844,0.720213193364657,0.687499999995845
2052.5,1.2,1.4,-0.88,2.00315863532663,2.00690498380424,0.720244168988904,0.720254133274139,0.720249011766198,0.720257496557834,0.720181648834794,0.720211785341251,0.687499999995905
2053,1.2,1.4,-0.88,2.00315436438911,2.00688981404163,0.720241879873827,0.720252575431941,0.720246699515511,0.720255926093576,0.720179644245591,0.720210382630084,0.687499999995963
2053.5,1.2,1.4,-0.88,2.00315007207682,2.00687466485304,0.720239601266982,0.720251023322016,0.720244397843207,0.720254361397655,0.7201776493464,0.720208985215947,0.687499999996021
2054,1.2,1.4,-0.88,2.0031457585872,2.00685953625674,0.720237333137871,0.72024947692822,0.720242106718686,0.720252802453854,0.72017566410757,0.720207593083619,0.687499999996078
2054.5,1.2,1.4,-0.88,2.0031414241168,2.00684442827076,0.720235075456008,0.720247936234451,0.720239826111376,0.72025124924599,0.720173688499398,0.720206206217928,0.687499999996134
2055,1.2,1.4,-0.88,2.00313706886126,2.00682934091285,0.720232828190933,0.720246401224637,0.720237555990737,0.720249701757914,0.720171722492205,0.720204824603722,0.687499999996189
2055.5,1.2,1.4,-0.88,2.00313269301534,2.00681427420055,0.720230591312236,0.720244871882744,0.72023529632626,0.720248159973514,0.72016976605642,0.720203448225901,0.687499999996243
2056,1.2,1.4,-0.88,2.00312829677288,2.00679922815111,0.720228364789496,0.720243348192777,0.720233047087463,0.72024662387671,0.720167819162339,0.720202077069412,0.687499999996297
2056.5,1.2,1.4,-0.88,2.00312388032685,2.00678420278154,0.720226148592358,0.720241830138771,0.720230808243896,0.72024509345146,0.720165881780448,0.720200711119219,0.68749999999635
2057,1.2,1.4,-0.88,2.00311944386933,2.00676919810862,0.720223942690516,0.720240317704785,0.720228579765144,0.720243568681754,0.720163953881335,0.720199350360275,0.687499999996402
2057.5,1.2,1.4,-0.88,2.0031149875915,2.00675421414886,0.720221747053655,0.720238810874933,0.720226361620821,0.720242049551617,0.720162035435453,0.720197994777644,0.687499999996454
2058,1.2,1.4,-0.88,2.00311051168367,2.00673925091853,0.720219561651526,0.720237309633349,0.720224153780575,0.720240536045109,0.72016012641344,0.720196644356375,0.687499999996504
2058.5,1.2,1.4,-0.88,2.00310601633525,2.00672430843365,0.720217386453874,0.720235813964206,0.720221956214082,0.720239028146324,0.720158226785803,0.720195299081566,0.687499999996554
2059,1.2,1.4,-0.88,2.0031015017348,2.00670938671001,0.720215221430507,0.720234323851709,0.720219768891054,0.720237525839391,0.720156336523234,0.72019395893833,0.687499999996603
2059.5,1.2,1.4,-0.88,2.00309696806998,2.00669448576314,0.720213066551267,0.720232839280098,0.720217591781234,0.720236029108473,0.720154455596449,0.72019262391183,0.687499999996652
2060,1.2,1.4,-0.88,2.00309241552759,2.00667960560834,0.720210921786022,0.720231360233659,0.720215424854399,0.720234537937767,0.720152583976188,0.720191293987307,0.6874999999967
2060.5,1.2,1.4,-0.88,2.00308784429354,2.00666474626066,0.720208787104655,0.720229886696688,0.720213268080357,0.720233052311505,0.720150721633137,0.720189969149919,0.687499999996747
2061,1.2,1.4,-0.88,2.0030832545529,2.00664990773491,0.720206662477114,0.72022841865353,0.720211121428951,0.720231572213953,0.720148868538167,0.720188649384942,0.687499999996793
2061.5,1.2,1.4,-0.88,2.00307864648985,2.00663509004566,0.720204547873358,0.720226956088569,0.720208984870055,0.720230097629411,0.720147024662092,0.720187334677692,0.687499999996839
2062,1.2,1.4,-0.88,2.00307402028772,2.00662029320725,0.72020244326338,0.720225498986219,0.720206858373579,0.720228628542214,0.720145189975755,0.720186025013502,0.687499999996884
2062.5,1.2,1.4,-0.88,2.00306937612897,2.00660551723378,0.720200348617234,0.720224047330916,0.720204741909465,0.72022716493673,0.720143364450177,0.720184720377688,0.687499999996929
2063,1.2,1.4,-0.88,2.00306471419522,2.00659076213911,0.720198263904975,0.720222601107147,0.720202635447691,0.720225706797362,0.720141548056247,0.720183420755673,0.687499999996973
2063.5,1.2,1.4,-0.88,2.00306003466721,2.00657602793686,0.72019618909672,0.720221160299421,0.720200538958269,0.720224254108545,0.720139740765032,0.720182126132864,0.687499999997016
2064,1.2,1.4,-0.88,2.00305533772484,2.00656131464043,0.720194124162584,0.720219724892286,0.720198452411243,0.720222806854751,0.720137942547471,0.720180836494713,0.687499999997059
2064.5,1.2,1.4,-0.88,2.00305062354717,2.00654662226298,0.720192069072765,0.720218294870325,0.720196375776693,0.720221365020483,0.720136153374758,0.720179551826717,0.687499999997101
2065,1.2,1.4,-0.88,2.00304589231238,2.00653195081744,0.720190023797458,0.720216870218157,0.720194309024735,0.720219928590281,0.720134373217955,0.720178272114416,0.687499999997142
2065.5,1.2,1.4,-0.88,2.00304114419785,2.0065173003165,0.720187988306923,0.720215450920423,0.720192252125521,0.720218497548716,0.720132602048302,0.720176997343333,0.687499999997183
2066,1.2,1.4,-0.88,2.00303637938008,2.00650267077263,0.720185962571417,0.720214036961816,0.720190205049234,0.720217071880395,0.720130839836907,0.720175727499095,0.687499999997223
2066.5,1.2,1.4,-0.88,2.00303159803474,2.00648806219807,0.720183946561247,0.720212628327036,0.720188167766092,0.720215651569957,0.720129086554978,0.72017446256725,0.687499999997263
2067,1.2,1.4,-0.88,2.00302680033667,2.00647347460484,0.720181940246785,0.720211225000847,0.720186140246352,0.720214236602075,0.720127342173907,0.720173202533515,0.687499999997302
2067.5,1.2,1.4,-0.88,2.00302198645987,2.00645890800471,0.72017994359842,0.720209826968028,0.720184122460308,0.720212826961458,0.720125606665024,0.720171947383552,0.68749999999734
2068,1.2,1.4,-0.88,2.00301715657751,2.00644436240924,0.72017795658657,0.720208434213395,0.720182114378287,0.720211422632845,0.720123879999678,0.72017069710307,0.687499999997379
2068.5,1.2,1.4,-0.88,2.00301231086193,2.00642983782977,0.720175979181686,0.720207046721805,0.720180115970652,0.720210023601012,0.720122162149247,0.720169451677848,0.687499999997416
2069,1.2,1.4,-0.88,2.00300744948463,2.00641533427742,0.720174011354251,0.72020566447813,0.720178127207801,0.720208629850765,0.720120453085125,0.720168211093615,0.687499999997453
2069.5,1.2,1.4,-0.88,2.00300257261631,2.00640085176307,0.720172053074834,0.720204287467291,0.720176148060174,0.720207241366947,0.72011875277897,0.720166975336207,0.687499999997489
2070,1.2,1.4,-0.88,2.00299768042682,2.00638639029738,0.720170104313981,0.720202915674241,0.720174178498242,0.720205858134431,0.720117061202213,0.720165744391466,0.687499999997525
2070.5,1.2,1.4,-0.88,2.00299277308522,2.0063719498908,0.720168165042291,0.720201549083956,0.720172218492514,0.720204480138124,0.720115378326393,0.720164518245247,0.687499999997561
2071,1.2,1.4,-0.88,2.00298785075972,2.00635753055357,0.720166235230445,0.720200187681472,0.72017026801354,0.720203107362972,0.720113704123302,0.72016329688354,0.687499999997595
2071.5,1.2,1.4,-0.88,2.00298291361775,2.00634313229569,0.720164314849087,0.720198831451816,0.720168327031903,0.720201739793945,0.720112038564433,0.720162080292183,0.68749999999763
2072,1.2,1.4,-0.88,2.00297796182589,2.00632875512695,0.720162403868949,0.720197480380088,0.720166395518224,0.720200377416055,0.72011038162154,0.720160868457219,0.687499999997664
2072.5,1.2,1.4,-0.88,2.00297299554994,2.00631439905692,0.720160502260791,0.720196134451392,0.720164473443163,0.720199020214339,0.720108733266393,0.720159661364598,0.687499999997697
2073,1.2,1.4,-0.88,2.00296801495489,2.00630006409497,0.720158609995427,0.720194793650888,0.72016256077742,0.720197668173875,0.72010709347086,0.72015845900041,0.68749999999773
2073.5,1.2,1.4,-0.88,2.00296302020491,2.00628575025023,0.720156727043684,0.720193457963752,0.72016065749173,0.720196321279769,0.720105462206743,0.720157261350687,0.687499999997762
2074,1.2,1.4,-0.88,2.00295801146338,2.00627145753166,0.720154853376423,0.720192127375207,0.720158763556868,0.720194979517162,0.720103839445863,0.720156068401563,0.687499999997794
2074.5,1.2,1.4,-0.88,2.00295298889288,2.00625718594795,0.720152988964554,0.72019080187049,0.720156878943644,0.720193642871227,0.720102225160142,0.72015488013912,0.687499999997826
2075,1.2,1.4,-0.88,2.00294795265518,2.00624293550762,0.720151133779057,0.720189481434885,0.720155003622912,0.720192311327171,0.720100619321673,0.720153696549537,0.687499999997857
2075.5,1.2,1.4,-0.88,2.00294290291128,2.00622870621896,0.720149287790907,0.720188166053713,0.720153137565561,0.720190984870233,0.720099021902403,0.720152517619037,0.687499999997887
2076,1.2,1.4,-0.88,2.00293783982135,2.00621449809007,0.720147450971151,0.720186855712321,0.720151280742524,0.720189663485687,0.720097432874457,0.720151343333846,0.687499999997918
2076.5,1.2,1.4,-0.88,2.00293276354482,2.00620031112882,0.720145623290848,0.720185550396075,0.72014943312477,0.720188347158836,0.72009585220989,0.720150173680164,0.687499999997947
2077,1.2,1.4,-0.88,2.00292767424029,2.00618614534289,0.72014380472111,0.720184250090399,0.720147594683306,0.720187035875019,0.720094279880857,0.720149008644329,0.687499999997977
2077.5,1.2,1.4,-0.88,2.00292257206559,2.00617200073974,0.720141995233098,0.720182954780733,0.720145765389183,0.720185729619607,0.720092715859602,0.720147848212648,0.687499999998006
2078,1.2,1.4,-0.88,2.00291745717778,2.00615787732662,0.720140194798008,0.720181664452554,0.720143945213489,0.720184428378002,0.720091160118382,0.720146692371467,0.687499999998034
2078.5,1.2,1.4,-0.88,2.00291232973313,2.0061437751106,0.720138403387085,0.72018037909138,0.720142134127358,0.720183132135642,0.720089612629543,0.7201455411072,0.687499999998062
2079,1.2,1.4,-0.88,2.00290718988712,2.00612969409852,0.720136620971573,0.720179098682745,0.720140332101955,0.720181840877995,0.720088073365287,0.720144394406235,0.68749999999809
2079.5,1.2,1.4,-0.88,2.00290203779447,2.00611563429704,0.720134847522803,0.720177823212222,0.720138539108493,0.720180554590562,0.72008654229807,0.720143252254996,0.687499999998117
2080,1.2,1.4,-0.88,2.00289687360914,2.00610159571259,0.720133083012138,0.720176552665426,0.720136755118221,0.720179273258877,0.720085019400355,0.720142114640007,0.687499999998144
2080.5,1.2,1.4,-0.88,2.00289169748429,2.00608757835143,0.720131327410993,0.720175287027989,0.720134980102437,0.720177996868505,0.720083504644689,0.720140981547732,0.687499999998171
2081,1.2,1.4,-0.88,2.00288650957234,2.0060735822196,0.720129580690779,0.720174026285587,0.720133214032472,0.720176725405046,0.720081998003476,0.720139852964737,0.687499999998197
2081.5,1.2,1.4,-0.88,2.00288131002491,2.00605960732295,0.720127842822997,0.720172770423925,0.720131456879701,0.720175458854131,0.720080499449367,0.720138728877586,0.687499999998223
2082,1.2,1.4,-0.88,2.00287609899291,2.00604565366713,0.720126113779179,0.720171519428738,0.720129708615545,0.720174197201422,0.720079008955019,0.720137609272883,0.687499999998248
2082.5,1.2,1.4,-0.88,2.00287087662644,2.00603172125759,0.720124393530874,0.72017027328579,0.720127969211461,0.720172940432616,0.720077526493019,0.720136494137232,0.687499999998273
2083,1.2,1.4,-0.88,2.00286564307488,2.00601781009958,0.720122682049697,0.720169031980889,0.72012623863895,0.72017168853344,0.720076052036121,0.720135383457337,0.687499999998298
2083.5,1.2,1.4,-0.88,2.00286039848682,2.00600392019816,0.720120979307319,0.720167795499865,0.720124516869557,0.720170441489654,0.720074585557164,0.720134277219873,0.687499999998322
2084,1.2,1.4,-0.88,2.00285514301012,2.00599005155821,0.720119285275423,0.720166563828586,0.720122803874869,0.720169199287052,0.720073127028912,0.720133175411577,0.687499999998346
2084.5,1.2,1.4,-0.88,2.00284987679188,2.0059762041844,0.720117599925745,0.720165336952937,0.720121099626514,0.720167961911455,0.720071676424216,0.72013207801916,0.68749999999837
2085,1.2,1.4,-0.88,2.00284459997847,2.00596237808119,0.720115923230072,0.720164114858861,0.720119404096164,0.720166729348722,0.720070233716011,0.72013098502946,0.687499999998393
2085.5,1.2,1.4,-0.88,2.00283931271549,2.0059485732529,0.720114255160242,0.720162897532308,0.720117717255535,0.72016550158474,0.720068798877315,0.720129896429256,0.687499999998416
2086,1.2,1.4,-0.88,2.0028340151478,2.0059347897036,0.720112595688091,0.720161684959283,0.720116039076384,0.72016427860543,0.720067371880992,0.720128812205449,0.687499999998438
2086.5,1.2,1.4,-0.88,2.00282870741955,2.00592102743722,0.720110944785561,0.720160477125789,0.720114369530512,0.720163060396743,0.720065952700229,0.72012773234482,0.687499999998461
2087,1.2,1.4,-0.88,2.00282338967411,2.00590728645747,0.720109302424589,0.720159274017902,0.720112708589763,0.720161846944664,0.720064541308054,0.720126656834369,0.687499999998483
2087.5,1.2,1.4,-0.88,2.00281806205413,2.00589356676788,0.720107668577203,0.720158075621704,0.720111056226029,0.720160638235209,0.720063137677734,0.720125585661003,0.687499999998504
2088,1.2,1.4,-0.88,2.00281272470154,2.00587986837181,0.720106043215407,0.720156881923313,0.720109412411238,0.720159434254425,0.720061741782303,0.720124518811693,0.687499999998526
2088.5,1.2,1.4,-0.88,2.00280737775753,2.0058661912724,0.720104426311314,0.720155692908874,0.720107777117368,0.720158234988391,0.720060353595115,0.720123456273406,0.687499999998547
2089,1.2,1.4,-0.88,2.00280202136255,2.00585253547264,0.720102817837066,0.720154508564577,0.720106150316439,0.720157040423218,0.720058973089518,0.72012239803321,0.687499999998567
2089.5,1.2,1.4,-0.88,2.00279665565633,2.00583890097531,0.720101217764808,0.720153328876637,0.720104531980515,0.72015585054505,0.720057600238706,0.720121344078169,0.687499999998588
2090,1.2,1.4,-0.88,2.00279128077789,2.00582528778302,0.720099626066802,0.720152153831294,0.720102922081706,0.72015466534006,0.720056235016268,0.720120294395343,0.687499999998608
2090.5,1.2,1.4,-0.88,2.00278589686551,2.00581169589819,0.720098042715277,0.720150983414826,0.720101320592165,0.720153484794453,0.720054877395472,0.72011924897186,0.687499999998628
2091,1.2,1.4,-0.88,2.00278050405676,2.00579812532307,0.720096467682564,0.720149817613548,0.72009972748409,0.720152308894468,0.720053527349906,0.720118207794906,0.687499999998648
2091.5,1.2,1.4,-0.88,2.00277510248849,2.00578457605972,0.72009490094103,0.720148656413789,0.720098142729725,0.720151137626373,0.720052184853151,0.720117170851603,0.687499999998667
2092,1.2,1.4,-0.88,2.00276969229684,2.00577104811003,0.720093342463054,0.720147499801926,0.720096566301358,0.720149970976467,0.720050849878706,0.7201161381292,0.687499999998686
2092.5,1.2,1.4,-0.88,2.00276427361723,2.00575754147569,0.720091792221106,0.720146347764356,0.720094998171323,0.720148808931082,0.720049522400307,0.720115109614908,0.687499999998705
2093,1.2,1.4,-0.88,2.00275884658438,2.00574405615822,0.720090250187651,0.720145200287519,0.720093438311996,0.72014765147658,0.720048202391525,0.720114085296035,0.687499999998723
2093.5,1.2,1.4,-0.88,2.0027534113323,2.00573059215899,0.72008871633526,0.720144057357875,0.720091886695805,0.720146498599356,0.720046889826245,0.720113065159851,0.687499999998741
2094,1.2,1.4,-0.88,2.00274796799428,2.00571714947916,0.720087190636518,0.720142918961918,0.72009034329522,0.720145350285834,0.720045584678261,0.72011204919369,0.687499999998759
2094.5,1.2,1.4,-0.88,2.00274251670292,2.00570372811972,0.720085673064029,0.720141785086183,0.720088808082755,0.720144206522471,0.720044286921285,0.720111037384942,0.687499999998777
2095,1.2,1.4,-0.88,2.00273705759013,2.0056903280815,0.720084163590498,0.720140655717219,0.720087281030975,0.720143067295754,0.720042996529341,0.720110029720964,0.687499999998795
2095.5,1.2,1.4,-0.88,2.00273159078711,2.00567694936515,0.720082662188629,0.720139530841614,0.720085762112485,0.720141932592201,0.720041713476286,0.720109026189171,0.687499999998812
2096,1.2,1.4,-0.88,2.00272611642436,2.00566359197114,0.720081168831196,0.720138410445995,0.72008425129994,0.720140802398362,0.720040437736126,0.720108026777044,0.687499999998829
2096.5,1.2,1.4,-0.88,2.00272063463169,2.00565025589978,0.720079683491041,0.720137294517009,0.720082748566042,0.720139676700819,0.720039169283016,0.720107031472049,0.687499999998846
2097,1.2,1.4,-0.88,2.00271514553823,2.00563694115119,0.720078206140986,0.720136183041329,0.720081253883537,0.72013855548618,0.720037908090867,0.720106040261655,0.687499999998862
2097.5,1.2,1.4,-0.88,2.00270964927241,2.00562364772534,0.720076736753992,0.720135076005677,0.72007976722522,0.720137438741089,0.720036654134052,0.720105053133453,0.687499999998878
2098,1.2,1.4,-0.88,2.00270414596196,2.00561037562202,0.720075275302984,0.720133973396794,0.720078288563934,0.720136326452219,0.720035407386613,0.720104070074994,0.687499999998894
2098.5,1.2,1.4,-0.88,2.00269863573397,2.00559712484086,0.720073821760972,0.720132875201448,0.720076817872563,0.720135218606274,0.720034167822824,0.720103091073857,0.68749999999891
2099,1.2,1.4,-0.88,2.00269311871479,2.00558389538131,0.720072376101018,0.720131781406452,0.720075355124045,0.720134115189988,0.720032935417025,0.72010211611771,0.687499999998926
2099.5,1.2,1.4,-0.88,2.00268759503014,2.00557068724267,0.720070938296216,0.720130691998629,0.720073900291362,0.720133016190127,0.720031710143541,0.720101145194151,0.687499999998941
2100,1.2,1.4,-0.88,2.00268206480504,2.00555750042404,0.720069508319712,0.720129606964844,0.720072453347542,0.720131921593485,0.720030491976763,0.720100178290871,0.687499999998956
2100.5,1.2,1.4,-0.88,2.00267652816383,2.0055443349244,0.72006808614472,0.720128526292007,0.720071014265665,0.720130831386891,0.720029280891228,0.720099215395647,0.687499999998971
2101,1.2,1.4,-0.88,2.00267098523019,2.00553119074253,0.720066671744469,0.720127449967028,0.720069583018855,0.720129745557199,0.720028076861373,0.720098256496153,0.687499999998986
2101.5,1.2,1.4,-0.88,2.00266543612713,2.00551806787707,0.720065265092257,0.72012637797687,0.720068159580286,0.720128664091299,0.720026879861785,0.720097301580187,0.687499999999
2102,1.2,1.4,-0.88,2.00265988097698,2.00550496632647,0.720063866161432,0.720125310308516,0.72006674392318,0.720127586976107,0.720025689867106,0.720096350635535,0.687499999999015
2102.5,1.2,1.4,-0.88,2.00265431990141,2.00549188608906,0.720062474925358,0.720124246948985,0.720065336020804,0.720126514198571,0.720024506851888,0.720095403650045,0.687499999999029
2103,1.2,1.4,-0.88,2.00264875302143,2.00547882716297,0.720061091357503,0.720123187885328,0.720063935846476,0.720125445745672,0.720023330790981,0.720094460611585,0.687499999999043
2103.5,1.2,1.4,-0.88,2.00264318045739,2.00546578954618,0.72005971543133,0.720122133104622,0.720062543373562,0.720124381604418,0.720022161659057,0.720093521508046,0.687499999999056
2104,1.2,1.4,-0.88,2.00263760232898,2.00545277323652,0.720058347120391,0.720121082593961,0.720061158575477,0.720123321761846,0.720020999431006,0.720092586327282,0.68749999999907
2104.5,1.2,1.4,-0.88,2.00263201875521,2.00543977823165,0.720056986398252,0.720120036340503,0.720059781425682,0.720122266205029,0.72001984408162,0.720091655057329,0.687499999999083
2105,1.2,1.4,-0.88,2.00262642985448,2.00542680452909,0.720055633238544,0.720118994331397,0.720058411897687,0.720121214921064,0.72001869558583,0.720090727686087,0.687499999999096
2105.5,1.2,1.4,-0.88,2.0026208357445,2.00541385212618,0.720054287614971,0.720117956553853,0.720057049965054,0.720120167897082,0.720017553918704,0.720089804201604,0.687499999999109
2106,1.2,1.4,-0.88,2.00261523654235,2.00540092102011,0.720052949501249,0.720116922995092,0.720055695601392,0.720119125120243,0.720016419055205,0.72008888459189,0.687499999999122
2106.5,1.2,1.4,-0.88,2.00260963236445,2.00538801120793,0.720051618871162,0.720115893642372,0.720054348780361,0.720118086577735,0.720015290970434,0.720087968845009,0.687499999999134
2107,1.2,1.4,-0.88,2.00260402332659,2.00537512268652,0.720050295698527,0.72011486848298,0.720053009475664,0.720117052256779,0.72001416963947,0.720087056949045,0.687499999999147
2107.5,1.2,1.4,-0.88,2.0025984095439,2.00536225545261,0.720048979957209,0.720113847504237,0.720051677661057,0.720116022144624,0.720013055037449,0.720086148892139,0.687499999999159
2108,1.2,1.4,-0.88,2.00259279113087,2.00534940950278,0.72004767162118,0.720112830693488,0.720050353310348,0.72011499622855,0.720011947139797,0.720085244662418,0.687499999999171
2108.5,1.2,1.4,-0.88,2.00258716820136,2.00533658483344,0.72004637066437,0.720111818038109,0.72004903639739,0.720113974495868,0.720010845921598,0.720084344248066,0.687499999999183
2109,1.2,1.4,-0.88,2.0025815408686,2.00532378144088,0.720045077060813,0.720110809525508,0.720047726896085,0.720112956933915,0.72000975135823,0.720083447637284,0.687499999999194
2109.5,1.2,1.4,-0.88,2.00257590924518,2.00531099932122,0.72004379078461,0.720109805143111,0.720046424780389,0.72011194353006,0.720008663425199,0.720082554818267,0.687499999999206
2110,1.2,1.4,-0.88,2.00257027344303,2.00529823847043,0.720042511809861,0.720108804878396,0.720045130024303,0.720110934271702,0.720007582097827,0.720081665779325,0.687499999999217
2110.5,1.2,1.4,-0.88,2.00256463357349,2.00528549888432,0.720041240110765,0.720107808718858,0.720043842601884,0.72010992914627,0.720006507351723,0.720080780508753,0.687499999999228
2111,1.2,1.4,-0.88,2.00255898974726,2.00527278055859,0.720039975661501,0.720106816652009,0.720042562487229,0.720108928141222,0.720005439162232,0.720079898994807,0.687499999999239
2111.5,1.2,1.4,-0.88,2.0025533420744,2.00526008348875,0.720038718436388,0.720105828665416,0.720041289654493,0.720107931244044,0.720004377505148,0.720079021225887,0.68749999999925
2112,1.2,1.4,-0.88,2.00254769066437,2.00524740767019,0.720037468409739,0.720104844746651,0.720040024077879,0.720106938442253,0.72000332235607,0.720078147190321,0.687499999999261
2112.5,1.2,1.4,-0.88,2.00254203562599,2.00523475309813,0.720036225555917,0.720103864883336,0.720038765731638,0.720105949723396,0.720002273690649,0.72007727687655,0.687499999999271
2113,1.2,1.4,-0.88,2.00253637706746,2.00522211976768,0.720034989849333,0.720102889063106,0.720037514590069,0.720104965075049,0.720001231484586,0.72007641027297,0.687499999999282
2113.5,1.2,1.4,-0.88,2.00253071509638,2.00520950767376,0.720033761264503,0.720101917273638,0.720036270627529,0.720103984484816,0.720000195713867,0.720075547368061,0.687499999999292
2114,1.2,1.4,-0.88,2.00252504981972,2.00519691681119,0.720032539775917,0.720100949502633,0.720035033818418,0.720103007940333,0.719999166354202,0.720074688150321,0.687499999999302
2114.5,1.2,1.4,-0.88,2.00251938134385,2.00518434717462,0.720031325358154,0.72009998573781,0.720033804137188,0.720102035429262,0.719998143381513,0.720073832608202,0.687499999999312
2115,1.2,1.4,-0.88,2.00251370977452,2.00517179875857,0.720030117985856,0.720099025966938,0.720032581558343,0.720101066939296,0.719997126771843,0.720072980730304,0.687499999999322
2115.5,1.2,1.4,-0.88,2.00250803521687,2.0051592715574,0.72002891763368,0.720098070177804,0.720031366056436,0.720100102458159,0.719996116501119,0.720072132505181,0.687499999999332
2116,1.2,1.4,-0.88,2.00250235777545,2.00514676556536,0.720027724276367,0.720097118358226,0.720030157606071,0.720099141973602,0.719995112545474,0.720071287921436,0.687499999999341
2116.5,1.2,1.4,-0.88,2.00249667755419,2.00513428077653,0.720026537888687,0.72009617049604,0.720028956181902,0.720098185473404,0.719994114881002,0.720070446967655,0.687499999999351
2117,1.2,1.4,-0.88,2.00249099465643,2.00512181718487,0.720025358445461,0.720095226579127,0.720027761758633,0.720097232945374,0.719993123483841,0.720069609632511,0.68749999999936
2117.5,1.2,1.4,-0.88,2.00248530918489,2.00510937478419,0.720024185921574,0.720094286595391,0.72002657431102,0.720096284377351,0.719992138330252,0.720068775904691,0.687499999999369
2118,1.2,1.4,-0.88,2.00247962124172,2.00509695356817,0.720023020291943,0.720093350532757,0.720025393813868,0.720095339757202,0.719991159396455,0.720067945772869,0.687499999999378
2118.5,1.2,1.4,-0.88,2.00247393092847,2.00508455353035,0.720021861531586,0.720092418379197,0.720024220242037,0.720094399072822,0.71999018665895,0.720067119225827,0.687499999999387
2119,1.2,1.4,-0.88,2.00246823834607,2.00507217466414,0.720020709615479,0.720091490122697,0.720023053570432,0.720093462312138,0.719989220093878,0.720066296252304,0.687499999999396
2119.5,1.2,1.4,-0.88,2.00246254359489,2.00505981696279,0.720019564518754,0.720090565751273,0.720021893774014,0.720092529463103,0.719988259677896,0.720065476841086,0.687499999999404
2120,1.2,1.4,-0.88,2.00245684677471,2.00504748041945,0.720018426216501,0.720089645252977,0.720020740827791,0.7200916005137,0.719987305387303,0.720064660981005,0.687499999999413
2120.5,1.2,1.4,-0.88,2.00245114798469,2.00503516502712,0.72001729468393,0.720088728615872,0.720019594706823,0.720090675451938,0.719986357198754,0.720063848660847,0.687499999999421
2121,1.2,1.4,-0.88,2.00244544732344,2.00502287077865,0.720016169896279,0.720087815828081,0.720018455386224,0.720089754265859,0.719985415088859,0.720063039869574,0.68749999999943
2121.5,1.2,1.4,-0.88,2.00243974488899,2.00501059766678,0.720015051828817,0.720086906877719,0.720017322841156,0.720088836943531,0.719984479034184,0.720062234596001,0.687499999999438
2122,1.2,1.4,-0.88,2.00243404077875,2.00499834568411,0.720013940456895,0.720086001752963,0.720016197046834,0.72008792347305,0.71998354901149,0.720061432829121,0.687499999999446
2122.5,1.2,1.4,-0.88,2.00242833508961,2.00498611482311,0.720012835755895,0.720085100441992,0.720015077978522,0.720087013842543,0.719982624997497,0.720060634557841,0.687499999999454
2123,1.2,1.4,-0.88,2.00242262791782,2.00497390507612,0.720011737701262,0.720084202933027,0.72001396561154,0.720086108040164,0.719981706969032,0.720059839771152,0.687499999999462
2123.5,1.2,1.4,-0.88,2.00241691935912,2.00496171643534,0.720010646268472,0.720083309214312,0.720012859921251,0.720085206054093,0.719980794902881,0.720059048458056,0.687499999999469
2124,1.2,1.4,-0.88,2.00241120950862,2.00494954889286,0.720009561433081,0.720082419274119,0.720011760883077,0.720084307872543,0.719979888776021,0.720058260607571,0.687499999999477
2124.5,1.2,1.4,-0.88,2.0024054984609,2.00493740244063,0.720008483170694,0.720081533100765,0.720010668472489,0.720083413483752,0.719978988565457,0.720057476208825,0.687499999999484
2125,1.2,1.4,-0.88,2.00239978630997,2.00492527707047,0.720007411456944,0.720080650682565,0.720009582665011,0.720082522875988,0.719978094248143,0.72005669525083,0.687499999999492
2125.5,1.2,1.4,-0.88,2.00239407314925,2.00491317277408,0.720006346267529,0.720079772007878,0.720008503436216,0.720081636037545,0.719977205801151,0.720055917722709,0.687499999999499
2126,1.2,1.4,-0.88,2.00238835907161,2.00490108954302,0.720005287578192,0.720078897065107,0.720007430761728,0.720080752956749,0.719976323201578,0.720055143613662,0.687499999999506
2126.5,1.2,1.4,-0.88,2.00238264416937,2.00488902736874,0.720004235364741,0.720078025842653,0.720006364617225,0.720079873621951,0.71997544642663,0.720054372912803,0.687499999999513
2127,1.2,1.4,-0.88,2.00237692853427,2.00487698624257,0.720003189603049,0.720077158328961,0.720005304978438,0.72007899802153,0.719974575453619,0.720053605609328,0.68749999999952
2127.5,1.2,1.4,-0.88,2.00237121225751,2.00486496615568,0.720002150268978,0.720076294512504,0.720004251821145,0.720078126143895,0.719973710259645,0.720052841692475,0.687499999999527
2128,1.2,1.4,-0.88,2.00236549542973,2.00485296709916,0.720001117338528,0.720075434381782,0.720003205121181,0.720077257977482,0.719972850822235,0.720052081151494,0.687499999999534
2128.5,1.2,1.4,-0.88,2.00235977814101,2.00484098906396,0.720000090787674,0.720074577925319,0.720002164854429,0.720076393510754,0.71997199711862,0.720051323975647,0.68749999999954
2129,1.2,1.4,-0.88,2.00235406048088,2.00482903204089,0.719999070592487,0.720073725131671,0.720001130996825,0.720075532732203,0.719971149126298,0.720050570154242,0.687499999999547
2129.5,1.2,1.4,-0.88,2.00234834253834,2.00481709602067,0.719998056729086,0.720072875989418,0.720000103524357,0.72007467563035,0.71997030682279,0.720049819676596,0.687499999999553
2130,1.2,1.4,-0.88,2.00234262440182,2.00480518099387,0.719997049173635,0.720072030487171,0.719999082413066,0.720073822193741,0.719969470185639,0.72004907253207,0.68749999999956
2130.5,1.2,1.4,-0.88,2.00233690615921,2.00479328695096,0.719996047902323,0.720071188613567,0.719998067639042,0.720072972410951,0.719968639192333,0.720048328710039,0.687499999999566
2131,1.2,1.4,-0.88,2.00233118789786,2.00478141388229,0.719995052891459,0.72007035035728,0.71999705917843,0.720072126270584,0.7199678138207,0.72004758819995,0.687499999999572
2131.5,1.2,1.4,-0.88,2.00232546970459,2.00476956177808,0.719994064117341,0.720069515706987,0.719996057007428,0.72007128376127,0.719966994048346,0.720046850991164,0.687499999999578
2132,1.2,1.4,-0.88,2.00231975166567,2.00475773062843,0.71999308155633,0.720068684651417,0.719995061102279,0.720070444871667,0.719966179852984,0.720046117073186,0.687499999999584
2132.5,1.2,1.4,-0.88,2.00231403386683,2.00474592042333,0.719992105184868,0.720067857179317,0.719994071439287,0.720069609590461,0.719965371212503,0.720045386435493,0.68749999999959
2133,1.2,1.4,-0.88,2.00230831639327,2.00473413115267,0.719991134979422,0.720067033279465,0.719993087994802,0.720068777906366,0.71996456810473,0.720044659067607,0.687499999999596
2133.5,1.2,1.4,-0.88,2.00230259932967,2.00472236280618,0.719990170916522,0.720066212940661,0.719992110745228,0.720067949808123,0.71996377050759,0.72004393495906,0.687499999999602
2134,1.2,1.4,-0.88,2.00229688276014,2.00471061537352,0.719989212972744,0.72006539615173,0.719991139667021,0.720067125284498,0.719962978399027,0.720043214099393,0.687499999999608
2134.5,1.2,1.4,-0.88,2.00229116676832,2.0046988888442,0.719988261124741,0.720064582901535,0.719990174736692,0.720066304324289,0.719962191757158,0.720042496478222,0.687499999999613
2135,1.2,1.4,-0.88,2.00228545143727,2.00468718320765,0.719987315349158,0.720063773178956,0.719989215930799,0.720065486916318,0.71996141055988,0.720041782085139,0.687499999999619
2135.5,1.2,1.4,-0.88,2.00227973684955,2.00467549845315,0.719986375622772,0.720062966972907,0.719988263225955,0.720064673049434,0.719960634785501,0.72004107090981,0.687499999999624
2136,1.2,1.4,-0.88,2.00227402308721,2.00466383456989,0.71998544192235,0.720062164272324,0.719987316598827,0.720063862712516,0.719959864412105,0.720040362941877,0.68749999999963
2136.5,1.2,1.4,-0.88,2.00226831023175,2.00465219154695,0.719984514224738,0.720061365066175,0.719986376026131,0.720063055894467,0.719959099417947,0.720039658171055,0.687499999999635
2137,1.2,1.4,-0.88,2.00226259836417,2.00464056937328,0.71998359250681,0.720060569343448,0.719985441484634,0.720062252584219,0.719958339781221,0.720038956587035,0.68749999999964
2137.5,1.2,1.4,-0.88,2.00225688756495,2.00462896803774,0.719982676745551,0.720059777093173,0.719984512951161,0.720061452770732,0.719957585480447,0.720038258179613,0.687499999999645
2138,1.2,1.4,-0.88,2.00225117791405,2.00461738752907,0.719981766917936,0.720058988304391,0.719983590402586,0.720060656442992,0.719956836493913,0.720037562938528,0.68749999999965
2138.5,1.2,1.4,-0.88,2.00224546949093,2.00460582783588,0.719980863001021,0.72005820296617,0.719982673815836,0.720059863590011,0.719956092800083,0.720036870853558,0.687499999999655
2139,1.2,1.4,-0.88,2.00223976237452,2.00459428894672,0.719979964971902,0.720057421067618,0.719981763167889,0.720059074200829,0.719955354377428,0.720036181914557,0.68749999999966
2139.5,1.2,1.4,-0.88,2.00223405664326,2.00458277084998,0.719979072807737,0.720056642597857,0.719980858435776,0.720058288264513,0.719954621204508,0.720035496111348,0.687499999999665
2140,1.2,1.4,-0.88,2.00222835237508,2.00457127353397,0.719978186485742,0.720055867546046,0.719979959596583,0.720057505770157,0.71995389325997,0.720034813433831,0.68749999999967
2140.5,1.2,1.4,-0.88,2.00222264964739,2.00455979698689,0.719977305983178,0.720055095901354,0.719979066627446,0.72005672670688,0.719953170522465,0.720034133871844,0.687499999999674
2141,1.2,1.4,-0.88,2.00221694853712,2.00454834119683,0.719976431277328,0.720054327653006,0.71997817950555,0.72005595106383,0.719952452970579,0.720033457415397,0.687499999999679
2141.5,1.2,1.4,-0.88,2.00221124912067,2.00453690615177,0.719975562345607,0.720053562790221,0.719977298208141,0.720055178830182,0.719951740583293,0.720032784054374,0.687499999999684
2142,1.2,1.4,-0.88,2.00220555147398,2.00452549183959,0.719974699165382,0.720052801302271,0.71997642271251,0.720054409995136,0.7199510333392,0.720032113778794,0.687499999999688
2142.5,1.2,1.4,-0.88,2.00219985567246,2.00451409824808,0.719973841714169,0.720052043178426,0.719975552996005,0.720053644547917,0.719950331217371,0.720031446578588,0.687499999999693
2143,1.2,1.4,-0.88,2.00219416179104,2.00450272536489,0.719972989969453,0.720051288408017,0.719974689036024,0.720052882477782,0.719949634196563,0.720030782443853,0.687499999999697
2143.5,1.2,1.4,-0.88,2.00218846990415,2.0044913731776,0.719972143908834,0.720050536980379,0.719973830810018,0.72005212377401,0.719948942255855,0.720030121364624,0.687499999999701
2144,1.2,1.4,-0.88,2.00218278008573,2.00448004167366,0.719971303509932,0.720049788884873,0.719972978295493,0.720051368425908,0.719948255374244,0.720029463330946,0.687499999999706
2144.5,1.2,1.4,-0.88,2.00217709240924,2.00446873084045,0.719970468750428,0.7200490441109,0.719972131470003,0.72005061642281,0.719947573530812,0.720028808332962,0.68749999999971
2145,1.2,1.4,-0.88,2.00217140694764,2.00445744066522,0.719969639608043,0.720048302647864,0.719971290311158,0.720049867754073,0.719946896704639,0.720028156360727,0.687499999999714
2145.5,1.2,1.4,-0.88,2.00216572377341,2.00444617113513,0.719968816060591,0.720047564485225,0.719970454796621,0.720049122409086,0.719946224875043,0.720027507404459,0.687499999999718
2146,1.2,1.4,-0.88,2.00216004295855,2.00443492223724,0.719967998085892,0.72004682961245,0.719969624904106,0.720048380377261,0.719945558021176,0.720026861454316,0.687499999999722
2146.5,1.2,1.4,-0.88,2.00215436457458,2.0044236939585,0.719967185661823,0.720046098019035,0.719968800611378,0.720047641648035,0.719944896122275,0.720026218500494,0.687499999999726
2147,1.2,1.4,-0.88,2.00214868869252,2.00441248628579,0.719966378766373,0.7200453696945,0.719967981896262,0.720046906210874,0.719944239157886,0.720025578533192,0.68749999999973
2147.5,1.2,1.4,-0.88,2.00214301538294,2.00440129920586,0.719965577377482,0.720044644628403,0.719967168736625,0.720046174055268,0.719943587107154,0.720024941542711,0.687499999999734
2148,1.2,1.4,-0.88,2.00213734471592,2.00439013270536,0.719964781473254,0.720043922810314,0.719966361110397,0.720045445170736,0.719942939949779,0.720024307519289,0.687499999999738
2148.5,1.2,1.4,-0.88,2.00213167676107,2.00437898677088,0.719963991031761,0.720043204229835,0.719965558995554,0.720044719546819,0.719942297665128,0.720023676453234,0.687499999999742
2149,1.2,1.4,-0.88,2.00212601158751,2.00436786138887,0.71996320603115,0.720042488876591,0.719964762370127,0.720043997173087,0.719941660232732,0.720023048334856,0.687499999999745
2149.5,1.2,1.4,-0.88,2.00212034926392,2.00435675654572,0.71996242644966,0.720041776740242,0.719963971212201,0.720043278039135,0.719941027632343,0.720022423154534,0.687499999999749
2150,1.2,1.4,-0.88,2.0021146898585,2.00434567222769,0.719961652265518,0.720041067810468,0.71996318549991,0.720042562134585,0.719940399843472,0.720021800902647,0.687499999999752
2150.5,1.2,1.4,-0.88,2.00210903343897,2.00433460842097,0.719960883457057,0.720040362076965,0.719962405211444,0.720041849449084,0.719939776845937,0.720021181569547,0.687499999999756
2151,1.2,1.4,-0.88,2.0021033800726,2.00432356511164,0.719960120002635,0.720039659529462,0.719961630325045,0.720041139972303,0.719939158619468,0.720020565145653,0.687499999999759
2151.5,1.2,1.4,-0.88,2.00209772982619,2.0043125422857,0.71995936188068,0.720038960157731,0.719960860819008,0.720040433693942,0.719938545143937,0.720019951621483,0.687499999999763
2152,1.2,1.4,-0.88,2.00209208276608,2.00430153992905,0.719958609069662,0.720038263951537,0.719960096671681,0.720039730603725,0.71993793639921,0.720019340987426,0.687499999999766
2152.5,1.2,1.4,-0.88,2.00208643895815,2.0042905580275,0.719957861548087,0.720037570900699,0.719959337861463,0.720039030691402,0.719937332365139,0.720018733234036,0.68749999999977
2153,1.2,1.4,-0.88,2.00208079846784,2.00427959656676,0.719957119294553,0.720036880995052,0.719958584366808,0.72003833394675,0.7199367330218,0.720018128351834,0.687499999999773
2153.5,1.2,1.4,-0.88,2.00207516136011,2.00426865553245,0.719956382287676,0.720036194224443,0.71995783616622,0.720037640359569,0.719936138349176,0.720017526331314,0.687499999999776
2154,1.2,1.4,-0.88,2.00206952769948,2.00425773491011,0.719955650506131,0.72003551057876,0.719957093238257,0.720036949919685,0.719935548327318,0.720016927163065,0.687499999999779
2154.5,1.2,1.4,-0.88,2.00206389755001,2.00424683468518,0.71995492392868,0.72003483004792,0.719956355561531,0.720036262616953,0.719934962936494,0.720016330837711,0.687499999999782
2155,1.2,1.4,-0.88,2.00205827097532,2.00423595484301,0.719954202534106,0.720034152621846,0.719955623114709,0.720035578441248,0.719934382156875,0.720015737345812,0.687499999999786
2155.5,1.2,1.4,-0.88,2.00205264803856,2.00422509536887,0.719953486301213,0.720033478290515,0.719954895876504,0.720034897382476,0.719933805968538,0.720015146678088,0.687499999999789
2156,1.2,1.4,-0.88,2.00204702880248,2.00421425624792,0.719952775208944,0.72003280704389,0.719954173825687,0.720034219430563,0.71993323435202,0.7200145588251,0.687499999999792
2156.5,1.2,1.4,-0.88,2.00204141332933,2.00420343746525,0.719952069236213,0.720032138872004,0.719953456941082,0.720033544575466,0.719932667287515,0.720013973777636,0.687499999999795
2157,1.2,1.4,-0.88,2.00203580168095,2.00419263900586,0.719951368362018,0.720031473764879,0.71995274520156,0.720032872807162,0.719932104755442,0.720013391526353,0.687499999999797
2157.5,1.2,1.4,-0.88,2.00203019391874,2.00418186085467,0.719950672565434,0.720030811712582,0.719952038586053,0.720032204115657,0.719931546736354,0.720012812062005,0.6874999999998
2158,1.2,1.4,-0.88,2.00202459010364,2.00417110299649,0.719949981825534,0.720030152705189,0.719951337073539,0.720031538490979,0.719930993210623,0.720012235375316,0.687499999999803
2158.5,1.2,1.4,-0.88,2.00201899029618,2.00416036541606,0.719949296121515,0.720029496732827,0.719950640643054,0.720030875923184,0.719930444158997,0.720011661457135,0.687499999999806
2159,1.2,1.4,-0.88,2.00201339455644,2.00414964809804,0.71994861543254,0.72002884378562,0.719949949273682,0.720030216402352,0.719929899561881,0.720011090298214,0.687499999999809
2159.5,1.2,1.4,-0.88,2.00200780294405,2.00413895102699,0.719947939737913,0.720028193853739,0.719949262944564,0.720029559918588,0.719929359400135,0.720010521889435,0.687499999999812
2160,1.2,1.4,-0.88,2.00200221551824,2.00412827418741,0.719947269016905,0.720027546927361,0.719948581634888,0.720028906462022,0.719928823654275,0.720009956221612,0.687499999999814
2160.5,1.2,1.4,-0.88,2.00199663233779,2.00411761756367,0.719946603248924,0.720026902996698,0.7199479053239,0.720028256022809,0.719928292305268,0.720009393285626,0.687499999999817
2161,1.2,1.4,-0.88,2.00199105346106,2.00410698114011,0.719945942413381,0.720026262051993,0.7199472339909,0.720027608591129,0.719927765333891,0.720008833072416,0.687499999999819
2161.5,1.2,1.4,-0.88,2.00198547894597,2.00409636490096,0.719945286489721,0.720025624083497,0.719946567615233,0.720026964157187,0.719927242720898,0.720008275572859,0.687499999999822
2162,1.2,1.4,-0.88,2.00197990885003,2.00408576883037,0.719944635457494,0.720024989081498,0.719945906176303,0.720026322711211,0.719926724447336,0.720007720777926,0.687499999999825
2162.5,1.2,1.4,-0.88,2.00197434323033,2.0040751929124,0.719943989296285,0.720024357036313,0.719945249653567,0.720025684243458,0.719926210494213,0.720007168678616,0.687499999999827
2163,1.2,1.4,-0.88,2.00196878214352,2.00406463713105,0.719943347985712,0.720023727938268,0.719944598026532,0.720025048744206,0.719925700842511,0.720006619265896,0.68749999999983
2163.5,1.2,1.4,-0.88,2.00196322564585,2.00405410147022,0.719942711505464,0.720023101777726,0.719943951274759,0.720024416203759,0.719925195473339,0.720006072530793,0.687499999999832
2164,1.2,1.4,-0.88,2.00195767379313,2.00404358591374,0.719942079835262,0.720022478545074,0.719943309377859,0.720023786612446,0.719924694367776,0.720005528464364,0.687499999999834
2164.5,1.2,1.4,-0.88,2.00195212664078,2.00403309044536,0.719941452954917,0.720021858230708,0.719942672315501,0.720023159960618,0.719924197507108,0.720004987057632,0.687499999999837
2165,1.2,1.4,-0.88,2.00194658424379,2.00402261504875,0.719940830844233,0.720021240825068,0.719942040067398,0.720022536238655,0.719923704872425,0.720004448301716,0.687499999999839
2165.5,1.2,1.4,-0.88,2.00194104665673,2.00401215970749,0.719940213483157,0.720020626318618,0.719941412613327,0.720021915436958,0.71992321644526,0.720003912187757,0.687499999999841
2166,1.2,1.4,-0.88,2.00193551393378,2.00400172440511,0.719939600851598,0.720020014701826,0.719940789933109,0.720021297545954,0.719922732206791,0.720003378706836,0.687499999999844
2166.5,1.2,1.4,-0.88,2.0019299861287,2.00399130912504,0.71993899292955,0.720019405965207,0.719940172006619,0.720020682556094,0.719922252138403,0.720002847850155,0.687499999999846
2167,1.2,1.4,-0.88,2.00192446329484,2.00398091385062,0.719938389697094,0.720018800099289,0.719939558813788,0.720020070457854,0.71992177622168,0.720002319608879,0.687499999999848
2167.5,1.2,1.4,-0.88,2.00191894548515,2.00397053856516,0.719937791134323,0.720018197094622,0.719938950334598,0.720019461241732,0.719921304438083,0.720001793974206,0.68749999999985
2168,1.2,1.4,-0.88,2.00191343275216,2.00396018325184,0.719937197221365,0.720017596941792,0.719938346549079,0.720018854898254,0.719920836769043,0.720001270937389,0.687499999999852
2168.5,1.2,1.4,-0.88,2.00190792514803,2.00394984789381,0.719936607938468,0.720016999631393,0.719937747437321,0.720018251417967,0.719920373196345,0.720000750489647,0.687499999999855
2169,1.2,1.4,-0.88,2.00190242272448,2.00393953247412,0.719936023265858,0.72001640515406,0.71993715297946,0.720017650791445,0.719919913701495,0.720000232622292,0.687499999999857
2169.5,1.2,1.4,-0.88,2.00189692553286,2.00392923697574,0.71993544318388,0.720015813500433,0.71993656315569,0.720017053009282,0.719919458266356,0.719999717326567,0.687499999999859
2170,1.2,1.4,-0.88,2.00189143362412,2.00391896138159,0.719934867672879,0.720015224661194,0.719935977946253,0.720016458062101,0.719919006872586,0.719999204593837,0.687499999999861
2170.5,1.2,1.4,-0.88,2.00188594704881,2.00390870567449,0.719934296713279,0.720014638627041,0.719935397331446,0.720015865940545,0.719918559502043,0.719998694415432,0.687499999999863
2171,1.2,1.4,-0.88,2.00188046585707,2.00389846983721,0.719933730285558,0.7200140553887,0.719934821291619,0.720015276635285,0.719918116136618,0.719998186782737,0.687499999999865
2171.5,1.2,1.4,-0.88,2.00187499009867,2.00388825385245,0.71993316837022,0.72001347493691,0.71993424980717,0.720014690137012,0.719917676758159,0.719997681687105,0.687499999999867
2172,1.2,1.4,-0.88,2.00186951982297,2.0038780577028,0.719932610947857,0.72001289726244,0.719933682858555,0.720014106436443,0.719917241348706,0.719997179119944,0.687499999999868
2172.5,1.2,1.4,-0.88,2.00186405507898,2.00386788137083,0.719932057999088,0.720012322356092,0.719933120426278,0.720013525524319,0.719916809890251,0.719996679072722,0.68749999999987
2173,1.2,1.4,-0.88,2.00185859591527,2.003857724839,0.719931509504581,0.720011750208677,0.719932562490896,0.720012947391404,0.719916382364823,0.71999618153687,0.687499999999872
2173.5,1.2,1.4,-0.88,2.00185314238006,2.00384758808971,0.719930965445106,0.720011180811041,0.719932009033023,0.720012372028486,0.719915958754714,0.719995686503874,0.687499999999874
2174,1.2,1.4,-0.88,2.00184769452118,2.0038374711053,0.719930425801391,0.720010614154049,0.719931460033318,0.720011799426378,0.719915539041854,0.719995193965248,0.687499999999876
2174.5,1.2,1.4,-0.88,2.00184225238606,2.00382737386804,0.719929890554317,0.720010050228581,0.719930915472496,0.720011229575915,0.71991512320868,0.719994703912468,0.687499999999878
2175,1.2,1.4,-0.88,2.00183681602178,2.00381729636012,0.719929359684759,0.72000948902556,0.719930375331327,0.720010662467955,0.719914711237414,0.719994216337132,0.687499999999879
2175.5,1.2,1.4,-0.88,2.00183138547502,2.00380723856367,0.719928833173641,0.720008930535912,0.719929839590627,0.720010098093382,0.719914303110312,0.719993731230765,0.687499999999881
2176,1.2,1.4,-0.88,2.00182596079208,2.00379720046074,0.719928311001966,0.720008374750603,0.719929308231266,0.720009536443102,0.719913898809814,0.719993248584984,0.687499999999883
2176.5,1.2,1.4,-0.88,2.00182054201889,2.00378718203332,0.719927793150785,0.720007821660613,0.71992878123417,0.720008977508046,0.719913498318387,0.719992768391398,0.687499999999884
2177,1.2,1.4,-0.88,2.00181512920102,2.00377718326335,0.719927279601177,0.720007271256948,0.719928258580313,0.720008421279165,0.719913101618441,0.719992290641638,0.687499999999886
2177.5,1.2,1.4,-0.88,2.00180972238365,2.00376720413268,0.719926770334303,0.720006723530639,0.719927740250721,0.720007867747439,0.719912708692574,0.719991815327364,0.687499999999888
2178,1.2,1.4,-0.88,2.00180432161158,2.0037572446231,0.71992626533137,0.720006178472738,0.719927226226477,0.720007316903866,0.719912319523403,0.719991342440256,0.687499999999889
2178.5,1.2,1.4,-0.88,2.00179892692928,2.00374730471633,0.719925764573594,0.720005636074322,0.719926716488709,0.720006768739471,0.719911934093411,0.719990871972022,0.687499999999891
2179,1.2,1.4,-0.88,2.00179353838081,2.00373738439404,0.719925268042327,0.720005096326479,0.719926211018602,0.7200062232453,0.719911552385502,0.719990403914328,0.687499999999893
2179.5,1.2,1.4,-0.88,2.00178815600989,2.00372748363783,0.719924775718875,0.720004559220345,0.719925709797388,0.720005680412423,0.719911174382202,0.719989938258994,0.687499999999894
2180,1.2,1.4,-0.88,2.00178277985986,2.00371760242922,0.719924287584679,0.720004024747056,0.719925212806357,0.720005140231933,0.719910800066458,0.719989474997735,0.687499999999896
2180.5,1.2,1.4,-0.88,2.00177740997371,2.00370774074968,0.719923803621171,0.720003492897782,0.719924720026845,0.720004602694947,0.719910429420994,0.719989014122351,0.687499999999897
2181,1.2,1.4,-0.88,2.00177204639406,2.00369789858062,0.719923323809899,0.720002963663718,0.719924231440246,0.720004067792605,0.719910062428872,0.71998855562467,0.687499999999898
2181.5,1.2,1.4,-0.88,2.00176668916318,2.00368807590339,0.719922848132385,0.720002437036074,0.719923747028,0.720003535516068,0.719909699072853,0.719988099496507,0.6874999999999
2182,1.2,1.4,-0.88,2.00176133832297,2.00367827269925,0.719922376570246,0.720001913006093,0.719923266771598,0.720003005856524,0.719909339335958,0.719987645729735,0.687499999999901
2182.5,1.2,1.4,-0.88,2.00175599391497,2.00366848894944,0.719921909105163,0.72000139156503,0.719922790652588,0.72000247880518,0.719908983201302,0.719987194316215,0.687499999999903
2183,1.2,1.4,-0.88,2.0017506559804,2.0036587246351,0.71992144571886,0.720000872704167,0.719922318652569,0.720001954353268,0.71990863065201,0.719986745247832,0.687499999999904
2183.5,1.2,1.4,-0.88,2.00174532456008,2.00364897973733,0.719920986393068,0.720000356414813,0.719921850753186,0.720001432492044,0.719908281671069,0.719986298516527,0.687499999999906
2184,1.2,1.4,-0.88,2.0017399996945,2.00363925423717,0.719920531109633,0.719999842688295,0.719921386936139,0.720000913212783,0.719907936241796,0.719985854114229,0.687499999999907
2184.5,1.2,1.4,-0.88,2.00173468142381,2.00362954811558,0.719920079850426,0.719999331515955,0.719920927183183,0.720000396506786,0.719907594347439,0.719985412032861,0.687499999999908
2185,1.2,1.4,-0.88,2.0017293697878,2.0036198613535,0.719919632597361,0.719998822889185,0.719920471476119,0.719999882365376,0.71990725597126,0.719984972264492,0.68749999999991
2185.5,1.2,1.4,-0.88,2.0017240648259,2.00361019393177,0.719919189332394,0.719998316799367,0.719920019796799,0.719999370779899,0.719906921096532,0.719984534801054,0.687499999999911
2186,1.2,1.4,-0.88,2.00171876657723,2.00360054583119,0.719918750037578,0.719997813237923,0.719919572127132,0.719998861741722,0.719906589706779,0.719984099634598,0.687499999999912
2186.5,1.2,1.4,-0.88,2.00171347508053,2.00359091703249,0.719918314694971,0.719997312196302,0.719919128449073,0.719998355242238,0.719906261785371,0.719983666757195,0.687499999999913
2187,1.2,1.4,-0.88,2.00170819037421,2.00358130751637,0.719917883286709,0.719996813665959,0.719918688744632,0.719997851272859,0.719905937315849,0.719983236160873,0.687499999999915
2187.5,1.2,1.4,-0.88,2.00170291249635,2.00357171726344,0.719917455794952,0.719996317638384,0.719918252995867,0.719997349825022,0.719905616281681,0.719982807837747,0.687499999999916
2188,1.2,1.4,-0.88,2.00169764148467,2.00356214625428,0.719917032201937,0.719995824105078,0.719917821184889,0.719996850890184,0.719905298666503,0.719982381779888,0.687499999999917
2188.5,1.2,1.4,-0.88,2.00169237737658,2.00355259446939,0.719916612489961,0.719995333057584,0.71991739329386,0.719996354459827,0.719904984454034,0.719981957979485,0.687499999999918
2189,1.2,1.4,-0.88,2.00168712020913,2.00354306188922,0.719916196641324,0.719994844487454,0.719916969304993,0.719995860525456,0.719904673627839,0.71998153642868,0.687499999999919
2189.5,1.2,1.4,-0.88,2.00168187001905,2.00353354849418,0.719915784638422,0.719994358386255,0.719916549200551,0.719995369078594,0.71990436617173,0.719981117119608,0.687499999999921
2190,1.2,1.4,-0.88,2.00167662684272,2.00352405426461,0.719915376463674,0.719993874745595,0.719916132962847,0.719994880110792,0.719904062069441,0.719980700044517,0.687499999999922
2190.5,1.2,1.4,-0.88,2.0016713907162,2.00351457918079,0.719914972099573,0.719993393557079,0.719915720574248,0.719994393613617,0.719903761304869,0.71998028519555,0.687499999999923
2191,1.2,1.4,-0.88,2.00166616167522,2.00350512322297,0.719914571528672,0.719992914812368,0.719915312017172,0.719993909578664,0.71990346386199,0.719979872565029,0.687499999999924
2191.5,1.2,1.4,-0.88,2.00166093975518,2.00349568637132,0.719914174733509,0.719992438503115,0.719914907274085,0.719993427997547,0.719903169724542,0.719979462145165,0.687499999999925
2192,1.2,1.4,-0.88,2.00165572499115,2.00348626860597,0.719913781696752,0.719991964621012,0.719914506327504,0.719992948861904,0.719902878876666,0.719979053928257,0.687499999999926
2192.5,1.2,1.4,-0.88,2.00165051741788,2.00347686990699,0.71991339240109,0.719991493157755,0.719914109160001,0.719992472163393,0.719902591302416,0.719978647906558,0.687499999999927
2193,1.2,1.4,-0.88,2.00164531706979,2.0034674902544,0.719913006829234,0.719991024105094,0.719913715754193,0.719991997893695,0.719902306985771,0.719978244072468,0.687499999999928
2193.5,1.2,1.4,-0.88,2.00164012398098,2.00345812962818,0.719912624963985,0.719990557454768,0.719913326092752,0.719991526044515,0.719902025910944,0.719977842418277,0.687499999999929
2194,1.2,1.4,-0.88,2.00163493818524,2.00344878800824,0.719912246788186,0.719990093198548,0.719912940158398,0.719991056607575,0.719901748062145,0.719977442936328,0.68749999999993
2194.5,1.2,1.4,-0.88,2.001629759716,2.00343946537445,0.719911872284699,0.719989631328238,0.719912557933902,0.719990589574624,0.7199014734235,0.719977045619046,0.687499999999931
2195,1.2,1.4,-0.88,2.00162458860643,2.00343016170662,0.719911501436477,0.719989171835659,0.719912179402084,0.719990124937431,0.719901201979372,0.719976650458844,0.687499999999932
2195.5,1.2,1.4,-0.88,2.00161942488934,2.00342087698451,0.719911134226513,0.719988714712644,0.719911804545818,0.719989662687788,0.719900933714118,0.719976257448118,0.687499999999933
2196,1.2,1.4,-0.88,2.00161426859724,2.00341161118784,0.719910770637838,0.719988259951047,0.719911433348027,0.719989202817504,0.719900668612083,0.719975866579285,0.687499999999934
2196.5,1.2,1.4,-0.88,2.00160911976232,2.00340236429627,0.719910410653535,0.719987807542767,0.719911065791683,0.719988745318417,0.71990040665769,0.719975477844877,0.687499999999935
2197,1.2,1.4,-0.88,2.00160397841646,2.00339313628943,0.719910054256747,0.719987357479701,0.719910701859808,0.719988290182381,0.719900147835434,0.719975091237347,0.687499999999936
2197.5,1.2,1.4,-0.88,2.00159884459125,2.00338392714687,0.71990970143065,0.719986909753766,0.719910341535474,0.719987837401274,0.719899892129799,0.719974706749166,0.687499999999937
2198,1.2,1.4,-0.88,2.00159371831793,2.00337473684811,0.719909352158513,0.719986464356923,0.719909984801808,0.719987386966995,0.719899639525497,0.719974324372919,0.687499999999938
2198.5,1.2,1.4,-0.88,2.00158859962746,2.00336556537262,0.719909006423588,0.71998602128114,0.719909631641981,0.719986938871467,0.719899390006994,0.719973944101142,0.687499999999939
2199,1.2,1.4,-0.88,2.00158348855049,2.00335641269982,0.719908664209233,0.719985580518403,0.719909282039217,0.719986493106631,0.719899143559058,0.719973565926392,0.68749999999994
2199.5,1.2,1.4,-0.88,2.00157838511736,2.00334727880909,0.719908325498826,0.719985142060716,0.719908935976789,0.71998604966445,0.719898900166372,0.719973189841209,0.68749999999994
2200,1.2,1.4,-0.88,2.0015732893581,2.00333816367975,0.719907990275818,0.719984705900127,0.719908593438021,0.719985608536911,0.719898659813759,0.71997281583828,0.687499999999941
2200.5,1.2,1.4,-0.88,2.00156820130245,2.00332906729109,0.719907658523674,0.719984272028688,0.719908254406285,0.719985169716021,0.719898422485952,0.719972443910213,0.687499999999942
2201,1.2,1.4,-0.88,2.00156312097986,2.00331998962234,0.719907330225952,0.719983840438468,0.719907918865006,0.719984733193808,0.719898188167907,0.719972074049629,0.687499999999943
2201.5,1.2,1.4,-0.88,2.00155804841943,2.00331093065269,0.719907005366226,0.719983411121566,0.719907586797655,0.719984298962321,0.719897956844484,0.7199717062492,0.687499999999944
2202,1.2,1.4,-0.88,2.00155298365003,2.00330189036129,0.71990668392814,0.7199829840701,0.719907258187756,0.719983867013631,0.719897728500688,0.719971340501617,0.687499999999944
2202.5,1.2,1.4,-0.88,2.00154792670018,2.00329286872722,0.719906365895356,0.719982559276209,0.719906933018879,0.71998343733983,0.719897503121428,0.719970976799586,0.687499999999945
2203,1.2,1.4,-0.88,2.00154287759814,2.00328386572955,0.719906051251623,0.719982136732065,0.719906611274644,0.719983009933032,0.719897280691832,0.719970615135889,0.687499999999946
2203.5,1.2,1.4,-0.88,2.00153783637184,2.00327488134728,0.719905739980745,0.719981716429828,0.719906292938725,0.719982584785369,0.719897061197091,0.71997025550317,0.687499999999947
2204,1.2,1.4,-0.88,2.00153280304896,2.00326591555939,0.719905432066522,0.719981298361724,0.719905977994842,0.719982161889001,0.71989684462221,0.719969897894308,0.687499999999948
2204.5,1.2,1.4,-0.88,2.00152777765685,2.00325696834479,0.719905127492842,0.719980882519958,0.719905666426761,0.719981741236101,0.719896630952425,0.719969542302008,0.687499999999948
2205,1.2,1.4,-0.88,2.0015227602226,2.00324803968236,0.719904826243662,0.719980468896785,0.719905358218306,0.719981322818868,0.719896420173099,0.719969188719119,0.687499999999949
2205.5,1.2,1.4,-0.88,2.00151775077298,2.00323912955095,0.719904528302939,0.719980057484463,0.719905053353343,0.719980906629521,0.719896212269417,0.71996883713844,0.68749999999995
2206,1.2,1.4,-0.88,2.00151274933452,2.00323023792934,0.719904233654714,0.719979648275286,0.719904751815791,0.719980492660298,0.71989600722678,0.719968487552851,0.68749999999995
2206.5,1.2,1.4,-0.88,2.00150775593341,2.00322136479629,0.719903942283045,0.719979241261552,0.719904453589614,0.719980080903461,0.719895805030487,0.719968139955182,0.687499999999951
2207,1.2,1.4,-0.88,2.0015027705956,2.00321251013052,0.719903654172075,0.719978836435602,0.719904158658829,0.719979671351291,0.719895605666053,0.719967794338372,0.687499999999952
2207.5,1.2,1.4,-0.88,2.00149779334673,2.00320367391068,0.719903369305981,0.719978433789766,0.7199038670075,0.71997926399609,0.719895409118964,0.719967450695251,0.687499999999953
2208,1.2,1.4,-0.88,2.00149282421218,2.00319485611542,0.719903087668989,0.719978033316432,0.719903578619742,0.719978858830181,0.719895215374759,0.71996710901882,0.687499999999953
2208.5,1.2,1.4,-0.88,2.00148786321702,2.00318605672331,0.719902809245376,0.719977635007982,0.719903293479718,0.719978455845908,0.719895024419031,0.719966769302,0.687499999999954
2209,1.2,1.4,-0.88,2.00148291038606,2.00317727571292,0.719902534019433,0.719977238856822,0.719903011571636,0.719978055035636,0.719894836237266,0.719966431537724,0.687499999999954
2209.5,1.2,1.4,-0.88,2.00147796574385,2.00316851306274,0.71990226197557,0.719976844855389,0.719902732879759,0.719977656391748,0.719894650815322,0.719966095719009,0.687499999999955
2210,1.2,1.4,-0.88,2.00147302931463,2.00315976875126,0.719901993098195,0.719976452996132,0.719902457388396,0.719977259906651,0.719894468138862,0.719965761838848,0.687499999999956
2210.5,1.2,1.4,-0.88,2.00146810112239,2.00315104275689,0.719901727371764,0.719976063271521,0.719902185081903,0.719976865572771,0.719894288193602,0.719965429890249,0.687499999999956
2211,1.2,1.4,-0.88,2.00146318119083,2.00314233505804,0.7199014647808,0.719975675674058,0.719901915944685,0.719976473382556,0.719894110965389,0.719965099866302,0.687499999999957
2211.5,1.2,1.4,-0.88,2.00145826954339,2.00313364563306,0.719901205309875,0.719975290196242,0.7199016499612,0.719976083328471,0.719893936440112,0.719964771760009,0.687499999999958
2212,1.2,1.4,-0.88,2.00145336620323,2.00312497446026,0.719900948943589,0.719974906830615,0.719901387115947,0.719975695403005,0.71989376460363,0.719964445564484,0.687499999999958
2212.5,1.2,1.4,-0.88,2.00144847119325,2.00311632151793,0.719900695666612,0.719974525569729,0.71990112739348,0.719975309598665,0.719893595441928,0.719964121272823,0.687499999999959
2213,1.2,1.4,-0.88,2.00144358453608,2.0031076867843,0.71990044546364,0.719974146406156,0.719900870778396,0.719974925907981,0.719893428940957,0.719963798878133,0.68749999999996
2213.5,1.2,1.4,-0.88,2.00143870625407,2.00309907023759,0.719900198319455,0.719973769332491,0.719900617255345,0.7199745443235,0.719893265086871,0.719963478373567,0.68749999999996
2214,1.2,1.4,-0.88,2.00143383636932,2.00309047185596,0.71989995421885,0.719973394341346,0.719900366809024,0.719974164837792,0.719893103865706,0.71996315975226,0.687499999999961
2214.5,1.2,1.4,-0.88,2.00142897490366,2.00308189161755,0.719899713146665,0.719973021425361,0.719900119424174,0.719973787443447,0.719892945263543,0.719962843007422,0.687499999999961
2215,1.2,1.4,-0.88,2.00142412187866,2.00307332950045,0.719899475087804,0.71997265057719,0.719899875085588,0.719973412133073,0.719892789266589,0.719962528132243,0.687499999999962
2215.5,1.2,1.4,-0.88,2.00141927731563,2.00306478548273,0.719899240027238,0.719972281789497,0.719899633778108,0.719973038899301,0.719892635861164,0.719962215119895,0.687499999999962
2216,1.2,1.4,-0.88,2.00141444123561,2.0030562595424,0.719899007949947,0.719971915054982,0.71989939548662,0.719972667734778,0.719892485033472,0.719961903963628,0.687499999999963
2216.5,1.2,1.4,-0.88,2.00140961365939,2.00304775165748,0.719898778840956,0.719971550366366,0.719899160196058,0.719972298632177,0.71989233676976,0.719961594656732,0.687499999999963
2217,1.2,1.4,-0.88,2.0014047946075,2.00303926180591,0.719898552685409,0.719971187716378,0.71989892789141,0.719971931584186,0.719892191056629,0.719961287192445,0.687499999999964
2217.5,1.2,1.4,-0.88,2.00139998410021,2.00303078996561,0.71989832946839,0.71997082709777,0.719898698557704,0.719971566583515,0.719892047880238,0.719960981564054,0.687499999999964
2218,1.2,1.4,-0.88,2.00139518215754,2.00302233611449,0.719898109175116,0.719970468503314,0.71989847218002,0.719971203622892,0.719891907227186,0.719960677764852,0.687499999999965
2218.5,1.2,1.4,-0.88,2.00139038879926,2.00301390023039,0.719897891790813,0.719970111925813,0.719898248743485,0.71997084269507,0.719891769083948,0.719960375788211,0.687499999999965
2219,1.2,1.4,-0.88,2.00138560404487,2.00300548229114,0.719897677300771,0.719969757358081,0.719898028233272,0.719970483792817,0.71989163343711,0.71996007562748,0.687499999999966
2219.5,1.2,1.4,-0.88,2.00138082791364,2.00299708227454,0.719897465690308,0.719969404792938,0.719897810634604,0.719970126908921,0.719891500273218,0.719959777275956,0.687499999999966
2220,1.2,1.4,-0.88,2.00137606042458,2.00298870015834,0.719897256944802,0.719969054223248,0.719897595932748,0.719969772036193,0.719891369578929,0.719959480727076,0.687499999999967
2220.5,1.2,1.4,-0.88,2.00137130159645,2.00298033592028,0.719897051049678,0.71996870564188,0.719897384113021,0.719969419167461,0.719891241340933,0.719959185974224,0.687499999999967
2221,1.2,1.4,-0.88,2.00136655144776,2.00297198953804,0.719896847990402,0.719968359041721,0.719897175160785,0.719969068295572,0.719891115545955,0.719958893010793,0.687499999999968
2221.5,1.2,1.4,-0.88,2.00136180999679,2.00296366098929,0.719896647752506,0.719968014415696,0.719896969061453,0.719968719413396,0.719890992180827,0.719958601830285,0.687499999999968
2222,1.2,1.4,-0.88,2.00135707726154,2.00295535025168,0.719896450321544,0.719967671756727,0.719896765800482,0.71996837251382,0.719890871232333,0.719958312426114,0.687499999999969
2222.5,1.2,1.4,-0.88,2.00135235325982,2.0029470573028,0.719896255683114,0.719967331057769,0.719896565363376,0.719968027589751,0.719890752687289,0.71995802479177,0.687499999999969
2223,1.2,1.4,-0.88,2.00134763800914,2.00293878212022,0.719896063822896,0.719966992311785,0.719896367735687,0.719967684634117,0.719890636532699,0.719957738920721,0.687499999999969
2223.5,1.2,1.4,-0.88,2.00134293152681,2.00293052468149,0.719895874726575,0.719966655511774,0.719896172903012,0.719967343639863,0.719890522755435,0.719957454806508,0.68749999999997
2224,1.2,1.4,-0.88,2.00133823382989,2.00292228496412,0.719895688379912,0.71996632065074,0.719895980850996,0.719967004599956,0.719890411342555,0.719957172442653,0.68749999999997
2224.5,1.2,1.4,-0.88,2.00133354493518,2.00291406294561,0.719895504768698,0.719965987721709,0.719895791565332,0.719966667507381,0.719890302281068,0.719956891822683,0.687499999999971
2225,1.2,1.4,-0.88,2.00132886485927,2.0029058586034,0.719895323878779,0.719965656717737,0.719895605031757,0.719966332355141,0.719890195558086,0.719956612940204,0.687499999999971
2225.5,1.2,1.4,-0.88,2.00132419361851,2.00289767191492,0.719895145696047,0.719965327631882,0.719895421236057,0.719965999136262,0.719890091160745,0.719956335788762,0.687499999999972
2226,1.2,1.4,-0.88,2.00131953122899,2.00288950285757,0.719894970206452,0.719965000457235,0.719895240164064,0.719965667843786,0.719889989076284,0.719956060361981,0.687499999999972
2226.5,1.2,1.4,-0.88,2.0013148777066,2.00288135140873,0.719894797395949,0.719964675186895,0.719895061801656,0.719965338470775,0.719889889291808,0.719955786653461,0.687499999999972
2227,1.2,1.4,-0.88,2.00131023306696,2.00287321754573,0.71989462725059,0.719964351813996,0.719894886134757,0.719965011010312,0.719889791794684,0.719955514656875,0.687499999999973
2227.5,1.2,1.4,-0.88,2.0013055973255,2.0028651012459,0.719894459756448,0.719964030331672,0.719894713149339,0.719964685455496,0.719889696572219,0.719955244365838,0.687499999999973
2228,1.2,1.4,-0.88,2.0013009704974,2.00285700248651,0.719894294899638,0.719963710733088,0.719894542831419,0.719964361799448,0.719889603611743,0.719954975774044,0.687499999999974
2228.5,1.2,1.4,-0.88,2.00129635259759,2.00284892124484,0.719894132666317,0.719963393011435,0.719894375167059,0.719964040035307,0.719889512900606,0.719954708875222,0.687499999999974
2229,1.2,1.4,-0.88,2.00129174364081,2.00284085749813,0.719893973042697,0.719963077159898,0.719894210142365,0.719963720156231,0.719889424426261,0.719954443663016,0.687499999999974
2229.5,1.2,1.4,-0.88,2.00128714364155,2.00283281122357,0.719893816015069,0.719962763171709,0.719894047743498,0.719963402155396,0.719889338176334,0.719954180131205,0.687499999999975
2230,1.2,1.4,-0.88,2.00128255261408,2.00282478239836,0.719893661569709,0.719962451040099,0.719893887956655,0.719963086026,0.719889254138228,0.719953918273515,0.687499999999975
2230.5,1.2,1.4,-0.88,2.00127797057245,2.00281677099965,0.719893509692969,0.719962140758327,0.719893730768084,0.719962771761257,0.719889172299529,0.71995365808371,0.687499999999975
2231,1.2,1.4,-0.88,2.00127339753047,2.00280877700459,0.719893360371257,0.719961832319666,0.719893576164079,0.719962459354401,0.719889092647915,0.719953399555561,0.687499999999976
2231.5,1.2,1.4,-0.88,2.00126883350175,2.00280080039026,0.719893213591003,0.719961525717415,0.719893424130976,0.719962148798684,0.719889015171,0.719953142682884,0.687499999999976
2232,1.2,1.4,-0.88,2.00126427849966,2.00279284113378,0.719893069338695,0.719961220944885,0.71989327465516,0.719961840087377,0.719888939856495,0.719952887459495,0.687499999999976
2232.5,1.2,1.4,-0.88,2.00125973253737,2.00278489921218,0.719892927600877,0.719960917995409,0.719893127723061,0.719961533213772,0.719888866692203,0.719952633879227,0.687499999999977
2233,1.2,1.4,-0.88,2.00125519562782,2.00277697460251,0.719892788364113,0.71996061686234,0.719892983321155,0.719961228171178,0.719888795665856,0.719952381935941,0.687499999999977
2233.5,1.2,1.4,-0.88,2.00125066778373,2.00276906728179,0.719892651615024,0.719960317539035,0.719892841435959,0.71996092495292,0.719888726765287,0.719952131623453,0.687499999999978
2234,1.2,1.4,-0.88,2.00124614901761,2.00276117722699,0.719892517340304,0.7199600200189,0.719892702054043,0.719960623552348,0.719888659978493,0.719951882935738,0.687499999999978
2234.5,1.2,1.4,-0.88,2.00124163934174,2.0027533044151,0.719892385526614,0.719959724295325,0.719892565162014,0.719960323962824,0.719888595293166,0.719951635866621,0.687499999999978
2235,1.2,1.4,-0.88,2.00123713876822,2.00274544882304,0.719892256160759,0.719959430361742,0.71989243074653,0.719960026177731,0.71988853269749,0.719951390410064,0.687499999999978
2235.5,1.2,1.4,-0.88,2.0012326473089,2.00273761042775,0.719892129229531,0.719959138211595,0.719892298794293,0.719959730190474,0.719888472179412,0.71995114656,0.687499999999979
2236,1.2,1.4,-0.88,2.00122816497544,2.00272978920612,0.719892004719771,0.71995884783834,0.719892169292049,0.71995943599447,0.719888413726967,0.719950904310372,0.687499999999979
2236.5,1.2,1.4,-0.88,2.00122369177928,2.00272198513503,0.719891882618363,0.719958559235467,0.719892042226587,0.719959143583161,0.719888357328205,0.719950663655192,0.687499999999979
2237,1.2,1.4,-0.88,2.00121922773166,2.00271419819134,0.71989176291226,0.719958272396464,0.719891917584745,0.719958852950003,0.719888302971338,0.719950424588411,0.68749999999998
2237.5,1.2,1.4,-0.88,2.0012147728436,2.00270642835188,0.719891645588433,0.719957987314846,0.719891795353404,0.71995856408847,0.719888250644506,0.719950187104025,0.68749999999998
2238,1.2,1.4,-0.88,2.00121032712592,2.00269867559346,0.719891530633911,0.719957703984163,0.719891675519489,0.719958276992059,0.719888200335932,0.719949951196129,0.68749999999998
2238.5,1.2,1.4,-0.88,2.00120589058923,2.00269093989287,0.719891418035754,0.719957422397951,0.719891558069967,0.71995799165428,0.719888152033847,0.719949716858695,0.68749999999998
2239,1.2,1.4,-0.88,2.00120146324395,2.0026832212269,0.719891307781097,0.719957142549792,0.719891442991856,0.719957708068665,0.719888105726644,0.719949484085829,0.687499999999981
2239.5,1.2,1.4,-0.88,2.00119704510027,2.00267551957229,0.719891199857091,0.71995686443327,0.719891330272216,0.719957426228762,0.719888061402636,0.719949252871582,0.687499999999981
2240,1.2,1.4,-0.88,2.0011926361682,2.00266783490577,0.719891094250942,0.719956588041996,0.719891219898149,0.719957146128139,0.71988801905022,0.719949023210068,0.687499999999981
2240.5,1.2,1.4,-0.88,2.00118823645753,2.00266016720407,0.719890990949889,0.719956313369585,0.719891111856804,0.719956867760379,0.719887978657796,0.71994879509535,0.687499999999982
2241,1.2,1.4,-0.88,2.00118384597786,2.00265251644386,0.719890889941224,0.719956040409695,0.719891006135372,0.719956591119087,0.719887940213843,0.719948568521621,0.687499999999982
2241.5,1.2,1.4,-0.88,2.0011794647386,2.00264488260183,0.719890791212293,0.719955769155977,0.71989090272109,0.719956316197884,0.719887903706922,0.719948343482984,0.687499999999982
2242,1.2,1.4,-0.88,2.00117509274895,2.00263726565464,0.719890694750456,0.719955499602119,0.719890801601238,0.719956042990409,0.719887869125512,0.719948119973639,0.687499999999982
2242.5,1.2,1.4,-0.88,2.00117073001791,2.00262966557892,0.719890600543146,0.719955231741805,0.719890702763138,0.719955771490319,0.719887836458252,0.719947897987701,0.687499999999982
2243,1.2,1.4,-0.88,2.00116637655429,2.00262208235129,0.719890508577844,0.719954965568761,0.719890606194162,0.719955501691289,0.719887805693855,0.719947677519417,0.687499999999983
2243.5,1.2,1.4,-0.88,2.0011620323667,2.00261451594835,0.719890418842032,0.71995470107672,0.719890511881719,0.719955233587013,0.719887776820874,0.719947458563002,0.687499999999983
2244,1.2,1.4,-0.88,2.00115769746356,2.00260696634669,0.719890331323296,0.719954438259424,0.719890419813268,0.7199549671712,0.719887749828176,0.719947241112648,0.687499999999983
2244.5,1.2,1.4,-0.88,2.00115337185309,2.00259943352288,0.719890246009202,0.719954177110645,0.719890329976305,0.719954702437581,0.719887724704384,0.719947025162615,0.687499999999983
2245,1.2,1.4,-0.88,2.00114905554334,2.00259191745346,0.719890162887419,0.719953917624169,0.719890242358376,0.7199544393799,0.719887701438437,0.719946810707166,0.687499999999984
2245.5,1.2,1.4,-0.88,2.00114474854214,2.00258441811497,0.719890081945596,0.719953659793805,0.719890156947064,0.719954177991924,0.719887680019026,0.719946597740602,0.687499999999984
2246,1.2,1.4,-0.88,2.00114045085716,2.00257693548392,0.719890003171504,0.719953403613368,0.719890073730003,0.719953918267433,0.719887660435238,0.719946386257194,0.687499999999984
2246.5,1.2,1.4,-0.88,2.00113616249584,2.00256946953683,0.719889926552875,0.719953149076696,0.719889992694864,0.719953660200227,0.719887642675827,0.719946176251251,0.687499999999984
2247,1.2,1.4,-0.88,2.00113188346548,2.00256202025016,0.719889852077544,0.71995289617765,0.719889913829364,0.719953403784123,0.719887626729864,0.719945967717115,0.687499999999984
2247.5,1.2,1.4,-0.88,2.00112761377316,2.00255458760039,0.71988977973336,0.719952644910103,0.719889837121263,0.719953149012957,0.719887612586328,0.719945760649137,0.687499999999985
2248,1.2,1.4,-0.88,2.00112335342579,2.00254717156398,0.719889709508222,0.719952395267937,0.719889762558363,0.719952895880579,0.719887600234269,0.719945555041633,0.687499999999985
2248.5,1.2,1.4,-0.88,2.00111910243009,2.00253977211736,0.719889641390078,0.719952147245078,0.719889690128511,0.719952644380862,0.719887589662806,0.719945350889056,0.687499999999985
2249,1.2,1.4,-0.88,2.0011148607926,2.00253238923695,0.719889575366907,0.719951900835437,0.719889619819596,0.719952394507691,0.719887580861046,0.719945148185732,0.687499999999985
2249.5,1.2,1.4,-0.88,2.00111062851967,2.00252502289917,0.719889511426735,0.719951656032967,0.719889551619548,0.719952146254972,0.719887573818164,0.719944946926118,0.687499999999985
2250,1.2,1.4,-0.88,2.00110640561748,2.00251767308041,0.719889449557641,0.719951412831622,0.719889485516343,0.719951899616626,0.719887568523404,0.71994474710461,0.687499999999986
2250.5,1.2,1.4,-0.88,2.00110219209202,2.00251033975705,0.719889389747729,0.719951171225385,0.719889421497998,0.719951654586595,0.719887564965993,0.719944548715673,0.687499999999986
2251,1.2,1.4,-0.88,2.00109798794911,2.00250302290545,0.719889331985174,0.719950931208254,0.719889359552575,0.719951411158834,0.719887563135305,0.719944351753772,0.687499999999986
2251.5,1.2,1.4,-0.88,2.00109379319438,2.00249572250197,0.719889276258123,0.719950692774231,0.719889299668171,0.719951169327318,0.719887563020461,0.719944156213344,0.687499999999986
2252,1.2,1.4,-0.88,2.00108960783329,2.00248843852295,0.719889222554882,0.71995045591735,0.719889241832936,0.719950929086037,0.719887564611122,0.719943962088894,0.687499999999986
2252.5,1.2,1.4,-0.88,2.00108543187112,2.00248117094472,0.719889170863675,0.719950220631664,0.719889186035054,0.719950690429001,0.719887567896457,0.719943769374961,0.687499999999987
2253,1.2,1.4,-0.88,2.00108126531299,2.00247391974359,0.719889121172867,0.719949986911226,0.719889132262755,0.719950453350235,0.719887572866097,0.719943578066022,0.687499999999987
2253.5,1.2,1.4,-0.88,2.00107710816382,2.00246668489585,0.719889073470793,0.719949754750133,0.71988908050431,0.719950217843783,0.719887579509411,0.719943388156682,0.687499999999987
2254,1.2,1.4,-0.88,2.00107296042837,2.00245946637781,0.719889027745876,0.719949524142465,0.719889030748033,0.719949983903705,0.719887587815992,0.719943199641424,0.687499999999987
2254.5,1.2,1.4,-0.88,2.00106882211124,2.00245226416573,0.719888983986565,0.719949295082348,0.719888982982279,0.719949751524076,0.719887597775415,0.719943012514859,0.687499999999987
2255,1.2,1.4,-0.88,2.00106469321684,2.00244507823588,0.719888942181354,0.719949067563909,0.719888937195447,0.719949520698993,0.71988760937731,0.719942826771569,0.687499999999988
2255.5,1.2,1.4,-0.88,2.00106057374942,2.00243790856452,0.719888902318768,0.719948841581295,0.719888893375975,0.719949291422564,0.71988762261129,0.719942642406137,0.687499999999988
2256,1.2,1.4,-0.88,2.00105646371305,2.00243075512788,0.719888864387393,0.719948617128677,0.719888851512346,0.719949063688919,0.719887637467104,0.719942459413213,0.687499999999988
2256.5,1.2,1.4,-0.88,2.00105236311164,2.0024236179022,0.719888828375827,0.719948394200241,0.719888811593081,0.719948837492203,0.719887653934399,0.719942277787444,0.687499999999988
2257,1.2,1.4,-0.88,2.00104827194894,2.0024164968637,0.719888794272747,0.719948172790172,0.719888773606746,0.719948612826577,0.719887672003041,0.719942097523422,0.687499999999988
2257.5,1.2,1.4,-0.88,2.00104419022852,2.00240939198858,0.719888762066824,0.719947952892704,0.719888737541945,0.719948389686221,0.719887691662709,0.719941918615893,0.687499999999989
2258,1.2,1.4,-0.88,2.00104011795379,2.00240230325305,0.719888731746843,0.71994773450205,0.719888703387329,0.719948168065329,0.719887712903459,0.719941741059449,0.687499999999989
2258.5,1.2,1.4,-0.88,2.001036055128,2.0023952306333,0.719888703301545,0.719947517612477,0.719888671131584,0.719947947958114,0.719887735714999,0.719941564848874,0.687499999999989
2259,1.2,1.4,-0.88,2.00103200175422,2.0023881741055,0.719888676719753,0.71994730221824,0.71988864076344,0.719947729358804,0.719887760087256,0.719941389978822,0.687499999999989
2259.5,1.2,1.4,-0.88,2.00102795783539,2.00238113364582,0.719888651990348,0.719947088313625,0.719888612271668,0.719947512261645,0.719887786010288,0.719941216444049,0.687499999999989
2260,1.2,1.4,-0.88,2.00102392337425,2.00237410923043,0.719888629102242,0.719946875892927,0.719888585645084,0.7199472966609,0.719887813474121,0.719941044239277,0.687499999999989
2260.5,1.2,1.4,-0.88,2.00101989837341,2.00236710083547,0.719888608044351,0.719946664950468,0.719888560872537,0.719947082550846,0.719887842468678,0.719940873359294,0.68749999999999
2261,1.2,1.4,-0.88,2.00101588283531,2.00236010843708,0.719888588805691,0.719946455480582,0.719888537942924,0.719946869925781,0.71988787298417,0.719940703798884,0.68749999999999
2261.5,1.2,1.4,-0.88,2.00101187676222,2.00235313201141,0.719888571375247,0.71994624747761,0.719888516845178,0.719946658780015,0.719887905010541,0.719940535552806,0.68749999999999
2262,1.2,1.4,-0.88,2.00100788015628,2.00234617153457,0.719888555742121,0.71994604093592,0.719888497568276,0.719946449107877,0.719887938538105,0.719940368615879,0.68749999999999
2262.5,1.2,1.4,-0.88,2.00100389301943,2.00233922698268,0.719888541895422,0.719945835849892,0.719888480101235,0.719946240903712,0.71988797355706,0.719940202982922,0.68749999999999
2263,1.2,1.4,-0.88,2.0009999153535,2.00233229833186,0.719888529824281,0.719945632213927,0.719888464433113,0.719946034161881,0.719888010057573,0.71994003864879,0.68749999999999
2263.5,1.2,1.4,-0.88,2.00099594716014,2.00232538555819,0.719888519517875,0.71994543002244,0.719888450553005,0.719945828876763,0.719888048029866,0.719939875608334,0.68749999999999
2264,1.2,1.4,-0.88,2.00099198844085,2.00231848863778,0.719888510965456,0.719945229269858,0.71988843845005,0.719945625042751,0.719888087464359,0.719939713856404,0.68749999999999
2264.5,1.2,1.4,-0.88,2.00098803919698,2.0023116075467,0.719888504156285,0.719945029950626,0.719888428113427,0.719945422654256,0.719888128351364,0.719939553387888,0.687499999999991
2265,1.2,1.4,-0.88,2.00098409942973,2.00230474226105,0.719888499079662,0.719944832059204,0.719888419532354,0.719945221705703,0.719888170681233,0.719939394197667,0.687499999999991
2265.5,1.2,1.4,-0.88,2.00098016914014,2.00229789275688,0.719888495724947,0.719944635590086,0.71988841269609,0.719945022191536,0.719888214444446,0.719939236280721,0.687499999999991
2266,1.2,1.4,-0.88,2.00097624832911,2.00229105901027,0.719888494081507,0.719944440537749,0.719888407593933,0.719944824106215,0.719888259631366,0.719939079631899,0.687499999999991
2266.5,1.2,1.4,-0.88,2.00097233699738,2.00228424099728,0.719888494138803,0.719944246896711,0.719888404215223,0.719944627444214,0.71988830623264,0.719938924246182,0.687499999999991
2267,1.2,1.4,-0.88,2.00096843514555,2.00227743869396,0.719888495886282,0.719944054661504,0.71988840254934,0.719944432200025,0.719888354238714,0.719938770118545,0.687499999999991
2267.5,1.2,1.4,-0.88,2.00096454277407,2.00227065207634,0.719888499313434,0.71994386382667,0.719888402585698,0.719944238368156,0.719888403640082,0.719938617243962,0.687499999999991
2268,1.2,1.4,-0.88,2.00096065988325,2.00226388112049,0.719888504409839,0.71994367438676,0.719888404313758,0.71994404594313,0.719888454427515,0.719938465617377,0.687499999999992
2268.5,1.2,1.4,-0.88,2.00095678647324,2.00225712580242,0.719888511165068,0.719943486336355,0.719888407723019,0.719943854919487,0.719888506591582,0.719938315233829,0.687499999999992
2269,1.2,1.4,-0.88,2.00095292254406,2.00225038609818,0.71988851956873,0.719943299670043,0.719888412803015,0.719943665291781,0.719888560122898,0.719938166088322,0.687499999999992
2269.5,1.2,1.4,-0.88,2.00094906809557,2.00224366198378,0.719888529610526,0.719943114382432,0.719888419543326,0.719943477054585,0.719888615012353,0.719938018175892,0.687499999999992
2270,1.2,1.4,-0.88,2.00094522312751,2.00223695343525,0.719888541280128,0.719942930468154,0.719888427933567,0.719943290202487,0.719888671250554,0.719937871491635,0.687499999999992
2270.5,1.2,1.4,-0.88,2.00094138763945,2.0022302604286,0.719888554567297,0.719942747921833,0.719888437963395,0.719943104730089,0.719888728828388,0.719937726030552,0.687499999999992
2271,1.2,1.4,-0.88,2.00093756163084,2.00222358293985,0.719888569461802,0.719942566738129,0.719888449622502,0.71994292063201,0.719888787736619,0.719937581787736,0.687499999999992
2271.5,1.2,1.4,-0.88,2.00093374510099,2.00221692094499,0.719888585953464,0.71994238691171,0.719888462900623,0.719942737902886,0.719888847966127,0.719937438758284,0.687499999999992
2272,1.2,1.4,-0.88,2.00092993804906,2.00221027442003,0.719888604032146,0.719942208437264,0.71988847778753,0.719942556537367,0.719888909507828,0.719937296937313,0.687499999999992
2272.5,1.2,1.4,-0.88,2.00092614047407,2.00220364334098,0.719888623687748,0.719942031309501,0.719888494273034,0.719942376530121,0.719888972352673,0.719937156319978,0.687499999999992
2273,1.2,1.4,-0.88,2.00092235237491,2.00219702768383,0.719888644910225,0.719941855523119,0.719888512346991,0.719942197875828,0.719889036491722,0.719937016901334,0.687499999999992
2273.5,1.2,1.4,-0.88,2.00091857375033,2.00219042742456,0.71988866768952,0.719941681072863,0.719888531999285,0.719942020569187,0.719889101915833,0.719936878676592,0.687499999999992
2274,1.2,1.4,-0.88,2.00091480459895,2.00218384253917,0.719888692015644,0.719941507953484,0.719888553219844,0.719941844604911,0.71988916861606,0.71993674164093,0.687499999999993
2274.5,1.2,1.4,-0.88,2.00091104491925,2.00217727300365,0.719888717878686,0.71994133615973,0.719888575998638,0.71994166997773,0.719889236583644,0.719936605789461,0.687499999999993
2275,1.2,1.4,-0.88,2.00090729470956,2.00217071879397,0.719888745268717,0.719941165686396,0.71988860032567,0.719941496682387,0.719889305809617,0.719936471117451,0.687499999999993
2275.5,1.2,1.4,-0.88,2.00090355396811,2.00216417988612,0.719888774175862,0.719940996528275,0.719888626190985,0.719941324713644,0.719889376285123,0.719936337620105,0.687499999999993
2276,1.2,1.4,-0.88,2.00089982269298,2.00215765625607,0.719888804590283,0.719940828680164,0.719888653584664,0.719941154066276,0.719889448001338,0.719936205292587,0.687499999999993
2276.5,1.2,1.4,-0.88,2.00089610088211,2.00215114787981,0.719888836502199,0.7199406621369,0.719888682496827,0.719940984735073,0.719889520949547,0.719936074130192,0.687499999999993
2277,1.2,1.4,-0.88,2.00089238853332,2.0021446547333,0.719888869901844,0.719940496893317,0.719888712917632,0.719940816714842,0.719889595120981,0.719935944128147,0.687499999999993
2277.5,1.2,1.4,-0.88,2.0008886856443,2.00213817679252,0.71988890477949,0.719940332944283,0.719888744837274,0.719940650000406,0.719889670506904,0.719935815281766,0.687499999999993
2278,1.2,1.4,-0.88,2.0008849922126,2.00213171403344,0.719888941125481,0.719940170284655,0.71988877824599,0.719940484586602,0.719889747098762,0.71993568758627,0.687499999999993
2278.5,1.2,1.4,-0.88,2.00088130823566,2.00212526643202,0.719888978930161,0.719940008909322,0.719888813134053,0.71994032046828,0.719889824887866,0.719935561036972,0.687499999999993
2279,1.2,1.4,-0.88,2.00087763371078,2.00211883396424,0.719889018183908,0.719939848813192,0.71988884949177,0.719940157640311,0.719889903865561,0.719935435629211,0.687499999999993
2279.5,1.2,1.4,-0.88,2.00087396863513,2.00211241660606,0.719889058877173,0.719939689991171,0.71988888730949,0.719939996097577,0.719889984023372,0.719935311358261,0.687499999999993
2280,1.2,1.4,-0.88,2.00087031300577,2.00210601433345,0.719889101000422,0.719939532438204,0.719888926577599,0.719939835834975,0.719890065352769,0.719935188219521,0.687499999999993
2280.5,1.2,1.4,-0.88,2.00086666681962,2.00209962712237,0.719889144544158,0.719939376149232,0.719888967286521,0.719939676847419,0.719890147845245,0.719935066208316,0.687499999999994
2281,1.2,1.4,-0.88,2.00086303007348,2.0020932549488,0.719889189498919,0.719939221119214,0.719889009426714,0.719939519129839,0.71989023149232,0.719934945320007,0.687499999999994
2281.5,1.2,1.4,-0.88,2.00085940276404,2.00208689778869,0.719889235855292,0.71993906734313,0.719889052988677,0.719939362677177,0.719890316285612,0.719934825549979,0.687499999999994
2282,1.2,1.4,-0.88,2.00085578488784,2.00208055561801,0.719889283603884,0.719938914815975,0.719889097962945,0.719939207484393,0.719890402216689,0.719934706893647,0.687499999999994
2282.5,1.2,1.4,-0.88,2.00085217644132,2.00207422841273,0.719889332735369,0.719938763532749,0.719889144340089,0.719939053546459,0.719890489277289,0.719934589346386,0.687499999999994
2283,1.2,1.4,-0.88,2.00084857742079,2.0020679161488,0.719889383240422,0.719938613488477,0.71988919211072,0.719938900858365,0.719890577459021,0.719934472903636,0.687499999999994
2283.5,1.2,1.4,-0.88,2.00084498782244,2.00206161880221,0.719889435109784,0.719938464678201,0.719889241265485,0.719938749415115,0.719890666753665,0.719934357560861,0.687499999999994
2284,1.2,1.4,-0.88,2.00084140764236,2.00205533634891,0.719889488334196,0.719938317096962,0.719889291795065,0.719938599211726,0.719890757152868,0.719934243313458,0.687499999999994
2284.5,1.2,1.4,-0.88,2.00083783687649,2.00204906876488,0.719889542904504,0.719938170739837,0.719889343690183,0.719938450243234,0.719890848648611,0.719934130156947,0.687499999999994
2285,1.2,1.4,-0.88,2.00083427552067,2.00204281602608,0.719889598811494,0.719938025601895,0.719889396941593,0.719938302504684,0.719890941232494,0.719934018086748,0.687499999999994
2285.5,1.2,1.4,-0.88,2.00083072357062,2.00203657810848,0.719889656046078,0.71993788167825,0.719889451540091,0.719938155991143,0.719891034896535,0.719933907098434,0.687499999999994
2286,1.2,1.4,-0.88,2.00082718102195,2.00203035498805,0.719889714599146,0.71993773896399,0.719889507476506,0.719938010697685,0.71989112963253,0.719933797187417,0.687499999999994
2286.5,1.2,1.4,-0.88,2.00082364787015,2.00202414664078,0.719889774461654,0.719937597454259,0.719889564741704,0.719937866619405,0.719891225432449,0.719933688349294,0.687499999999994
2287,1.2,1.4,-0.88,2.00082012411059,2.00201795304262,0.719889835624593,0.719937457144194,0.71988962332659,0.719937723751412,0.719891322288279,0.719933580579591,0.687499999999994
2287.5,1.2,1.4,-0.88,2.00081660973852,2.00201177416958,0.719889898078966,0.719937318028938,0.719889683222101,0.719937582088825,0.719891420191939,0.7199334738738,0.687499999999995
2288,1.2,1.4,-0.88,2.00081310474911,2.00200560999761,0.719889961815843,0.719937180103672,0.719889744419215,0.719937441626782,0.719891519135524,0.719933368227536,0.687499999999995
2288.5,1.2,1.4,-0.88,2.00080960913738,2.0019994605027,0.71989002682631,0.719937043363578,0.719889806908944,0.719937302360435,0.719891619111063,0.719933263636372,0.687499999999995
2289,1.2,1.4,-0.88,2.00080612289826,2.00199332566085,0.7198900931015,0.719936907803845,0.719889870682335,0.719937164284948,0.719891720110676,0.71993316009585,0.687499999999995
2289.5,1.2,1.4,-0.88,2.00080264602656,2.00198720544803,0.719890160632559,0.719936773419697,0.719889935730471,0.719937027395504,0.719891822126416,0.719933057601629,0.687499999999995
2290,1.2,1.4,-0.88,2.00079917851699,2.00198109984024,0.719890229410719,0.719936640206358,0.719890002044475,0.719936891687298,0.719891925150588,0.719932956149302,0.687499999999995
2290.5,1.2,1.4,-0.88,2.00079572036413,2.00197500881347,0.719890299427171,0.719936508159064,0.719890069615499,0.719936757155537,0.719892029175187,0.719932855734486,0.687499999999995
2291,1.2,1.4,-0.88,2.00079227156249,2.00196893234372,0.719890370673224,0.719936377273081,0.719890138434736,0.719936623795448,0.719892134192621,0.719932756352857,0.687499999999995
2291.5,1.2,1.4,-0.88,2.00078883210643,2.00196287040699,0.719890443140146,0.719936247543666,0.719890208493411,0.719936491602267,0.719892240194985,0.719932658000021,0.687499999999995
2292,1.2,1.4,-0.88,2.00078540199022,2.00195682297928,0.719890516819309,0.719936118966118,0.719890279782788,0.719936360571248,0.719892347174705,0.719932560671707,0.687499999999995
2292.5,1.2,1.4,-0.88,2.00078198120804,2.0019507900366,0.719890591702076,0.719935991535722,0.719890352294163,0.719936230697658,0.719892455124053,0.719932464363541,0.687499999999995
2293,1.2,1.4,-0.88,2.00077856975394,2.00194477155497,0.719890667779877,0.719935865247803,0.719890426018873,0.719936101976779,0.719892564035468,0.719932369071269,0.687499999999995
2293.5,1.2,1.4,-0.88,2.00077516762188,2.00193876751039,0.719890745044116,0.719935740097674,0.719890500948283,0.719935974403904,0.719892673901159,0.71993227479054,0.687499999999995
2294,1.2,1.4,-0.88,2.00077177480571,2.00193277787889,0.719890823486319,0.719935616080693,0.719890577073798,0.719935847974346,0.719892784713741,0.71993218151715,0.687499999999995
2294.5,1.2,1.4,-0.88,2.00076839129918,2.0019268026365,0.719890903097964,0.719935493192206,0.719890654386855,0.719935722683427,0.719892896465512,0.719932089246796,0.687499999999995
2295,1.2,1.4,-0.88,2.00076501709593,2.00192084175923,0.719890983870635,0.719935371427585,0.71989073287893,0.719935598526487,0.719893009149101,0.719931997975233,0.687499999999995
2295.5,1.2,1.4,-0.88,2.00076165218951,2.00191489522314,0.719891065795905,0.71993525078221,0.719890812541531,0.719935475498878,0.719893122756973,0.719931907698208,0.687499999999995
2296,1.2,1.4,-0.88,2.00075829657336,2.00190896300426,0.719891148865394,0.719935131251485,0.719890893366203,0.719935353595966,0.719893237281681,0.719931818411526,0.687499999999995
2296.5,1.2,1.4,-0.88,2.00075495024082,2.00190304507863,0.71989123307075,0.719935012830816,0.719890975344522,0.719935232813132,0.719893352715785,0.719931730110951,0.687499999999995
2297,1.2,1.4,-0.88,2.00075161318515,2.0018971414223,0.719891318403668,0.719934895515633,0.719891058468102,0.719935113145772,0.719893469051923,0.719931642792307,0.687499999999995
2297.5,1.2,1.4,-0.88,2.00074828539947,2.00189125201133,0.719891404855869,0.71993477930137,0.71989114272859,0.719934994589292,0.719893586282737,0.719931556451377,0.687499999999995
2298,1.2,1.4,-0.88,2.00074496687685,2.00188537682177,0.719891492419121,0.719934664183489,0.719891228117669,0.719934877139116,0.719893704400951,0.719931471084034,0.687499999999995
2298.5,1.2,1.4,-0.88,2.00074165761023,2.00187951582971,0.719891581085199,0.71993455015745,0.719891314627054,0.719934760790682,0.719893823399208,0.719931386686078,0.687499999999995
2299,1.2,1.4,-0.88,2.00073835759245,2.0018736690112,0.719891670845943,0.719934437218742,0.719891402248496,0.719934645539439,0.719893943270313,0.7199313032534,0.687499999999995
2299.5,1.2,1.4,-0.88,2.00073506681629,2.00186783634233,0.719891761693219,0.719934325362847,0.719891490973781,0.719934531380852,0.719894064007067,0.719931220781817,0.687499999999995
2300,1.2,1.4,-0.88,2.00073178527439,2.00186201779919,0.719891853618903,0.71993421458529,0.719891580794728,0.719934418310399,0.719894185602194,0.719931139267269,0.687499999999995
2300.5,1.2,1.4,-0.88,2.00072851295934,2.00185621335786,0.719891946614929,0.719934104881579,0.71989167170319,0.719934306323572,0.719894308048573,0.719931058705591,0.687499999999995
2301,1.2,1.4,-0.88,2.00072524986359,2.00185042299444,0.719892040673264,0.719933996247263,0.719891763691053,0.719934195415877,0.719894431339086,0.719930979092739,0.687499999999995
2301.5,1.2,1.4,-0.88,2.00072199597953,2.00184464668504,0.719892135785894,0.719933888677882,0.719891856750238,0.719934085582835,0.719894555466608,0.719930900424596,0.687499999999995
2302,1.2,1.4,-0.88,2.00071875129945,2.00183888440578,0.719892231944854,0.719933782169003,0.7198919508727,0.719933976819977,0.719894680424092,0.719930822697101,0.687499999999995
2302.5,1.2,1.4,-0.88,2.00071551581554,2.00183313613276,0.719892329142202,0.7199336767162,0.719892046050426,0.719933869122851,0.719894806204487,0.719930745906187,0.687499999999995
2303,1.2,1.4,-0.88,2.00071228951991,2.00182740184212,0.719892427370058,0.719933572315078,0.719892142275442,0.719933762487018,0.719894932800894,0.719930670047874,0.687499999999995
2303.5,1.2,1.4,-0.88,2.00070907240457,2.00182168151,0.719892526620513,0.719933468961223,0.7198922395398,0.719933656908052,0.719895060206172,0.719930595118044,0.687499999999995
2304,1.2,1.4,-0.88,2.00070586446144,2.00181597511253,0.719892626885772,0.719933366650263,0.719892337835592,0.719933552381541,0.719895188413572,0.719930521112732,0.687499999999995
2304.5,1.2,1.4,-0.88,2.00070266568237,2.00181028262585,0.719892728157978,0.719933265377824,0.719892437154937,0.719933448903087,0.71989531741594,0.719930448027903,0.687499999999995
2305,1.2,1.4,-0.88,2.00069947605909,2.00180460402614,0.719892830429402,0.719933165139552,0.719892537489992,0.719933346468303,0.719895447206599,0.719930375859575,0.687499999999995
2305.5,1.2,1.4,-0.88,2.00069629558327,2.00179893928955,0.719892933692308,0.719933065931112,0.719892638832949,0.719933245072819,0.719895577778694,0.719930304603789,0.687499999999995
2306,1.2,1.4,-0.88,2.00069312424648,2.00179328839226,0.719893037938962,0.719932967748174,0.719892741176027,0.719933144712278,0.719895709125289,0.719930234256579,0.687499999999995
2306.5,1.2,1.4,-0.88,2.0006899620402,2.00178765131045,0.719893143161693,0.719932870586411,0.719892844511479,0.719933045382333,0.719895841239599,0.719930164813935,0.687499999999995
2307,1.2,1.4,-0.88,2.00068680895584,2.00178202802031,0.719893249352887,0.719932774441536,0.719892948831596,0.719932947078655,0.71989597411499,0.719930096271972,0.687499999999995
2307.5,1.2,1.4,-0.88,2.00068366498471,2.00177641849804,0.719893356504921,0.719932679309251,0.719893054128698,0.719932849796924,0.719896107744654,0.719930028626728,0.687499999999995
2308,1.2,1.4,-0.88,2.00068053011804,2.00177082271984,0.71989346461021,0.719932585185285,0.719893160395137,0.719932753532836,0.719896242121854,0.719929961874296,0.687499999999995
2308.5,1.2,1.4,-0.88,2.00067740434698,2.00176524066193,0.719893573661247,0.719932492065374,0.719893267623302,0.7199326582821,0.719896377240084,0.719929896010762,0.687499999999995
2309,1.2,1.4,-0.88,2.00067428766259,2.00175967230054,0.719893683650478,0.719932399945268,0.719893375805608,0.719932564040438,0.719896513092501,0.719929831032233,0.687499999999995
2309.5,1.2,1.4,-0.88,2.00067118005586,2.0017541176119,0.71989379457046,0.719932308820735,0.71989348493451,0.719932470803585,0.719896649672655,0.71992976693484,0.687499999999995
2310,1.2,1.4,-0.88,2.00066808151768,2.00174857657226,0.719893906413717,0.719932218687558,0.719893595002488,0.71993237856729,0.719896786973842,0.719929703714735,0.687499999999995
2310.5,1.2,1.4,-0.88,2.00066499203887,2.00174304915786,0.719894019172871,0.719932129541512,0.71989370600206,0.719932287327313,0.719896924989661,0.719929641367998,0.687499999999995
2311,1.2,1.4,-0.88,2.00066191161017,2.00173753534498,0.71989413284051,0.719932041378411,0.719893817925773,0.719932197079431,0.71989706371346,0.719929579890828,0.687499999999995
2311.5,1.2,1.4,-0.88,2.00065884022223,2.00173203510987,0.719894247409297,0.719931954194076,0.719893930766208,0.71993210781943,0.719897203138812,0.719929519279412,0.687499999999995
2312,1.2,1.4,-0.88,2.00065577786565,2.00172654842884,0.719894362871918,0.719931867984322,0.719894044515977,0.719932019543111,0.719897343259272,0.719929459529867,0.687499999999995
2312.5,1.2,1.4,-0.88,2.00065272453091,2.00172107527817,0.719894479221082,0.719931782745008,0.719894159167724,0.719931932246289,0.719897484068383,0.719929400638456,0.687499999999995
2313,1.2,1.4,-0.88,2.00064968020845,2.00171561563415,0.719894596449534,0.719931698471973,0.719894274714124,0.71993184592479,0.719897625559746,0.719929342601308,0.687499999999995
2313.5,1.2,1.4,-0.88,2.0006466448886,2.00171016947311,0.719894714550043,0.719931615161098,0.719894391147885,0.719931760574454,0.719897767726954,0.7199292854147,0.687499999999995
2314,1.2,1.4,-0.88,2.00064361856163,2.00170473677137,0.719894833515451,0.719931532808268,0.71989450846175,0.719931676191134,0.719897910563813,0.719929229074867,0.687499999999995
2314.5,1.2,1.4,-0.88,2.00064060121774,2.00169931750527,0.719894953338568,0.719931451409364,0.719894626648487,0.719931592770696,0.719898054063871,0.719929173578001,0.687499999999995
2315,1.2,1.4,-0.88,2.00063759284704,2.00169391165114,0.719895074012261,0.719931370960302,0.719894745700898,0.719931510309019,0.719898198220826,0.719929118920383,0.687499999999995
2315.5,1.2,1.4,-0.88,2.00063459343958,2.00168851918534,0.71989519552947,0.719931291456993,0.719894865611821,0.719931428801993,0.719898343028589,0.719929065098248,0.687499999999995
2316,1.2,1.4,-0.88,2.00063160298532,2.00168314008425,0.719895317883084,0.719931212895381,0.719894986374118,0.719931348245524,0.719898488480731,0.719929012107921,0.687499999999995
2316.5,1.2,1.4,-0.88,2.00062862147415,2.00167777432423,0.719895441066102,0.719931135271403,0.719895107980688,0.719931268635528,0.719898634571207,0.719928959945646,0.687499999999995
2317,1.2,1.4,-0.88,2.00062564889591,2.00167242188168,0.719895565071505,0.719931058581023,0.719895230424458,0.719931189967936,0.719898781293788,0.71992890860776,0.687499999999995
2317.5,1.2,1.4,-0.88,2.00062268524033,2.00166708273299,0.719895689892333,0.719930982820201,0.719895353698389,0.719931112238689,0.719898928642381,0.719928858090521,0.687499999999995
2318,1.2,1.4,-0.88,2.0006197304971,2.00166175685459,0.719895815521624,0.719930907984939,0.719895477795469,0.719931035443744,0.719899076610795,0.719928808390336,0.687499999999995
2318.5,1.2,1.4,-0.88,2.00061678465582,2.00165644422288,0.719895941952474,0.719930834071211,0.719895602708719,0.719930959579067,0.719899225192975,0.719928759503443,0.687499999999995
2319,1.2,1.4,-0.88,2.00061384770602,2.00165114481432,0.719896069178014,0.719930761075048,0.719895728431193,0.719930884640641,0.719899374382922,0.719928711426292,0.687499999999995
2319.5,1.2,1.4,-0.88,2.00061091963718,2.00164585860534,0.719896197191377,0.719930688992446,0.719895854955971,0.719930810624458,0.719899524174536,0.719928664155131,0.687499999999995
2320,1.2,1.4,-0.88,2.00060800043868,2.00164058557241,0.719896325985749,0.71993061781946,0.719895982276166,0.719930737526523,0.719899674561847,0.719928617686421,0.687499999999995
2320.5,1.2,1.4,-0.88,2.00060509009986,2.00163532569199,0.719896455554356,0.719930547552128,0.719896110384926,0.719930665342856,0.719899825538945,0.719928572016514,0.687499999999995
2321,1.2,1.4,-0.88,2.00060218860996,2.00163007894057,0.719896585890419,0.719930478186505,0.719896239275422,0.719930594069487,0.71989997709981,0.719928527141785,0.687499999999995
2321.5,1.2,1.4,-0.88,2.0005992959582,2.00162484529465,0.719896716987218,0.719930409718667,0.71989636894086,0.71993052370246,0.719900129238559,0.71992848305866,0.687499999999995
2322,1.2,1.4,-0.88,2.00059641213368,2.00161962473074,0.719896848838048,0.719930342144688,0.719896499374474,0.719930454237828,0.719900281949283,0.719928439763524,0.687499999999995
2322.5,1.2,1.4,-0.88,2.00059353712546,2.00161441722535,0.719896981436258,0.719930275460681,0.719896630569532,0.719930385671663,0.719900435226201,0.719928397252877,0.687499999999995
2323,1.2,1.4,-0.88,2.00059067092255,2.00160922275502,0.719897114775197,0.719930209662736,0.719896762519328,0.719930318000044,0.719900589063429,0.719928355523079,0.687499999999995
2323.5,1.2,1.4,-0.88,2.00058781351385,2.0016040412963,0.71989724884825,0.719930144746986,0.719896895217188,0.719930251219064,0.719900743455133,0.719928314570639,0.687499999999995
2324,1.2,1.4,-0.88,2.00058496488825,2.00159887282575,0.719897383648837,0.719930080709556,0.719897028656466,0.719930185324828,0.719900898395531,0.719928274391989,0.687499999999995
2324.5,1.2,1.4,-0.88,2.00058212503452,2.00159371731993,0.719897519170428,0.719930017546587,0.71989716283055,0.719930120313453,0.719901053878972,0.719928234983585,0.687499999999995
2325,1.2,1.4,-0.88,2.00057929394141,2.00158857475545,0.719897655406495,0.719929955254248,0.719897297732854,0.71993005618107,0.719901209899689,0.719928196341964,0.687499999999995
2325.5,1.2,1.4,-0.88,2.00057647159759,2.0015834451089,0.719897792350543,0.719929893828699,0.719897433356825,0.719929992923821,0.719901366451972,0.719928158463588,0.687499999999995
2326,1.2,1.4,-0.88,2.00057365799167,2.00157832835688,0.719897929996113,0.71992983326613,0.719897569695936,0.71992993053786,0.719901523530156,0.719928121345002,0.687499999999995
2326.5,1.2,1.4,-0.88,2.00057085311219,2.00157322447604,0.719898068336761,0.719929773562723,0.71989770674369,0.719929869019354,0.719901681128549,0.719928084982676,0.687499999999995
2327,1.2,1.4,-0.88,2.00056805694763,2.001568133443,0.719898207366111,0.719929714714688,0.719897844493622,0.719929808364481,0.719901839241662,0.719928049373163,0.687499999999995
2327.5,1.2,1.4,-0.88,2.00056526948643,2.00156305523443,0.719898347077789,0.719929656718244,0.719897982939298,0.719929748569432,0.719901997863893,0.719928014513006,0.687499999999995
2328,1.2,1.4,-0.88,2.00056249071694,2.00155798982699,0.719898487465433,0.71992959956962,0.719898122074308,0.719929689630409,0.719902156989606,0.719927980398764,0.687499999999995
2328.5,1.2,1.4,-0.88,2.00055972062747,2.00155293719737,0.719898628522734,0.719929543265055,0.719898261892275,0.719929631543629,0.719902316613298,0.719927947026987,0.687499999999995
2329,1.2,1.4,-0.88,2.00055695920627,2.00154789732226,0.719898770243398,0.719929487800808,0.719898402386846,0.719929574305317,0.719902476729427,0.719927914394276,0.687499999999995
2329.5,1.2,1.4,-0.88,2.00055420644151,2.00154287017837,0.719898912621201,0.719929433173137,0.719898543551707,0.719929517911713,0.719902637332656,0.719927882497184,0.687499999999995
2330,1.2,1.4,-0.88,2.00055146232134,2.00153785574244,0.719899055649877,0.719929379378321,0.719898685380562,0.719929462359066,0.719902798417371,0.719927851332321,0.687499999999995
2330.5,1.2,1.4,-0.88,2.00054872683382,2.00153285399119,0.71989919932325,0.719929326412654,0.719898827867152,0.719929407643641,0.719902959978248,0.719927820896313,0.687499999999995
2331,1.2,1.4,-0.88,2.00054599996696,2.00152786490139,0.719899343635157,0.719929274272434,0.719898971005244,0.719929353761712,0.71990312200992,0.719927791185771,0.687499999999995
2331.5,1.2,1.4,-0.88,2.00054328170872,2.00152288844981,0.719899488579413,0.719929222953975,0.71989911478863,0.719929300709566,0.719903284506825,0.71992776219733,0.687499999999995
2332,1.2,1.4,-0.88,2.000540572047,2.00151792461323,0.719899634149956,0.719929172453596,0.719899259211137,0.719929248483501,0.719903447463847,0.719927733927609,0.687499999999995
2332.5,1.2,1.4,-0.88,2.00053787096965,2.00151297336844,0.719899780340664,0.719929122767645,0.719899404266616,0.719929197079828,0.71990361087551,0.71992770637331,0.687499999999995
2333,1.2,1.4,-0.88,2.00053517846447,2.00150803469227,0.719899927145504,0.719929073892462,0.71989954994895,0.719929146494869,0.719903774736618,0.719927679531059,0.687499999999995
2333.5,1.2,1.4,-0.88,2.00053249451917,2.00150310856155,0.719900074558435,0.719929025824398,0.719899696252047,0.719929096724956,0.719903939041855,0.7199276533975,0.687499999999995
2334,1.2,1.4,-0.88,2.00052981912146,2.00149819495312,0.71990022257345,0.719928978559843,0.719899843169844,0.719929047766438,0.719904103785951,0.719927627969394,0.687499999999995
2334.5,1.2,1.4,-0.88,2.00052715225896,2.00149329384384,0.719900371184591,0.719928932095168,0.719899990696307,0.719928999615669,0.719904268963751,0.719927603243389,0.687499999999995
2335,1.2,1.4,-0.88,2.00052449391924,2.00148840521059,0.719900520385912,0.719928886426767,0.719900138825432,0.71992895226902,0.71990443457006,0.719927579216187,0.687499999999995
2335.5,1.2,1.4,-0.88,2.00052184408983,2.00148352903026,0.719900670171497,0.719928841551053,0.719900287551242,0.719928905722871,0.719904600599722,0.719927555884539,0.687499999999995
2336,1.2,1.4,-0.88,2.0005192027582,2.00147866527975,0.719900820535446,0.719928797464446,0.719900436867785,0.719928859973614,0.71990476704754,0.719927533245181,0.687499999999995
2336.5,1.2,1.4,-0.88,2.00051656991178,2.001473813936,0.719900971471904,0.719928754163365,0.71990058676914,0.719928815017654,0.719904933908435,0.719927511294806,0.687499999999995
2337,1.2,1.4,-0.88,2.00051394553793,2.00146897497594,0.719901122975031,0.719928711644255,0.719900737249412,0.719928770851405,0.719905101177287,0.719927490030188,0.687499999999995
2337.5,1.2,1.4,-0.88,2.00051132962397,2.00146414837653,0.719901275039031,0.719928669903569,0.719900888302734,0.719928727471295,0.719905268849091,0.719927469448088,0.687499999999995
2338,1.2,1.4,-0.88,2.00050872215719,2.00145933411474,0.719901427658108,0.719928628937772,0.719901039923267,0.719928684873761,0.719905436918719,0.719927449545285,0.687499999999995
2338.5,1.2,1.4,-0.88,2.00050612312479,2.00145453216756,0.719901580826545,0.719928588743342,0.719901192105202,0.719928643055255,0.719905605381319,0.719927430318574,0.687499999999995
2339,1.2,1.4,-0.88,2.00050353251395,2.00144974251198,0.719901734538584,0.719928549316756,0.719901344842754,0.719928602012236,0.719905774231751,0.719927411764706,0.687499999999995
2339.5,1.2,1.4,-0.88,2.00050095031179,2.00144496512505,0.719901888788552,0.719928510654519,0.719901498130167,0.719928561741179,0.719905943465154,0.719927393880515,0.687499999999995
2340,1.2,1.4,-0.88,2.0004983765054,2.00144019998378,0.719902043570748,0.71992847275314,0.71990165196171,0.719928522238567,0.719906113076459,0.719927376662819,0.687499999999995
2340.5,1.2,1.4,-0.88,2.00049581108179,2.00143544706524,0.719902198879557,0.719928435609136,0.719901806331682,0.719928483500896,0.719906283060877,0.719927360108422,0.687499999999995
2341,1.2,1.4,-0.88,2.00049325402796,2.0014307063465,0.719902354709373,0.719928399219043,0.719901961234412,0.719928445524672,0.71990645341356,0.719927344214178,0.687499999999995
2341.5,1.2,1.4,-0.88,2.00049070533084,2.00142597780464,0.719902511054566,0.719928363579394,0.719902116664247,0.719928408306412,0.719906624129463,0.719927328976896,0.687499999999995
2342,1.2,1.4,-0.88,2.00048816497733,2.00142126141677,0.719902667909625,0.719928328686759,0.719902272615571,0.719928371842649,0.719906795203968,0.719927314393497,0.687499999999995
2342.5,1.2,1.4,-0.88,2.00048563295425,2.00141655716002,0.719902825268956,0.719928294537698,0.719902429082786,0.719928336129921,0.719906966632015,0.719927300460822,0.687499999999995
2343,1.2,1.4,-0.88,2.00048310924843,2.00141186501151,0.719902983127106,0.719928261128776,0.719902586060328,0.71992830116478,0.719907138409048,0.719927287175701,0.687499999999995
2343.5,1.2,1.4,-0.88,2.0004805938466,2.00140718494842,0.719903141478555,0.719928228456593,0.719902743542655,0.71992826694379,0.719907310530147,0.719927274535077,0.687499999999995
2344,1.2,1.4,-0.88,2.00047808673549,2.00140251694791,0.71990330031787,0.719928196517748,0.719902901524255,0.719928233463525,0.719907482990661,0.719927262535841,0.687499999999995
2344.5,1.2,1.4,-0.88,2.00047558790176,2.00139786098717,0.719903459639606,0.719928165308842,0.71990305999964,0.71992820072057,0.719907655785808,0.719927251174876,0.687499999999995
2345,1.2,1.4,-0.88,2.00047309733205,2.00139321704342,0.719903619438381,0.719928134826508,0.719903218963352,0.719928168711523,0.719907828910994,0.719927240449141,0.687499999999995
2345.5,1.2,1.4,-0.88,2.00047061501292,2.00138858509388,0.719903779708791,0.719928105067367,0.719903378409954,0.719928137432989,0.719908002361416,0.71992723035552,0.687499999999995
2346,1.2,1.4,-0.88,2.00046814093093,2.00138396511579,0.719903940445507,0.719928076028067,0.71990353833404,0.719928106881589,0.71990817613254,0.719927220890976,0.687499999999995
2346.5,1.2,1.4,-0.88,2.00046567507258,2.00137935708642,0.719904101643178,0.719928047705254,0.719903698730226,0.71992807705395,0.71990835021962,0.719927212052425,0.687499999999995
2347,1.2,1.4,-0.88,2.00046321742431,2.00137476098304,0.719904263296549,0.719928020095609,0.719903859593161,0.719928047946715,0.719908524618257,0.719927203836897,0.687499999999995
2347.5,1.2,1.4,-0.88,2.00046076797256,2.00137017678297,0.719904425400303,0.719927993195788,0.719904020917511,0.719928019556534,0.719908699323676,0.719927196241278,0.687499999999995
2348,1.2,1.4,-0.88,2.0004583267037,2.0013656044635,0.719904587949219,0.719927967002498,0.719904182697976,0.71992799188007,0.719908874331453,0.719927189262629,0.687499999999995
2348.5,1.2,1.4,-0.88,2.00045589360406,2.00136104400198,0.71990475093807,0.719927941512419,0.719904344929278,0.719927964913997,0.719909049637027,0.719927182897871,0.687499999999995
2349,1.2,1.4,-0.88,2.00045346865995,2.00135649537576,0.719904914361653,0.719927916722266,0.719904507606164,0.719927938654998,0.719909225235865,0.719927177144036,0.687499999999995
2349.5,1.2,1.4,-0.88,2.00045105185763,2.00135195856221,0.719905078214809,0.719927892628761,0.719904670723409,0.71992791309977,0.719909401123536,0.71992717199814,0.687499999999995
2350,1.2,1.4,-0.88,2.00044864318332,2.00134743353872,0.719905242492387,0.719927869228629,0.719904834275814,0.719927888245017,0.719909577295557,0.719927167457183,0.687499999999995
2350.5,1.2,1.4,-0.88,2.0004462426232,2.0013429202827,0.719905407189279,0.719927846518615,0.719904998258205,0.719927864087457,0.719909753747545,0.719927163518216,0.687499999999995
2351,1.2,1.4,-0.88,2.00044385016341,2.00133841877157,0.719905572300385,0.719927824495467,0.719905162665434,0.719927840623817,0.719909930475061,0.71992716017827,0.687499999999995
2351.5,1.2,1.4,-0.88,2.00044146579008,2.00133392898279,0.719905737820614,0.719927803155942,0.719905327492373,0.719927817850835,0.719910107473614,0.719927157434366,0.687499999999995
2352,1.2,1.4,-0.88,2.00043908948927,2.00132945089382,0.719905903744968,0.71992778249682,0.719905492733929,0.719927795765261,0.719910284739052,0.719927155283601,0.687499999999995
2352.5,1.2,1.4,-0.88,2.00043672124702,2.00132498448213,0.719906070068388,0.719927762514888,0.719905658385026,0.719927774363854,0.719910462266846,0.719927153723056,0.687499999999995
2353,1.2,1.4,-0.88,2.00043436104932,2.00132052972523,0.719906236785891,0.719927743206928,0.719905824440616,0.719927753643385,0.71991064005273,0.719927152749767,0.687499999999995
2353.5,1.2,1.4,-0.88,2.00043200888215,2.00131608660065,0.719906403892538,0.719927724569751,0.71990599089568,0.719927733600633,0.719910818092535,0.719927152360846,0.687499999999995
2354,1.2,1.4,-0.88,2.00042966473144,2.00131165508593,0.719906571383343,0.719927706600171,0.719906157745218,0.719927714232392,0.719910996381796,0.719927152553392,0.687499999999995
2354.5,1.2,1.4,-0.88,2.00042732858308,2.00130723515862,0.719906739253414,0.719927689295007,0.719906324984257,0.719927695535462,0.719911174916391,0.719927153324488,0.687499999999995
2355,1.2,1.4,-0.88,2.00042500042294,2.0013028267963,0.719906907497867,0.719927672651106,0.719906492607853,0.719927677506656,0.71991135369213,0.719927154671297,0.687499999999995
2355.5,1.2,1.4,-0.88,2.00042268023684,2.00129842997657,0.719907076111788,0.71992765666531,0.719906660611078,0.719927660142799,0.719911532704612,0.71992715659093,0.687499999999995
2356,1.2,1.4,-0.88,2.00042036801058,2.00129404467706,0.719907245090376,0.71992764133448,0.719906828989037,0.719927643440724,0.719911711949849,0.719927159080547,0.687499999999995
2356.5,1.2,1.4,-0.88,2.00041806372993,2.00128967087539,0.719907414428798,0.71992762665547,0.719906997736857,0.719927627397274,0.719911891423632,0.71992716213723,0.687499999999995
2357,1.2,1.4,-0.88,2.00041576738061,2.00128530854923,0.719907584122267,0.719927612625171,0.71990716684969,0.719927612009305,0.71991207112185,0.719927165758204,0.687499999999995
2357.5,1.2,1.4,-0.88,2.00041347894832,2.00128095767626,0.719907754165978,0.719927599240467,0.719907336322709,0.719927597273682,0.71991225104025,0.719927169940611,0.687499999999995
2358,1.2,1.4,-0.88,2.00041119841873,2.00127661823416,0.719907924555226,0.719927586498251,0.719907506151116,0.719927583187279,0.719912431174919,0.719927174681611,0.687499999999995
2358.5,1.2,1.4,-0.88,2.00040892577748,2.00127229020066,0.71990809528527,0.719927574395437,0.719907676330136,0.719927569746984,0.719912611521715,0.719927179978409,0.687499999999995
2359,1.2,1.4,-0.88,2.00040666101018,2.0012679735535,0.719908266351396,0.719927562928941,0.719907846855015,0.719927556949691,0.719912792076518,0.719927185828197,0.687499999999995
2359.5,1.2,1.4,-0.88,2.00040440410239,2.00126366827042,0.719908437748947,0.719927552095693,0.719908017721027,0.719927544792307,0.719912972835383,0.719927192228178,0.687499999999995
2360,1.2,1.4,-0.88,2.00040215503967,2.00125937432922,0.719908609473269,0.719927541892634,0.71990818892347,0.719927533271749,0.719913153794297,0.719927199175573,0.687499999999995
2360.5,1.2,1.4,-0.88,2.00039991380753,2.00125509170768,0.719908781519752,0.719927532316714,0.719908360457665,0.719927522384945,0.719913334949341,0.719927206667616,0.687499999999995
2361,1.2,1.4,-0.88,2.00039768039145,2.00125082038362,0.71990895388375,0.719927523364884,0.719908532318956,0.71992751212883,0.719913516296375,0.719927214701493,0.687499999999995
2361.5,1.2,1.4,-0.88,2.00039545477691,2.00124656033488,0.719909126560731,0.719927515034131,0.719908704502713,0.719927502500353,0.719913697831671,0.719927223274532,0.687499999999995
2362,1.2,1.4,-0.88,2.00039323694932,2.00124231153932,0.719909299546095,0.719927507321413,0.719908877004326,0.719927493496471,0.719913879551115,0.719927232383887,0.687499999999995
2362.5,1.2,1.4,-0.88,2.00039102689409,2.00123807397482,0.719909472835354,0.719927500223743,0.719909049819215,0.719927485114152,0.719914061451005,0.719927242026914,0.687499999999995
2363,1.2,1.4,-0.88,2.00038882459659,2.00123384761928,0.71990964642395,0.719927493738106,0.719909222942817,0.719927477350375,0.719914243527252,0.719927252200827,0.687499999999995
2363.5,1.2,1.4,-0.88,2.00038663004218,2.00122963245062,0.719909820307437,0.719927487861508,0.719909396370595,0.719927470202125,0.719914425776182,0.719927262902887,0.687499999999995
2364,1.2,1.4,-0.88,2.00038444321617,2.00122542844677,0.719909994481355,0.719927482590988,0.719909570098041,0.719927463666403,0.719914608193967,0.719927274130463,0.687499999999995
2364.5,1.2,1.4,-0.88,2.00038226410386,2.0012212355857,0.719910168941229,0.719927477923558,0.719909744120661,0.719927457740216,0.719914790776633,0.71992728588078,0.687499999999995
2365,1.2,1.4,-0.88,2.00038009269052,2.0012170538454,0.719910343682674,0.719927473856266,0.71990991843399,0.719927452420581,0.71991497352054,0.719927298151175,0.687499999999995
2365.5,1.2,1.4,-0.88,2.0003779289614,2.00121288320386,0.719910518701276,0.719927470386168,0.719910093033585,0.719927447704528,0.719915156421816,0.719927310938997,0.687499999999995
2366,1.2,1.4,-0.88,2.0003757729017,2.00120872363911,0.719910693992674,0.71992746751031,0.719910267915024,0.719927443589094,0.71991533947676,0.719927324241514,0.687499999999995
2366.5,1.2,1.4,-0.88,2.00037362449663,2.0012045751292,0.719910869552531,0.719927465225766,0.719910443073912,0.719927440071327,0.71991552268168,0.719927338056073,0.687499999999995
2367,1.2,1.4,-0.88,2.00037148373136,2.00120043765219,0.719911045376508,0.719927463529625,0.719910618505876,0.719927437148285,0.719915706032812,0.719927352380068,0.687499999999995
2367.5,1.2,1.4,-0.88,2.00036935059102,2.00119631118617,0.719911221460306,0.719927462418967,0.719910794206562,0.719927434817036,0.719915889526483,0.719927367210808,0.687499999999995
2368,1.2,1.4,-0.88,2.00036722506075,2.00119219570925,0.719911397799666,0.719927461890897,0.719910970171647,0.719927433074657,0.719916073159107,0.719927382545683,0.687499999999995
2368.5,1.2,1.4,-0.88,2.00036510712564,2.00118809119956,0.71991157439031,0.719927461942517,0.719911146396824,0.719927431918237,0.719916256926942,0.719927398382033,0.687499999999995
2369,1.2,1.4,-0.88,2.00036299677077,2.00118399763525,0.719911751227999,0.719927462570952,0.719911322877808,0.719927431344871,0.719916440826343,0.719927414717274,0.687499999999995
2369.5,1.2,1.4,-0.88,2.00036089398118,2.0011799149945,0.719911928308548,0.719927463773328,0.719911499610342,0.719927431351668,0.719916624853824,0.719927431548774,0.687499999999995
2370,1.2,1.4,-0.88,2.00035879874192,2.0011758432555,0.719912105627756,0.719927465546791,0.719911676590189,0.719927431935745,0.719916809005748,0.719927448873977,0.687499999999995
2370.5,1.2,1.4,-0.88,2.00035671103799,2.00117178239647,0.719912283181443,0.719927467888473,0.719911853813132,0.719927433094227,0.719916993278485,0.719927466690214,0.687499999999995
2371,1.2,1.4,-0.88,2.00035463085438,2.00116773239564,0.719912460965482,0.719927470795542,0.71991203127498,0.719927434824252,0.719917177668571,0.719927484994959,0.687499999999995
2371.5,1.2,1.4,-0.88,2.00035255817605,2.00116369323128,0.719912638975746,0.719927474265166,0.719912208971563,0.719927437122964,0.719917362172467,0.719927503785632,0.687499999999995
2372,1.2,1.4,-0.88,2.00035049298796,2.00115966488167,0.719912817208147,0.719927478294522,0.719912386898734,0.719927439987521,0.719917546786716,0.719927523059669,0.687499999999995
2372.5,1.2,1.4,-0.88,2.00034843527502,2.0011556473251,0.71991299565858,0.719927482880789,0.719912565052367,0.719927443415087,0.719917731507711,0.71992754281449,0.687499999999995
2373,1.2,1.4,-0.88,2.00034638502215,2.00115164053992,0.719913174323008,0.719927488021172,0.719912743428358,0.719927447402837,0.719917916332085,0.719927563047587,0.687499999999995
2373.5,1.2,1.4,-0.88,2.00034434221423,2.00114764450446,0.719913353197398,0.719927493712867,0.719912922022625,0.719927451947955,0.719918101256397,0.719927583756374,0.687499999999995
2374,1.2,1.4,-0.88,2.00034230683613,2.0011436591971,0.719913532277736,0.719927499953098,0.719913100831111,0.719927457047635,0.719918286277208,0.719927604938373,0.687499999999995
2374.5,1.2,1.4,-0.88,2.00034027887269,2.00113968459623,0.719913711560022,0.719927506739083,0.719913279849777,0.719927462699081,0.719918471391082,0.719927626591022,0.687499999999995
2375,1.2,1.4,-0.88,2.00033825830875,2.00113572068025,0.719913891040295,0.719927514068067,0.719913459074607,0.719927468899508,0.719918656594668,0.719927648711869,0.687499999999995
2375.5,1.2,1.4,-0.88,2.00033624512911,2.00113176742762,0.719914070714611,0.71992752193728,0.719913638501607,0.719927475646136,0.719918841884613,0.719927671298349,0.687499999999995
2376,1.2,1.4,-0.88,2.00033423931857,2.00112782481678,0.719914250579042,0.719927530343976,0.719913818126806,0.719927482936197,0.719919027257568,0.719927694347971,0.687499999999995
2376.5,1.2,1.4,-0.88,2.00033224086191,2.00112389282622,0.719914430629679,0.719927539285425,0.719913997946252,0.719927490766933,0.719919212710184,0.719927717858293,0.687499999999995
2377,1.2,1.4,-0.88,2.00033024974389,2.00111997143445,0.719914610862648,0.719927548758896,0.719914177956016,0.719927499135596,0.719919398239195,0.719927741826818,0.687499999999995
2377.5,1.2,1.4,-0.88,2.00032826594924,2.00111606061998,0.719914791274073,0.719927558761665,0.719914358152191,0.719927508039445,0.719919583841253,0.719927766251064,0.687499999999995
2378,1.2,1.4,-0.88,2.00032628946269,2.00111216036137,0.719914971860132,0.719927569291021,0.71991453853089,0.719927517475749,0.719919769513173,0.719927791128564,0.687499999999995
2378.5,1.2,1.4,-0.88,2.00032432026895,2.00110827063719,0.719915152617001,0.719927580344275,0.71991471908825,0.719927527441788,0.719919955251685,0.719927816456923,0.687499999999995
2379,1.2,1.4,-0.88,2.00032235835272,2.00110439142603,0.719915333540873,0.719927591918722,0.719914899820426,0.71992753793485,0.719920141053521,0.719927842233636,0.687499999999995
2379.5,1.2,1.4,-0.88,2.00032040369867,2.00110052270651,0.719915514627976,0.719927604011695,0.719915080723595,0.719927548952232,0.719920326915495,0.719927868456333,0.687499999999995
2380,1.2,1.4,-0.88,2.00031845629146,2.00109666445727,0.719915695874535,0.719927616620507,0.719915261793953,0.719927560491243,0.719920512834336,0.719927895122534,0.687499999999995
2380.5,1.2,1.4,-0.88,2.00031651611574,2.00109281665697,0.719915877276845,0.719927629742497,0.719915443027721,0.719927572549195,0.719920698807014,0.719927922229832,0.687499999999995
2381,1.2,1.4,-0.88,2.00031458315614,2.0010889792843,0.719916058831184,0.719927643375015,0.719915624421142,0.719927585123417,0.719920884830331,0.719927949775835,0.687499999999995
2381.5,1.2,1.4,-0.88,2.00031265739729,2.00108515231797,0.71991624053386,0.719927657515411,0.719915805970476,0.719927598211241,0.719921070901169,0.719927977758132,0.687499999999995
2382,1.2,1.4,-0.88,2.00031073882379,2.0010813357367,0.719916422381181,0.719927672161054,0.719915987672004,0.719927611810011,0.719921257016327,0.719928006174354,0.687499999999995
2382.5,1.2,1.4,-0.88,2.00030882742022,2.00107752951925,0.719916604369505,0.719927687309316,0.71991616952203,0.719927625917081,0.719921443172762,0.719928035022112,0.687499999999995
2383,1.2,1.4,-0.88,2.00030692317117,2.0010737336444,0.719916786495191,0.719927702957572,0.719916351516874,0.719927640529812,0.719921629367351,0.719928064299,0.687499999999995
2383.5,1.2,1.4,-0.88,2.0003050260612,2.00106994809095,0.719916968754644,0.719927719103219,0.719916533652882,0.719927655645574,0.719921815597118,0.719928094002688,0.687499999999995
2384,1.2,1.4,-0.88,2.00030313607487,2.00106617283772,0.71991715114427,0.719927735743659,0.719916715926419,0.719927671261749,0.719922001859006,0.719928124130823,0.687499999999995
2384.5,1.2,1.4,-0.88,2.00030125319671,2.00106240786357,0.719917333660489,0.719927752876289,0.719916898333871,0.719927687375724,0.719922188149953,0.719928154681005,0.687499999999995
2385,1.2,1.4,-0.88,2.00029937741125,2.00105865314735,0.719917516299754,0.719927770498536,0.719917080871641,0.719927703984898,0.719922374466973,0.719928185650939,0.687499999999995
2385.5,1.2,1.4,-0.88,2.00029750870301,2.00105490866798,0.719917699058532,0.719927788607833,0.719917263536155,0.719927721086679,0.719922560807072,0.71992821703831,0.687499999999995
2386,1.2,1.4,-0.88,2.00029564705649,2.00105117440435,0.719917881933323,0.719927807201597,0.719917446323861,0.71992773867848,0.719922747167331,0.719928248840721,0.687499999999995
2386.5,1.2,1.4,-0.88,2.00029379245619,2.00104745033542,0.719918064920624,0.719927826277293,0.719917629231224,0.719927756757729,0.719922933544741,0.719928281055945,0.687499999999995
2387,1.2,1.4,-0.88,2.00029194488658,2.00104373644015,0.719918248016964,0.71992784583236,0.719917812254729,0.719927775321858,0.719923119936372,0.719928313681606,0.687499999999995
2387.5,1.2,1.4,-0.88,2.00029010433215,2.00104003269752,0.719918431218886,0.71992786586426,0.71991799539088,0.71992779436831,0.719923306339285,0.71992834671541,0.687499999999995
2388,1.2,1.4,-0.88,2.00028827077735,2.00103633908655,0.719918614522964,0.71992788637048,0.719918178636205,0.719927813894537,0.719923492750615,0.719928380155131,0.687499999999995
2388.5,1.2,1.4,-0.88,2.00028644420664,2.00103265558628,0.719918797925805,0.719927907348478,0.71991836198725,0.719927833897999,0.719923679167563,0.719928413998398,0.687499999999995
2389,1.2,1.4,-0.88,2.00028462460445,2.00102898217576,0.719918981423995,0.719927928795762,0.719918545440581,0.719927854376166,0.719923865587163,0.719928448243014,0.687499999999995
2389.5,1.2,1.4,-0.88,2.00028281195523,2.00102531883407,0.719919165014167,0.71992795070981,0.719918728992781,0.719927875326515,0.719924052006605,0.71992848288663,0.687499999999995
2390,1.2,1.4,-0.88,2.00028100624339,2.00102166554033,0.719919348692968,0.719927973088147,0.719918912640457,0.719927896746534,0.719924238423064,0.719928517927071,0.687499999999995
2390.5,1.2,1.4,-0.88,2.00027920745336,2.00101802227366,0.719919532457061,0.719927995928277,0.719919096380233,0.719927918633717,0.719924424833712,0.719928553362043,0.687499999999995
2391,1.2,1.4,-0.88,2.00027741556953,2.00101438901322,0.719919716303136,0.719928019227732,0.719919280208751,0.719927940985571,0.719924611235784,0.71992858918933,0.687499999999995
2391.5,1.2,1.4,-0.88,2.00027563057631,2.00101076573819,0.719919900227918,0.719928042984033,0.719919464122679,0.719927963799607,0.719924797626588,0.719928625406661,0.687499999999995
2392,1.2,1.4,-0.88,2.00027385245809,2.00100715242777,0.719920084228089,0.719928067194724,0.719919648118696,0.719927987073348,0.719924984003182,0.719928662011811,0.687499999999995
2392.5,1.2,1.4,-0.88,2.00027208119926,2.00100354906118,0.719920268300415,0.719928091857352,0.719919832193504,0.719928010804322,0.719925170362935,0.719928699002567,0.687499999999995
2393,1.2,1.4,-0.88,2.00027031678418,2.00099995561768,0.719920452441676,0.719928116969486,0.719920016343827,0.719928034990069,0.719925356703198,0.719928736376756,0.687499999999995
2393.5,1.2,1.4,-0.88,2.00026855919723,2.00099637207654,0.719920636648609,0.719928142528687,0.719920200566402,0.719928059628139,0.719925543021075,0.719928774132153,0.687499999999995
2394,1.2,1.4,-0.88,2.00026680842277,2.00099279841707,0.719920820918056,0.719928168532525,0.71992038485799,0.719928084716086,0.719925729314059,0.719928812266544,0.687499999999995
2394.5,1.2,1.4,-0.88,2.00026506444516,2.00098923461858,0.719921005246815,0.719928194978589,0.71992056921537,0.719928110251475,0.719925915579388,0.719928850777761,0.687499999999995
2395,1.2,1.4,-0.88,2.00026332724874,2.00098568066042,0.719921189631751,0.719928221864466,0.719920753635342,0.719928136231879,0.719926101814525,0.719928889663612,0.687499999999995
2395.5,1.2,1.4,-0.88,2.00026159681787,2.00098213652197,0.719921374069668,0.719928249187757,0.719920938114717,0.719928162654881,0.719926288016605,0.719928928921918,0.687499999999995
2396,1.2,1.4,-0.88,2.00025987313688,2.00097860218262,0.719921558557491,0.719928276946074,0.719921122650334,0.719928189518069,0.719926474183227,0.719928968550542,0.687499999999995
2396.5,1.2,1.4,-0.88,2.0002581561901,2.0009750776218,0.719921743092102,0.719928305137036,0.719921307239048,0.719928216819045,0.719926660311735,0.719929008547326,0.687499999999995
2397,1.2,1.4,-0.88,2.00025644596186,2.00097156281894,0.719921927670396,0.719928333758269,0.719921491877728,0.719928244555414,0.719926846399459,0.719929048910121,0.687499999999995
2397.5,1.2,1.4,-0.88,2.00025474243648,2.00096805775352,0.719922112289312,0.719928362807399,0.719921676563266,0.719928272724792,0.719927032443879,0.71992908963676,0.687499999999995
2398,1.2,1.4,-0.88,2.00025304559829,2.00096456240504,0.719922296945822,0.719928392282078,0.719921861292575,0.719928301324804,0.719927218442532,0.71992913072515,0.687499999999995
2398.5,1.2,1.4,-0.88,2.00025135543159,2.000961076753,0.719922481636854,0.719928422179952,0.71992204606258,0.719928330353082,0.719927404392706,0.719929172173142,0.687499999999995
2399,1.2,1.4,-0.88,2.0002496719207,2.00095760077697,0.719922666359435,0.719928452498683,0.719922230870229,0.719928359807267,0.71992759029207,0.719929213978633,0.687499999999995
2399.5,1.2,1.4,-0.88,2.00024799504992,2.00095413445649,0.719922851110534,0.719928483235934,0.719922415712487,0.719928389685008,0.719927776137959,0.719929256139497,0.687499999999995
