time_s,q_in,cod_true,cod_slow_measure,true_oxygen_load,rf_predicted_load,do_cascade,do_conventional_ff,do_rf_ff,air_sp_cascade,air_sp_conventional_ff,air_sp_rf_ff,blower_u_cascade,blower_u_conventional_ff,blower_u_rf_ff
0.0,1.000000,1.000000,1.000000,0.006854,0.005846,1.999981,1.999981,1.999981,0.500000,0.500000,0.501520,0.500000,0.500000,0.506535
0.5,1.000000,1.000000,1.000000,0.006890,0.004879,1.999962,1.999962,1.999962,0.500772,0.500310,0.501579,0.503318,0.501331,0.506309
1.0,1.000000,1.000000,1.000000,0.006926,0.003953,1.999943,1.999943,1.999943,0.500783,0.500315,0.501345,0.503124,0.501258,0.504836
1.5,1.000000,1.000000,1.000000,0.006961,0.003065,1.999924,1.999924,1.999924,0.500795,0.500321,0.501120,0.502945,0.501190,0.503516
2.0,1.000000,1.000000,1.000000,0.006997,0.002214,1.999904,1.999904,1.999904,0.500807,0.500327,0.500906,0.502780,0.501127,0.502336
2.5,1.000000,1.000000,1.000000,0.007033,0.001399,1.999885,1.999885,1.999885,0.500819,0.500333,0.500700,0.502628,0.501070,0.501285
3.0,1.000000,1.000000,1.000000,0.007068,0.000617,1.999866,1.999866,1.999866,0.500831,0.500338,0.500504,0.502489,0.501017,0.500353
3.5,1.000000,1.000000,1.000000,0.007104,-0.000132,1.999846,1.999846,1.999846,0.500843,0.500344,0.500316,0.502361,0.500969,0.499529
4.0,1.000000,1.000000,1.000000,0.007140,-0.000849,1.999827,1.999827,1.999827,0.500855,0.500350,0.500136,0.502245,0.500925,0.498803
4.5,1.000000,1.000000,1.000000,0.007176,-0.001537,1.999808,1.999808,1.999808,0.500868,0.500356,0.499964,0.502141,0.500886,0.498168
5.0,1.000000,1.000000,1.000000,0.007211,-0.002196,1.999788,1.999788,1.999788,0.500880,0.500362,0.499799,0.502046,0.500850,0.497614
5.5,1.000000,1.000000,1.000000,0.007247,-0.002828,1.999768,1.999768,1.999768,0.500892,0.500368,0.499642,0.501961,0.500818,0.497133
6.0,1.000000,1.000000,1.000000,0.007283,-0.003433,1.999749,1.999749,1.999749,0.500905,0.500374,0.499491,0.501885,0.500790,0.496719
6.5,1.000000,1.000000,1.000000,0.007318,-0.004013,1.999729,1.999729,1.999729,0.500917,0.500380,0.499347,0.501817,0.500765,0.496365
7.0,1.000000,1.000000,1.000000,0.007354,-0.004569,1.999710,1.999710,1.999710,0.500929,0.500386,0.499209,0.501758,0.500743,0.496065
7.5,1.000000,1.000000,1.000000,0.007390,-0.005102,1.999690,1.999690,1.999690,0.500942,0.500392,0.499078,0.501705,0.500723,0.495812
8.0,1.000000,1.000000,1.000000,0.007426,-0.005612,1.999670,1.999670,1.999670,0.500955,0.500398,0.498952,0.501660,0.500707,0.495602
8.5,1.000000,1.000000,1.000000,0.007461,-0.006101,1.999650,1.999650,1.999650,0.500967,0.500404,0.498832,0.501620,0.500693,0.495430
9.0,1.000000,1.000000,1.000000,0.007497,-0.006570,1.999630,1.999630,1.999630,0.500980,0.500410,0.498717,0.501587,0.500681,0.495291
9.5,1.000000,1.000000,1.000000,0.007533,-0.007020,1.999611,1.999611,1.999611,0.500993,0.500416,0.498607,0.501558,0.500671,0.495182
10.0,1.000000,1.000000,1.000000,0.007569,-0.007450,1.999591,1.999591,1.999591,0.501005,0.500423,0.498502,0.501535,0.500663,0.495099
10.5,1.000000,1.000000,1.000000,0.007604,-0.007863,1.999571,1.999571,1.999571,0.501018,0.500429,0.498402,0.501515,0.500656,0.495038
11.0,1.000000,1.000000,1.000000,0.007640,-0.008258,1.999551,1.999551,1.999551,0.501031,0.500435,0.498306,0.501500,0.500652,0.494997
11.5,1.000000,1.000000,1.000000,0.007676,-0.008637,1.999531,1.999531,1.999531,0.501044,0.500441,0.498214,0.501489,0.500648,0.494973
12.0,1.000000,1.000000,1.000000,0.007711,-0.009001,1.999510,1.999510,1.999510,0.501057,0.500448,0.498127,0.501480,0.500646,0.494964
12.5,1.000000,1.000000,1.000000,0.007747,-0.009349,1.999490,1.999490,1.999490,0.501070,0.500454,0.498044,0.501475,0.500645,0.494967
13.0,1.000000,1.000000,1.000000,0.007783,-0.009682,1.999470,1.999470,1.999470,0.501083,0.500460,0.497964,0.501473,0.500646,0.494980
13.5,1.000000,1.000000,1.000000,0.007819,-0.010002,1.999450,1.999450,1.999450,0.501096,0.500467,0.497888,0.501472,0.500647,0.495003
14.0,1.000000,1.000000,1.000000,0.007855,-0.010308,1.999430,1.999430,1.999430,0.501109,0.500473,0.497816,0.501474,0.500649,0.495032
14.5,1.000000,1.000000,1.000000,0.007890,-0.010602,1.999409,1.999409,1.999409,0.501123,0.500479,0.497747,0.501478,0.500652,0.495068
15.0,1.000000,1.000000,1.000000,0.007926,-0.010883,1.999389,1.999389,1.999389,0.501136,0.500486,0.497681,0.501484,0.500655,0.495108
15.5,1.000000,1.000000,1.000000,0.007962,-0.011153,1.999368,1.999368,1.999368,0.501149,0.500492,0.497618,0.501492,0.500659,0.495152
16.0,1.000000,1.000000,1.000000,0.007998,-0.011411,1.999348,1.999348,1.999348,0.501163,0.500499,0.497559,0.501500,0.500664,0.495199
16.5,1.000000,1.000000,1.000000,0.008033,-0.011659,1.999327,1.999327,1.999327,0.501176,0.500505,0.497502,0.501510,0.500669,0.495248
17.0,1.000000,1.000000,1.000000,0.008069,-0.011896,1.999307,1.999307,1.999307,0.501190,0.500512,0.497447,0.501521,0.500674,0.495298
17.5,1.000000,1.000000,1.000000,0.008105,-0.012066,1.999286,1.999286,1.999286,0.501203,0.500518,0.497411,0.501533,0.500680,0.495413
18.0,1.000000,1.000000,1.000000,0.008141,-0.012229,1.999266,1.999266,1.999266,0.501217,0.500525,0.497376,0.501546,0.500687,0.495521
18.5,1.000000,1.000000,1.000000,0.008177,-0.012386,1.999245,1.999245,1.999245,0.501230,0.500531,0.497343,0.501559,0.500693,0.495622
19.0,1.000000,1.000000,1.000000,0.008212,-0.012535,1.999224,1.999224,1.999224,0.501244,0.500538,0.497311,0.501573,0.500700,0.495717
19.5,1.000000,1.000000,1.000000,0.008248,-0.012679,1.999204,1.999204,1.999204,0.501258,0.500545,0.497281,0.501588,0.500707,0.495805
20.0,1.000000,1.000000,1.000000,0.008284,-0.012817,1.999183,1.999183,1.999183,0.501272,0.500551,0.497253,0.501603,0.500714,0.495887
20.5,1.000000,1.000000,1.000000,0.008320,-0.012948,1.999162,1.999162,1.999162,0.501286,0.500558,0.497227,0.501618,0.500722,0.495963
21.0,1.000000,1.000000,1.000000,0.008355,-0.013075,1.999141,1.999141,1.999141,0.501300,0.500565,0.497201,0.501634,0.500729,0.496035
21.5,1.000000,1.000000,1.000000,0.008391,-0.013196,1.999120,1.999120,1.999120,0.501314,0.500571,0.497178,0.501650,0.500737,0.496101
22.0,1.000000,1.000000,1.000000,0.008427,-0.013312,1.999099,1.999099,1.999099,0.501328,0.500578,0.497155,0.501666,0.500744,0.496162
22.5,1.000000,1.000000,1.000000,0.008463,-0.013423,1.999078,1.999078,1.999078,0.501342,0.500585,0.497134,0.501683,0.500752,0.496219
23.0,1.000000,1.000000,1.000000,0.008499,-0.013529,1.999057,1.999057,1.999057,0.501356,0.500592,0.497114,0.501700,0.500760,0.496271
23.5,1.000000,1.000000,1.000000,0.008535,-0.013632,1.999036,1.999036,1.999036,0.501370,0.500599,0.497095,0.501716,0.500768,0.496320
24.0,1.000000,1.000000,1.000000,0.008570,-0.013729,1.999015,1.999015,1.999015,0.501384,0.500605,0.497078,0.501733,0.500776,0.496365
24.5,1.000000,1.000000,1.000000,0.008606,-0.013823,1.998994,1.998994,1.998994,0.501399,0.500612,0.497061,0.501750,0.500784,0.496407
25.0,1.000000,1.000000,1.000000,0.008642,-0.013913,1.998972,1.998972,1.998972,0.501413,0.500619,0.497046,0.501767,0.500792,0.496446
25.5,1.000000,1.000000,1.000000,0.008678,-0.013999,1.998951,1.998951,1.998951,0.501427,0.500626,0.497031,0.501785,0.500800,0.496482
26.0,1.000000,1.000000,1.000000,0.008714,-0.014082,1.998930,1.998930,1.998930,0.501442,0.500633,0.497018,0.501802,0.500808,0.496515
26.5,1.000000,1.000000,1.000000,0.008749,-0.014161,1.998909,1.998909,1.998909,0.501456,0.500640,0.497005,0.501819,0.500817,0.496546
27.0,1.000000,1.000000,1.000000,0.008785,-0.014237,1.998887,1.998887,1.998887,0.501471,0.500647,0.496994,0.501836,0.500825,0.496575
27.5,1.000000,1.000000,1.000000,0.008821,-0.014309,1.998866,1.998866,1.998866,0.501485,0.500654,0.496983,0.501853,0.500833,0.496601
28.0,1.000000,1.000000,1.000000,0.008857,-0.014379,1.998844,1.998844,1.998844,0.501500,0.500661,0.496973,0.501871,0.500841,0.496626
28.5,1.000000,1.000000,1.000000,0.008893,-0.014446,1.998823,1.998823,1.998823,0.501515,0.500668,0.496964,0.501888,0.500849,0.496649
29.0,1.000000,1.000000,1.000000,0.008929,-0.014510,1.998801,1.998801,1.998801,0.501530,0.500675,0.496955,0.501905,0.500857,0.496671
29.5,1.000000,1.000000,1.000000,0.008964,-0.014571,1.998780,1.998780,1.998780,0.501544,0.500683,0.496947,0.501922,0.500866,0.496691
30.0,1.000000,1.000000,1.000000,0.009000,-0.014630,1.998758,1.998758,1.998761,0.501559,0.500690,0.496940,0.501940,0.500874,0.496711
30.5,1.000000,1.000000,1.000000,0.009036,-0.014671,1.998738,1.998737,1.998744,0.501574,0.500697,0.496898,0.501957,0.500882,0.496576
31.0,1.000000,1.000000,1.000000,0.009072,-0.014710,1.998718,1.998716,1.998728,0.501539,0.500696,0.496859,0.501760,0.500856,0.496460
31.5,1.000000,1.000000,1.000000,0.009108,-0.014748,1.998700,1.998696,1.998714,0.501509,0.500696,0.496830,0.501596,0.500835,0.496393
32.0,1.000000,1.000000,1.000000,0.009144,-0.014784,1.998682,1.998676,1.998700,0.501482,0.500696,0.496809,0.501462,0.500818,0.496367
32.5,1.000000,1.000000,1.000000,0.009180,-0.014819,1.998666,1.998656,1.998686,0.501458,0.500697,0.496796,0.501354,0.500805,0.496374
33.0,1.000000,1.000000,1.000000,0.009215,-0.014852,1.998650,1.998637,1.998672,0.501438,0.500699,0.496791,0.501268,0.500796,0.496409
33.5,1.000000,1.000000,1.000000,0.009251,-0.014884,1.998634,1.998617,1.998658,0.501421,0.500701,0.496791,0.501202,0.500790,0.496466
34.0,1.000000,1.000000,1.000000,0.009287,-0.014915,1.998619,1.998598,1.998643,0.501406,0.500703,0.496797,0.501154,0.500787,0.496539
34.5,1.000000,1.000000,1.000000,0.009323,-0.014944,1.998605,1.998579,1.998627,0.501394,0.500706,0.496807,0.501120,0.500786,0.496625
35.0,1.000000,1.000000,1.000000,0.009359,-0.014972,1.998591,1.998561,1.998610,0.501384,0.500709,0.496821,0.501098,0.500787,0.496720
35.5,1.000000,1.000000,1.000000,0.009395,-0.014999,1.998578,1.998542,1.998591,0.501376,0.500712,0.496839,0.501087,0.500790,0.496821
36.0,1.000000,1.000000,1.000000,0.009431,-0.015025,1.998564,1.998524,1.998571,0.501370,0.500716,0.496859,0.501086,0.500794,0.496926
36.5,1.000000,1.000000,1.000000,0.009466,-0.015049,1.998552,1.998505,1.998550,0.501365,0.500719,0.496883,0.501091,0.500800,0.497032
37.0,1.000000,1.000000,1.000000,0.009502,-0.015073,1.998539,1.998487,1.998527,0.501362,0.500724,0.496908,0.501103,0.500806,0.497137
37.5,1.000000,1.000000,1.000000,0.009538,-0.015096,1.998527,1.998469,1.998503,0.501360,0.500728,0.496934,0.501119,0.500813,0.497241
38.0,1.000000,1.000000,1.000000,0.009574,-0.015118,1.998515,1.998451,1.998476,0.501360,0.500732,0.496963,0.501139,0.500821,0.497342
38.5,1.000000,1.000000,1.000000,0.009610,-0.015138,1.998503,1.998433,1.998449,0.501360,0.500737,0.496992,0.501163,0.500829,0.497439
39.0,1.000000,1.000000,1.000000,0.009646,-0.015158,1.998491,1.998415,1.998420,0.501361,0.500742,0.497022,0.501188,0.500838,0.497532
39.5,1.000000,1.000000,1.000000,0.009682,-0.015177,1.998479,1.998397,1.998389,0.501363,0.500747,0.497053,0.501215,0.500847,0.497620
40.0,1.000000,1.000000,1.000000,0.009718,-0.015196,1.998468,1.998379,1.998356,0.501366,0.500752,0.497084,0.501242,0.500856,0.497703
40.5,1.000000,1.000000,1.000000,0.009753,-0.015213,1.998456,1.998361,1.998322,0.501369,0.500757,0.497115,0.501270,0.500865,0.497781
41.0,1.000000,1.000000,1.000000,0.009789,-0.015230,1.998445,1.998344,1.998287,0.501373,0.500762,0.497147,0.501298,0.500874,0.497853
41.5,1.000000,1.000000,1.000000,0.009825,-0.015246,1.998434,1.998326,1.998250,0.501377,0.500768,0.497178,0.501326,0.500883,0.497920
42.0,1.000000,1.000000,1.000000,0.009861,-0.015262,1.998423,1.998308,1.998212,0.501382,0.500773,0.497210,0.501353,0.500893,0.497982
42.5,1.000000,1.000000,1.000000,0.009897,-0.015277,1.998412,1.998290,1.998173,0.501387,0.500779,0.497241,0.501379,0.500902,0.498039
43.0,1.000000,1.000000,1.000000,0.009933,-0.015291,1.998401,1.998273,1.998132,0.501392,0.500784,0.497273,0.501405,0.500910,0.498091
43.5,1.000000,1.000000,1.000000,0.009969,-0.015304,1.998390,1.998255,1.998090,0.501397,0.500790,0.497303,0.501429,0.500919,0.498138
44.0,1.000000,1.000000,1.000000,0.010005,-0.015318,1.998379,1.998237,1.998046,0.501403,0.500795,0.497334,0.501452,0.500928,0.498182
44.5,1.000000,1.000000,1.000000,0.010040,-0.015330,1.998368,1.998220,1.998002,0.501409,0.500801,0.497364,0.501474,0.500936,0.498221
45.0,1.000000,1.000000,1.000000,0.010076,-0.015342,1.998358,1.998202,1.997957,0.501415,0.500807,0.497394,0.501494,0.500944,0.498256
45.5,1.000000,1.000000,1.000000,0.010112,-0.015353,1.998347,1.998184,1.997910,0.501421,0.500812,0.497423,0.501513,0.500953,0.498288
46.0,1.000000,1.000000,1.000000,0.010148,-0.015364,1.998336,1.998167,1.997863,0.501427,0.500818,0.497452,0.501531,0.500960,0.498318
46.5,1.000000,1.000000,1.000000,0.010184,-0.015375,1.998326,1.998149,1.997815,0.501433,0.500824,0.497481,0.501548,0.500968,0.498344
47.0,1.000000,1.000000,1.000000,0.010220,-0.015385,1.998315,1.998132,1.997766,0.501439,0.500830,0.497509,0.501563,0.500976,0.498368
47.5,1.000000,1.000000,1.000000,0.010256,-0.015395,1.998305,1.998114,1.997716,0.501445,0.500835,0.497537,0.501578,0.500983,0.498390
48.0,1.000000,1.000000,1.000000,0.010292,-0.015404,1.998295,1.998097,1.997665,0.501451,0.500841,0.497564,0.501591,0.500990,0.498408
48.5,1.000000,1.000000,1.000000,0.010328,-0.015413,1.998284,1.998079,1.997614,0.501457,0.500847,0.497590,0.501603,0.500997,0.498423
49.0,1.000000,1.000000,1.000000,0.010363,-0.015422,1.998274,1.998062,1.997562,0.501463,0.500853,0.497616,0.501614,0.501004,0.498435
49.5,1.000000,1.000000,1.000000,0.010399,-0.015430,1.998264,1.998044,1.997510,0.501469,0.500859,0.497640,0.501624,0.501011,0.498446
50.0,1.000000,1.000000,1.000000,0.010435,-0.015438,1.998254,1.998026,1.997457,0.501475,0.500864,0.497665,0.501634,0.501018,0.498455
50.5,1.000000,1.000000,1.000000,0.010471,-0.015445,1.998244,1.998009,1.997404,0.501481,0.500870,0.497688,0.501642,0.501024,0.498463
51.0,1.000000,1.000000,1.000000,0.010507,-0.015452,1.998234,1.997992,1.997350,0.501487,0.500876,0.497712,0.501650,0.501031,0.498470
51.5,1.000000,1.000000,1.000000,0.010543,-0.015459,1.998224,1.997974,1.997297,0.501493,0.500882,0.497734,0.501657,0.501037,0.498476
52.0,1.000000,1.000000,1.000000,0.010579,-0.015466,1.998214,1.997957,1.997242,0.501499,0.500888,0.497757,0.501663,0.501043,0.498482
52.5,1.000000,1.000000,1.000000,0.010615,-0.015472,1.998204,1.997939,1.997188,0.501504,0.500893,0.497779,0.501669,0.501049,0.498488
53.0,1.000000,1.000000,1.000000,0.010651,-0.015478,1.998194,1.997922,1.997133,0.501510,0.500899,0.497800,0.501675,0.501055,0.498494
53.5,1.000000,1.000000,1.000000,0.010687,-0.015484,1.998185,1.997904,1.997078,0.501515,0.500905,0.497822,0.501680,0.501061,0.498499
54.0,1.000000,1.000000,1.000000,0.010722,-0.015489,1.998175,1.997887,1.997023,0.501521,0.500911,0.497843,0.501684,0.501067,0.498506
54.5,1.000000,1.000000,1.000000,0.010758,-0.015495,1.998165,1.997870,1.996968,0.501526,0.500917,0.497864,0.501688,0.501073,0.498512
55.0,1.000000,1.000000,1.000000,0.010794,-0.015500,1.998156,1.997852,1.996912,0.501531,0.500922,0.497884,0.501692,0.501079,0.498519
55.5,1.000000,1.000000,1.000000,0.010830,-0.015505,1.998147,1.997835,1.996857,0.501536,0.500928,0.497904,0.501696,0.501085,0.498527
56.0,1.000000,1.000000,1.000000,0.010866,-0.015510,1.998137,1.997818,1.996801,0.501541,0.500934,0.497925,0.501699,0.501091,0.498535
56.5,1.000000,1.000000,1.000000,0.010902,-0.015514,1.998128,1.997800,1.996745,0.501546,0.500940,0.497945,0.501702,0.501097,0.498544
57.0,1.000000,1.000000,1.000000,0.010938,-0.015518,1.998119,1.997783,1.996690,0.501551,0.500946,0.497965,0.501705,0.501102,0.498553
57.5,1.000000,1.000000,1.000000,0.010974,-0.015522,1.998110,1.997766,1.996634,0.501556,0.500951,0.497984,0.501707,0.501108,0.498563
58.0,1.000000,1.000000,1.000000,0.011010,-0.015526,1.998101,1.997749,1.996578,0.501561,0.500957,0.498004,0.501710,0.501114,0.498573
58.5,1.000000,1.000000,1.000000,0.011046,-0.015530,1.998092,1.997732,1.996522,0.501566,0.500963,0.498023,0.501712,0.501119,0.498585
59.0,1.000000,1.000000,1.000000,0.011082,-0.015534,1.998083,1.997714,1.996466,0.501570,0.500969,0.498043,0.501714,0.501125,0.498596
59.5,1.000000,1.000000,1.000000,0.011117,-0.015537,1.998074,1.997697,1.996410,0.501575,0.500975,0.498062,0.501717,0.501131,0.498609
60.0,1.000000,1.000000,1.000000,0.011153,-0.015541,1.998065,1.997680,1.996354,0.501580,0.500980,0.498082,0.501719,0.501137,0.498622
60.5,1.000000,1.000000,1.000000,0.011189,-0.015544,1.998057,1.997663,1.996298,0.501584,0.500986,0.498101,0.501721,0.501142,0.498635
61.0,1.000000,1.000000,1.000000,0.011225,-0.015547,1.998048,1.997646,1.996242,0.501588,0.500992,0.498121,0.501723,0.501148,0.498653
61.5,1.000000,1.000000,1.000000,0.011261,-0.015550,1.998040,1.997629,1.996186,0.501596,0.500998,0.498142,0.501739,0.501155,0.498675
62.0,1.000000,1.000000,1.000000,0.011297,-0.015553,1.998031,1.997612,1.996129,0.501606,0.501004,0.498163,0.501765,0.501162,0.498698
62.5,1.000000,1.000000,1.000000,0.011333,-0.015555,1.998022,1.997595,1.996073,0.501618,0.501011,0.498184,0.501798,0.501170,0.498722
63.0,1.000000,1.000000,1.000000,0.011369,-0.015558,1.998013,1.997578,1.996016,0.501632,0.501017,0.498206,0.501837,0.501178,0.498746
63.5,1.000000,1.000000,1.000000,0.011405,-0.015561,1.998004,1.997561,1.995960,0.501647,0.501023,0.498227,0.501878,0.501186,0.498769
64.0,1.000000,1.000000,1.000000,0.011441,-0.015563,1.997994,1.997544,1.995903,0.501663,0.501030,0.498248,0.501921,0.501194,0.498791
64.5,1.000000,1.000000,1.000000,0.011477,-0.015565,1.997984,1.997526,1.995847,0.501680,0.501037,0.498268,0.501964,0.501203,0.498811
65.0,1.000000,1.000000,1.000000,0.011513,-0.015567,1.997974,1.997509,1.995790,0.501697,0.501043,0.498288,0.502006,0.501211,0.498829
65.5,1.000000,1.000000,1.000000,0.011548,-0.015569,1.997964,1.997492,1.995734,0.501715,0.501050,0.498308,0.502046,0.501220,0.498844
66.0,1.000000,1.000000,1.000000,0.011584,-0.015571,1.997954,1.997475,1.995677,0.501732,0.501057,0.498327,0.502085,0.501228,0.498858
66.5,1.000000,1.000000,1.000000,0.011620,-0.015573,1.997943,1.997457,1.995621,0.501750,0.501064,0.498345,0.502120,0.501236,0.498871
67.0,1.000000,1.000000,1.000000,0.011656,-0.015575,1.997933,1.997440,1.995565,0.501767,0.501070,0.498363,0.502153,0.501244,0.498881
67.5,1.000000,1.000000,1.000000,0.011692,-0.015577,1.997922,1.997423,1.995510,0.501784,0.501077,0.498380,0.502183,0.501252,0.498890
68.0,1.000000,1.000000,1.000000,0.011728,-0.015579,1.997911,1.997406,1.995454,0.501800,0.501084,0.498397,0.502209,0.501260,0.498897
68.5,1.000000,1.000000,1.000000,0.011764,-0.015580,1.997899,1.997388,1.995399,0.501817,0.501090,0.498413,0.502233,0.501267,0.498903
69.0,1.000000,1.000000,1.000000,0.011800,-0.015582,1.997888,1.997371,1.995344,0.501833,0.501097,0.498429,0.502254,0.501274,0.498909
69.5,1.000000,1.000000,1.000000,0.011836,-0.015583,1.997876,1.997354,1.995289,0.501848,0.501104,0.498444,0.502273,0.501282,0.498913
70.0,1.000000,1.000000,1.000000,0.011872,-0.015585,1.997865,1.997336,1.995235,0.501863,0.501111,0.498459,0.502289,0.501289,0.498917
70.5,1.000000,1.000000,1.000000,0.011908,-0.015586,1.997853,1.997319,1.995181,0.501878,0.501117,0.498474,0.502303,0.501295,0.498921
71.0,1.000000,1.000000,1.000000,0.011943,-0.015587,1.997841,1.997301,1.995128,0.501892,0.501124,0.498488,0.502314,0.501302,0.498924
71.5,1.000000,1.000000,1.000000,0.011979,-0.015589,1.997829,1.997284,1.995075,0.501906,0.501130,0.498502,0.502324,0.501309,0.498927
72.0,1.000000,1.000000,1.000000,0.012015,-0.015590,1.997817,1.997267,1.995022,0.501919,0.501137,0.498515,0.502332,0.501315,0.498931
72.5,1.000000,1.000000,1.000000,0.012051,-0.015591,1.997805,1.997249,1.994970,0.501932,0.501144,0.498529,0.502339,0.501322,0.498934
73.0,1.000000,1.000000,1.000000,0.012087,-0.015592,1.997793,1.997232,1.994918,0.501945,0.501150,0.498542,0.502345,0.501328,0.498938
73.5,1.000000,1.000000,1.000000,0.012123,-0.015593,1.997780,1.997215,1.994867,0.501957,0.501157,0.498555,0.502350,0.501335,0.498943
74.0,1.000000,1.000000,1.000000,0.012159,-0.015594,1.997768,1.997197,1.994816,0.501969,0.501163,0.498568,0.502354,0.501341,0.498948
74.5,1.000000,1.000000,1.000000,0.012195,-0.015595,1.997756,1.997180,1.994765,0.501981,0.501170,0.498581,0.502358,0.501347,0.498953
75.0,1.000000,1.000000,1.000000,0.012231,-0.015596,1.997744,1.997163,1.994715,0.501992,0.501176,0.498593,0.502361,0.501353,0.498959
75.5,1.000000,1.000000,1.000000,0.012267,-0.015597,1.997731,1.997145,1.994666,0.502003,0.501183,0.498606,0.502364,0.501360,0.498966
76.0,1.000000,1.000000,1.000000,0.012303,-0.015598,1.997719,1.997128,1.994616,0.502014,0.501189,0.498619,0.502367,0.501366,0.498973
76.5,1.000000,1.000000,1.000000,0.012338,-0.015599,1.997707,1.997111,1.994568,0.502025,0.501196,0.498631,0.502370,0.501372,0.498981
77.0,1.000000,1.000000,1.000000,0.012374,-0.015600,1.997694,1.997093,1.994519,0.502036,0.501202,0.498644,0.502373,0.501378,0.498989
77.5,1.000000,1.000000,1.000000,0.012410,-0.015600,1.997682,1.997076,1.994471,0.502047,0.501209,0.498657,0.502376,0.501385,0.498998
78.0,1.000000,1.000000,1.000000,0.012446,-0.015601,1.997669,1.997059,1.994424,0.502057,0.501215,0.498669,0.502380,0.501391,0.499008
78.5,1.000000,1.000000,1.000000,0.012482,-0.015602,1.997657,1.997041,1.994377,0.502067,0.501222,0.498682,0.502384,0.501397,0.499019
79.0,1.000000,1.000000,1.000000,0.012518,-0.015602,1.997645,1.997024,1.994330,0.502078,0.501228,0.498695,0.502388,0.501404,0.499030
79.5,1.000000,1.000000,1.000000,0.012554,-0.015603,1.997632,1.997007,1.994283,0.502088,0.501235,0.498708,0.502392,0.501410,0.499041
80.0,1.000000,1.000000,1.000000,0.012590,-0.015604,1.997620,1.996990,1.994237,0.502098,0.501242,0.498720,0.502397,0.501416,0.499054
80.5,1.000000,1.000000,1.000000,0.012626,-0.015604,1.997608,1.996972,1.994192,0.502108,0.501248,0.498733,0.502403,0.501423,0.499067
81.0,1.000000,1.000000,1.000000,0.012662,-0.015605,1.997595,1.996955,1.994146,0.502118,0.501255,0.498747,0.502409,0.501429,0.499080
81.5,1.000000,1.000000,1.000000,0.012697,-0.015605,1.997583,1.996938,1.994101,0.502129,0.501261,0.498760,0.502416,0.501436,0.499094
82.0,1.000000,1.000000,1.000000,0.012733,-0.015606,1.997571,1.996921,1.994057,0.502139,0.501268,0.498773,0.502423,0.501442,0.499108
82.5,1.000000,1.000000,1.000000,0.012769,-0.015606,1.997558,1.996904,1.994012,0.502149,0.501274,0.498786,0.502430,0.501449,0.499123
83.0,1.000000,1.000000,1.000000,0.012805,-0.015607,1.997546,1.996887,1.993968,0.502159,0.501281,0.498800,0.502438,0.501456,0.499138
83.5,1.000000,1.000000,1.000000,0.012841,-0.015607,1.997534,1.996869,1.993924,0.502170,0.501287,0.498813,0.502447,0.501462,0.499153
84.0,1.000000,1.000000,1.000000,0.012877,-0.015608,1.997522,1.996852,1.993881,0.502180,0.501294,0.498827,0.502456,0.501469,0.499169
84.5,1.000000,1.000000,1.000000,0.012913,-0.015608,1.997509,1.996835,1.993838,0.502190,0.501301,0.498841,0.502465,0.501476,0.499185
85.0,1.000000,1.000000,1.000000,0.012949,-0.015608,1.997497,1.996818,1.993795,0.502201,0.501307,0.498854,0.502475,0.501482,0.499201
85.5,1.000000,1.000000,1.000000,0.012985,-0.015609,1.997485,1.996801,1.993752,0.502211,0.501314,0.498868,0.502485,0.501489,0.499217
86.0,1.000000,1.000000,1.000000,0.013021,-0.015609,1.997472,1.996784,1.993710,0.502222,0.501320,0.498882,0.502495,0.501496,0.499234
86.5,1.000000,1.000000,1.000000,0.013056,-0.015610,1.997460,1.996767,1.993668,0.502232,0.501327,0.498896,0.502506,0.501503,0.499250
87.0,1.000000,1.000000,1.000000,0.013092,-0.015610,1.997448,1.996750,1.993626,0.502243,0.501334,0.498910,0.502517,0.501510,0.499266
87.5,1.000000,1.000000,1.000000,0.013128,-0.015610,1.997436,1.996733,1.993584,0.502254,0.501340,0.498924,0.502529,0.501516,0.499283
88.0,1.000000,1.000000,1.000000,0.013164,-0.015610,1.997423,1.996716,1.993543,0.502264,0.501347,0.498938,0.502541,0.501523,0.499299
88.5,1.000000,1.000000,1.000000,0.013200,-0.015611,1.997411,1.996699,1.993502,0.502275,0.501354,0.498952,0.502553,0.501530,0.499315
89.0,1.000000,1.000000,1.000000,0.013236,-0.015611,1.997399,1.996682,1.993461,0.502286,0.501360,0.498967,0.502565,0.501537,0.499332
89.5,1.000000,1.000000,1.000000,0.013272,-0.015611,1.997386,1.996665,1.993421,0.502297,0.501367,0.498981,0.502577,0.501544,0.499348
90.0,1.000000,1.000000,1.000000,0.013308,-0.015612,1.997374,1.996648,1.993380,0.502308,0.501374,0.498995,0.502590,0.501551,0.499364
90.5,1.000000,1.000000,1.000000,0.013343,-0.015612,1.997362,1.996631,1.993340,0.502319,0.501380,0.499009,0.502603,0.501558,0.499380
91.0,1.000000,1.000000,1.000000,0.013379,-0.015612,1.997350,1.996614,1.993300,0.502331,0.501387,0.499024,0.502616,0.501565,0.499396
91.5,1.000000,1.000000,1.000000,0.013415,-0.015612,1.997337,1.996597,1.993261,0.502342,0.501394,0.499038,0.502629,0.501572,0.499412
92.0,1.000000,1.000000,1.000000,0.013451,-0.015613,1.997325,1.996580,1.993221,0.502353,0.501401,0.499052,0.502641,0.501579,0.499427
92.5,1.000000,1.000000,1.000000,0.013487,-0.015613,1.997313,1.996563,1.993182,0.502364,0.501407,0.499067,0.502653,0.501586,0.499442
93.0,1.000000,1.000000,1.000000,0.013523,-0.015613,1.997300,1.996546,1.993143,0.502374,0.501414,0.499081,0.502662,0.501593,0.499457
93.5,1.000000,1.000000,1.000000,0.013559,-0.015613,1.997288,1.996529,1.993104,0.502384,0.501421,0.499095,0.502669,0.501600,0.499471
94.0,1.000000,1.000000,1.000000,0.013595,-0.015613,1.997276,1.996513,1.993066,0.502394,0.501428,0.499109,0.502675,0.501607,0.499486
94.5,1.000000,1.000000,1.000000,0.013630,-0.015614,1.997264,1.996496,1.993027,0.502403,0.501434,0.499123,0.502679,0.501614,0.499500
95.0,1.000000,1.000000,1.000000,0.013666,-0.015614,1.997252,1.996479,1.992989,0.502412,0.501441,0.499137,0.502681,0.501621,0.499514
95.5,1.000000,1.000000,1.000000,0.013702,-0.015614,1.997240,1.996462,1.992951,0.502420,0.501448,0.499151,0.502682,0.501627,0.499527
96.0,1.000000,1.000000,1.000000,0.013738,-0.015614,1.997228,1.996445,1.992914,0.502427,0.501455,0.499165,0.502682,0.501634,0.499541
96.5,1.000000,1.000000,1.000000,0.013774,-0.015614,1.997216,1.996429,1.992876,0.502435,0.501461,0.499179,0.502681,0.501641,0.499555
97.0,1.000000,1.000000,1.000000,0.013810,-0.015614,1.997204,1.996412,1.992839,0.502441,0.501468,0.499193,0.502679,0.501648,0.499569
97.5,1.000000,1.000000,1.000000,0.013846,-0.015614,1.997193,1.996395,1.992802,0.502448,0.501475,0.499207,0.502677,0.501654,0.499584
98.0,1.000000,1.000000,1.000000,0.013881,-0.015615,1.997181,1.996378,1.992765,0.502454,0.501481,0.499221,0.502675,0.501661,0.499598
98.5,1.000000,1.000000,1.000000,0.013917,-0.015615,1.997170,1.996362,1.992729,0.502461,0.501488,0.499235,0.502673,0.501668,0.499612
99.0,1.000000,1.000000,1.000000,0.013953,-0.015615,1.997159,1.996345,1.992693,0.502467,0.501495,0.499250,0.502671,0.501674,0.499627
99.5,1.000000,1.000000,1.000000,0.013989,-0.015615,1.997148,1.996328,1.992656,0.502473,0.501502,0.499264,0.502670,0.501681,0.499642
100.0,1.000000,1.000000,1.000000,0.014025,-0.015615,1.997137,1.996312,1.992620,0.502479,0.501508,0.499278,0.502669,0.501688,0.499657
100.5,1.000000,1.000000,1.000000,0.014061,-0.015615,1.997126,1.996295,1.992585,0.502485,0.501515,0.499293,0.502669,0.501695,0.499672
101.0,1.000000,1.000000,1.000000,0.014096,-0.015615,1.997115,1.996279,1.992549,0.502490,0.501522,0.499307,0.502670,0.501702,0.499688
101.5,1.000000,1.000000,1.000000,0.014132,-0.015615,1.997104,1.996262,1.992514,0.502496,0.501529,0.499322,0.502672,0.501708,0.499704
102.0,1.000000,1.000000,1.000000,0.014168,-0.015615,1.997094,1.996246,1.992478,0.502502,0.501535,0.499336,0.502674,0.501715,0.499719
102.5,1.000000,1.000000,1.000000,0.014204,-0.015616,1.997083,1.996229,1.992443,0.502509,0.501542,0.499351,0.502678,0.501722,0.499735
103.0,1.000000,1.000000,1.000000,0.014240,-0.015616,1.997073,1.996213,1.992408,0.502515,0.501549,0.499366,0.502682,0.501729,0.499751
103.5,1.000000,1.000000,1.000000,0.014276,-0.015616,1.997063,1.996196,1.992373,0.502521,0.501556,0.499381,0.502687,0.501736,0.499767
104.0,1.000000,1.000000,1.000000,0.014311,-0.015616,1.997053,1.996180,1.992339,0.502528,0.501563,0.499395,0.502693,0.501743,0.499784
104.5,1.000000,1.000000,1.000000,0.014347,-0.015616,1.997043,1.996163,1.992304,0.502534,0.501569,0.499410,0.502699,0.501750,0.499800
105.0,1.000000,1.000000,1.000000,0.014383,-0.015616,1.997033,1.996147,1.992270,0.502541,0.501576,0.499425,0.502707,0.501757,0.499816
105.5,1.000000,1.000000,1.000000,0.014419,-0.015616,1.997023,1.996130,1.992236,0.502548,0.501583,0.499440,0.502715,0.501764,0.499833
106.0,1.000000,1.000000,1.000000,0.014455,-0.015616,1.997013,1.996114,1.992202,0.502555,0.501590,0.499455,0.502724,0.501771,0.499849
106.5,1.000000,1.000000,1.000000,0.014491,-0.015616,1.997003,1.996098,1.992168,0.502562,0.501597,0.499470,0.502733,0.501778,0.499865
107.0,1.000000,1.000000,1.000000,0.014526,-0.015616,1.996993,1.996081,1.992134,0.502570,0.501604,0.499485,0.502743,0.501785,0.499881
107.5,1.000000,1.000000,1.000000,0.014562,-0.015616,1.996984,1.996065,1.992100,0.502577,0.501610,0.499500,0.502753,0.501792,0.499898
108.0,1.000000,1.000000,1.000000,0.014598,-0.015616,1.996974,1.996049,1.992066,0.502585,0.501617,0.499516,0.502763,0.501800,0.499914
108.5,1.000000,1.000000,1.000000,0.014634,-0.015616,1.996965,1.996033,1.992033,0.502592,0.501624,0.499531,0.502774,0.501807,0.499930
109.0,1.000000,1.000000,1.000000,0.014670,-0.015616,1.996955,1.996016,1.992000,0.502600,0.501631,0.499546,0.502785,0.501814,0.499946
109.5,1.000000,1.000000,1.000000,0.014705,-0.015616,1.996946,1.996000,1.991967,0.502608,0.501638,0.499561,0.502796,0.501821,0.499962
110.0,1.000000,1.000000,1.000000,0.014741,-0.015616,1.996936,1.995984,1.991933,0.502616,0.501645,0.499576,0.502807,0.501828,0.499978
110.5,1.000000,1.000000,1.000000,0.014777,-0.015617,1.996927,1.995968,1.991901,0.502624,0.501652,0.499591,0.502819,0.501835,0.499993
111.0,1.000000,1.000000,1.000000,0.014813,-0.015617,1.996918,1.995951,1.991868,0.502633,0.501659,0.499606,0.502830,0.501843,0.500009
111.5,1.000000,1.000000,1.000000,0.014849,-0.015617,1.996909,1.995935,1.991835,0.502641,0.501666,0.499621,0.502841,0.501850,0.500024
112.0,1.000000,1.000000,1.000000,0.014884,-0.015617,1.996899,1.995919,1.991802,0.502649,0.501673,0.499637,0.502853,0.501857,0.500040
112.5,1.000000,1.000000,1.000000,0.014920,-0.015617,1.996890,1.995903,1.991770,0.502658,0.501680,0.499652,0.502864,0.501864,0.500055
113.0,1.000000,1.000000,1.000000,0.014956,-0.015617,1.996881,1.995887,1.991738,0.502666,0.501687,0.499667,0.502875,0.501871,0.500070
113.5,1.000000,1.000000,1.000000,0.014992,-0.015617,1.996872,1.995871,1.991706,0.502674,0.501694,0.499682,0.502886,0.501879,0.500085
114.0,1.000000,1.000000,1.000000,0.015028,-0.015617,1.996863,1.995855,1.991674,0.502683,0.501701,0.499697,0.502897,0.501886,0.500100
114.5,1.000000,1.000000,1.000000,0.015063,-0.015617,1.996854,1.995839,1.991642,0.502691,0.501708,0.499712,0.502907,0.501893,0.500115
115.0,1.000000,1.000000,1.000000,0.015099,-0.015617,1.996845,1.995823,1.991610,0.502700,0.501715,0.499727,0.502918,0.501900,0.500129
115.5,1.000000,1.000000,1.000000,0.015135,-0.015617,1.996836,1.995807,1.991578,0.502708,0.501722,0.499742,0.502928,0.501908,0.500144
116.0,1.000000,1.000000,1.000000,0.015171,-0.015617,1.996827,1.995791,1.991547,0.502717,0.501729,0.499757,0.502938,0.501915,0.500158
116.5,1.000000,1.000000,1.000000,0.015206,-0.015617,1.996818,1.995775,1.991515,0.502725,0.501736,0.499771,0.502948,0.501922,0.500173
117.0,1.000000,1.000000,1.000000,0.015242,-0.015617,1.996810,1.995759,1.991484,0.502734,0.501743,0.499786,0.502957,0.501929,0.500187
117.5,1.000000,1.000000,1.000000,0.015278,-0.015617,1.996801,1.995743,1.991453,0.502742,0.501750,0.499801,0.502967,0.501937,0.500202
118.0,1.000000,1.000000,1.000000,0.015314,-0.015617,1.996792,1.995727,1.991422,0.502751,0.501757,0.499816,0.502976,0.501944,0.500216
118.5,1.000000,1.000000,1.000000,0.015349,-0.015617,1.996784,1.995711,1.991391,0.502759,0.501764,0.499831,0.502985,0.501951,0.500230
119.0,1.000000,1.000000,1.000000,0.015385,-0.015617,1.996775,1.995695,1.991361,0.502768,0.501771,0.499846,0.502993,0.501958,0.500244
119.5,1.000000,1.000000,1.000000,0.015421,-0.015617,1.996766,1.995679,1.991330,0.502776,0.501778,0.499860,0.503002,0.501966,0.500258
120.0,1.000000,1.000000,1.000000,0.015457,-0.015617,1.996758,1.995663,1.991300,0.502784,0.501785,0.499875,0.503010,0.501973,0.500272
120.5,1.000000,1.000000,1.000000,0.015492,-0.015617,1.996749,1.995648,1.991270,0.502793,0.501792,0.499890,0.503018,0.501980,0.500286
121.0,1.000000,1.000000,1.000000,0.015528,-0.015617,1.996741,1.995632,1.991239,0.502801,0.501799,0.499904,0.503026,0.501987,0.500300
121.5,1.000000,1.000000,1.000000,0.015564,-0.015617,1.996732,1.995616,1.991209,0.502809,0.501806,0.499919,0.503034,0.501994,0.500314
122.0,1.000000,1.000000,1.000000,0.015600,-0.015617,1.996724,1.995600,1.991180,0.502817,0.501813,0.499934,0.503042,0.502002,0.500328
122.5,1.000000,1.000000,1.000000,0.015635,-0.015617,1.996716,1.995584,1.991150,0.502826,0.501820,0.499948,0.503049,0.502009,0.500342
123.0,1.000000,1.000000,1.000000,0.015671,-0.015617,1.996707,1.995569,1.991120,0.502834,0.501828,0.499963,0.503057,0.502016,0.500356
123.5,1.000000,1.000000,1.000000,0.015707,-0.015617,1.996699,1.995553,1.991091,0.502842,0.501835,0.499978,0.503064,0.502024,0.500370
124.0,1.000000,1.000000,1.000000,0.015743,-0.015617,1.996691,1.995537,1.991062,0.502850,0.501842,0.499992,0.503072,0.502031,0.500384
124.5,1.000000,1.000000,1.000000,0.015778,-0.015617,1.996683,1.995522,1.991033,0.502858,0.501849,0.500007,0.503081,0.502038,0.500398
125.0,1.000000,1.000000,1.000000,0.015814,-0.015617,1.996674,1.995506,1.991004,0.502867,0.501856,0.500021,0.503089,0.502045,0.500412
125.5,1.000000,1.000000,1.000000,0.015850,-0.015617,1.996666,1.995490,1.990975,0.502875,0.501863,0.500036,0.503098,0.502053,0.500427
126.0,1.000000,1.000000,1.000000,0.015885,-0.015617,1.996658,1.995475,1.990946,0.502884,0.501870,0.500050,0.503108,0.502060,0.500441
126.5,1.000000,1.000000,1.000000,0.015921,-0.015617,1.996650,1.995459,1.990917,0.502893,0.501877,0.500065,0.503118,0.502067,0.500455
127.0,1.000000,1.000000,1.000000,0.015957,-0.015539,1.996642,1.995444,1.990889,0.502902,0.501885,0.500100,0.503129,0.502075,0.500557
127.5,1.000000,1.000000,1.000000,0.015992,-0.015464,1.996634,1.995428,1.990861,0.502911,0.501892,0.500134,0.503140,0.502082,0.500648
128.0,1.000000,1.000000,1.000000,0.016028,-0.015392,1.996626,1.995413,1.990833,0.502920,0.501899,0.500167,0.503152,0.502089,0.500731
128.5,1.000000,1.000000,1.000000,0.016064,-0.015323,1.996618,1.995397,1.990805,0.502929,0.501906,0.500200,0.503164,0.502097,0.500805
129.0,1.000000,1.000000,1.000000,0.016099,-0.015257,1.996610,1.995381,1.990777,0.502939,0.501913,0.500231,0.503177,0.502104,0.500871
129.5,1.000000,1.000000,1.000000,0.016135,-0.015193,1.996602,1.995366,1.990749,0.502949,0.501920,0.500262,0.503190,0.502111,0.500931
130.0,1.000000,1.000000,1.000000,0.016171,-0.015133,1.996594,1.995351,1.990721,0.502959,0.501928,0.500293,0.503203,0.502119,0.500984
130.5,1.000000,1.000000,1.000000,0.016207,-0.015074,1.996586,1.995335,1.990694,0.502969,0.501935,0.500322,0.503216,0.502126,0.501032
131.0,1.000000,1.000000,1.000000,0.016242,-0.014990,1.996578,1.995320,1.990666,0.502979,0.501942,0.500359,0.503230,0.502134,0.501107
131.5,1.000000,1.000000,1.000000,0.016278,-0.014909,1.996570,1.995304,1.990639,0.502989,0.501949,0.500394,0.503243,0.502141,0.501173
132.0,1.000000,1.000000,1.000000,0.016314,-0.014818,1.996562,1.995289,1.990612,0.502999,0.501957,0.500432,0.503257,0.502148,0.501248
132.5,1.000000,1.000000,1.000000,0.016349,-0.014730,1.996554,1.995274,1.990585,0.503010,0.501964,0.500469,0.503270,0.502156,0.501315
133.0,1.000000,1.000000,1.000000,0.016385,-0.014626,1.996546,1.995258,1.990558,0.503020,0.501971,0.500511,0.503284,0.502163,0.501397
133.5,1.000000,1.000000,1.000000,0.016420,-0.014525,1.996538,1.995243,1.990532,0.503031,0.501978,0.500551,0.503297,0.502171,0.501469
134.0,1.000000,1.000000,1.000000,0.016456,-0.014429,1.996530,1.995228,1.990505,0.503041,0.501985,0.500591,0.503310,0.502178,0.501533
134.5,1.000000,1.000000,1.000000,0.016492,-0.014337,1.996522,1.995212,1.990479,0.503052,0.501993,0.500629,0.503323,0.502186,0.501589
135.0,1.000000,1.000000,1.000000,0.016527,-0.014249,1.996514,1.995197,1.990453,0.503062,0.502000,0.500666,0.503335,0.502193,0.501638
135.5,1.000000,1.000000,1.000000,0.016563,-0.014165,1.996505,1.995182,1.990427,0.503073,0.502007,0.500702,0.503348,0.502200,0.501682
136.0,1.000000,1.000000,1.000000,0.016599,-0.014084,1.996497,1.995166,1.990401,0.503083,0.502015,0.500738,0.503360,0.502208,0.501720
136.5,1.000000,1.000000,1.000000,0.016634,-0.014006,1.996489,1.995151,1.990375,0.503094,0.502022,0.500772,0.503371,0.502215,0.501753
137.0,1.000000,1.000000,1.000000,0.016670,-0.013932,1.996481,1.995136,1.990349,0.503104,0.502029,0.500805,0.503383,0.502223,0.501782
137.5,1.000000,1.000000,1.000000,0.016706,-0.013860,1.996473,1.995121,1.990323,0.503115,0.502036,0.500838,0.503394,0.502230,0.501808
138.0,1.000000,1.000000,1.000000,0.016741,-0.013792,1.996465,1.995106,1.990298,0.503125,0.502044,0.500870,0.503405,0.502238,0.501830
138.5,1.000000,1.000000,1.000000,0.016777,-0.013727,1.996457,1.995091,1.990273,0.503136,0.502051,0.500901,0.503415,0.502245,0.501850
139.0,1.000000,1.000000,1.000000,0.016812,-0.013664,1.996449,1.995075,1.990248,0.503146,0.502058,0.500932,0.503426,0.502253,0.501867
139.5,1.000000,1.000000,1.000000,0.016848,-0.013604,1.996440,1.995060,1.990223,0.503156,0.502066,0.500961,0.503436,0.502260,0.501882
140.0,1.000000,1.000000,1.000000,0.016884,-0.013546,1.996432,1.995045,1.990198,0.503166,0.502073,0.500990,0.503445,0.502268,0.501895
140.5,1.000000,1.000000,1.000000,0.016919,-0.013491,1.996424,1.995030,1.990173,0.503177,0.502080,0.501019,0.503455,0.502275,0.501907
141.0,1.000000,1.000000,1.000000,0.016955,-0.013438,1.996416,1.995015,1.990148,0.503187,0.502088,0.501047,0.503464,0.502283,0.501918
141.5,1.000000,1.000000,1.000000,0.016990,-0.013387,1.996408,1.995000,1.990124,0.503197,0.502095,0.501074,0.503473,0.502290,0.501928
142.0,1.000000,1.000000,1.000000,0.017026,-0.013339,1.996400,1.994985,1.990100,0.503207,0.502102,0.501101,0.503483,0.502297,0.501937
142.5,1.000000,1.000000,1.000000,0.017061,-0.013292,1.996392,1.994970,1.990076,0.503217,0.502110,0.501127,0.503491,0.502305,0.501945
143.0,1.000000,1.000000,1.000000,0.017097,-0.013248,1.996384,1.994955,1.990051,0.503227,0.502117,0.501152,0.503500,0.502312,0.501953
143.5,1.000000,1.000000,1.000000,0.017133,-0.013205,1.996376,1.994940,1.990028,0.503236,0.502124,0.501177,0.503509,0.502320,0.501961
144.0,1.000000,1.000000,1.000000,0.017168,-0.013164,1.996367,1.994925,1.990004,0.503246,0.502132,0.501202,0.503518,0.502327,0.501968
144.5,1.000000,1.000000,1.000000,0.017204,-0.013125,1.996359,1.994910,1.989980,0.503256,0.502139,0.501226,0.503526,0.502335,0.501975
145.0,1.000000,1.000000,1.000000,0.017239,-0.013087,1.996351,1.994896,1.989957,0.503266,0.502146,0.501250,0.503535,0.502342,0.501982
145.5,1.000000,1.000000,1.000000,0.017275,-0.013051,1.996343,1.994881,1.989933,0.503276,0.502154,0.501273,0.503544,0.502350,0.501989
146.0,1.000000,1.000000,1.000000,0.017310,-0.013016,1.996335,1.994866,1.989910,0.503285,0.502161,0.501296,0.503552,0.502357,0.501996
146.5,1.000000,1.000000,1.000000,0.017346,-0.012983,1.996327,1.994851,1.989887,0.503295,0.502169,0.501319,0.503561,0.502365,0.502003
147.0,1.000000,1.000000,1.000000,0.017381,-0.012952,1.996320,1.994836,1.989864,0.503305,0.502176,0.501341,0.503570,0.502373,0.502010
147.5,1.000000,1.000000,1.000000,0.017417,-0.012921,1.996312,1.994821,1.989841,0.503314,0.502183,0.501363,0.503578,0.502380,0.502018
148.0,1.000000,1.000000,1.000000,0.017453,-0.012892,1.996304,1.994807,1.989819,0.503324,0.502191,0.501384,0.503587,0.502388,0.502025
148.5,1.000000,1.000000,1.000000,0.017488,-0.012864,1.996296,1.994792,1.989796,0.503334,0.502198,0.501405,0.503596,0.502395,0.502033
149.0,1.000000,1.000000,1.000000,0.017524,-0.012837,1.996288,1.994777,1.989774,0.503344,0.502206,0.501426,0.503605,0.502403,0.502041
149.5,1.000000,1.000000,1.000000,0.017559,-0.012812,1.996280,1.994762,1.989751,0.503353,0.502213,0.501446,0.503614,0.502410,0.502050
150.0,1.000000,1.000000,1.000000,0.017595,-0.012787,1.996272,1.994748,1.989729,0.503363,0.502220,0.501467,0.503623,0.502418,0.502058
150.5,1.000000,1.000000,1.000000,0.017630,-0.012763,1.996264,1.994733,1.989707,0.503373,0.502228,0.501487,0.503633,0.502425,0.502067
151.0,1.000000,1.000000,1.000000,0.017666,-0.012737,1.996257,1.994718,1.989685,0.503382,0.502235,0.501507,0.503642,0.502433,0.502080
151.5,1.000000,1.000000,1.000000,0.017701,-0.012712,1.996249,1.994704,1.989663,0.503392,0.502243,0.501528,0.503652,0.502440,0.502093
152.0,1.000000,1.000000,1.000000,0.017737,-0.012688,1.996241,1.994689,1.989642,0.503402,0.502250,0.501548,0.503661,0.502448,0.502106
152.5,1.000000,1.000000,1.000000,0.017772,-0.012665,1.996233,1.994675,1.989620,0.503411,0.502258,0.501567,0.503671,0.502456,0.502118
153.0,1.000000,1.000000,1.000000,0.017808,-0.012643,1.996225,1.994660,1.989599,0.503421,0.502265,0.501587,0.503681,0.502463,0.502131
153.5,1.000000,1.000000,1.000000,0.017843,-0.012622,1.996218,1.994646,1.989577,0.503431,0.502273,0.501606,0.503690,0.502471,0.502143
154.0,1.000000,1.000000,1.000000,0.017878,-0.012602,1.996210,1.994631,1.989556,0.503441,0.502280,0.501625,0.503700,0.502478,0.502155
154.5,1.000000,1.000000,1.000000,0.017914,-0.012582,1.996202,1.994617,1.989535,0.503451,0.502287,0.501644,0.503710,0.502486,0.502167
155.0,1.000000,1.000000,1.000000,0.017949,-0.012564,1.996195,1.994602,1.989514,0.503461,0.502295,0.501663,0.503720,0.502494,0.502179
155.5,1.000000,1.000000,1.000000,0.017985,-0.012546,1.996187,1.994588,1.989493,0.503470,0.502302,0.501681,0.503731,0.502501,0.502191
156.0,1.000000,1.000000,1.000000,0.018020,-0.012529,1.996179,1.994573,1.989473,0.503480,0.502310,0.501699,0.503741,0.502509,0.502203
156.5,1.000000,1.000000,1.000000,0.018056,-0.012512,1.996172,1.994559,1.989452,0.503490,0.502317,0.501717,0.503750,0.502516,0.502215
157.0,1.000000,1.000000,1.000000,0.018091,-0.012497,1.996164,1.994544,1.989432,0.503500,0.502325,0.501735,0.503760,0.502524,0.502228
157.5,1.000000,1.000000,1.000000,0.018127,-0.012482,1.996156,1.994530,1.989412,0.503510,0.502332,0.501752,0.503770,0.502532,0.502237
158.0,1.000000,1.000000,1.000000,0.018162,-0.012467,1.996149,1.994516,1.989392,0.503519,0.502340,0.501769,0.503780,0.502539,0.502245
158.5,1.000000,1.000000,1.000000,0.018197,-0.012453,1.996141,1.994501,1.989372,0.503529,0.502347,0.501785,0.503789,0.502547,0.502252
159.0,1.000000,1.000000,1.000000,0.018233,-0.012440,1.996134,1.994487,1.989352,0.503539,0.502355,0.501800,0.503798,0.502555,0.502257
159.5,1.000000,1.000000,1.000000,0.018268,-0.012427,1.996126,1.994473,1.989333,0.503548,0.502362,0.501815,0.503807,0.502562,0.502262
160.0,1.000000,1.000000,1.000000,0.018304,-0.012415,1.996119,1.994459,1.989314,0.503558,0.502370,0.501830,0.503816,0.502570,0.502267
160.5,1.000000,1.000000,1.000000,0.018339,-0.012404,1.996111,1.994444,1.989295,0.503567,0.502377,0.501844,0.503825,0.502578,0.502271
161.0,1.000000,1.000000,1.000000,0.018375,-0.012392,1.996104,1.994430,1.989276,0.503577,0.502385,0.501858,0.503833,0.502585,0.502275
161.5,1.000000,1.000000,1.000000,0.018410,-0.012382,1.996097,1.994416,1.989258,0.503586,0.502393,0.501871,0.503842,0.502593,0.502278
162.0,1.000000,1.000000,1.000000,0.018445,-0.012372,1.996089,1.994402,1.989240,0.503595,0.502400,0.501884,0.503850,0.502601,0.502281
162.5,1.000000,1.000000,1.000000,0.018481,-0.012362,1.996082,1.994388,1.989223,0.503604,0.502408,0.501897,0.503858,0.502608,0.502283
163.0,1.000000,1.000000,1.000000,0.018516,-0.012352,1.996075,1.994373,1.989206,0.503614,0.502415,0.501909,0.503866,0.502616,0.502285
163.5,1.000000,1.000000,1.000000,0.018551,-0.012343,1.996067,1.994359,1.989189,0.503623,0.502423,0.501921,0.503874,0.502624,0.502286
164.0,1.000000,1.000000,1.000000,0.018587,-0.012335,1.996060,1.994345,1.989172,0.503632,0.502430,0.501932,0.503881,0.502631,0.502287
164.5,1.000000,1.000000,1.000000,0.018622,-0.012326,1.996053,1.994331,1.989156,0.503641,0.502438,0.501944,0.503889,0.502639,0.502287
165.0,1.000000,1.000000,1.000000,0.018657,-0.012318,1.996046,1.994317,1.989140,0.503650,0.502445,0.501954,0.503897,0.502647,0.502288
165.5,1.000000,1.000000,1.000000,0.018693,-0.012311,1.996039,1.994303,1.989125,0.503659,0.502453,0.501965,0.503904,0.502654,0.502289
166.0,1.000000,1.000000,1.000000,0.018728,-0.012303,1.996032,1.994289,1.989110,0.503668,0.502461,0.501975,0.503912,0.502662,0.502290
166.5,1.000000,1.000000,1.000000,0.018764,-0.012296,1.996025,1.994275,1.989095,0.503677,0.502468,0.501985,0.503920,0.502670,0.502292
167.0,1.000000,1.000000,1.000000,0.018799,-0.012290,1.996018,1.994261,1.989081,0.503685,0.502476,0.501996,0.503927,0.502677,0.502294
167.5,1.000000,1.000000,1.000000,0.018834,-0.012251,1.996011,1.994247,1.989067,0.503694,0.502483,0.502014,0.503935,0.502685,0.502332
168.0,1.000000,1.000000,1.000000,0.018869,-0.012214,1.996004,1.994233,1.989053,0.503703,0.502491,0.502032,0.503943,0.502693,0.502367
168.5,1.000000,1.000000,1.000000,0.018905,-0.012179,1.995997,1.994219,1.989040,0.503712,0.502498,0.502049,0.503951,0.502701,0.502400
169.0,1.000000,1.000000,1.000000,0.018940,-0.012145,1.995990,1.994206,1.989027,0.503721,0.502506,0.502066,0.503959,0.502708,0.502429
169.5,1.000000,1.000000,1.000000,0.018975,-0.012113,1.995983,1.994192,1.989014,0.503730,0.502514,0.502083,0.503967,0.502716,0.502456
170.0,1.000000,1.000000,1.000000,0.019011,-0.012082,1.995976,1.994178,1.989002,0.503738,0.502521,0.502100,0.503976,0.502724,0.502480
170.5,1.000000,1.000000,1.000000,0.019046,-0.012052,1.995970,1.994164,1.988990,0.503747,0.502529,0.502116,0.503984,0.502732,0.502503
171.0,1.000000,1.000000,1.000000,0.019081,-0.012023,1.995963,1.994150,1.988978,0.503756,0.502537,0.502132,0.503992,0.502739,0.502524
171.5,1.000000,1.000000,1.000000,0.019117,-0.011996,1.995956,1.994136,1.988967,0.503765,0.502544,0.502148,0.504001,0.502747,0.502543
172.0,1.000000,1.000000,1.000000,0.019152,-0.011969,1.995950,1.994123,1.988956,0.503774,0.502552,0.502163,0.504010,0.502755,0.502561
172.5,1.000000,1.000000,1.000000,0.019187,-0.011944,1.995943,1.994109,1.988945,0.503783,0.502559,0.502179,0.504018,0.502763,0.502578
173.0,1.000000,1.000000,1.000000,0.019222,-0.011920,1.995936,1.994095,1.988934,0.503792,0.502567,0.502194,0.504027,0.502770,0.502594
173.5,1.000000,1.000000,1.000000,0.019258,-0.011897,1.995930,1.994082,1.988924,0.503801,0.502575,0.502209,0.504036,0.502778,0.502609
174.0,1.000000,1.000000,1.000000,0.019293,-0.011875,1.995923,1.994068,1.988914,0.503810,0.502582,0.502223,0.504045,0.502786,0.502623
174.5,1.000000,1.000000,1.000000,0.019328,-0.011854,1.995917,1.994054,1.988904,0.503819,0.502590,0.502238,0.504055,0.502794,0.502637
175.0,1.000000,1.000000,1.000000,0.019363,-0.011833,1.995911,1.994041,1.988895,0.503827,0.502598,0.502252,0.504064,0.502801,0.502650
175.5,1.000000,1.000000,1.000000,0.019399,-0.011814,1.995904,1.994027,1.988885,0.503837,0.502605,0.502267,0.504073,0.502809,0.502662
176.0,1.000000,1.000000,1.000000,0.019434,-0.011795,1.995898,1.994014,1.988876,0.503846,0.502613,0.502281,0.504083,0.502817,0.502674
176.5,1.000000,1.000000,1.000000,0.019469,-0.011777,1.995892,1.994000,1.988867,0.503855,0.502621,0.502295,0.504092,0.502825,0.502686
177.0,1.000000,1.000000,1.000000,0.019504,-0.011760,1.995885,1.993986,1.988858,0.503864,0.502628,0.502309,0.504102,0.502832,0.502697
177.5,1.000000,1.000000,1.000000,0.019539,-0.011744,1.995879,1.993973,1.988850,0.503873,0.502636,0.502323,0.504111,0.502840,0.502708
178.0,1.000000,1.000000,1.000000,0.019575,-0.011728,1.995873,1.993959,1.988841,0.503882,0.502644,0.502336,0.504121,0.502848,0.502719
178.5,1.000000,1.000000,1.000000,0.019610,-0.011713,1.995867,1.993946,1.988833,0.503891,0.502651,0.502350,0.504130,0.502856,0.502729
179.0,1.000000,1.000000,1.000000,0.019645,-0.011698,1.995860,1.993933,1.988825,0.503900,0.502659,0.502363,0.504140,0.502864,0.502740
179.5,1.000000,1.000000,1.000000,0.019680,-0.011685,1.995854,1.993919,1.988817,0.503909,0.502667,0.502376,0.504149,0.502872,0.502750
180.0,1.000000,1.000000,1.000000,0.019715,-0.011645,1.995848,1.993906,1.988809,0.503918,0.502674,0.502396,0.504159,0.502879,0.502789
180.5,1.000000,1.000000,1.000000,0.019750,-0.011607,1.995842,1.993892,1.988802,0.503927,0.502682,0.502416,0.504169,0.502887,0.502825
181.0,1.000000,1.000000,1.000000,0.019786,-0.011571,1.995836,1.993879,1.988794,0.503937,0.502690,0.502435,0.504178,0.502895,0.502858
181.5,1.000000,1.000000,1.000000,0.019821,-0.011537,1.995830,1.993866,1.988787,0.503946,0.502698,0.502454,0.504188,0.502903,0.502888
182.0,1.000000,1.000000,1.000000,0.019856,-0.011503,1.995824,1.993852,1.988780,0.503955,0.502705,0.502473,0.504197,0.502911,0.502915
182.5,1.000000,1.000000,1.000000,0.019891,-0.011472,1.995818,1.993839,1.988773,0.503964,0.502713,0.502491,0.504207,0.502918,0.502940
183.0,1.000000,1.000000,1.000000,0.019926,-0.011441,1.995812,1.993826,1.988766,0.503973,0.502721,0.502509,0.504216,0.502926,0.502962
183.5,1.000000,1.000000,1.000000,0.019961,-0.011412,1.995806,1.993813,1.988760,0.503982,0.502728,0.502526,0.504225,0.502934,0.502983
184.0,1.000000,1.000000,1.000000,0.019996,-0.011384,1.995800,1.993799,1.988753,0.503991,0.502736,0.502543,0.504235,0.502942,0.503002
184.5,1.000000,1.000000,1.000000,0.020032,-0.011357,1.995794,1.993786,1.988747,0.504001,0.502744,0.502560,0.504244,0.502950,0.503019
185.0,1.000000,1.000000,1.000000,0.020067,-0.011331,1.995788,1.993773,1.988740,0.504010,0.502752,0.502577,0.504253,0.502958,0.503035
185.5,1.000000,1.000000,1.000000,0.020102,-0.011307,1.995783,1.993760,1.988734,0.504019,0.502759,0.502593,0.504262,0.502965,0.503050
186.0,1.000000,1.000000,1.000000,0.020137,-0.011283,1.995777,1.993747,1.988728,0.504028,0.502767,0.502610,0.504271,0.502973,0.503064
186.5,1.000000,1.000000,1.000000,0.020172,-0.011260,1.995771,1.993734,1.988722,0.504037,0.502775,0.502625,0.504281,0.502981,0.503077
187.0,1.000000,1.000000,1.000000,0.020207,-0.011239,1.995765,1.993720,1.988716,0.504046,0.502783,0.502641,0.504290,0.502989,0.503089
187.5,1.000000,1.000000,1.000000,0.020242,-0.011218,1.995759,1.993707,1.988711,0.504055,0.502790,0.502656,0.504299,0.502997,0.503100
188.0,1.000000,1.000000,1.000000,0.020277,-0.011198,1.995754,1.993694,1.988705,0.504064,0.502798,0.502672,0.504308,0.503005,0.503111
188.5,1.000000,1.000000,1.000000,0.020312,-0.011179,1.995748,1.993681,1.988700,0.504074,0.502806,0.502687,0.504317,0.503013,0.503122
189.0,1.000000,1.000000,1.000000,0.020347,-0.011160,1.995742,1.993668,1.988694,0.504083,0.502814,0.502702,0.504326,0.503021,0.503132
189.5,1.000000,1.000000,1.000000,0.020382,-0.011143,1.995737,1.993655,1.988689,0.504092,0.502822,0.502716,0.504335,0.503028,0.503142
190.0,1.000000,1.000000,1.000000,0.020417,-0.011126,1.995731,1.993642,1.988684,0.504101,0.502829,0.502731,0.504344,0.503036,0.503152
190.5,1.000000,1.000000,1.000000,0.020452,-0.011110,1.995726,1.993629,1.988679,0.504110,0.502837,0.502745,0.504353,0.503044,0.503161
191.0,1.000000,1.000000,1.000000,0.020487,-0.011095,1.995720,1.993617,1.988674,0.504119,0.502845,0.502760,0.504363,0.503052,0.503171
191.5,1.000000,1.000000,1.000000,0.020522,-0.011080,1.995715,1.993604,1.988669,0.504128,0.502853,0.502774,0.504372,0.503060,0.503181
192.0,1.000000,1.000000,1.000000,0.020557,-0.011066,1.995709,1.993591,1.988664,0.504137,0.502860,0.502788,0.504381,0.503068,0.503191
192.5,1.000000,1.000000,1.000000,0.020592,-0.011052,1.995704,1.993578,1.988659,0.504147,0.502868,0.502802,0.504391,0.503076,0.503200
193.0,1.000000,1.000000,1.000000,0.020627,-0.011039,1.995698,1.993565,1.988654,0.504156,0.502876,0.502816,0.504400,0.503084,0.503210
193.5,1.000000,1.000000,1.000000,0.020662,-0.011026,1.995693,1.993552,1.988650,0.504165,0.502884,0.502830,0.504410,0.503092,0.503220
194.0,1.000000,1.000000,1.000000,0.020697,-0.011014,1.995687,1.993540,1.988645,0.504174,0.502892,0.502844,0.504419,0.503099,0.503230
194.5,1.000000,1.000000,1.000000,0.020732,-0.011003,1.995682,1.993527,1.988640,0.504184,0.502899,0.502857,0.504429,0.503107,0.503240
195.0,1.000000,1.000000,1.000000,0.020767,-0.010992,1.995677,1.993514,1.988636,0.504193,0.502907,0.502871,0.504439,0.503115,0.503251
195.5,1.000000,1.000000,1.000000,0.020802,-0.010981,1.995671,1.993501,1.988632,0.504202,0.502915,0.502884,0.504449,0.503123,0.503261
196.0,1.000000,1.000000,1.000000,0.020837,-0.010971,1.995666,1.993489,1.988627,0.504212,0.502923,0.502898,0.504458,0.503131,0.503272
196.5,1.000000,1.000000,1.000000,0.020872,-0.010962,1.995661,1.993476,1.988623,0.504221,0.502931,0.502911,0.504468,0.503139,0.503282
197.0,1.000000,1.000000,1.000000,0.020907,-0.010952,1.995655,1.993463,1.988618,0.504230,0.502939,0.502925,0.504478,0.503147,0.503293
197.5,1.000000,1.000000,1.000000,0.020942,-0.010944,1.995650,1.993451,1.988614,0.504240,0.502946,0.502938,0.504488,0.503155,0.503304
198.0,1.000000,1.000000,1.000000,0.020977,-0.010935,1.995645,1.993438,1.988610,0.504249,0.502954,0.502951,0.504498,0.503163,0.503314
198.5,1.000000,1.000000,1.000000,0.021012,-0.010927,1.995640,1.993426,1.988605,0.504259,0.502962,0.502964,0.504508,0.503171,0.503323
199.0,1.000000,1.000000,1.000000,0.021047,-0.010919,1.995634,1.993413,1.988601,0.504268,0.502970,0.502977,0.504518,0.503179,0.503332
199.5,1.000000,1.000000,1.000000,0.021082,-0.010912,1.995629,1.993400,1.988597,0.504278,0.502978,0.502989,0.504528,0.503187,0.503341
200.0,1.000000,1.000000,1.000000,0.021117,-0.010904,1.995624,1.993388,1.988593,0.504287,0.502986,0.503001,0.504538,0.503195,0.503349
200.5,1.000000,1.000000,1.000000,0.021151,-0.010898,1.995619,1.993375,1.988589,0.504297,0.502993,0.503013,0.504548,0.503203,0.503357
201.0,1.000000,1.000000,1.000000,0.021186,-0.010891,1.995614,1.993363,1.988585,0.504306,0.503001,0.503025,0.504558,0.503210,0.503365
201.5,1.000000,1.000000,1.000000,0.021221,-0.010885,1.995609,1.993351,1.988582,0.504316,0.503009,0.503037,0.504568,0.503218,0.503372
202.0,1.000000,1.000000,1.000000,0.021256,-0.010879,1.995603,1.993338,1.988578,0.504325,0.503017,0.503049,0.504578,0.503226,0.503380
202.5,1.000000,1.000000,1.000000,0.021291,-0.010873,1.995598,1.993326,1.988574,0.504335,0.503025,0.503061,0.504588,0.503234,0.503388
203.0,1.000000,1.000000,1.000000,0.021326,-0.010867,1.995593,1.993313,1.988571,0.504344,0.503033,0.503072,0.504598,0.503242,0.503396
203.5,1.000000,1.000000,1.000000,0.021361,-0.010862,1.995588,1.993301,1.988567,0.504354,0.503041,0.503084,0.504607,0.503250,0.503404
204.0,1.000000,1.000000,1.000000,0.021395,-0.010866,1.995583,1.993289,1.988564,0.504364,0.503049,0.503093,0.504617,0.503258,0.503402
204.5,1.000000,1.000000,1.000000,0.021430,-0.010870,1.995578,1.993276,1.988561,0.504373,0.503056,0.503102,0.504627,0.503266,0.503401
205.0,1.000000,1.000000,1.000000,0.021465,-0.010894,1.995573,1.993264,1.988557,0.504383,0.503064,0.503105,0.504637,0.503274,0.503378
205.5,1.000000,1.000000,1.000000,0.021500,-0.010917,1.995568,1.993252,1.988554,0.504392,0.503072,0.503109,0.504646,0.503282,0.503359
206.0,1.000000,1.000000,1.000000,0.021535,-0.010940,1.995563,1.993240,1.988551,0.504402,0.503080,0.503113,0.504656,0.503290,0.503344
206.5,1.000000,1.000000,1.000000,0.021570,-0.010961,1.995558,1.993227,1.988548,0.504411,0.503088,0.503118,0.504665,0.503298,0.503332
207.0,1.000000,1.000000,1.000000,0.021604,-0.010981,1.995553,1.993215,1.988545,0.504421,0.503096,0.503123,0.504675,0.503306,0.503322
207.5,1.000000,1.000000,1.000000,0.021639,-0.011001,1.995548,1.993203,1.988543,0.504430,0.503104,0.503128,0.504684,0.503314,0.503315
208.0,1.000000,1.000000,1.000000,0.021674,-0.010954,1.995543,1.993191,1.988540,0.504440,0.503112,0.503150,0.504694,0.503322,0.503384
208.5,1.000000,1.000000,1.000000,0.021709,-0.010909,1.995538,1.993179,1.988537,0.504449,0.503120,0.503172,0.504703,0.503330,0.503447
209.0,1.000000,1.000000,1.000000,0.021743,-0.010866,1.995533,1.993167,1.988534,0.504459,0.503128,0.503193,0.504712,0.503338,0.503504
209.5,1.000000,1.000000,1.000000,0.021778,-0.010824,1.995528,1.993155,1.988532,0.504468,0.503135,0.503214,0.504722,0.503346,0.503555
210.0,1.000000,1.000000,1.000000,0.021813,-0.010784,1.995524,1.993142,1.988529,0.504477,0.503143,0.503234,0.504731,0.503354,0.503602
210.5,1.000000,1.000000,1.000000,0.021848,-0.010746,1.995519,1.993130,1.988527,0.504487,0.503151,0.503254,0.504740,0.503362,0.503643
211.0,1.000000,1.000000,1.000000,0.021882,-0.010710,1.995514,1.993118,1.988525,0.504496,0.503159,0.503273,0.504750,0.503370,0.503680
211.5,1.000000,1.000000,1.000000,0.021917,-0.010675,1.995509,1.993106,1.988522,0.504506,0.503167,0.503292,0.504759,0.503378,0.503713
212.0,1.000000,1.000000,1.000000,0.021952,-0.010642,1.995504,1.993094,1.988520,0.504515,0.503175,0.503310,0.504768,0.503386,0.503742
212.5,1.000000,1.000000,1.000000,0.021986,-0.010609,1.995499,1.993082,1.988518,0.504525,0.503183,0.503328,0.504777,0.503394,0.503768
213.0,1.000000,1.000000,1.000000,0.022021,-0.010579,1.995495,1.993071,1.988516,0.504534,0.503191,0.503345,0.504786,0.503402,0.503791
213.5,1.000000,1.000000,1.000000,0.022056,-0.010549,1.995490,1.993059,1.988514,0.504543,0.503199,0.503362,0.504796,0.503410,0.503811
214.0,1.000000,1.000000,1.000000,0.022090,-0.010521,1.995485,1.993047,1.988513,0.504553,0.503207,0.503379,0.504805,0.503418,0.503830
214.5,1.000000,1.000000,1.000000,0.022125,-0.010494,1.995481,1.993035,1.988511,0.504562,0.503215,0.503395,0.504814,0.503426,0.503846
215.0,1.000000,1.000000,1.000000,0.022160,-0.010468,1.995476,1.993023,1.988509,0.504572,0.503223,0.503411,0.504823,0.503434,0.503861
215.5,1.000000,1.000000,1.000000,0.022194,-0.010443,1.995471,1.993011,1.988508,0.504581,0.503231,0.503426,0.504833,0.503442,0.503875
216.0,1.000000,1.000000,1.000000,0.022229,-0.010419,1.995467,1.992999,1.988507,0.504590,0.503239,0.503442,0.504842,0.503450,0.503887
216.5,1.000000,1.000000,1.000000,0.022264,-0.010396,1.995462,1.992988,1.988505,0.504600,0.503247,0.503457,0.504851,0.503458,0.503899
217.0,1.000000,1.000000,1.000000,0.022298,-0.010375,1.995457,1.992976,1.988504,0.504609,0.503254,0.503472,0.504860,0.503466,0.503909
217.5,1.000000,1.000000,1.000000,0.022333,-0.010354,1.995453,1.992964,1.988503,0.504619,0.503262,0.503486,0.504870,0.503474,0.503919
218.0,1.000000,1.000000,1.000000,0.022367,-0.010334,1.995448,1.992953,1.988502,0.504628,0.503270,0.503501,0.504879,0.503482,0.503929
218.5,1.000000,1.000000,1.000000,0.022402,-0.010290,1.995444,1.992941,1.988501,0.504637,0.503278,0.503521,0.504888,0.503490,0.503964
219.0,1.000000,1.000000,1.000000,0.022437,-0.010249,1.995439,1.992929,1.988501,0.504647,0.503286,0.503541,0.504898,0.503499,0.503997
219.5,1.000000,1.000000,1.000000,0.022471,-0.010209,1.995434,1.992918,1.988500,0.504656,0.503294,0.503561,0.504907,0.503507,0.504026
220.0,1.000000,1.000000,1.000000,0.022506,-0.010171,1.995430,1.992906,1.988499,0.504666,0.503302,0.503580,0.504916,0.503515,0.504052
220.5,1.000000,1.000000,1.000000,0.022540,-0.010134,1.995425,1.992894,1.988499,0.504675,0.503310,0.503599,0.504926,0.503523,0.504076
221.0,1.000000,1.000000,1.000000,0.022575,-0.010099,1.995421,1.992883,1.988498,0.504684,0.503318,0.503617,0.504935,0.503531,0.504097
221.5,1.000000,1.000000,1.000000,0.022609,-0.010066,1.995417,1.992871,1.988498,0.504694,0.503326,0.503635,0.504944,0.503539,0.504117
222.0,1.000000,1.000000,1.000000,0.022644,-0.010033,1.995412,1.992860,1.988498,0.504703,0.503334,0.503653,0.504954,0.503547,0.504135
222.5,1.000000,1.000000,1.000000,0.022679,-0.010003,1.995408,1.992848,1.988497,0.504713,0.503342,0.503670,0.504963,0.503555,0.504151
223.0,1.000000,1.000000,1.000000,0.022713,-0.009973,1.995403,1.992837,1.988497,0.504722,0.503350,0.503687,0.504972,0.503563,0.504166
223.5,1.000000,1.000000,1.000000,0.022748,-0.009945,1.995399,1.992825,1.988497,0.504731,0.503358,0.503704,0.504982,0.503571,0.504179
224.0,1.000000,1.000000,1.000000,0.022782,-0.009918,1.995395,1.992814,1.988497,0.504741,0.503366,0.503720,0.504991,0.503579,0.504192
224.5,1.000000,1.000000,1.000000,0.022817,-0.009892,1.995390,1.992802,1.988497,0.504750,0.503374,0.503736,0.505000,0.503587,0.504204
225.0,1.000000,1.000000,1.000000,0.022851,-0.009867,1.995386,1.992791,1.988497,0.504759,0.503382,0.503752,0.505009,0.503595,0.504214
225.5,1.000000,1.000000,1.000000,0.022886,-0.009843,1.995382,1.992780,1.988497,0.504769,0.503390,0.503768,0.505019,0.503603,0.504224
226.0,1.000000,1.000000,1.000000,0.022920,-0.009820,1.995377,1.992768,1.988497,0.504778,0.503398,0.503783,0.505028,0.503611,0.504234
226.5,1.000000,1.000000,1.000000,0.022954,-0.009798,1.995373,1.992757,1.988498,0.504787,0.503406,0.503798,0.505037,0.503619,0.504243
227.0,1.000000,1.000000,1.000000,0.022989,-0.009777,1.995369,1.992746,1.988498,0.504797,0.503414,0.503813,0.505046,0.503628,0.504252
227.5,1.000000,1.000000,1.000000,0.023023,-0.009757,1.995365,1.992735,1.988498,0.504806,0.503422,0.503827,0.505055,0.503636,0.504260
228.0,1.000000,1.000000,1.000000,0.023058,-0.009737,1.995360,1.992723,1.988499,0.504815,0.503430,0.503842,0.505064,0.503644,0.504268
228.5,1.000000,1.000000,1.000000,0.023092,-0.009719,1.995356,1.992712,1.988499,0.504825,0.503438,0.503856,0.505073,0.503652,0.504276
229.0,1.000000,1.000000,1.000000,0.023127,-0.009701,1.995352,1.992701,1.988500,0.504834,0.503446,0.503870,0.505082,0.503660,0.504283
229.5,1.000000,1.000000,1.000000,0.023161,-0.009684,1.995348,1.992690,1.988500,0.504843,0.503454,0.503884,0.505091,0.503668,0.504291
230.0,1.000000,1.000000,1.000000,0.023195,-0.009668,1.995344,1.992679,1.988501,0.504852,0.503462,0.503898,0.505100,0.503676,0.504298
230.5,1.000000,1.000000,1.000000,0.023230,-0.009652,1.995340,1.992667,1.988502,0.504861,0.503470,0.503911,0.505109,0.503684,0.504306
231.0,1.000000,1.000000,1.000000,0.023264,-0.009637,1.995336,1.992656,1.988502,0.504871,0.503478,0.503924,0.505118,0.503692,0.504313
231.5,1.000000,1.000000,1.000000,0.023299,-0.009623,1.995331,1.992645,1.988503,0.504880,0.503486,0.503938,0.505127,0.503700,0.504320
232.0,1.000000,1.000000,1.000000,0.023333,-0.009609,1.995327,1.992634,1.988504,0.504889,0.503494,0.503951,0.505136,0.503709,0.504328
232.5,1.000000,1.000000,1.000000,0.023367,-0.009596,1.995323,1.992623,1.988504,0.504898,0.503503,0.503964,0.505145,0.503717,0.504336
233.0,1.000000,1.000000,1.000000,0.023402,-0.009583,1.995319,1.992612,1.988505,0.504907,0.503511,0.503976,0.505154,0.503725,0.504343
233.5,1.000000,1.000000,1.000000,0.023436,-0.009571,1.995315,1.992601,1.988506,0.504917,0.503519,0.503989,0.505163,0.503733,0.504351
234.0,1.000000,1.000000,1.000000,0.023470,-0.009560,1.995311,1.992590,1.988507,0.504926,0.503527,0.504002,0.505171,0.503741,0.504359
234.5,1.000000,1.000000,1.000000,0.023504,-0.009549,1.995308,1.992579,1.988508,0.504935,0.503535,0.504014,0.505180,0.503749,0.504367
235.0,1.000000,1.000000,1.000000,0.023539,-0.009538,1.995304,1.992568,1.988509,0.504944,0.503543,0.504027,0.505189,0.503757,0.504376
235.5,1.000000,1.000000,1.000000,0.023573,-0.009528,1.995300,1.992557,1.988510,0.504953,0.503551,0.504039,0.505198,0.503765,0.504385
236.0,1.000000,1.000000,1.000000,0.023607,-0.009518,1.995296,1.992546,1.988511,0.504962,0.503559,0.504052,0.505207,0.503773,0.504395
236.5,1.000000,1.000000,1.000000,0.023642,-0.009509,1.995292,1.992536,1.988512,0.504972,0.503567,0.504064,0.505216,0.503782,0.504405
237.0,1.000000,1.000000,1.000000,0.023676,-0.009500,1.995288,1.992525,1.988512,0.504981,0.503575,0.504077,0.505225,0.503790,0.504416
237.5,1.000000,1.000000,1.000000,0.023710,-0.009491,1.995284,1.992514,1.988513,0.504990,0.503583,0.504090,0.505234,0.503798,0.504428
238.0,1.000000,1.000000,1.000000,0.023744,-0.009483,1.995281,1.992503,1.988514,0.504999,0.503591,0.504102,0.505243,0.503806,0.504439
238.5,1.000000,1.000000,1.000000,0.023779,-0.009475,1.995277,1.992492,1.988515,0.505008,0.503599,0.504115,0.505252,0.503814,0.504449
239.0,1.000000,1.000000,1.000000,0.023813,-0.009467,1.995273,1.992482,1.988516,0.505017,0.503607,0.504126,0.505261,0.503822,0.504457
239.5,1.000000,1.000000,1.000000,0.023847,-0.009460,1.995269,1.992471,1.988517,0.505026,0.503615,0.504138,0.505270,0.503830,0.504464
240.0,1.000000,1.000000,1.000000,0.023881,-0.009453,1.995266,1.992460,1.988518,0.505035,0.503623,0.504149,0.505279,0.503838,0.504470
240.5,1.000000,1.000000,1.000000,0.023915,-0.009447,1.995262,1.992449,1.988519,0.505045,0.503631,0.504160,0.505288,0.503847,0.504476
241.0,1.000000,1.000000,1.000000,0.023950,-0.009440,1.995258,1.992439,1.988520,0.505054,0.503640,0.504170,0.505297,0.503855,0.504481
241.5,1.000000,1.000000,1.000000,0.023984,-0.009434,1.995255,1.992428,1.988521,0.505063,0.503648,0.504181,0.505306,0.503863,0.504485
242.0,1.000000,1.000000,1.000000,0.024018,-0.009428,1.995251,1.992418,1.988523,0.505072,0.503656,0.504191,0.505315,0.503871,0.504490
242.5,1.000000,1.000000,1.000000,0.024052,-0.009423,1.995248,1.992407,1.988524,0.505081,0.503664,0.504201,0.505324,0.503879,0.504494
243.0,1.000000,1.000000,1.000000,0.024086,-0.009417,1.995244,1.992396,1.988526,0.505090,0.503672,0.504211,0.505333,0.503887,0.504499
243.5,1.000000,1.000000,1.000000,0.024120,-0.009412,1.995240,1.992386,1.988527,0.505099,0.503680,0.504220,0.505343,0.503895,0.504504
244.0,1.000000,1.000000,1.000000,0.024155,-0.009407,1.995237,1.992375,1.988529,0.505108,0.503688,0.504230,0.505352,0.503904,0.504508
244.5,1.000000,1.000000,1.000000,0.024189,-0.009402,1.995233,1.992365,1.988531,0.505118,0.503696,0.504239,0.505361,0.503912,0.504513
245.0,1.000000,1.000000,1.000000,0.024223,-0.009398,1.995230,1.992354,1.988533,0.505127,0.503704,0.504249,0.505370,0.503920,0.504519
245.5,1.000000,1.000000,1.000000,0.024257,-0.009393,1.995226,1.992344,1.988535,0.505136,0.503712,0.504258,0.505379,0.503928,0.504524
246.0,1.000000,1.000000,1.000000,0.024291,-0.009389,1.995223,1.992333,1.988537,0.505145,0.503720,0.504268,0.505388,0.503936,0.504530
246.5,1.000000,1.000000,1.000000,0.024325,-0.009385,1.995220,1.992323,1.988539,0.505154,0.503729,0.504277,0.505397,0.503944,0.504536
247.0,1.000000,1.000000,1.000000,0.024359,-0.009381,1.995216,1.992313,1.988541,0.505163,0.503737,0.504286,0.505407,0.503952,0.504542
247.5,1.000000,1.000000,1.000000,0.024393,-0.009345,1.995213,1.992302,1.988543,0.505172,0.503745,0.504304,0.505416,0.503961,0.504586
248.0,1.000000,1.000000,1.000000,0.024427,-0.009310,1.995209,1.992292,1.988546,0.505182,0.503753,0.504321,0.505425,0.503969,0.504625
248.5,1.000000,1.000000,1.000000,0.024461,-0.009276,1.995206,1.992282,1.988548,0.505191,0.503761,0.504339,0.505434,0.503977,0.504661
249.0,1.000000,1.000000,1.000000,0.024495,-0.009244,1.995203,1.992271,1.988551,0.505200,0.503769,0.504355,0.505443,0.503985,0.504693
249.5,1.000000,1.000000,1.000000,0.024529,-0.009213,1.995199,1.992261,1.988553,0.505209,0.503777,0.504371,0.505452,0.503993,0.504721
250.0,1.000000,1.000000,1.000000,0.024563,-0.009184,1.995196,1.992251,1.988556,0.505218,0.503785,0.504387,0.505461,0.504001,0.504747
250.5,1.000000,1.000000,1.000000,0.024597,-0.009155,1.995193,1.992241,1.988559,0.505227,0.503793,0.504402,0.505470,0.504010,0.504769
251.0,1.000000,1.000000,1.000000,0.024631,-0.009128,1.995190,1.992230,1.988562,0.505236,0.503801,0.504417,0.505479,0.504018,0.504789
251.5,1.000000,1.000000,1.000000,0.024665,-0.009102,1.995186,1.992220,1.988565,0.505245,0.503810,0.504432,0.505488,0.504026,0.504807
252.0,1.000000,1.000000,1.000000,0.024699,-0.009077,1.995183,1.992210,1.988568,0.505254,0.503818,0.504446,0.505498,0.504034,0.504823
252.5,1.000000,1.000000,1.000000,0.024733,-0.009053,1.995180,1.992200,1.988572,0.505264,0.503826,0.504460,0.505507,0.504042,0.504838
253.0,1.000000,1.000000,1.000000,0.024767,-0.009030,1.995177,1.992190,1.988575,0.505273,0.503834,0.504473,0.505516,0.504050,0.504851
253.5,1.000000,1.000000,1.000000,0.024801,-0.009008,1.995173,1.992180,1.988578,0.505282,0.503842,0.504487,0.505525,0.504059,0.504863
254.0,1.000000,1.000000,1.000000,0.024835,-0.008987,1.995170,1.992170,1.988582,0.505291,0.503850,0.504500,0.505534,0.504067,0.504874
254.5,1.000000,1.000000,1.000000,0.024869,-0.008967,1.995167,1.992160,1.988586,0.505300,0.503858,0.504513,0.505543,0.504075,0.504885
255.0,1.000000,1.000000,1.000000,0.024903,-0.008948,1.995164,1.992150,1.988589,0.505309,0.503866,0.504526,0.505552,0.504083,0.504894
255.5,1.000000,1.000000,1.000000,0.024937,-0.008929,1.995161,1.992140,1.988593,0.505318,0.503875,0.504538,0.505561,0.504091,0.504903
256.0,1.000000,1.000000,1.000000,0.024971,-0.008912,1.995158,1.992130,1.988597,0.505327,0.503883,0.504550,0.505570,0.504099,0.504911
256.5,1.000000,1.000000,1.000000,0.025004,-0.008895,1.995155,1.992120,1.988601,0.505336,0.503891,0.504563,0.505579,0.504108,0.504919
257.0,1.000000,1.000000,1.000000,0.025038,-0.008878,1.995152,1.992110,1.988605,0.505345,0.503899,0.504575,0.505588,0.504116,0.504927
257.5,1.000000,1.000000,1.000000,0.025072,-0.008863,1.995149,1.992100,1.988609,0.505355,0.503907,0.504586,0.505597,0.504124,0.504935
258.0,1.000000,1.000000,1.000000,0.025106,-0.008848,1.995146,1.992090,1.988614,0.505364,0.503915,0.504598,0.505606,0.504132,0.504942
258.5,1.000000,1.000000,1.000000,0.025140,-0.008858,1.995143,1.992080,1.988618,0.505373,0.503923,0.504603,0.505615,0.504140,0.504921
259.0,1.000000,1.000000,1.000000,0.025174,-0.008868,1.995140,1.992070,1.988622,0.505382,0.503932,0.504609,0.505624,0.504149,0.504904
259.5,1.000000,1.000000,1.000000,0.025207,-0.008877,1.995137,1.992060,1.988627,0.505391,0.503940,0.504614,0.505633,0.504157,0.504889
260.0,1.000000,1.000000,1.000000,0.025241,-0.008886,1.995134,1.992051,1.988631,0.505400,0.503948,0.504620,0.505643,0.504165,0.504877
260.5,1.000000,1.000000,1.000000,0.025275,-0.008903,1.995131,1.992041,1.988636,0.505409,0.503956,0.504623,0.505652,0.504173,0.504859
261.0,1.000000,1.000000,1.000000,0.025309,-0.008919,1.995128,1.992031,1.988640,0.505418,0.503964,0.504627,0.505661,0.504181,0.504844
261.5,1.000000,1.000000,1.000000,0.025343,-0.008934,1.995125,1.992021,1.988645,0.505427,0.503972,0.504631,0.505670,0.504190,0.504831
262.0,1.000000,1.000000,1.000000,0.025376,-0.008949,1.995122,1.992012,1.988650,0.505436,0.503981,0.504636,0.505679,0.504198,0.504822
262.5,1.000000,1.000000,1.000000,0.025410,-0.008963,1.995120,1.992002,1.988654,0.505446,0.503989,0.504640,0.505688,0.504206,0.504814
263.0,1.000000,1.000000,1.000000,0.025444,-0.008976,1.995117,1.991992,1.988659,0.505455,0.503997,0.504645,0.505697,0.504214,0.504809
263.5,1.000000,1.000000,1.000000,0.025478,-0.008989,1.995114,1.991983,1.988664,0.505464,0.504005,0.504649,0.505706,0.504222,0.504806
264.0,1.000000,1.000000,1.000000,0.025511,-0.009001,1.995111,1.991973,1.988669,0.505473,0.504013,0.504654,0.505715,0.504231,0.504804
264.5,1.000000,1.000000,1.000000,0.025545,-0.009013,1.995108,1.991963,1.988674,0.505482,0.504021,0.504659,0.505725,0.504239,0.504804
265.0,1.000000,1.000000,1.000000,0.025579,-0.009024,1.995106,1.991954,1.988678,0.505491,0.504029,0.504665,0.505734,0.504247,0.504806
265.5,1.000000,1.000000,1.000000,0.025612,-0.009035,1.995103,1.991944,1.988683,0.505500,0.504038,0.504670,0.505743,0.504255,0.504808
266.0,1.000000,1.000000,1.000000,0.025646,-0.009045,1.995100,1.991935,1.988688,0.505509,0.504046,0.504675,0.505752,0.504263,0.504812
266.5,1.000000,1.000000,1.000000,0.025680,-0.009055,1.995097,1.991925,1.988693,0.505518,0.504054,0.504681,0.505761,0.504272,0.504816
267.0,1.000000,1.000000,1.000000,0.025713,-0.009065,1.995095,1.991916,1.988698,0.505528,0.504062,0.504687,0.505770,0.504280,0.504821
267.5,1.000000,1.000000,1.000000,0.025747,-0.009074,1.995092,1.991906,1.988703,0.505537,0.504070,0.504692,0.505780,0.504288,0.504827
268.0,1.000000,1.000000,1.000000,0.025781,-0.009083,1.995089,1.991897,1.988709,0.505546,0.504078,0.504698,0.505789,0.504296,0.504834
268.5,1.000000,1.000000,1.000000,0.025814,-0.009056,1.995087,1.991887,1.988714,0.505555,0.504087,0.504713,0.505798,0.504304,0.504880
269.0,1.000000,1.000000,1.000000,0.025848,-0.009031,1.995084,1.991878,1.988719,0.505564,0.504095,0.504728,0.505807,0.504313,0.504922
269.5,1.000000,1.000000,1.000000,0.025881,-0.009007,1.995081,1.991869,1.988724,0.505573,0.504103,0.504742,0.505816,0.504321,0.504960
270.0,1.000000,1.000000,1.000000,0.025915,-0.008984,1.995079,1.991859,1.988729,0.505582,0.504111,0.504757,0.505825,0.504329,0.504995
270.5,1.000000,1.000000,1.000000,0.025949,-0.008961,1.995076,1.991850,1.988734,0.505591,0.504119,0.504771,0.505834,0.504337,0.505027
271.0,1.000000,1.000000,1.000000,0.025982,-0.008940,1.995074,1.991841,1.988740,0.505600,0.504128,0.504784,0.505843,0.504345,0.505056
271.5,1.000000,1.000000,1.000000,0.026016,-0.008920,1.995071,1.991831,1.988745,0.505610,0.504136,0.504798,0.505852,0.504354,0.505082
272.0,1.000000,1.000000,1.000000,0.026049,-0.008900,1.995069,1.991822,1.988750,0.505619,0.504144,0.504811,0.505862,0.504362,0.505107
272.5,1.000000,1.000000,1.000000,0.026083,-0.008881,1.995066,1.991813,1.988756,0.505628,0.504152,0.504825,0.505871,0.504370,0.505129
273.0,1.000000,1.000000,1.000000,0.026116,-0.008863,1.995064,1.991804,1.988761,0.505637,0.504160,0.504838,0.505880,0.504378,0.505150
273.5,1.000000,1.000000,1.000000,0.026150,-0.008846,1.995061,1.991794,1.988766,0.505646,0.504168,0.504851,0.505889,0.504387,0.505169
274.0,1.000000,1.000000,1.000000,0.026183,-0.008829,1.995059,1.991785,1.988771,0.505655,0.504177,0.504863,0.505898,0.504395,0.505186
274.5,1.000000,1.000000,1.000000,0.026217,-0.008814,1.995056,1.991776,1.988777,0.505664,0.504185,0.504876,0.505907,0.504403,0.505203
275.0,1.000000,1.000000,1.000000,0.026250,-0.008798,1.995054,1.991767,1.988782,0.505673,0.504193,0.504888,0.505916,0.504411,0.505218
275.5,1.000000,1.000000,1.000000,0.026284,-0.008784,1.995051,1.991758,1.988787,0.505682,0.504201,0.504900,0.505925,0.504419,0.505232
276.0,1.000000,1.000000,1.000000,0.026317,-0.008770,1.995049,1.991749,1.988793,0.505691,0.504209,0.504913,0.505934,0.504428,0.505245
276.5,1.000000,1.000000,1.000000,0.026350,-0.008757,1.995046,1.991740,1.988798,0.505700,0.504218,0.504925,0.505943,0.504436,0.505257
277.0,1.000000,1.000000,1.000000,0.026384,-0.008744,1.995044,1.991731,1.988803,0.505709,0.504226,0.504936,0.505952,0.504444,0.505269
277.5,1.000000,1.000000,1.000000,0.026417,-0.008732,1.995042,1.991722,1.988809,0.505719,0.504234,0.504948,0.505961,0.504452,0.505280
278.0,1.000000,1.000000,1.000000,0.026451,-0.008720,1.995039,1.991713,1.988814,0.505728,0.504242,0.504960,0.505970,0.504461,0.505289
278.5,1.000000,1.000000,1.000000,0.026484,-0.008709,1.995037,1.991704,1.988819,0.505737,0.504250,0.504971,0.505979,0.504469,0.505297
279.0,1.000000,1.000000,1.000000,0.026517,-0.008698,1.995035,1.991695,1.988825,0.505746,0.504259,0.504982,0.505988,0.504477,0.505304
279.5,1.000000,1.000000,1.000000,0.026551,-0.008687,1.995032,1.991686,1.988830,0.505755,0.504267,0.504992,0.505997,0.504485,0.505311
280.0,1.000000,1.000000,1.000000,0.026584,-0.008677,1.995030,1.991677,1.988836,0.505764,0.504275,0.505002,0.506006,0.504494,0.505316
280.5,1.000000,1.000000,1.000000,0.026617,-0.008521,1.995028,1.991668,1.988841,0.505773,0.504283,0.505051,0.506014,0.504502,0.505486
281.0,1.000000,1.000000,1.000000,0.026651,-0.008369,1.995025,1.991659,1.988847,0.505782,0.504291,0.505098,0.506023,0.504510,0.505639
281.5,1.000000,1.000000,1.000000,0.026684,-0.008223,1.995023,1.991650,1.988852,0.505791,0.504300,0.505144,0.506032,0.504518,0.505774
282.0,1.000000,1.000000,1.000000,0.026717,-0.008083,1.995021,1.991642,1.988858,0.505800,0.504308,0.505187,0.506041,0.504526,0.505893
282.5,1.000000,1.000000,1.000000,0.026751,-0.007949,1.995019,1.991633,1.988864,0.505809,0.504316,0.505230,0.506050,0.504535,0.505997
283.0,1.000000,1.000000,1.000000,0.026784,-0.007821,1.995016,1.991624,1.988870,0.505818,0.504324,0.505270,0.506059,0.504543,0.506089
283.5,1.000000,1.000000,1.000000,0.026817,-0.007698,1.995014,1.991615,1.988875,0.505827,0.504332,0.505310,0.506068,0.504551,0.506168
284.0,1.000000,1.000000,1.000000,0.026851,-0.007580,1.995012,1.991607,1.988881,0.505836,0.504341,0.505348,0.506077,0.504559,0.506238
284.5,1.000000,1.000000,1.000000,0.026884,-0.007467,1.995010,1.991598,1.988887,0.505845,0.504349,0.505385,0.506086,0.504568,0.506297
285.0,1.000000,1.000000,1.000000,0.026917,-0.007359,1.995008,1.991589,1.988893,0.505854,0.504357,0.505420,0.506095,0.504576,0.506349
285.5,1.000000,1.000000,1.000000,0.026950,-0.007255,1.995006,1.991581,1.988899,0.505863,0.504365,0.505455,0.506104,0.504584,0.506393
286.0,1.000000,1.000000,1.000000,0.026983,-0.007155,1.995003,1.991572,1.988905,0.505872,0.504373,0.505488,0.506113,0.504592,0.506430
286.5,1.000000,1.000000,1.000000,0.027017,-0.007060,1.995001,1.991563,1.988911,0.505881,0.504382,0.505520,0.506122,0.504601,0.506462
287.0,1.000000,1.000000,1.000000,0.027050,-0.006969,1.994999,1.991555,1.988918,0.505890,0.504390,0.505552,0.506131,0.504609,0.506488
287.5,1.000000,1.000000,1.000000,0.027083,-0.006881,1.994997,1.991546,1.988924,0.505899,0.504398,0.505582,0.506140,0.504617,0.506510
288.0,1.000000,1.000000,1.000000,0.027116,-0.006797,1.994995,1.991538,1.988930,0.505908,0.504406,0.505611,0.506148,0.504625,0.506528
288.5,1.000000,1.000000,1.000000,0.027149,-0.006717,1.994993,1.991529,1.988936,0.505917,0.504414,0.505640,0.506157,0.504633,0.506543
289.0,1.000000,1.000000,1.000000,0.027182,-0.006640,1.994991,1.991521,1.988942,0.505926,0.504423,0.505668,0.506166,0.504642,0.506556
289.5,1.000000,1.000000,1.000000,0.027216,-0.006566,1.994989,1.991512,1.988949,0.505935,0.504431,0.505695,0.506175,0.504650,0.506567
290.0,1.000000,1.000000,1.000000,0.027249,-0.006495,1.994987,1.991504,1.988955,0.505944,0.504439,0.505721,0.506184,0.504658,0.506577
290.5,1.000000,1.000000,1.000000,0.027282,-0.006434,1.994985,1.991495,1.988961,0.505953,0.504447,0.505745,0.506193,0.504666,0.506578
291.0,1.000000,1.000000,1.000000,0.027315,-0.006374,1.994983,1.991487,1.988967,0.505962,0.504456,0.505769,0.506202,0.504675,0.506579
291.5,1.000000,1.000000,1.000000,0.027348,-0.006318,1.994981,1.991478,1.988973,0.505971,0.504464,0.505792,0.506211,0.504683,0.506580
292.0,1.000000,1.000000,1.000000,0.027381,-0.006263,1.994979,1.991470,1.988980,0.505980,0.504472,0.505815,0.506220,0.504691,0.506580
292.5,1.000000,1.000000,1.000000,0.027414,-0.006211,1.994977,1.991462,1.988986,0.505989,0.504480,0.505837,0.506228,0.504699,0.506581
293.0,1.000000,1.000000,1.000000,0.027447,-0.006104,1.994975,1.991453,1.988992,0.505998,0.504488,0.505874,0.506237,0.504708,0.506646
293.5,1.000000,1.000000,1.000000,0.027480,-0.006002,1.994973,1.991445,1.988998,0.506007,0.504497,0.505909,0.506246,0.504716,0.506703
294.0,1.000000,1.000000,1.000000,0.027513,-0.005904,1.994972,1.991437,1.989004,0.506016,0.504505,0.505944,0.506255,0.504724,0.506753
294.5,1.000000,1.000000,1.000000,0.027546,-0.005810,1.994970,1.991428,1.989009,0.506025,0.504513,0.505977,0.506264,0.504732,0.506798
295.0,1.000000,1.000000,1.000000,0.027579,-0.005720,1.994968,1.991420,1.989015,0.506034,0.504521,0.506010,0.506273,0.504741,0.506837
295.5,1.000000,1.000000,1.000000,0.027612,-0.005634,1.994966,1.991412,1.989021,0.506043,0.504530,0.506041,0.506281,0.504749,0.506871
296.0,1.000000,1.000000,1.000000,0.027645,-0.005551,1.994964,1.991404,1.989027,0.506052,0.504538,0.506072,0.506290,0.504757,0.506901
296.5,1.000000,1.000000,1.000000,0.027678,-0.005472,1.994962,1.991396,1.989032,0.506060,0.504546,0.506101,0.506299,0.504765,0.506927
297.0,1.000000,1.000000,1.000000,0.027711,-0.005396,1.994960,1.991387,1.989038,0.506069,0.504554,0.506130,0.506308,0.504774,0.506950
297.5,1.000000,1.000000,1.000000,0.027744,-0.005323,1.994959,1.991379,1.989044,0.506078,0.504562,0.506158,0.506317,0.504782,0.506970
298.0,1.000000,1.000000,1.000000,0.027777,-0.005253,1.994957,1.991371,1.989049,0.506087,0.504571,0.506185,0.506325,0.504790,0.506987
298.5,1.000000,1.000000,1.000000,0.027810,-0.005186,1.994955,1.991363,1.989054,0.506096,0.504579,0.506212,0.506334,0.504798,0.507002
299.0,1.000000,1.000000,1.000000,0.027843,-0.005122,1.994953,1.991355,1.989060,0.506105,0.504587,0.506237,0.506343,0.504807,0.507014
299.5,1.000000,1.000000,1.000000,0.027875,-0.005061,1.994952,1.991347,1.989065,0.506114,0.504595,0.506262,0.506352,0.504815,0.507023
300.0,1.000000,1.000000,1.000000,0.027908,-0.005002,1.994950,1.991339,1.989071,0.506123,0.504604,0.506286,0.506360,0.504823,0.507030
300.5,1.000000,1.000000,1.000000,0.027941,-0.004946,1.994948,1.991331,1.989076,0.506132,0.504612,0.506309,0.506369,0.504831,0.507035
301.0,1.000000,1.000000,1.000000,0.027974,-0.004892,1.994947,1.991323,1.989081,0.506141,0.504620,0.506331,0.506378,0.504840,0.507039
301.5,1.000000,1.000000,1.000000,0.028007,-0.004840,1.994945,1.991315,1.989087,0.506149,0.504628,0.506352,0.506387,0.504848,0.507042
302.0,1.000000,1.000000,1.000000,0.028040,-0.004790,1.994943,1.991307,1.989092,0.506158,0.504637,0.506373,0.506395,0.504856,0.507043
302.5,1.000000,1.000000,1.000000,0.028072,-0.004743,1.994942,1.991299,1.989098,0.506167,0.504645,0.506393,0.506404,0.504864,0.507045
303.0,1.000000,1.000000,1.000000,0.028105,-0.004697,1.994940,1.991291,1.989103,0.506176,0.504653,0.506413,0.506413,0.504873,0.507045
303.5,1.000000,1.000000,1.000000,0.028138,-0.004653,1.994938,1.991283,1.989109,0.506185,0.504661,0.506432,0.506422,0.504881,0.507045
304.0,1.000000,1.000000,1.000000,0.028171,-0.004612,1.994937,1.991276,1.989114,0.506194,0.504670,0.506451,0.506430,0.504889,0.507046
304.5,1.000000,1.000000,1.000000,0.028203,-0.004462,1.994935,1.991268,1.989120,0.506203,0.504678,0.506497,0.506439,0.504897,0.507168
305.0,1.000000,1.000000,1.000000,0.028236,-0.004318,1.994934,1.991260,1.989126,0.506211,0.504686,0.506542,0.506448,0.504906,0.507277
305.5,1.000000,1.000000,1.000000,0.028269,-0.004181,1.994932,1.991252,1.989131,0.506220,0.504694,0.506585,0.506457,0.504914,0.507372
306.0,1.000000,1.000000,1.000000,0.028302,-0.004049,1.994931,1.991244,1.989137,0.506229,0.504702,0.506627,0.506465,0.504922,0.507456
306.5,1.000000,1.000000,1.000000,0.028334,-0.003923,1.994929,1.991237,1.989143,0.506238,0.504711,0.506667,0.506474,0.504930,0.507530
307.0,1.000000,1.000000,1.000000,0.028367,-0.003802,1.994928,1.991229,1.989149,0.506247,0.504719,0.506706,0.506483,0.504939,0.507594
307.5,1.000000,1.000000,1.000000,0.028400,-0.003686,1.994926,1.991221,1.989154,0.506256,0.504727,0.506744,0.506492,0.504947,0.507650
308.0,1.000000,1.000000,1.000000,0.028432,-0.003575,1.994925,1.991214,1.989160,0.506264,0.504735,0.506780,0.506500,0.504955,0.507699
308.5,1.000000,1.000000,1.000000,0.028465,-0.003468,1.994923,1.991206,1.989166,0.506273,0.504744,0.506815,0.506509,0.504963,0.507740
309.0,1.000000,1.000000,1.000000,0.028498,-0.003366,1.994922,1.991198,1.989172,0.506282,0.504752,0.506849,0.506518,0.504972,0.507776
309.5,1.000000,1.000000,1.000000,0.028530,-0.003268,1.994920,1.991191,1.989178,0.506291,0.504760,0.506882,0.506526,0.504980,0.507807
310.0,1.000000,1.000000,1.000000,0.028563,-0.003175,1.994919,1.991183,1.989184,0.506300,0.504768,0.506914,0.506535,0.504988,0.507833
310.5,1.000000,1.000000,1.000000,0.028595,-0.003085,1.994917,1.991176,1.989190,0.506309,0.504777,0.506945,0.506544,0.504996,0.507855
311.0,1.000000,1.000000,1.000000,0.028628,-0.002999,1.994916,1.991168,1.989196,0.506317,0.504785,0.506974,0.506553,0.505004,0.507870
311.5,1.000000,1.000000,1.000000,0.028661,-0.002916,1.994915,1.991161,1.989203,0.506326,0.504793,0.507001,0.506561,0.505013,0.507878
312.0,1.000000,1.000000,1.000000,0.028693,-0.002837,1.994913,1.991153,1.989209,0.506335,0.504801,0.507027,0.506570,0.505021,0.507880
312.5,1.000000,1.000000,1.000000,0.028726,-0.002761,1.994912,1.991146,1.989216,0.506344,0.504810,0.507051,0.506579,0.505029,0.507879
313.0,1.000000,1.000000,1.000000,0.028758,-0.002689,1.994911,1.991138,1.989223,0.506353,0.504818,0.507074,0.506588,0.505037,0.507874
313.5,1.000000,1.000000,1.000000,0.028791,-0.002619,1.994909,1.991131,1.989230,0.506361,0.504826,0.507095,0.506596,0.505046,0.507866
314.0,1.000000,1.000000,1.000000,0.028823,-0.002552,1.994908,1.991123,1.989238,0.506370,0.504834,0.507116,0.506605,0.505054,0.507857
314.5,1.000000,1.000000,1.000000,0.028856,-0.002488,1.994907,1.991116,1.989246,0.506379,0.504842,0.507135,0.506614,0.505062,0.507846
315.0,1.000000,1.000000,1.000000,0.028888,-0.002427,1.994905,1.991109,1.989254,0.506388,0.504851,0.507154,0.506622,0.505070,0.507835
315.5,1.000000,1.000000,1.000000,0.028921,-0.002368,1.994904,1.991101,1.989263,0.506397,0.504859,0.507171,0.506631,0.505079,0.507823
316.0,1.000000,1.000000,1.000000,0.028953,-0.002312,1.994903,1.991094,1.989271,0.506405,0.504867,0.507188,0.506640,0.505087,0.507811
316.5,1.000000,1.000000,1.000000,0.028986,-0.002258,1.994902,1.991087,1.989281,0.506414,0.504875,0.507204,0.506648,0.505095,0.507799
317.0,1.000000,1.000000,1.000000,0.029018,-0.002207,1.994900,1.991079,1.989290,0.506423,0.504884,0.507220,0.506657,0.505103,0.507787
317.5,1.000000,1.000000,1.000000,0.029050,-0.002157,1.994899,1.991072,1.989300,0.506432,0.504892,0.507235,0.506666,0.505112,0.507776
318.0,1.000000,1.000000,1.000000,0.029083,-0.002110,1.994898,1.991065,1.989310,0.506440,0.504900,0.507249,0.506674,0.505120,0.507766
318.5,1.000000,1.000000,1.000000,0.029115,-0.002064,1.994897,1.991058,1.989320,0.506449,0.504908,0.507263,0.506683,0.505128,0.507756
319.0,1.000000,1.000000,1.000000,0.029147,-0.002021,1.994896,1.991050,1.989330,0.506458,0.504917,0.507277,0.506692,0.505136,0.507747
319.5,1.000000,1.000000,1.000000,0.029180,-0.001979,1.994894,1.991043,1.989341,0.506467,0.504925,0.507290,0.506700,0.505145,0.507739
320.0,1.000000,1.000000,1.000000,0.029212,-0.001939,1.994893,1.991036,1.989352,0.506475,0.504933,0.507303,0.506709,0.505153,0.507732
320.5,1.000000,1.000000,1.000000,0.029244,-0.001901,1.994892,1.991029,1.989363,0.506484,0.504941,0.507315,0.506718,0.505161,0.507725
321.0,1.000000,1.000000,1.000000,0.029277,-0.001864,1.994891,1.991022,1.989375,0.506493,0.504950,0.507327,0.506726,0.505169,0.507720
321.5,1.000000,1.000000,1.000000,0.029309,-0.001829,1.994890,1.991015,1.989387,0.506502,0.504958,0.507339,0.506735,0.505178,0.507716
322.0,1.000000,1.000000,1.000000,0.029341,-0.001795,1.994889,1.991008,1.989398,0.506510,0.504966,0.507351,0.506744,0.505186,0.507712
322.5,1.000000,1.000000,1.000000,0.029374,-0.001762,1.994888,1.991001,1.989410,0.506519,0.504974,0.507362,0.506752,0.505194,0.507710
323.0,1.000000,1.000000,1.000000,0.029406,-0.001731,1.994887,1.990994,1.989423,0.506528,0.504983,0.507373,0.506761,0.505202,0.507708
323.5,1.000000,1.000000,1.000000,0.029438,-0.001702,1.994886,1.990987,1.989435,0.506537,0.504991,0.507383,0.506770,0.505211,0.507705
324.0,1.000000,1.000000,1.000000,0.029470,-0.001673,1.994885,1.990980,1.989448,0.506545,0.504999,0.507393,0.506778,0.505219,0.507702
324.5,1.000000,1.000000,1.000000,0.029503,-0.001646,1.994884,1.990973,1.989461,0.506554,0.505007,0.507402,0.506787,0.505227,0.507698
325.0,1.000000,1.000000,1.000000,0.029535,-0.001607,1.994883,1.990966,1.989474,0.506563,0.505016,0.507415,0.506796,0.505235,0.507709
325.5,1.000000,1.000000,1.000000,0.029567,-0.001569,1.994881,1.990959,1.989487,0.506571,0.505024,0.507427,0.506804,0.505244,0.507718
326.0,1.000000,1.000000,1.000000,0.029599,-0.001533,1.994881,1.990952,1.989501,0.506580,0.505032,0.507438,0.506813,0.505252,0.507726
326.5,1.000000,1.000000,1.000000,0.029631,-0.001498,1.994880,1.990945,1.989514,0.506589,0.505040,0.507449,0.506821,0.505260,0.507732
327.0,1.000000,1.000000,1.000000,0.029663,-0.001465,1.994879,1.990938,1.989528,0.506598,0.505049,0.507459,0.506830,0.505268,0.507738
327.5,1.000000,1.000000,1.000000,0.029696,-0.001433,1.994878,1.990931,1.989543,0.506606,0.505057,0.507469,0.506839,0.505276,0.507742
328.0,1.000000,1.000000,1.000000,0.029728,-0.001402,1.994877,1.990924,1.989557,0.506615,0.505065,0.507479,0.506847,0.505285,0.507746
328.5,1.000000,1.000000,1.000000,0.029760,-0.001373,1.994876,1.990918,1.989572,0.506624,0.505073,0.507488,0.506856,0.505293,0.507750
329.0,1.000000,1.000000,1.000000,0.029792,-0.001345,1.994875,1.990911,1.989586,0.506632,0.505081,0.507497,0.506864,0.505301,0.507753
329.5,1.000000,1.000000,1.000000,0.029824,-0.001318,1.994874,1.990904,1.989601,0.506641,0.505090,0.507506,0.506873,0.505309,0.507756
330.0,1.000000,1.000000,1.000000,0.029856,-0.001292,1.994873,1.990897,1.989617,0.506650,0.505098,0.507515,0.506882,0.505318,0.507758
330.5,1.000000,1.000000,1.000000,0.029888,-0.001268,1.994872,1.990891,1.989632,0.506658,0.505106,0.507523,0.506890,0.505326,0.507761
331.0,1.000000,1.000000,1.000000,0.029920,-0.001244,1.994871,1.990884,1.989647,0.506667,0.505114,0.507531,0.506899,0.505334,0.507764
331.5,1.000000,1.000000,1.000000,0.029952,-0.001221,1.994870,1.990877,1.989663,0.506676,0.505123,0.507539,0.506907,0.505342,0.507766
332.0,1.000000,1.000000,1.000000,0.029984,-0.001200,1.994870,1.990871,1.989679,0.506684,0.505131,0.507547,0.506916,0.505351,0.507769
332.5,1.000000,1.000000,1.000000,0.030016,-0.001179,1.994869,1.990864,1.989695,0.506693,0.505139,0.507555,0.506925,0.505359,0.507772
333.0,1.000000,1.000000,1.000000,0.030048,-0.001159,1.994868,1.990857,1.989711,0.506702,0.505147,0.507563,0.506933,0.505367,0.507775
333.5,1.000000,1.000000,1.000000,0.030080,-0.001140,1.994867,1.990851,1.989727,0.506710,0.505156,0.507570,0.506942,0.505375,0.507778
334.0,1.000000,1.000000,1.000000,0.030112,-0.001121,1.994866,1.990844,1.989743,0.506719,0.505164,0.507577,0.506950,0.505384,0.507781
334.5,1.000000,1.000000,1.000000,0.030144,-0.001104,1.994866,1.990838,1.989760,0.506728,0.505172,0.507585,0.506959,0.505392,0.507785
335.0,1.000000,1.000000,1.000000,0.030176,-0.000977,1.994865,1.990831,1.989776,0.506736,0.505180,0.507620,0.506968,0.505400,0.507908
335.5,1.000000,1.000000,1.000000,0.030208,-0.000855,1.994864,1.990825,1.989793,0.506745,0.505189,0.507653,0.506976,0.505408,0.508016
336.0,1.000000,1.000000,1.000000,0.030240,-0.000738,1.994863,1.990818,1.989810,0.506754,0.505197,0.507684,0.506985,0.505416,0.508108
336.5,1.000000,1.000000,1.000000,0.030271,-0.000626,1.994863,1.990812,1.989827,0.506762,0.505205,0.507714,0.506993,0.505425,0.508187
337.0,1.000000,1.000000,1.000000,0.030303,-0.000519,1.994862,1.990805,1.989845,0.506771,0.505213,0.507742,0.507002,0.505433,0.508254
337.5,1.000000,1.000000,1.000000,0.030335,-0.000351,1.994861,1.990799,1.989862,0.506780,0.505221,0.507786,0.507010,0.505441,0.508385
338.0,1.000000,1.000000,1.000000,0.030367,-0.000190,1.994860,1.990793,1.989880,0.506788,0.505230,0.507828,0.507019,0.505449,0.508497
338.5,1.000000,1.000000,1.000000,0.030399,-0.000035,1.994860,1.990786,1.989898,0.506797,0.505238,0.507867,0.507027,0.505458,0.508595
339.0,1.000000,1.000000,1.000000,0.030431,0.000113,1.994859,1.990780,1.989917,0.506806,0.505246,0.507905,0.507036,0.505466,0.508678
339.5,1.000000,1.000000,1.000000,0.030462,0.000255,1.994858,1.990774,1.989936,0.506814,0.505254,0.507942,0.507045,0.505474,0.508749
340.0,1.000000,1.000000,1.000000,0.030494,0.000391,1.994858,1.990767,1.989955,0.506823,0.505263,0.507976,0.507053,0.505482,0.508808
340.5,1.000000,1.000000,1.000000,0.030526,0.000521,1.994857,1.990761,1.989974,0.506831,0.505271,0.508010,0.507062,0.505490,0.508859
341.0,1.000000,1.000000,1.000000,0.030558,0.000646,1.994856,1.990755,1.989993,0.506840,0.505279,0.508041,0.507070,0.505499,0.508900
341.5,1.000000,1.000000,1.000000,0.030589,0.000765,1.994856,1.990748,1.990013,0.506849,0.505287,0.508072,0.507079,0.505507,0.508934
342.0,1.000000,1.000000,1.000000,0.030621,0.000880,1.994855,1.990742,1.990033,0.506857,0.505296,0.508101,0.507087,0.505515,0.508962
342.5,1.000000,1.000000,1.000000,0.030653,0.000990,1.994855,1.990736,1.990053,0.506866,0.505304,0.508129,0.507096,0.505523,0.508985
343.0,1.000000,1.000000,1.000000,0.030684,0.001095,1.994854,1.990730,1.990073,0.506874,0.505312,0.508156,0.507104,0.505532,0.509003
343.5,1.000000,1.000000,1.000000,0.030716,0.001196,1.994853,1.990724,1.990094,0.506883,0.505320,0.508183,0.507113,0.505540,0.509016
344.0,1.000000,1.000000,1.000000,0.030748,0.001293,1.994853,1.990718,1.990114,0.506892,0.505328,0.508208,0.507121,0.505548,0.509027
344.5,1.000000,1.000000,1.000000,0.030779,0.001386,1.994852,1.990711,1.990135,0.506900,0.505337,0.508232,0.507130,0.505556,0.509035
345.0,1.000000,1.000000,1.000000,0.030811,0.001510,1.994852,1.990705,1.990156,0.506909,0.505345,0.508265,0.507138,0.505564,0.509079
345.5,1.000000,1.000000,1.000000,0.030843,0.001628,1.994851,1.990699,1.990177,0.506917,0.505353,0.508296,0.507147,0.505573,0.509117
346.0,1.000000,1.000000,1.000000,0.030874,0.001742,1.994851,1.990693,1.990198,0.506926,0.505361,0.508326,0.507155,0.505581,0.509149
346.5,1.000000,1.000000,1.000000,0.030906,0.001851,1.994850,1.990687,1.990219,0.506934,0.505370,0.508355,0.507164,0.505589,0.509177
347.0,1.000000,1.000000,1.000000,0.030937,0.001956,1.994850,1.990681,1.990241,0.506943,0.505378,0.508384,0.507172,0.505597,0.509199
347.5,1.000000,1.000000,1.000000,0.030969,0.002056,1.994849,1.990675,1.990262,0.506952,0.505386,0.508411,0.507180,0.505605,0.509218
348.0,1.000000,1.000000,1.000000,0.031001,0.002152,1.994849,1.990669,1.990283,0.506960,0.505394,0.508437,0.507189,0.505614,0.509234
348.5,1.000000,1.000000,1.000000,0.031032,0.002244,1.994848,1.990663,1.990305,0.506969,0.505403,0.508463,0.507197,0.505622,0.509246
349.0,1.000000,1.000000,1.000000,0.031064,0.002332,1.994848,1.990657,1.990326,0.506977,0.505411,0.508487,0.507206,0.505630,0.509256
349.5,1.000000,1.000000,1.000000,0.031095,0.002417,1.994847,1.990651,1.990348,0.506986,0.505419,0.508511,0.507214,0.505638,0.509263
350.0,1.000000,1.000000,1.000000,0.031127,0.002498,1.994847,1.990645,1.990369,0.506994,0.505427,0.508534,0.507223,0.505646,0.509269
350.5,1.000000,1.000000,1.000000,0.031158,0.002576,1.994847,1.990640,1.990391,0.507003,0.505435,0.508556,0.507231,0.505655,0.509273
351.0,1.000000,1.000000,1.000000,0.031189,0.002650,1.994846,1.990634,1.990412,0.507011,0.505444,0.508577,0.507240,0.505663,0.509275
351.5,1.000000,1.000000,1.000000,0.031221,0.002721,1.994846,1.990628,1.990434,0.507020,0.505452,0.508598,0.507248,0.505671,0.509277
352.0,1.000000,1.000000,1.000000,0.031252,0.002790,1.994845,1.990622,1.990455,0.507029,0.505460,0.508618,0.507256,0.505679,0.509277
352.5,1.000000,1.000000,1.000000,0.031284,0.002855,1.994845,1.990616,1.990477,0.507037,0.505468,0.508637,0.507265,0.505687,0.509277
353.0,1.000000,1.000000,1.000000,0.031315,0.002918,1.994845,1.990610,1.990498,0.507046,0.505476,0.508656,0.507273,0.505696,0.509275
353.5,1.000000,1.000000,1.000000,0.031346,0.002978,1.994844,1.990605,1.990520,0.507054,0.505485,0.508674,0.507282,0.505704,0.509274
354.0,1.000000,1.000000,1.000000,0.031378,0.003036,1.994844,1.990599,1.990541,0.507063,0.505493,0.508692,0.507290,0.505712,0.509272
354.5,1.000000,1.000000,1.000000,0.031409,0.003091,1.994844,1.990593,1.990563,0.507071,0.505501,0.508708,0.507298,0.505720,0.509269
355.0,1.000000,1.000000,1.000000,0.031440,0.003144,1.994843,1.990588,1.990584,0.507080,0.505509,0.508725,0.507307,0.505728,0.509267
355.5,1.000000,1.000000,1.000000,0.031472,0.003194,1.994843,1.990582,1.990605,0.507088,0.505518,0.508741,0.507315,0.505737,0.509264
356.0,1.000000,1.000000,1.000000,0.031503,0.003243,1.994843,1.990576,1.990626,0.507097,0.505526,0.508756,0.507324,0.505745,0.509261
356.5,1.000000,1.000000,1.000000,0.031534,0.003290,1.994843,1.990571,1.990648,0.507105,0.505534,0.508771,0.507332,0.505753,0.509258
357.0,1.000000,1.000000,1.000000,0.031566,0.003334,1.994842,1.990565,1.990669,0.507114,0.505542,0.508785,0.507340,0.505761,0.509254
357.5,1.000000,1.000000,1.000000,0.031597,0.003377,1.994842,1.990559,1.990690,0.507122,0.505550,0.508799,0.507349,0.505769,0.509251
358.0,1.000000,1.000000,1.000000,0.031628,0.003418,1.994842,1.990554,1.990711,0.507131,0.505559,0.508812,0.507357,0.505778,0.509248
358.5,1.000000,1.000000,1.000000,0.031659,0.003457,1.994841,1.990548,1.990732,0.507139,0.505567,0.508825,0.507365,0.505786,0.509245
359.0,1.000000,1.000000,1.000000,0.031691,0.003495,1.994841,1.990543,1.990753,0.507147,0.505575,0.508838,0.507374,0.505794,0.509242
359.5,1.000000,1.000000,1.000000,0.031722,0.003531,1.994841,1.990537,1.990774,0.507156,0.505583,0.508850,0.507382,0.505802,0.509239
360.0,1.000000,1.000000,1.000000,0.031753,0.003566,1.994841,1.990532,1.990795,0.507164,0.505591,0.508862,0.507390,0.505810,0.509237
360.5,1.000000,1.000000,1.000000,0.031784,0.003599,1.994841,1.990526,1.990816,0.507173,0.505600,0.508873,0.507399,0.505818,0.509235
361.0,1.000000,1.000000,1.000000,0.031815,0.003631,1.994840,1.990521,1.990837,0.507181,0.505608,0.508884,0.507407,0.505827,0.509233
361.5,1.000000,1.000000,1.000000,0.031846,0.003661,1.994840,1.990515,1.990857,0.507190,0.505616,0.508895,0.507415,0.505835,0.509231
362.0,1.000000,1.000000,1.000000,0.031877,0.003690,1.994840,1.990510,1.990878,0.507198,0.505624,0.508905,0.507424,0.505843,0.509230
362.5,1.000000,1.000000,1.000000,0.031909,0.003718,1.994840,1.990505,1.990899,0.507207,0.505632,0.508916,0.507432,0.505851,0.509229
363.0,1.000000,1.000000,1.000000,0.031940,0.003838,1.994840,1.990499,1.990919,0.507215,0.505641,0.508950,0.507440,0.505859,0.509332
363.5,1.000000,1.000000,1.000000,0.031971,0.003953,1.994840,1.990494,1.990940,0.507223,0.505649,0.508983,0.507449,0.505868,0.509424
364.0,1.000000,1.000000,1.000000,0.032002,0.004063,1.994840,1.990489,1.990960,0.507232,0.505657,0.509014,0.507457,0.505876,0.509505
364.5,1.000000,1.000000,1.000000,0.032033,0.004169,1.994839,1.990483,1.990981,0.507240,0.505665,0.509045,0.507465,0.505884,0.509577
365.0,1.000000,1.000000,1.000000,0.032064,0.004270,1.994839,1.990478,1.991001,0.507249,0.505673,0.509074,0.507474,0.505892,0.509639
365.5,1.000000,1.000000,1.000000,0.032095,0.004367,1.994839,1.990473,1.991021,0.507257,0.505682,0.509102,0.507482,0.505900,0.509690
366.0,1.000000,1.000000,1.000000,0.032126,0.004460,1.994839,1.990468,1.991042,0.507266,0.505690,0.509128,0.507490,0.505908,0.509732
366.5,1.000000,1.000000,1.000000,0.032157,0.004550,1.994839,1.990462,1.991062,0.507274,0.505698,0.509152,0.507499,0.505917,0.509766
367.0,1.000000,1.000000,1.000000,0.032188,0.004635,1.994839,1.990457,1.991083,0.507282,0.505706,0.509175,0.507507,0.505925,0.509792
367.5,1.000000,1.000000,1.000000,0.032219,0.004717,1.994839,1.990452,1.991103,0.507291,0.505714,0.509197,0.507515,0.505933,0.509813
368.0,1.000000,1.000000,1.000000,0.032250,0.004795,1.994839,1.990447,1.991124,0.507299,0.505723,0.509217,0.507523,0.505941,0.509827
368.5,1.000000,1.000000,1.000000,0.032280,0.004870,1.994839,1.990442,1.991145,0.507308,0.505731,0.509236,0.507532,0.505949,0.509834
369.0,1.000000,1.000000,1.000000,0.032311,0.004942,1.994839,1.990436,1.991167,0.507316,0.505739,0.509254,0.507540,0.505957,0.509837
369.5,1.000000,1.000000,1.000000,0.032342,0.005012,1.994839,1.990431,1.991188,0.507324,0.505747,0.509270,0.507548,0.505966,0.509837
370.0,1.000000,1.000000,1.000000,0.032373,0.005078,1.994839,1.990426,1.991210,0.507333,0.505755,0.509285,0.507556,0.505974,0.509833
370.5,1.000000,1.000000,1.000000,0.032404,0.005141,1.994839,1.990421,1.991232,0.507341,0.505763,0.509299,0.507565,0.505982,0.509827
371.0,1.000000,1.000000,1.000000,0.032435,0.005202,1.994839,1.990416,1.991254,0.507349,0.505772,0.509313,0.507573,0.505990,0.509819
371.5,1.000000,1.000000,1.000000,0.032466,0.005337,1.994839,1.990411,1.991276,0.507358,0.505780,0.509345,0.507581,0.505998,0.509895
372.0,1.000000,1.000000,1.000000,0.032496,0.005466,1.994839,1.990406,1.991299,0.507366,0.505788,0.509376,0.507589,0.506006,0.509961
372.5,1.000000,1.000000,1.000000,0.032527,0.005589,1.994839,1.990401,1.991321,0.507374,0.505796,0.509406,0.507598,0.506014,0.510017
373.0,1.000000,1.000000,1.000000,0.032558,0.005708,1.994839,1.990396,1.991345,0.507383,0.505804,0.509434,0.507606,0.506023,0.510064
373.5,1.000000,1.000000,1.000000,0.032589,0.005822,1.994839,1.990391,1.991368,0.507391,0.505813,0.509461,0.507614,0.506031,0.510104
374.0,1.000000,1.000000,1.000000,0.032619,0.005931,1.994839,1.990386,1.991391,0.507399,0.505821,0.509487,0.507622,0.506039,0.510138
374.5,1.000000,1.000000,1.000000,0.032650,0.006035,1.994839,1.990381,1.991415,0.507408,0.505829,0.509511,0.507630,0.506047,0.510166
375.0,1.000000,1.000000,1.000000,0.032681,0.006135,1.994839,1.990377,1.991439,0.507416,0.505837,0.509535,0.507639,0.506055,0.510188
375.5,1.000000,1.000000,1.000000,0.032711,0.006231,1.994839,1.990372,1.991463,0.507424,0.505845,0.509557,0.507647,0.506063,0.510206
376.0,1.000000,1.000000,1.000000,0.032742,0.006323,1.994840,1.990367,1.991487,0.507433,0.505853,0.509578,0.507655,0.506071,0.510218
376.5,1.000000,1.000000,1.000000,0.032773,0.006411,1.994840,1.990362,1.991511,0.507441,0.505862,0.509598,0.507663,0.506080,0.510227
377.0,1.000000,1.000000,1.000000,0.032803,0.006495,1.994840,1.990357,1.991536,0.507449,0.505870,0.509618,0.507671,0.506088,0.510232
377.5,1.000000,1.000000,1.000000,0.032834,0.006576,1.994840,1.990352,1.991561,0.507458,0.505878,0.509636,0.507680,0.506096,0.510235
378.0,1.000000,1.000000,1.000000,0.032865,0.006653,1.994840,1.990348,1.991586,0.507466,0.505886,0.509653,0.507688,0.506104,0.510235
378.5,1.000000,1.000000,1.000000,0.032895,0.006728,1.994840,1.990343,1.991611,0.507474,0.505894,0.509669,0.507696,0.506112,0.510233
379.0,1.000000,1.000000,1.000000,0.032926,0.006799,1.994840,1.990338,1.991636,0.507483,0.505902,0.509685,0.507704,0.506120,0.510230
379.5,1.000000,1.000000,1.000000,0.032956,0.006867,1.994841,1.990333,1.991662,0.507491,0.505911,0.509700,0.507712,0.506128,0.510226
380.0,1.000000,1.000000,1.000000,0.032987,0.006954,1.994841,1.990329,1.991688,0.507499,0.505919,0.509720,0.507721,0.506137,0.510245
380.5,1.000000,1.000000,1.000000,0.033017,0.007037,1.994841,1.990324,1.991713,0.507507,0.505927,0.509739,0.507729,0.506145,0.510260
381.0,1.000000,1.000000,1.000000,0.033048,0.007117,1.994841,1.990319,1.991739,0.507516,0.505935,0.509757,0.507737,0.506153,0.510272
381.5,1.000000,1.000000,1.000000,0.033078,0.007193,1.994842,1.990315,1.991765,0.507524,0.505943,0.509775,0.507745,0.506161,0.510281
382.0,1.000000,1.000000,1.000000,0.033109,0.007266,1.994842,1.990310,1.991791,0.507532,0.505951,0.509791,0.507753,0.506169,0.510289
382.5,1.000000,1.000000,1.000000,0.033139,0.007336,1.994842,1.990306,1.991818,0.507541,0.505960,0.509807,0.507761,0.506177,0.510294
383.0,1.000000,1.000000,1.000000,0.033170,0.007404,1.994842,1.990301,1.991844,0.507549,0.505968,0.509823,0.507770,0.506185,0.510298
383.5,1.000000,1.000000,1.000000,0.033200,0.007468,1.994843,1.990296,1.991871,0.507557,0.505976,0.509837,0.507778,0.506193,0.510300
384.0,1.000000,1.000000,1.000000,0.033231,0.007530,1.994843,1.990292,1.991897,0.507565,0.505984,0.509851,0.507786,0.506201,0.510301
384.5,1.000000,1.000000,1.000000,0.033261,0.007589,1.994843,1.990287,1.991924,0.507574,0.505992,0.509865,0.507794,0.506210,0.510301
385.0,1.000000,1.000000,1.000000,0.033291,0.007646,1.994843,1.990283,1.991950,0.507582,0.506000,0.509878,0.507802,0.506218,0.510300
385.5,1.000000,1.000000,1.000000,0.033322,0.007700,1.994844,1.990278,1.991977,0.507590,0.506008,0.509890,0.507810,0.506226,0.510298
386.0,1.000000,1.000000,1.000000,0.033352,0.007803,1.994844,1.990274,1.992004,0.507598,0.506017,0.509915,0.507818,0.506234,0.510353
386.5,1.000000,1.000000,1.000000,0.033382,0.007901,1.994844,1.990270,1.992030,0.507606,0.506025,0.509939,0.507826,0.506242,0.510400
387.0,1.000000,1.000000,1.000000,0.033413,0.007995,1.994845,1.990265,1.992057,0.507615,0.506033,0.509963,0.507834,0.506250,0.510441
387.5,1.000000,1.000000,1.000000,0.033443,0.008086,1.994845,1.990261,1.992084,0.507623,0.506041,0.509985,0.507843,0.506258,0.510477
388.0,1.000000,1.000000,1.000000,0.033473,0.008172,1.994845,1.990256,1.992111,0.507631,0.506049,0.510006,0.507851,0.506266,0.510507
388.5,1.000000,1.000000,1.000000,0.033504,0.008255,1.994846,1.990252,1.992138,0.507639,0.506057,0.510026,0.507859,0.506274,0.510533
389.0,1.000000,1.000000,1.000000,0.033534,0.008335,1.994846,1.990248,1.992165,0.507648,0.506065,0.510046,0.507867,0.506282,0.510555
389.5,1.000000,1.000000,1.000000,0.033564,0.008411,1.994846,1.990243,1.992191,0.507656,0.506074,0.510065,0.507875,0.506291,0.510574
390.0,1.000000,1.000000,1.000000,0.033594,0.008484,1.994847,1.990239,1.992218,0.507664,0.506082,0.510083,0.507883,0.506299,0.510589
390.5,1.000000,1.000000,1.000000,0.033624,0.008554,1.994847,1.990235,1.992245,0.507672,0.506090,0.510100,0.507891,0.506307,0.510601
391.0,1.000000,1.000000,1.000000,0.033655,0.008621,1.994848,1.990231,1.992272,0.507680,0.506098,0.510117,0.507899,0.506315,0.510611
391.5,1.000000,1.000000,1.000000,0.033685,0.008685,1.994848,1.990226,1.992298,0.507689,0.506106,0.510133,0.507907,0.506323,0.510618
392.0,1.000000,1.000000,1.000000,0.033715,0.008747,1.994848,1.990222,1.992325,0.507697,0.506114,0.510148,0.507915,0.506331,0.510624
392.5,1.000000,1.000000,1.000000,0.033745,0.008806,1.994849,1.990218,1.992352,0.507705,0.506122,0.510163,0.507923,0.506339,0.510628
393.0,1.000000,1.000000,1.000000,0.033775,0.008909,1.994849,1.990214,1.992379,0.507713,0.506130,0.510190,0.507931,0.506347,0.510683
393.5,1.000000,1.000000,1.000000,0.033805,0.009008,1.994850,1.990209,1.992405,0.507721,0.506139,0.510214,0.507940,0.506355,0.510727
394.0,1.000000,1.000000,1.000000,0.033835,0.009369,1.994850,1.990205,1.992432,0.507729,0.506147,0.510307,0.507948,0.506363,0.511062
394.5,1.000000,1.000000,1.000000,0.033865,0.009716,1.994851,1.990201,1.992459,0.507738,0.506155,0.510395,0.507956,0.506371,0.511355
395.0,1.000000,1.000000,1.000000,0.033895,0.010049,1.994851,1.990197,1.992486,0.507746,0.506163,0.510479,0.507964,0.506380,0.511610
395.5,1.000000,1.000000,1.000000,0.033925,0.010367,1.994852,1.990193,1.992513,0.507754,0.506171,0.510559,0.507972,0.506388,0.511831
396.0,1.000000,1.000000,1.000000,0.033955,0.010672,1.994852,1.990189,1.992540,0.507762,0.506179,0.510636,0.507980,0.506396,0.512021
396.5,1.000000,1.000000,1.000000,0.033985,0.010965,1.994853,1.990185,1.992567,0.507770,0.506187,0.510709,0.507988,0.506404,0.512184
397.0,1.000000,1.000000,1.000000,0.034015,0.011245,1.994853,1.990181,1.992594,0.507778,0.506195,0.510778,0.507996,0.506412,0.512323
397.5,1.000000,1.000000,1.000000,0.034045,0.011514,1.994854,1.990177,1.992622,0.507786,0.506203,0.510845,0.508004,0.506420,0.512440
398.0,1.000000,1.000000,1.000000,0.034075,0.011771,1.994854,1.990173,1.992649,0.507795,0.506212,0.510909,0.508012,0.506428,0.512537
398.5,1.000000,1.000000,1.000000,0.034105,0.012018,1.994855,1.990169,1.992677,0.507803,0.506220,0.510970,0.508020,0.506436,0.512618
399.0,1.000000,1.000000,1.000000,0.034135,0.012255,1.994855,1.990165,1.992704,0.507811,0.506228,0.511028,0.508028,0.506444,0.512684
399.5,1.000000,1.000000,1.000000,0.034165,0.012481,1.994856,1.990161,1.992732,0.507819,0.506236,0.511084,0.508036,0.506452,0.512737
400.0,1.000000,1.000000,1.000000,0.034195,0.012698,1.994856,1.990157,1.992760,0.507827,0.506244,0.511137,0.508044,0.506460,0.512779
400.5,1.000000,1.000000,1.000000,0.034225,0.012906,1.994857,1.990153,1.992788,0.507835,0.506252,0.511188,0.508052,0.506468,0.512810
401.0,1.000000,1.000000,1.000000,0.034255,0.013106,1.994858,1.990149,1.992816,0.507843,0.506260,0.511237,0.508060,0.506476,0.512833
401.5,1.000000,1.000000,1.000000,0.034284,0.013297,1.994858,1.990145,1.992844,0.507851,0.506268,0.511284,0.508068,0.506484,0.512849
402.0,1.000000,1.000000,1.000000,0.034314,0.013480,1.994859,1.990142,1.992872,0.507859,0.506276,0.511329,0.508076,0.506492,0.512857
402.5,1.000000,1.000000,1.000000,0.034344,0.013656,1.994859,1.990138,1.992900,0.507867,0.506284,0.511371,0.508084,0.506500,0.512857
403.0,1.000000,1.000000,1.000000,0.034374,0.013824,1.994860,1.990134,1.992928,0.507876,0.506293,0.511411,0.508092,0.506508,0.512851
403.5,1.000000,1.000000,1.000000,0.034403,0.013985,1.994861,1.990130,1.992957,0.507884,0.506301,0.511449,0.508100,0.506516,0.512841
404.0,1.000000,1.000000,1.000000,0.034433,0.014140,1.994861,1.990126,1.992985,0.507892,0.506309,0.511485,0.508108,0.506525,0.512827
404.5,1.000000,1.000000,1.000000,0.034463,0.014288,1.994862,1.990123,1.993014,0.507900,0.506317,0.511520,0.508116,0.506533,0.512810
405.0,1.000000,1.000000,1.000000,0.034493,0.014430,1.994862,1.990119,1.993043,0.507908,0.506325,0.511553,0.508123,0.506541,0.512790
405.5,1.000000,1.000000,1.000000,0.034522,0.014566,1.994863,1.990115,1.993071,0.507916,0.506333,0.511584,0.508131,0.506549,0.512769
406.0,1.000000,1.000000,1.000000,0.034552,0.014696,1.994864,1.990111,1.993100,0.507924,0.506341,0.511613,0.508139,0.506557,0.512746
406.5,1.000000,1.000000,1.000000,0.034582,0.014821,1.994864,1.990108,1.993129,0.507932,0.506349,0.511642,0.508147,0.506565,0.512723
407.0,1.000000,1.000000,1.000000,0.034611,0.014941,1.994865,1.990104,1.993159,0.507940,0.506357,0.511669,0.508155,0.506573,0.512700
407.5,1.000000,1.000000,1.000000,0.034641,0.015055,1.994866,1.990101,1.993188,0.507948,0.506365,0.511694,0.508163,0.506581,0.512676
408.0,1.000000,1.000000,1.000000,0.034670,0.015165,1.994867,1.990097,1.993217,0.507956,0.506373,0.511719,0.508171,0.506589,0.512653
408.5,1.000000,1.000000,1.000000,0.034700,0.015270,1.994867,1.990093,1.993247,0.507964,0.506381,0.511742,0.508179,0.506597,0.512630
409.0,1.000000,1.000000,1.000000,0.034730,0.015371,1.994868,1.990090,1.993276,0.507972,0.506389,0.511765,0.508187,0.506605,0.512607
409.5,1.000000,1.000000,1.000000,0.034759,0.015468,1.994869,1.990086,1.993306,0.507980,0.506398,0.511786,0.508195,0.506613,0.512586
410.0,1.000000,1.000000,1.000000,0.034789,0.015561,1.994869,1.990083,1.993335,0.507988,0.506406,0.511807,0.508203,0.506621,0.512565
410.5,1.000000,1.000000,1.000000,0.034818,0.015650,1.994870,1.990079,1.993365,0.507996,0.506414,0.511826,0.508211,0.506629,0.512545
411.0,1.000000,1.000000,1.000000,0.034848,0.015735,1.994871,1.990076,1.993394,0.508004,0.506422,0.511844,0.508218,0.506637,0.512525
411.5,1.000000,1.000000,1.000000,0.034877,0.015816,1.994872,1.990072,1.993424,0.508012,0.506430,0.511862,0.508226,0.506645,0.512505
412.0,1.000000,1.000000,1.000000,0.034907,0.015895,1.994872,1.990069,1.993454,0.508020,0.506438,0.511879,0.508234,0.506653,0.512486
412.5,1.000000,1.000000,1.000000,0.034936,0.015970,1.994873,1.990065,1.993484,0.508028,0.506446,0.511894,0.508242,0.506661,0.512468
413.0,1.000000,1.000000,1.000000,0.034965,0.016041,1.994874,1.990062,1.993513,0.508036,0.506454,0.511910,0.508250,0.506669,0.512451
413.5,1.000000,1.000000,1.000000,0.034995,0.016110,1.994875,1.990058,1.993543,0.508044,0.506462,0.511924,0.508258,0.506677,0.512435
414.0,1.000000,1.000000,1.000000,0.035024,0.016176,1.994876,1.990055,1.993573,0.508052,0.506470,0.511938,0.508266,0.506685,0.512419
414.5,1.000000,1.000000,1.000000,0.035054,0.016239,1.994876,1.990052,1.993603,0.508060,0.506478,0.511951,0.508274,0.506693,0.512405
415.0,1.000000,1.000000,1.000000,0.035083,0.016300,1.994877,1.990048,1.993633,0.508068,0.506486,0.511963,0.508281,0.506701,0.512391
415.5,1.000000,1.000000,1.000000,0.035112,0.016358,1.994878,1.990045,1.993663,0.508076,0.506494,0.511975,0.508289,0.506709,0.512378
416.0,1.000000,1.000000,1.000000,0.035142,0.016414,1.994879,1.990042,1.993693,0.508084,0.506502,0.511986,0.508297,0.506717,0.512366
416.5,1.000000,1.000000,1.000000,0.035171,0.016467,1.994880,1.990038,1.993722,0.508092,0.506510,0.511996,0.508305,0.506725,0.512353
417.0,1.000000,1.000000,1.000000,0.035200,0.016518,1.994880,1.990035,1.993752,0.508100,0.506518,0.512006,0.508313,0.506733,0.512340
417.5,1.000000,1.000000,1.000000,0.035229,0.016617,1.994881,1.990032,1.993782,0.508108,0.506526,0.512028,0.508321,0.506741,0.512382
418.0,1.000000,1.000000,1.000000,0.035259,0.016711,1.994882,1.990028,1.993812,0.508116,0.506534,0.512048,0.508328,0.506749,0.512418
418.5,1.000000,1.000000,1.000000,0.035288,0.016801,1.994883,1.990025,1.993842,0.508124,0.506542,0.512067,0.508336,0.506757,0.512448
419.0,1.000000,1.000000,1.000000,0.035317,0.016888,1.994884,1.990022,1.993873,0.508132,0.506550,0.512086,0.508344,0.506765,0.512473
419.5,1.000000,1.000000,1.000000,0.035346,0.016971,1.994885,1.990019,1.993903,0.508140,0.506558,0.512103,0.508352,0.506773,0.512494
420.0,1.000000,1.000000,1.000000,0.035375,0.017038,1.994886,1.990016,1.993933,0.508148,0.506566,0.512116,0.508360,0.506781,0.512497
420.5,1.000000,1.000000,1.000000,0.035405,0.017103,1.994887,1.990012,1.993963,0.508156,0.506574,0.512129,0.508367,0.506789,0.512498
421.0,1.000000,1.000000,1.000000,0.035434,0.017164,1.994888,1.990009,1.993993,0.508164,0.506582,0.512140,0.508375,0.506797,0.512497
421.5,1.000000,1.000000,1.000000,0.035463,0.017224,1.994888,1.990006,1.994024,0.508171,0.506591,0.512151,0.508383,0.506805,0.512496
422.0,1.000000,1.000000,1.000000,0.035492,0.017280,1.994889,1.990003,1.994054,0.508179,0.506599,0.512162,0.508391,0.506813,0.512493
422.5,1.000000,1.000000,1.000000,0.035521,0.017334,1.994890,1.990000,1.994084,0.508187,0.506607,0.512172,0.508399,0.506820,0.512490
423.0,1.000000,1.000000,1.000000,0.035550,0.017386,1.994891,1.989997,1.994115,0.508195,0.506615,0.512181,0.508406,0.506828,0.512485
423.5,1.000000,1.000000,1.000000,0.035579,0.017436,1.994892,1.989994,1.994145,0.508203,0.506623,0.512189,0.508414,0.506836,0.512479
424.0,1.000000,1.000000,1.000000,0.035608,0.017484,1.994893,1.989991,1.994176,0.508211,0.506631,0.512197,0.508422,0.506844,0.512472
424.5,1.000000,1.000000,1.000000,0.035637,0.017530,1.994894,1.989988,1.994207,0.508219,0.506639,0.512202,0.508430,0.506852,0.512456
425.0,1.000000,1.000000,1.000000,0.035666,0.017574,1.994895,1.989985,1.994238,0.508227,0.506647,0.512206,0.508437,0.506860,0.512433
425.5,1.000000,1.000000,1.000000,0.035695,0.017616,1.994896,1.989982,1.994270,0.508235,0.506655,0.512207,0.508445,0.506868,0.512405
426.0,1.000000,1.000000,1.000000,0.035724,0.017656,1.994897,1.989979,1.994302,0.508242,0.506663,0.512206,0.508453,0.506876,0.512373
426.5,1.000000,1.000000,1.000000,0.035753,0.017695,1.994898,1.989976,1.994335,0.508250,0.506671,0.512205,0.508461,0.506884,0.512338
427.0,1.000000,1.000000,1.000000,0.035782,0.017732,1.994899,1.989973,1.994368,0.508258,0.506679,0.512202,0.508468,0.506892,0.512302
427.5,1.000000,1.000000,1.000000,0.035811,0.017767,1.994900,1.989970,1.994401,0.508266,0.506687,0.512198,0.508476,0.506900,0.512266
428.0,1.000000,1.000000,1.000000,0.035840,0.017801,1.994901,1.989967,1.994436,0.508274,0.506695,0.512193,0.508484,0.506908,0.512229
428.5,1.000000,1.000000,1.000000,0.035868,0.017834,1.994902,1.989964,1.994470,0.508282,0.506703,0.512187,0.508492,0.506916,0.512193
429.0,1.000000,1.000000,1.000000,0.035897,0.017865,1.994903,1.989962,1.994506,0.508290,0.506711,0.512181,0.508499,0.506924,0.512157
429.5,1.000000,1.000000,1.000000,0.035926,0.017895,1.994904,1.989959,1.994542,0.508297,0.506719,0.512174,0.508507,0.506932,0.512123
430.0,1.000000,1.000000,1.000000,0.035955,0.017924,1.994905,1.989956,1.994578,0.508305,0.506726,0.512167,0.508515,0.506940,0.512090
430.5,1.000000,1.000000,1.000000,0.035984,0.017951,1.994906,1.989953,1.994615,0.508313,0.506734,0.512159,0.508522,0.506947,0.512059
431.0,1.000000,1.000000,1.000000,0.036013,0.018029,1.994907,1.989950,1.994652,0.508321,0.506742,0.512165,0.508530,0.506955,0.512087
431.5,1.000000,1.000000,1.000000,0.036041,0.018104,1.994908,1.989948,1.994690,0.508329,0.506750,0.512170,0.508538,0.506963,0.512111
432.0,1.000000,1.000000,1.000000,0.036070,0.018175,1.994909,1.989945,1.994729,0.508337,0.506758,0.512174,0.508545,0.506971,0.512130
432.5,1.000000,1.000000,1.000000,0.036099,0.018244,1.994910,1.989942,1.994768,0.508344,0.506766,0.512178,0.508553,0.506979,0.512146
433.0,1.000000,1.000000,1.000000,0.036127,0.018310,1.994911,1.989939,1.994807,0.508352,0.506774,0.512181,0.508561,0.506987,0.512159
433.5,1.000000,1.000000,1.000000,0.036156,0.018373,1.994913,1.989937,1.994847,0.508360,0.506782,0.512183,0.508568,0.506995,0.512169
434.0,1.000000,1.000000,1.000000,0.036185,0.018433,1.994914,1.989934,1.994887,0.508368,0.506790,0.512185,0.508576,0.507003,0.512176
434.5,1.000000,1.000000,1.000000,0.036213,0.018491,1.994915,1.989931,1.994927,0.508376,0.506798,0.512187,0.508584,0.507011,0.512182
435.0,1.000000,1.000000,1.000000,0.036242,0.018674,1.994916,1.989929,1.994968,0.508383,0.506806,0.512221,0.508591,0.507019,0.512328
435.5,1.000000,1.000000,1.000000,0.036271,0.018849,1.994917,1.989926,1.995009,0.508391,0.506814,0.512254,0.508599,0.507027,0.512457
436.0,1.000000,1.000000,1.000000,0.036299,0.019017,1.994918,1.989924,1.995050,0.508399,0.506822,0.512285,0.508607,0.507034,0.512569
436.5,1.000000,1.000000,1.000000,0.036328,0.019178,1.994919,1.989921,1.995092,0.508407,0.506830,0.512315,0.508614,0.507042,0.512667
437.0,1.000000,1.000000,1.000000,0.036356,0.019332,1.994920,1.989918,1.995133,0.508414,0.506838,0.512343,0.508622,0.507050,0.512751
437.5,1.000000,1.000000,1.000000,0.036385,0.019479,1.994922,1.989916,1.995175,0.508422,0.506846,0.512370,0.508630,0.507058,0.512824
438.0,1.000000,1.000000,1.000000,0.036413,0.019621,1.994923,1.989913,1.995217,0.508430,0.506854,0.512395,0.508637,0.507066,0.512885
438.5,1.000000,1.000000,1.000000,0.036442,0.019757,1.994924,1.989911,1.995260,0.508438,0.506862,0.512419,0.508645,0.507074,0.512938
439.0,1.000000,1.000000,1.000000,0.036470,0.019887,1.994925,1.989908,1.995302,0.508445,0.506870,0.512442,0.508652,0.507082,0.512981
439.5,1.000000,1.000000,1.000000,0.036499,0.020011,1.994926,1.989906,1.995345,0.508453,0.506878,0.512464,0.508660,0.507090,0.513017
440.0,1.000000,1.000000,1.000000,0.036527,0.020131,1.994927,1.989903,1.995387,0.508461,0.506886,0.512485,0.508668,0.507097,0.513046
440.5,1.000000,1.000000,1.000000,0.036556,0.020245,1.994929,1.989901,1.995430,0.508469,0.506894,0.512504,0.508675,0.507105,0.513069
441.0,1.000000,1.000000,1.000000,0.036584,0.020355,1.994930,1.989898,1.995473,0.508476,0.506901,0.512523,0.508683,0.507113,0.513086
441.5,1.000000,1.000000,1.000000,0.036612,0.020460,1.994931,1.989896,1.995515,0.508484,0.506909,0.512540,0.508690,0.507121,0.513099
442.0,1.000000,1.000000,1.000000,0.036641,0.020560,1.994932,1.989894,1.995558,0.508492,0.506917,0.512557,0.508698,0.507129,0.513108
442.5,1.000000,1.000000,1.000000,0.036669,0.020657,1.994933,1.989891,1.995601,0.508499,0.506925,0.512573,0.508706,0.507137,0.513113
443.0,1.000000,1.000000,1.000000,0.036697,0.020749,1.994935,1.989889,1.995644,0.508507,0.506933,0.512588,0.508713,0.507145,0.513115
443.5,1.000000,1.000000,1.000000,0.036726,0.020838,1.994936,1.989887,1.995687,0.508515,0.506941,0.512602,0.508721,0.507152,0.513114
444.0,1.000000,1.000000,1.000000,0.036754,0.020923,1.994937,1.989884,1.995730,0.508523,0.506949,0.512615,0.508728,0.507160,0.513111
444.5,1.000000,1.000000,1.000000,0.036782,0.021004,1.994938,1.989882,1.995772,0.508530,0.506957,0.512628,0.508736,0.507168,0.513106
445.0,1.000000,1.000000,1.000000,0.036811,0.021082,1.994940,1.989880,1.995815,0.508538,0.506965,0.512639,0.508743,0.507176,0.513099
445.5,1.000000,1.000000,1.000000,0.036839,0.021157,1.994941,1.989877,1.995858,0.508546,0.506973,0.512651,0.508751,0.507184,0.513091
446.0,1.000000,1.000000,1.000000,0.036867,0.021229,1.994942,1.989875,1.995900,0.508553,0.506981,0.512661,0.508759,0.507192,0.513082
446.5,1.000000,1.000000,1.000000,0.036895,0.021249,1.994943,1.989873,1.995943,0.508561,0.506989,0.512658,0.508766,0.507200,0.513018
447.0,1.000000,1.000000,1.000000,0.036923,0.021268,1.994945,1.989871,1.995985,0.508569,0.506996,0.512655,0.508774,0.507207,0.512959
447.5,1.000000,1.000000,1.000000,0.036952,0.021287,1.994946,1.989869,1.996028,0.508576,0.507004,0.512652,0.508781,0.507215,0.512905
448.0,1.000000,1.000000,1.000000,0.036980,0.021305,1.994947,1.989866,1.996070,0.508584,0.507012,0.512649,0.508789,0.507223,0.512855
448.5,1.000000,1.000000,1.000000,0.037008,0.021322,1.994949,1.989864,1.996112,0.508592,0.507020,0.512645,0.508796,0.507231,0.512808
449.0,1.000000,1.000000,1.000000,0.037036,0.021338,1.994950,1.989862,1.996155,0.508599,0.507028,0.512641,0.508804,0.507239,0.512764
449.5,1.000000,1.000000,1.000000,0.037064,0.021354,1.994951,1.989860,1.996197,0.508607,0.507036,0.512637,0.508811,0.507246,0.512724
450.0,1.000000,1.000000,1.000000,0.037092,0.021369,1.994952,1.989858,1.996239,0.508615,0.507044,0.512632,0.508819,0.507254,0.512686
450.5,1.000000,1.000000,1.000000,0.037120,0.021384,1.994954,1.989856,1.996281,0.508622,0.507052,0.512627,0.508826,0.507262,0.512651
451.0,1.000000,1.000000,1.000000,0.037148,0.021397,1.994955,1.989854,1.996323,0.508630,0.507060,0.512622,0.508834,0.507270,0.512620
451.5,1.000000,1.000000,1.000000,0.037176,0.021411,1.994956,1.989852,1.996365,0.508637,0.507067,0.512618,0.508841,0.507278,0.512591
452.0,1.000000,1.000000,1.000000,0.037204,0.021423,1.994958,1.989850,1.996407,0.508645,0.507075,0.512613,0.508849,0.507286,0.512565
452.5,1.000000,1.000000,1.000000,0.037232,0.021436,1.994959,1.989848,1.996449,0.508653,0.507083,0.512607,0.508856,0.507293,0.512541
453.0,1.000000,1.000000,1.000000,0.037260,0.021447,1.994960,1.989845,1.996490,0.508660,0.507091,0.512602,0.508864,0.507301,0.512519
453.5,1.000000,1.000000,1.000000,0.037288,0.021458,1.994962,1.989844,1.996532,0.508668,0.507099,0.512597,0.508871,0.507309,0.512500
454.0,1.000000,1.000000,1.000000,0.037316,0.021469,1.994963,1.989842,1.996574,0.508675,0.507107,0.512592,0.508879,0.507317,0.512482
454.5,1.000000,1.000000,1.000000,0.037344,0.021479,1.994965,1.989840,1.996615,0.508683,0.507115,0.512587,0.508886,0.507325,0.512466
455.0,1.000000,1.000000,1.000000,0.037372,0.021489,1.994966,1.989838,1.996656,0.508691,0.507122,0.512581,0.508893,0.507332,0.512451
455.5,1.000000,1.000000,1.000000,0.037400,0.021499,1.994967,1.989836,1.996698,0.508698,0.507130,0.512576,0.508901,0.507340,0.512439
456.0,1.000000,1.000000,1.000000,0.037427,0.021508,1.994969,1.989834,1.996739,0.508706,0.507138,0.512571,0.508908,0.507348,0.512428
456.5,1.000000,1.000000,1.000000,0.037455,0.021516,1.994970,1.989832,1.996780,0.508713,0.507146,0.512566,0.508916,0.507356,0.512418
457.0,1.000000,1.000000,1.000000,0.037483,0.021525,1.994972,1.989830,1.996821,0.508721,0.507154,0.512561,0.508923,0.507363,0.512410
457.5,1.000000,1.000000,1.000000,0.037511,0.021533,1.994973,1.989828,1.996861,0.508728,0.507162,0.512557,0.508931,0.507371,0.512404
458.0,1.000000,1.000000,1.000000,0.037538,0.021540,1.994974,1.989826,1.996902,0.508736,0.507170,0.512552,0.508938,0.507379,0.512398
458.5,1.000000,1.000000,1.000000,0.037566,0.021547,1.994976,1.989825,1.996942,0.508744,0.507177,0.512548,0.508946,0.507387,0.512394
459.0,1.000000,1.000000,1.000000,0.037594,0.021554,1.994977,1.989823,1.996982,0.508751,0.507185,0.512544,0.508953,0.507394,0.512391
459.5,1.000000,1.000000,1.000000,0.037622,0.021561,1.994979,1.989821,1.997021,0.508759,0.507193,0.512540,0.508960,0.507402,0.512389
460.0,1.000000,1.000000,1.000000,0.037649,0.021568,1.994980,1.989819,1.997061,0.508766,0.507201,0.512536,0.508968,0.507410,0.512387
460.5,1.000000,1.000000,1.000000,0.037677,0.021574,1.994982,1.989817,1.997100,0.508774,0.507209,0.512532,0.508975,0.507418,0.512386
461.0,1.000000,1.000000,1.000000,0.037705,0.021580,1.994983,1.989816,1.997139,0.508781,0.507217,0.512528,0.508983,0.507426,0.512386
461.5,1.000000,1.000000,1.000000,0.037732,0.021585,1.994985,1.989814,1.997178,0.508789,0.507224,0.512524,0.508990,0.507433,0.512384
462.0,1.000000,1.000000,1.000000,0.037760,0.021591,1.994986,1.989812,1.997217,0.508796,0.507232,0.512520,0.508997,0.507441,0.512382
462.5,1.000000,1.000000,1.000000,0.037787,0.021596,1.994987,1.989811,1.997255,0.508804,0.507240,0.512516,0.509005,0.507449,0.512378
463.0,1.000000,1.000000,1.000000,0.037815,0.021601,1.994989,1.989809,1.997293,0.508811,0.507248,0.512511,0.509012,0.507457,0.512375
463.5,1.000000,1.000000,1.000000,0.037843,0.021606,1.994990,1.989807,1.997331,0.508819,0.507256,0.512507,0.509019,0.507464,0.512370
464.0,1.000000,1.000000,1.000000,0.037870,0.021610,1.994992,1.989806,1.997369,0.508826,0.507263,0.512502,0.509027,0.507472,0.512366
464.5,1.000000,1.000000,1.000000,0.037898,0.021615,1.994993,1.989804,1.997407,0.508834,0.507271,0.512497,0.509034,0.507480,0.512361
465.0,1.000000,1.000000,1.000000,0.037925,0.021619,1.994995,1.989802,1.997444,0.508841,0.507279,0.512493,0.509041,0.507487,0.512356
465.5,1.000000,1.000000,1.000000,0.037953,0.021623,1.994996,1.989801,1.997482,0.508849,0.507287,0.512487,0.509049,0.507495,0.512347
466.0,1.000000,1.000000,1.000000,0.037980,0.021627,1.994998,1.989799,1.997519,0.508856,0.507295,0.512480,0.509056,0.507503,0.512335
466.5,1.000000,1.000000,1.000000,0.038007,0.021630,1.995000,1.989798,1.997556,0.508864,0.507302,0.512473,0.509064,0.507511,0.512320
467.0,1.000000,1.000000,1.000000,0.038035,0.021634,1.995001,1.989796,1.997594,0.508871,0.507310,0.512465,0.509071,0.507518,0.512304
467.5,1.000000,1.000000,1.000000,0.038062,0.021637,1.995003,1.989795,1.997631,0.508879,0.507318,0.512457,0.509078,0.507526,0.512287
468.0,1.000000,1.000000,1.000000,0.038090,0.021641,1.995004,1.989793,1.997668,0.508886,0.507326,0.512448,0.509085,0.507534,0.512269
468.5,1.000000,1.000000,1.000000,0.038117,0.021644,1.995006,1.989792,1.997706,0.508894,0.507334,0.512439,0.509093,0.507541,0.512251
469.0,1.000000,1.000000,1.000000,0.038144,0.021647,1.995007,1.989790,1.997743,0.508901,0.507341,0.512430,0.509100,0.507549,0.512232
469.5,1.000000,1.000000,1.000000,0.038172,0.021650,1.995009,1.989789,1.997781,0.508908,0.507349,0.512420,0.509107,0.507557,0.512214
470.0,1.000000,1.000000,1.000000,0.038199,0.021652,1.995010,1.989787,1.997819,0.508916,0.507357,0.512411,0.509115,0.507565,0.512196
470.5,1.000000,1.000000,1.000000,0.038226,0.021655,1.995012,1.989786,1.997856,0.508923,0.507365,0.512401,0.509122,0.507572,0.512178
471.0,1.000000,1.000000,1.000000,0.038253,0.021657,1.995014,1.989784,1.997894,0.508931,0.507372,0.512391,0.509129,0.507580,0.512161
471.5,1.000000,1.000000,1.000000,0.038281,0.021660,1.995015,1.989783,1.997932,0.508938,0.507380,0.512381,0.509137,0.507588,0.512144
472.0,1.000000,1.000000,1.000000,0.038308,0.021662,1.995017,1.989782,1.997970,0.508946,0.507388,0.512371,0.509144,0.507595,0.512129
472.5,1.000000,1.000000,1.000000,0.038335,0.021664,1.995018,1.989780,1.998008,0.508953,0.507396,0.512361,0.509151,0.507603,0.512114
473.0,1.000000,1.000000,1.000000,0.038362,0.021667,1.995020,1.989779,1.998046,0.508960,0.507403,0.512351,0.509158,0.507611,0.512099
473.5,1.000000,1.000000,1.000000,0.038389,0.021669,1.995022,1.989778,1.998084,0.508968,0.507411,0.512341,0.509166,0.507618,0.512086
474.0,1.000000,1.000000,1.000000,0.038416,0.021670,1.995023,1.989776,1.998122,0.508975,0.507419,0.512331,0.509173,0.507626,0.512073
474.5,1.000000,1.000000,1.000000,0.038444,0.021672,1.995025,1.989775,1.998160,0.508983,0.507427,0.512322,0.509180,0.507634,0.512061
475.0,1.000000,1.000000,1.000000,0.038471,0.021674,1.995026,1.989774,1.998199,0.508990,0.507434,0.512312,0.509187,0.507641,0.512050
475.5,1.000000,1.000000,1.000000,0.038498,0.021676,1.995028,1.989772,1.998237,0.508997,0.507442,0.512302,0.509195,0.507649,0.512039
476.0,1.000000,1.000000,1.000000,0.038525,0.021678,1.995030,1.989771,1.998275,0.509005,0.507450,0.512293,0.509202,0.507657,0.512030
476.5,1.000000,1.000000,1.000000,0.038552,0.021679,1.995031,1.989770,1.998313,0.509012,0.507458,0.512283,0.509209,0.507664,0.512020
477.0,1.000000,1.000000,1.000000,0.038579,0.021681,1.995033,1.989769,1.998351,0.509019,0.507465,0.512274,0.509216,0.507672,0.512013
477.5,1.000000,1.000000,1.000000,0.038606,0.021682,1.995035,1.989768,1.998389,0.509027,0.507473,0.512266,0.509224,0.507680,0.512007
478.0,1.000000,1.000000,1.000000,0.038633,0.021683,1.995036,1.989766,1.998427,0.509034,0.507481,0.512258,0.509231,0.507687,0.512003
478.5,1.000000,1.000000,1.000000,0.038660,0.021685,1.995038,1.989765,1.998465,0.509041,0.507489,0.512250,0.509238,0.507695,0.512000
479.0,1.000000,1.000000,1.000000,0.038687,0.021686,1.995040,1.989764,1.998502,0.509049,0.507496,0.512242,0.509245,0.507703,0.511997
479.5,1.000000,1.000000,1.000000,0.038714,0.021687,1.995041,1.989763,1.998540,0.509056,0.507504,0.512235,0.509252,0.507710,0.511996
480.0,1.000000,1.000000,1.000000,0.038740,0.021688,1.995043,1.989762,1.998577,0.509063,0.507512,0.512228,0.509260,0.507718,0.511995
480.5,1.000000,1.000000,1.000000,0.038767,0.021690,1.995045,1.989761,1.998614,0.509071,0.507519,0.512221,0.509267,0.507725,0.511994
481.0,1.000000,1.000000,1.000000,0.038794,0.021691,1.995046,1.989760,1.998651,0.509078,0.507527,0.512214,0.509274,0.507733,0.511994
481.5,1.000000,1.000000,1.000000,0.038821,0.021692,1.995048,1.989759,1.998688,0.509085,0.507535,0.512208,0.509281,0.507741,0.511994
482.0,1.000000,1.000000,1.000000,0.038848,0.021693,1.995050,1.989757,1.998724,0.509093,0.507543,0.512202,0.509288,0.507748,0.511994
482.5,1.000000,1.000000,1.000000,0.038875,0.021694,1.995051,1.989756,1.998760,0.509100,0.507550,0.512196,0.509296,0.507756,0.511994
483.0,1.000000,1.000000,1.000000,0.038901,0.021695,1.995053,1.989755,1.998796,0.509107,0.507558,0.512190,0.509303,0.507764,0.511994
483.5,1.000000,1.000000,1.000000,0.038928,0.021695,1.995055,1.989754,1.998832,0.509115,0.507566,0.512184,0.509310,0.507771,0.511994
484.0,1.000000,1.000000,1.000000,0.038955,0.021696,1.995057,1.989753,1.998868,0.509122,0.507573,0.512178,0.509317,0.507779,0.511993
484.5,1.000000,1.000000,1.000000,0.038982,0.021697,1.995058,1.989752,1.998903,0.509129,0.507581,0.512172,0.509324,0.507786,0.511993
485.0,1.000000,1.000000,1.000000,0.039008,0.021698,1.995060,1.989752,1.998938,0.509137,0.507589,0.512167,0.509331,0.507794,0.511992
485.5,1.000000,1.000000,1.000000,0.039035,0.021699,1.995062,1.989751,1.998973,0.509144,0.507596,0.512161,0.509338,0.507802,0.511991
486.0,1.000000,1.000000,1.000000,0.039062,0.021699,1.995064,1.989750,1.999007,0.509151,0.507604,0.512156,0.509346,0.507809,0.511990
486.5,1.000000,1.000000,1.000000,0.039088,0.021700,1.995065,1.989749,1.999042,0.509158,0.507612,0.512150,0.509353,0.507817,0.511989
487.0,1.000000,1.000000,1.000000,0.039115,0.021701,1.995067,1.989748,1.999076,0.509166,0.507619,0.512145,0.509360,0.507824,0.511987
487.5,1.000000,1.000000,1.000000,0.039141,0.021701,1.995069,1.989747,1.999110,0.509173,0.507627,0.512140,0.509367,0.507832,0.511985
488.0,1.000000,1.000000,1.000000,0.039168,0.021702,1.995071,1.989746,1.999143,0.509180,0.507635,0.512135,0.509374,0.507839,0.511982
488.5,1.000000,1.000000,1.000000,0.039195,0.021702,1.995072,1.989745,1.999177,0.509187,0.507642,0.512129,0.509381,0.507847,0.511980
489.0,1.000000,1.000000,1.000000,0.039221,0.021703,1.995074,1.989744,1.999210,0.509195,0.507650,0.512124,0.509388,0.507855,0.511977
489.5,1.000000,1.000000,1.000000,0.039248,0.021703,1.995076,1.989744,1.999243,0.509202,0.507658,0.512119,0.509395,0.507862,0.511973
490.0,1.000000,1.000000,1.000000,0.039274,0.021704,1.995078,1.989743,1.999275,0.509209,0.507665,0.512113,0.509402,0.507870,0.511970
490.5,1.000000,1.000000,1.000000,0.039301,0.021704,1.995080,1.989742,1.999308,0.509216,0.507673,0.512108,0.509409,0.507877,0.511966
491.0,1.000000,1.000000,1.000000,0.039327,0.021705,1.995081,1.989741,1.999340,0.509223,0.507681,0.512103,0.509417,0.507885,0.511962
491.5,1.000000,1.000000,1.000000,0.039353,0.021705,1.995083,1.989741,1.999372,0.509231,0.507688,0.512098,0.509424,0.507892,0.511957
492.0,1.000000,1.000000,1.000000,0.039380,0.021706,1.995085,1.989740,1.999403,0.509238,0.507696,0.512092,0.509431,0.507900,0.511953
492.5,1.000000,1.000000,1.000000,0.039406,0.021706,1.995087,1.989739,1.999435,0.509245,0.507704,0.512087,0.509438,0.507908,0.511948
493.0,1.000000,1.000000,1.000000,0.039433,0.021706,1.995089,1.989738,1.999466,0.509252,0.507711,0.512082,0.509445,0.507915,0.511943
493.5,1.000000,1.000000,1.000000,0.039459,0.021707,1.995090,1.989738,1.999497,0.509259,0.507719,0.512076,0.509452,0.507923,0.511939
494.0,1.000000,1.000000,1.000000,0.039485,0.021707,1.995092,1.989737,1.999528,0.509267,0.507726,0.512071,0.509459,0.507930,0.511934
494.5,1.000000,1.000000,1.000000,0.039512,0.021708,1.995094,1.989736,1.999559,0.509274,0.507734,0.512066,0.509466,0.507938,0.511929
495.0,1.000000,1.000000,1.000000,0.039538,0.021708,1.995096,1.989736,1.999589,0.509281,0.507742,0.512061,0.509473,0.507945,0.511924
495.5,1.000000,1.000000,1.000000,0.039564,0.021708,1.995098,1.989735,1.999619,0.509288,0.507749,0.512056,0.509480,0.507953,0.511919
496.0,1.000000,1.000000,1.000000,0.039590,0.021708,1.995100,1.989735,1.999649,0.509295,0.507757,0.512050,0.509487,0.507960,0.511915
496.5,1.000000,1.000000,1.000000,0.039617,0.021709,1.995102,1.989734,1.999679,0.509303,0.507765,0.512045,0.509494,0.507968,0.511910
497.0,1.000000,1.000000,1.000000,0.039643,0.021709,1.995103,1.989733,1.999709,0.509310,0.507772,0.512040,0.509501,0.507975,0.511906
497.5,1.000000,1.000000,1.000000,0.039669,0.021709,1.995105,1.989733,1.999738,0.509317,0.507780,0.512035,0.509508,0.507983,0.511902
498.0,1.000000,1.000000,1.000000,0.039695,0.021710,1.995107,1.989732,1.999767,0.509324,0.507787,0.512031,0.509515,0.507990,0.511898
498.5,1.000000,1.000000,1.000000,0.039721,0.021710,1.995109,1.989732,1.999796,0.509331,0.507795,0.512026,0.509522,0.507998,0.511895
499.0,1.000000,1.000000,1.000000,0.039747,0.021710,1.995111,1.989731,1.999825,0.509338,0.507803,0.512021,0.509529,0.508005,0.511891
499.5,1.000000,1.000000,1.000000,0.039774,0.021710,1.995113,1.989731,1.999853,0.509345,0.507810,0.512017,0.509536,0.508013,0.511888
500.0,1.000000,1.000000,1.000000,0.039800,0.021710,1.995115,1.989730,1.999881,0.509353,0.507818,0.512012,0.509543,0.508020,0.511886
500.5,1.000000,1.000000,1.000000,0.039826,0.021711,1.995117,1.989730,1.999909,0.509360,0.507825,0.512008,0.509550,0.508028,0.511883
501.0,1.000000,1.000000,1.000000,0.039852,0.021711,1.995119,1.989729,1.999936,0.509367,0.507833,0.512004,0.509557,0.508035,0.511881
501.5,1.000000,1.000000,1.000000,0.039878,0.021711,1.995120,1.989729,1.999964,0.509374,0.507840,0.512000,0.509564,0.508043,0.511879
502.0,1.000000,1.000000,1.000000,0.039904,0.021749,1.995122,1.989728,1.999991,0.509381,0.507848,0.512005,0.509571,0.508050,0.511919
502.5,1.000000,1.000000,1.000000,0.039930,0.021786,1.995124,1.989728,2.000018,0.509388,0.507856,0.512011,0.509578,0.508058,0.511954
503.0,1.000000,1.000000,1.000000,0.039956,0.021821,1.995126,1.989728,2.000044,0.509395,0.507863,0.512016,0.509585,0.508065,0.511986
503.5,1.000000,1.000000,1.000000,0.039982,0.021854,1.995128,1.989727,2.000071,0.509402,0.507871,0.512021,0.509592,0.508073,0.512013
504.0,1.000000,1.000000,1.000000,0.040008,0.021886,1.995130,1.989727,2.000097,0.509409,0.507878,0.512025,0.509599,0.508080,0.512036
504.5,1.000000,1.000000,1.000000,0.040033,0.021884,1.995132,1.989727,2.000122,0.509416,0.507886,0.512021,0.509606,0.508088,0.512020
505.0,1.000000,1.000000,1.000000,0.040059,0.021882,1.995134,1.989726,2.000148,0.509423,0.507893,0.512017,0.509613,0.508095,0.512004
505.5,1.000000,1.000000,1.000000,0.040085,0.021880,1.995136,1.989726,2.000173,0.509431,0.507901,0.512012,0.509619,0.508103,0.511990
506.0,1.000000,1.000000,1.000000,0.040111,0.021879,1.995138,1.989726,2.000198,0.509438,0.507908,0.512008,0.509626,0.508110,0.511977
506.5,1.000000,1.000000,1.000000,0.040137,0.021877,1.995140,1.989725,2.000223,0.509445,0.507916,0.512004,0.509633,0.508118,0.511965
507.0,1.000000,1.000000,1.000000,0.040163,0.021875,1.995142,1.989725,2.000248,0.509452,0.507924,0.512000,0.509640,0.508125,0.511953
507.5,1.000000,1.000000,1.000000,0.040188,0.021874,1.995144,1.989725,2.000272,0.509459,0.507931,0.511996,0.509647,0.508132,0.511943
508.0,1.000000,1.000000,1.000000,0.040214,0.021908,1.995146,1.989725,2.000296,0.509466,0.507939,0.512002,0.509654,0.508140,0.511973
508.5,1.000000,1.000000,1.000000,0.040240,0.021941,1.995148,1.989724,2.000320,0.509473,0.507946,0.512007,0.509661,0.508147,0.512000
509.0,1.000000,1.000000,1.000000,0.040266,0.021973,1.995150,1.989724,2.000343,0.509480,0.507954,0.512011,0.509668,0.508155,0.512023
509.5,1.000000,1.000000,1.000000,0.040291,0.022003,1.995152,1.989724,2.000367,0.509487,0.507961,0.512016,0.509675,0.508162,0.512042
510.0,1.000000,1.000000,1.000000,0.040317,0.022032,1.995154,1.989724,2.000390,0.509494,0.507969,0.512020,0.509682,0.508170,0.512058
510.5,1.000000,1.000000,1.000000,0.040343,0.022060,1.995156,1.989724,2.000413,0.509501,0.507976,0.512024,0.509688,0.508177,0.512072
511.0,1.000000,1.000000,1.000000,0.040368,0.022087,1.995158,1.989723,2.000435,0.509508,0.507984,0.512027,0.509695,0.508184,0.512083
511.5,1.000000,1.000000,1.000000,0.040394,0.022112,1.995160,1.989723,2.000458,0.509515,0.507991,0.512030,0.509702,0.508192,0.512092
512.0,1.000000,1.000000,1.000000,0.040419,0.022137,1.995162,1.989723,2.000480,0.509522,0.507999,0.512033,0.509709,0.508199,0.512099
512.5,1.000000,1.000000,1.000000,0.040445,0.022160,1.995164,1.989723,2.000502,0.509529,0.508006,0.512035,0.509716,0.508207,0.512104
513.0,1.000000,1.000000,1.000000,0.040470,0.022183,1.995166,1.989723,2.000524,0.509536,0.508014,0.512038,0.509723,0.508214,0.512107
513.5,1.000000,1.000000,1.000000,0.040496,0.022204,1.995168,1.989723,2.000545,0.509543,0.508021,0.512040,0.509730,0.508221,0.512109
514.0,1.000000,1.000000,1.000000,0.040522,0.022225,1.995170,1.989723,2.000567,0.509550,0.508029,0.512041,0.509736,0.508229,0.512110
514.5,1.000000,1.000000,1.000000,0.040547,0.022245,1.995172,1.989723,2.000588,0.509557,0.508036,0.512043,0.509743,0.508236,0.512110
515.0,1.000000,1.000000,1.000000,0.040572,0.022264,1.995174,1.989723,2.000609,0.509564,0.508044,0.512044,0.509750,0.508244,0.512109
515.5,1.000000,1.000000,1.000000,0.040598,0.022282,1.995176,1.989723,2.000629,0.509571,0.508051,0.512045,0.509757,0.508251,0.512107
516.0,1.000000,1.000000,1.000000,0.040623,0.022299,1.995178,1.989723,2.000650,0.509578,0.508059,0.512046,0.509764,0.508258,0.512104
516.5,1.000000,1.000000,1.000000,0.040649,0.022316,1.995180,1.989723,2.000670,0.509585,0.508066,0.512047,0.509770,0.508266,0.512101
517.0,1.000000,1.000000,1.000000,0.040674,0.022332,1.995182,1.989723,2.000690,0.509591,0.508074,0.512047,0.509777,0.508273,0.512097
517.5,1.000000,1.000000,1.000000,0.040699,0.022347,1.995184,1.989723,2.000710,0.509598,0.508081,0.512048,0.509784,0.508281,0.512093
518.0,1.000000,1.000000,1.000000,0.040725,0.022362,1.995186,1.989723,2.000730,0.509605,0.508089,0.512048,0.509791,0.508288,0.512089
518.5,1.000000,1.000000,1.000000,0.040750,0.022376,1.995188,1.989723,2.000750,0.509612,0.508096,0.512048,0.509798,0.508295,0.512084
519.0,1.000000,1.000000,1.000000,0.040775,0.022390,1.995190,1.989723,2.000769,0.509619,0.508103,0.512048,0.509804,0.508303,0.512080
519.5,1.000000,1.000000,1.000000,0.040801,0.022403,1.995192,1.989723,2.000789,0.509626,0.508111,0.512048,0.509811,0.508310,0.512075
520.0,1.000000,1.000000,1.000000,0.040826,0.022415,1.995195,1.989723,2.000808,0.509633,0.508118,0.512047,0.509818,0.508317,0.512070
520.5,1.000000,1.000000,1.000000,0.040851,0.022427,1.995197,1.989723,2.000826,0.509640,0.508126,0.512047,0.509825,0.508325,0.512065
521.0,1.000000,1.000000,1.000000,0.040876,0.022438,1.995199,1.989723,2.000845,0.509647,0.508133,0.512046,0.509831,0.508332,0.512060
521.5,1.000000,1.000000,1.000000,0.040901,0.022449,1.995201,1.989724,2.000864,0.509654,0.508141,0.512046,0.509838,0.508339,0.512055
522.0,1.000000,1.000000,1.000000,0.040927,0.022460,1.995203,1.989724,2.000882,0.509661,0.508148,0.512045,0.509845,0.508347,0.512050
522.5,1.000000,1.000000,1.000000,0.040952,0.022470,1.995205,1.989724,2.000900,0.509667,0.508155,0.512044,0.509852,0.508354,0.512045
523.0,1.000000,1.000000,1.000000,0.040977,0.022479,1.995207,1.989724,2.000918,0.509674,0.508163,0.512043,0.509858,0.508361,0.512040
523.5,1.000000,1.000000,1.000000,0.041002,0.022488,1.995209,1.989724,2.000936,0.509681,0.508170,0.512042,0.509865,0.508369,0.512035
524.0,1.000000,1.000000,1.000000,0.041027,0.022497,1.995211,1.989725,2.000954,0.509688,0.508178,0.512041,0.509872,0.508376,0.512031
524.5,1.000000,1.000000,1.000000,0.041052,0.022506,1.995214,1.989725,2.000971,0.509695,0.508185,0.512040,0.509878,0.508383,0.512026
525.0,1.000000,1.000000,1.000000,0.041077,0.022514,1.995216,1.989725,2.000989,0.509702,0.508193,0.512039,0.509885,0.508391,0.512022
525.5,1.000000,1.000000,1.000000,0.041102,0.022522,1.995218,1.989725,2.001006,0.509709,0.508200,0.512037,0.509892,0.508398,0.512017
526.0,1.000000,1.000000,1.000000,0.041127,0.022529,1.995220,1.989726,2.001023,0.509715,0.508207,0.512036,0.509899,0.508405,0.512013
526.5,1.000000,1.000000,1.000000,0.041152,0.022536,1.995222,1.989726,2.001039,0.509722,0.508215,0.512035,0.509905,0.508413,0.512009
527.0,1.000000,1.000000,1.000000,0.041177,0.022543,1.995224,1.989726,2.001056,0.509729,0.508222,0.512033,0.509912,0.508420,0.512005
527.5,1.000000,1.000000,1.000000,0.041202,0.022549,1.995226,1.989727,2.001072,0.509736,0.508230,0.512032,0.509919,0.508427,0.512001
528.0,1.000000,1.000000,1.000000,0.041227,0.022556,1.995229,1.989727,2.001089,0.509743,0.508237,0.512030,0.509925,0.508434,0.511998
528.5,1.000000,1.000000,1.000000,0.041252,0.022562,1.995231,1.989727,2.001105,0.509750,0.508244,0.512028,0.509932,0.508442,0.511994
529.0,1.000000,1.000000,1.000000,0.041277,0.022568,1.995233,1.989728,2.001121,0.509756,0.508252,0.512027,0.509939,0.508449,0.511990
529.5,1.000000,1.000000,1.000000,0.041302,0.022573,1.995235,1.989728,2.001137,0.509763,0.508259,0.512025,0.509945,0.508456,0.511987
530.0,1.000000,1.000000,1.000000,0.041326,0.022578,1.995237,1.989729,2.001152,0.509770,0.508266,0.512023,0.509952,0.508464,0.511983
530.5,1.000000,1.000000,1.000000,0.041351,0.022583,1.995239,1.989729,2.001168,0.509777,0.508274,0.512022,0.509959,0.508471,0.511980
531.0,1.000000,1.000000,1.000000,0.041376,0.022588,1.995242,1.989729,2.001183,0.509784,0.508281,0.512020,0.509965,0.508478,0.511976
531.5,1.000000,1.000000,1.000000,0.041401,0.022593,1.995244,1.989730,2.001198,0.509790,0.508289,0.512018,0.509972,0.508485,0.511973
532.0,1.000000,1.000000,1.000000,0.041425,0.022597,1.995246,1.989730,2.001213,0.509797,0.508296,0.512016,0.509979,0.508493,0.511970
532.5,1.000000,1.000000,1.000000,0.041450,0.022602,1.995248,1.989731,2.001228,0.509804,0.508303,0.512014,0.509985,0.508500,0.511965
533.0,1.000000,1.000000,1.000000,0.041475,0.022606,1.995250,1.989731,2.001243,0.509811,0.508311,0.512011,0.509992,0.508507,0.511960
533.5,1.000000,1.000000,1.000000,0.041500,0.022610,1.995253,1.989732,2.001257,0.509817,0.508318,0.512009,0.509998,0.508514,0.511954
534.0,1.000000,1.000000,1.000000,0.041524,0.022613,1.995255,1.989732,2.001272,0.509824,0.508325,0.512006,0.510005,0.508522,0.511948
534.5,1.000000,1.000000,1.000000,0.041549,0.022617,1.995257,1.989733,2.001286,0.509831,0.508333,0.512003,0.510012,0.508529,0.511941
535.0,1.000000,1.000000,1.000000,0.041573,0.022621,1.995259,1.989733,2.001300,0.509838,0.508340,0.512000,0.510018,0.508536,0.511935
535.5,1.000000,1.000000,1.000000,0.041598,0.022624,1.995261,1.989734,2.001315,0.509844,0.508347,0.511997,0.510025,0.508543,0.511930
536.0,1.000000,1.000000,1.000000,0.041623,0.022627,1.995264,1.989735,2.001329,0.509851,0.508355,0.511994,0.510031,0.508550,0.511926
536.5,1.000000,1.000000,1.000000,0.041647,0.022630,1.995266,1.989735,2.001343,0.509858,0.508362,0.511992,0.510038,0.508558,0.511921
537.0,1.000000,1.000000,1.000000,0.041672,0.022633,1.995268,1.989736,2.001357,0.509865,0.508369,0.511989,0.510045,0.508565,0.511918
537.5,1.000000,1.000000,1.000000,0.041696,0.022636,1.995270,1.989736,2.001370,0.509871,0.508377,0.511986,0.510051,0.508572,0.511914
538.0,1.000000,1.000000,1.000000,0.041721,0.022638,1.995273,1.989737,2.001384,0.509878,0.508384,0.511984,0.510058,0.508579,0.511911
538.5,1.000000,1.000000,1.000000,0.041745,0.022641,1.995275,1.989738,2.001397,0.509885,0.508391,0.511981,0.510064,0.508587,0.511907
539.0,1.000000,1.000000,1.000000,0.041769,0.022644,1.995277,1.989738,2.001411,0.509891,0.508399,0.511978,0.510071,0.508594,0.511903
539.5,1.000000,1.000000,1.000000,0.041794,0.022646,1.995279,1.989739,2.001424,0.509898,0.508406,0.511975,0.510077,0.508601,0.511898
540.0,1.000000,1.000000,1.000000,0.041818,0.022648,1.995282,1.989740,2.001437,0.509905,0.508413,0.511971,0.510084,0.508608,0.511893
540.5,1.000000,1.000000,1.000000,0.041843,0.022650,1.995284,1.989740,2.001450,0.509912,0.508420,0.511968,0.510090,0.508615,0.511887
541.0,1.000000,1.000000,1.000000,0.041867,0.022652,1.995286,1.989741,2.001464,0.509918,0.508428,0.511965,0.510097,0.508623,0.511882
541.5,1.000000,1.000000,1.000000,0.041891,0.022654,1.995288,1.989742,2.001477,0.509925,0.508435,0.511961,0.510103,0.508630,0.511876
542.0,1.000000,1.000000,1.000000,0.041916,0.022656,1.995291,1.989743,2.001490,0.509932,0.508442,0.511957,0.510110,0.508637,0.511871
542.5,1.000000,1.000000,1.000000,0.041940,0.022658,1.995293,1.989743,2.001502,0.509938,0.508450,0.511954,0.510117,0.508644,0.511865
543.0,1.000000,1.000000,1.000000,0.041964,0.022660,1.995295,1.989744,2.001515,0.509945,0.508457,0.511950,0.510123,0.508651,0.511860
543.5,1.000000,1.000000,1.000000,0.041988,0.022662,1.995298,1.989745,2.001528,0.509952,0.508464,0.511946,0.510130,0.508658,0.511855
544.0,1.000000,1.000000,1.000000,0.042013,0.022663,1.995300,1.989746,2.001541,0.509958,0.508471,0.511943,0.510136,0.508666,0.511850
544.5,1.000000,1.000000,1.000000,0.042037,0.022665,1.995302,1.989747,2.001553,0.509965,0.508479,0.511939,0.510142,0.508673,0.511845
545.0,1.000000,1.000000,1.000000,0.042061,0.022666,1.995304,1.989747,2.001566,0.509971,0.508486,0.511935,0.510149,0.508680,0.511840
545.5,1.000000,1.000000,1.000000,0.042085,0.022668,1.995307,1.989748,2.001578,0.509978,0.508493,0.511932,0.510155,0.508687,0.511836
546.0,1.000000,1.000000,1.000000,0.042109,0.022669,1.995309,1.989749,2.001590,0.509985,0.508500,0.511928,0.510162,0.508694,0.511831
546.5,1.000000,1.000000,1.000000,0.042133,0.022670,1.995311,1.989750,2.001603,0.509991,0.508508,0.511925,0.510168,0.508701,0.511827
547.0,1.000000,1.000000,1.000000,0.042157,0.022671,1.995314,1.989751,2.001615,0.509998,0.508515,0.511921,0.510175,0.508708,0.511823
547.5,1.000000,1.000000,1.000000,0.042182,0.022673,1.995316,1.989752,2.001627,0.510005,0.508522,0.511917,0.510181,0.508716,0.511820
548.0,1.000000,1.000000,1.000000,0.042206,0.022674,1.995318,1.989753,2.001639,0.510011,0.508529,0.511914,0.510188,0.508723,0.511816
548.5,1.000000,1.000000,1.000000,0.042230,0.022675,1.995321,1.989754,2.001651,0.510018,0.508537,0.511910,0.510194,0.508730,0.511813
549.0,1.000000,1.000000,1.000000,0.042254,0.022676,1.995323,1.989754,2.001663,0.510024,0.508544,0.511907,0.510201,0.508737,0.511810
549.5,1.000000,1.000000,1.000000,0.042278,0.022677,1.995325,1.989755,2.001675,0.510031,0.508551,0.511904,0.510207,0.508744,0.511807
550.0,1.000000,1.000000,1.000000,0.042302,0.022678,1.995328,1.989756,2.001686,0.510037,0.508558,0.511900,0.510214,0.508751,0.511804
550.5,1.000000,1.000000,1.000000,0.042325,0.022679,1.995330,1.989757,2.001698,0.510044,0.508565,0.511897,0.510220,0.508758,0.511801
551.0,1.000000,1.000000,1.000000,0.042349,0.022680,1.995332,1.989758,2.001710,0.510051,0.508573,0.511894,0.510226,0.508765,0.511799
551.5,1.000000,1.000000,1.000000,0.042373,0.022681,1.995335,1.989759,2.001721,0.510057,0.508580,0.511890,0.510233,0.508772,0.511796
552.0,1.000000,1.000000,1.000000,0.042397,0.022681,1.995337,1.989760,2.001732,0.510064,0.508587,0.511887,0.510239,0.508780,0.511794
552.5,1.000000,1.000000,1.000000,0.042421,0.022682,1.995339,1.989761,2.001744,0.510070,0.508594,0.511884,0.510246,0.508787,0.511792
553.0,1.000000,1.000000,1.000000,0.042445,0.022683,1.995342,1.989762,2.001755,0.510077,0.508601,0.511881,0.510252,0.508794,0.511789
553.5,1.000000,1.000000,1.000000,0.042469,0.022684,1.995344,1.989764,2.001766,0.510083,0.508609,0.511878,0.510258,0.508801,0.511787
554.0,1.000000,1.000000,1.000000,0.042492,0.022684,1.995346,1.989765,2.001777,0.510090,0.508616,0.511875,0.510265,0.508808,0.511785
554.5,1.000000,1.000000,1.000000,0.042516,0.022685,1.995349,1.989766,2.001787,0.510096,0.508623,0.511871,0.510271,0.508815,0.511783
555.0,1.000000,1.000000,1.000000,0.042540,0.022686,1.995351,1.989767,2.001798,0.510103,0.508630,0.511868,0.510278,0.508822,0.511781
555.5,1.000000,1.000000,1.000000,0.042564,0.022686,1.995354,1.989768,2.001809,0.510109,0.508637,0.511865,0.510284,0.508829,0.511779
556.0,1.000000,1.000000,1.000000,0.042587,0.022687,1.995356,1.989769,2.001819,0.510116,0.508645,0.511863,0.510290,0.508836,0.511777
556.5,1.000000,1.000000,1.000000,0.042611,0.022687,1.995358,1.989770,2.001830,0.510122,0.508652,0.511860,0.510297,0.508843,0.511775
557.0,1.000000,1.000000,1.000000,0.042635,0.022688,1.995361,1.989771,2.001840,0.510129,0.508659,0.511857,0.510303,0.508850,0.511773
557.5,1.000000,1.000000,1.000000,0.042658,0.022688,1.995363,1.989772,2.001850,0.510135,0.508666,0.511854,0.510309,0.508857,0.511771
558.0,1.000000,1.000000,1.000000,0.042682,0.022689,1.995366,1.989774,2.001860,0.510142,0.508673,0.511851,0.510316,0.508864,0.511770
558.5,1.000000,1.000000,1.000000,0.042705,0.022689,1.995368,1.989775,2.001870,0.510148,0.508680,0.511848,0.510322,0.508871,0.511768
559.0,1.000000,1.000000,1.000000,0.042729,0.022690,1.995370,1.989776,2.001880,0.510155,0.508687,0.511845,0.510328,0.508878,0.511766
559.5,1.000000,1.000000,1.000000,0.042753,0.022690,1.995373,1.989777,2.001890,0.510161,0.508695,0.511843,0.510335,0.508885,0.511764
560.0,1.000000,1.000000,1.000000,0.042776,0.022691,1.995375,1.989779,2.001899,0.510168,0.508702,0.511840,0.510341,0.508893,0.511762
560.5,1.000000,1.000000,1.000000,0.042800,0.022691,1.995378,1.989780,2.001909,0.510174,0.508709,0.511837,0.510347,0.508900,0.511760
561.0,1.000000,1.000000,1.000000,0.042823,0.022691,1.995380,1.989781,2.001918,0.510181,0.508716,0.511834,0.510354,0.508907,0.511758
561.5,1.000000,1.000000,1.000000,0.042846,0.022692,1.995382,1.989782,2.001927,0.510187,0.508723,0.511832,0.510360,0.508914,0.511757
562.0,1.000000,1.000000,1.000000,0.042870,0.022692,1.995385,1.989784,2.001937,0.510194,0.508730,0.511829,0.510366,0.508921,0.511755
562.5,1.000000,1.000000,1.000000,0.042893,0.022692,1.995387,1.989785,2.001946,0.510200,0.508737,0.511827,0.510372,0.508928,0.511753
563.0,1.000000,1.000000,1.000000,0.042917,0.022693,1.995390,1.989786,2.001955,0.510207,0.508744,0.511824,0.510379,0.508935,0.511751
563.5,1.000000,1.000000,1.000000,0.042940,0.022693,1.995392,1.989788,2.001963,0.510213,0.508752,0.511821,0.510385,0.508942,0.511749
564.0,1.000000,1.000000,1.000000,0.042963,0.022693,1.995395,1.989789,2.001972,0.510219,0.508759,0.511819,0.510391,0.508949,0.511748
564.5,1.000000,1.000000,1.000000,0.042987,0.022694,1.995397,1.989790,2.001981,0.510226,0.508766,0.511816,0.510398,0.508956,0.511746
565.0,1.000000,1.000000,1.000000,0.043010,0.022694,1.995400,1.989792,2.001989,0.510232,0.508773,0.511814,0.510404,0.508963,0.511745
565.5,1.000000,1.000000,1.000000,0.043033,0.022694,1.995402,1.989793,2.001998,0.510239,0.508780,0.511812,0.510410,0.508970,0.511743
566.0,1.000000,1.000000,1.000000,0.043056,0.022694,1.995404,1.989794,2.002006,0.510245,0.508787,0.511809,0.510416,0.508976,0.511742
566.5,1.000000,1.000000,1.000000,0.043080,0.022695,1.995407,1.989796,2.002014,0.510251,0.508794,0.511807,0.510423,0.508983,0.511741
567.0,1.000000,1.000000,1.000000,0.043103,0.022695,1.995409,1.989797,2.002022,0.510258,0.508801,0.511805,0.510429,0.508990,0.511739
567.5,1.000000,1.000000,1.000000,0.043126,0.022695,1.995412,1.989799,2.002030,0.510264,0.508808,0.511802,0.510435,0.508997,0.511738
568.0,1.000000,1.000000,1.000000,0.043149,0.022695,1.995414,1.989800,2.002038,0.510271,0.508815,0.511800,0.510441,0.509004,0.511736
568.5,1.000000,1.000000,1.000000,0.043172,0.022696,1.995417,1.989802,2.002045,0.510277,0.508822,0.511798,0.510447,0.509011,0.511735
569.0,1.000000,1.000000,1.000000,0.043196,0.022696,1.995419,1.989803,2.002053,0.510283,0.508829,0.511796,0.510454,0.509018,0.511734
569.5,1.000000,1.000000,1.000000,0.043219,0.022696,1.995422,1.989804,2.002060,0.510290,0.508837,0.511794,0.510460,0.509025,0.511732
570.0,1.000000,1.000000,1.000000,0.043242,0.022696,1.995424,1.989806,2.002067,0.510296,0.508844,0.511791,0.510466,0.509032,0.511731
570.5,1.000000,1.000000,1.000000,0.043265,0.022696,1.995427,1.989807,2.002075,0.510302,0.508851,0.511789,0.510472,0.509039,0.511730
571.0,1.000000,1.000000,1.000000,0.043288,0.022696,1.995429,1.989809,2.002082,0.510309,0.508858,0.511787,0.510478,0.509046,0.511728
571.5,1.000000,1.000000,1.000000,0.043311,0.022697,1.995432,1.989811,2.002089,0.510315,0.508865,0.511785,0.510485,0.509053,0.511727
572.0,1.000000,1.000000,1.000000,0.043334,0.022697,1.995434,1.989812,2.002095,0.510321,0.508872,0.511783,0.510491,0.509060,0.511726
572.5,1.000000,1.000000,1.000000,0.043357,0.022697,1.995437,1.989814,2.002102,0.510328,0.508879,0.511781,0.510497,0.509067,0.511725
573.0,1.000000,1.000000,1.000000,0.043380,0.022697,1.995439,1.989815,2.002109,0.510334,0.508886,0.511779,0.510503,0.509074,0.511724
573.5,1.000000,1.000000,1.000000,0.043403,0.022697,1.995442,1.989817,2.002115,0.510340,0.508893,0.511777,0.510509,0.509081,0.511723
574.0,1.000000,1.000000,1.000000,0.043425,0.022697,1.995444,1.989818,2.002122,0.510347,0.508900,0.511776,0.510515,0.509088,0.511722
574.5,1.000000,1.000000,1.000000,0.043448,0.022697,1.995447,1.989820,2.002128,0.510353,0.508907,0.511774,0.510522,0.509094,0.511721
575.0,1.000000,1.000000,1.000000,0.043471,0.022697,1.995449,1.989822,2.002134,0.510359,0.508914,0.511772,0.510528,0.509101,0.511720
575.5,1.000000,1.000000,1.000000,0.043494,0.022698,1.995452,1.989823,2.002140,0.510366,0.508921,0.511770,0.510534,0.509108,0.511719
576.0,1.000000,1.000000,1.000000,0.043517,0.022698,1.995454,1.989825,2.002146,0.510372,0.508928,0.511768,0.510540,0.509115,0.511718
576.5,1.000000,1.000000,1.000000,0.043540,0.022698,1.995457,1.989827,2.002151,0.510378,0.508935,0.511767,0.510546,0.509122,0.511717
577.0,1.000000,1.000000,1.000000,0.043562,0.022698,1.995459,1.989828,2.002157,0.510384,0.508942,0.511765,0.510552,0.509129,0.511717
577.5,1.000000,1.000000,1.000000,0.043585,0.022698,1.995462,1.989830,2.002162,0.510391,0.508949,0.511763,0.510558,0.509136,0.511716
578.0,1.000000,1.000000,1.000000,0.043608,0.022698,1.995464,1.989832,2.002168,0.510397,0.508956,0.511762,0.510564,0.509143,0.511715
578.5,1.000000,1.000000,1.000000,0.043630,0.022698,1.995467,1.989833,2.002173,0.510403,0.508963,0.511760,0.510571,0.509149,0.511714
579.0,1.000000,1.000000,1.000000,0.043653,0.022698,1.995470,1.989835,2.002178,0.510409,0.508970,0.511758,0.510577,0.509156,0.511713
579.5,1.000000,1.000000,1.000000,0.043676,0.022698,1.995472,1.989837,2.002183,0.510416,0.508977,0.511757,0.510583,0.509163,0.511712
580.0,1.000000,1.000000,1.000000,0.043698,0.022698,1.995475,1.989839,2.002188,0.510422,0.508984,0.511755,0.510589,0.509170,0.511711
580.5,1.000000,1.000000,1.000000,0.043721,0.022698,1.995477,1.989840,2.002193,0.510428,0.508991,0.511754,0.510595,0.509177,0.511710
581.0,1.000000,1.000000,1.000000,0.043744,0.022699,1.995480,1.989842,2.002197,0.510434,0.508998,0.511752,0.510601,0.509184,0.511710
581.5,1.000000,1.000000,1.000000,0.043766,0.022699,1.995482,1.989844,2.002202,0.510441,0.509005,0.511751,0.510607,0.509191,0.511709
582.0,1.000000,1.000000,1.000000,0.043789,0.022699,1.995485,1.989846,2.002206,0.510447,0.509012,0.511749,0.510613,0.509197,0.511708
582.5,1.000000,1.000000,1.000000,0.043811,0.022699,1.995487,1.989848,2.002211,0.510453,0.509019,0.511748,0.510619,0.509204,0.511707
583.0,1.000000,1.000000,1.000000,0.043834,0.022699,1.995490,1.989849,2.002215,0.510459,0.509025,0.511746,0.510625,0.509211,0.511706
583.5,1.000000,1.000000,1.000000,0.043856,0.022699,1.995493,1.989851,2.002219,0.510465,0.509032,0.511745,0.510631,0.509218,0.511705
584.0,1.000000,1.000000,1.000000,0.043879,0.022773,1.995495,1.989853,2.002223,0.510472,0.509039,0.511763,0.510637,0.509225,0.511787
584.5,1.000000,1.000000,1.000000,0.043901,0.022844,1.995498,1.989855,2.002227,0.510478,0.509046,0.511780,0.510643,0.509232,0.511859
585.0,1.000000,1.000000,1.000000,0.043923,0.022912,1.995500,1.989857,2.002231,0.510484,0.509053,0.511796,0.510649,0.509238,0.511923
585.5,1.000000,1.000000,1.000000,0.043946,0.022977,1.995503,1.989859,2.002234,0.510490,0.509060,0.511812,0.510655,0.509245,0.511978
586.0,1.000000,1.000000,1.000000,0.043968,0.023040,1.995506,1.989861,2.002238,0.510496,0.509067,0.511827,0.510661,0.509252,0.512027
586.5,1.000000,1.000000,1.000000,0.043990,0.023100,1.995508,1.989863,2.002241,0.510502,0.509074,0.511841,0.510667,0.509259,0.512069
587.0,1.000000,1.000000,1.000000,0.044013,0.023157,1.995511,1.989864,2.002245,0.510509,0.509081,0.511854,0.510673,0.509266,0.512105
587.5,1.000000,1.000000,1.000000,0.044035,0.023212,1.995513,1.989866,2.002248,0.510515,0.509088,0.511867,0.510679,0.509272,0.512136
588.0,1.000000,1.000000,1.000000,0.044057,0.023265,1.995516,1.989868,2.002251,0.510521,0.509095,0.511880,0.510685,0.509279,0.512162
588.5,1.000000,1.000000,1.000000,0.044080,0.023315,1.995519,1.989870,2.002254,0.510527,0.509102,0.511892,0.510691,0.509286,0.512184
589.0,1.000000,1.000000,1.000000,0.044102,0.023364,1.995521,1.989872,2.002257,0.510533,0.509108,0.511903,0.510697,0.509293,0.512203
589.5,1.000000,1.000000,1.000000,0.044124,0.023410,1.995524,1.989874,2.002260,0.510539,0.509115,0.511914,0.510703,0.509299,0.512218
590.0,1.000000,1.000000,1.000000,0.044146,0.023454,1.995526,1.989876,2.002262,0.510545,0.509122,0.511924,0.510709,0.509306,0.512230
590.5,1.000000,1.000000,1.000000,0.044168,0.023497,1.995529,1.989878,2.002265,0.510552,0.509129,0.511934,0.510715,0.509313,0.512239
591.0,1.000000,1.000000,1.000000,0.044190,0.023538,1.995532,1.989880,2.002267,0.510558,0.509136,0.511943,0.510721,0.509320,0.512246
591.5,1.000000,1.000000,1.000000,0.044212,0.023577,1.995534,1.989882,2.002270,0.510564,0.509143,0.511952,0.510727,0.509326,0.512251
592.0,1.000000,1.000000,1.000000,0.044235,0.023615,1.995537,1.989884,2.002272,0.510570,0.509150,0.511961,0.510733,0.509333,0.512255
592.5,1.000000,1.000000,1.000000,0.044257,0.023650,1.995540,1.989886,2.002274,0.510576,0.509157,0.511969,0.510739,0.509340,0.512257
593.0,1.000000,1.000000,1.000000,0.044279,0.023685,1.995542,1.989889,2.002277,0.510582,0.509163,0.511977,0.510745,0.509347,0.512257
593.5,1.000000,1.000000,1.000000,0.044301,0.023718,1.995545,1.989891,2.002279,0.510588,0.509170,0.511984,0.510751,0.509353,0.512257
594.0,1.000000,1.000000,1.000000,0.044323,0.023750,1.995547,1.989893,2.002280,0.510594,0.509177,0.511991,0.510757,0.509360,0.512256
594.5,1.000000,1.000000,1.000000,0.044345,0.023780,1.995550,1.989895,2.002282,0.510600,0.509184,0.511998,0.510763,0.509367,0.512254
595.0,1.000000,1.000000,1.000000,0.044367,0.023809,1.995553,1.989897,2.002284,0.510606,0.509191,0.512005,0.510769,0.509374,0.512251
595.5,1.000000,1.000000,1.000000,0.044388,0.023837,1.995555,1.989899,2.002286,0.510612,0.509198,0.512011,0.510775,0.509380,0.512248
596.0,1.000000,1.000000,1.000000,0.044410,0.023863,1.995558,1.989901,2.002287,0.510618,0.509204,0.512017,0.510781,0.509387,0.512244
596.5,1.000000,1.000000,1.000000,0.044432,0.023889,1.995561,1.989903,2.002289,0.510625,0.509211,0.512022,0.510786,0.509394,0.512240
597.0,1.000000,1.000000,1.000000,0.044454,0.023913,1.995563,1.989906,2.002290,0.510631,0.509218,0.512028,0.510792,0.509400,0.512236
597.5,1.000000,1.000000,1.000000,0.044476,0.023937,1.995566,1.989908,2.002291,0.510637,0.509225,0.512033,0.510798,0.509407,0.512232
598.0,1.000000,1.000000,1.000000,0.044498,0.023959,1.995569,1.989910,2.002293,0.510643,0.509232,0.512038,0.510804,0.509414,0.512228
598.5,1.000000,1.000000,1.000000,0.044520,0.023981,1.995571,1.989912,2.002294,0.510649,0.509238,0.512042,0.510810,0.509420,0.512223
599.0,1.000000,1.000000,1.000000,0.044541,0.024002,1.995574,1.989914,2.002295,0.510655,0.509245,0.512047,0.510816,0.509427,0.512219
599.5,1.000000,1.000000,1.000000,0.044563,0.024022,1.995577,1.989917,2.002296,0.510661,0.509252,0.512051,0.510822,0.509434,0.512214
600.0,1.000000,1.000000,1.000000,0.044585,0.024040,1.995579,1.989919,2.002296,0.510667,0.509259,0.512055,0.510828,0.509440,0.512210
600.5,1.000000,1.000000,1.000000,0.044606,0.024059,1.995582,1.989921,2.002297,0.510673,0.509266,0.512059,0.510833,0.509447,0.512206
601.0,1.000000,1.000000,1.000000,0.044628,0.024076,1.995585,1.989923,2.002298,0.510679,0.509272,0.512062,0.510839,0.509454,0.512202
601.5,1.000000,1.000000,1.000000,0.044650,0.024093,1.995587,1.989926,2.002298,0.510685,0.509279,0.512066,0.510845,0.509460,0.512198
602.0,1.000000,1.000000,1.000000,0.044671,0.024109,1.995590,1.989928,2.002299,0.510691,0.509286,0.512069,0.510851,0.509467,0.512194
602.5,1.000000,1.000000,1.000000,0.044693,0.024124,1.995593,1.989930,2.002299,0.510697,0.509293,0.512072,0.510857,0.509474,0.512190
603.0,1.000000,1.000000,1.000000,0.044715,0.024139,1.995596,1.989933,2.002300,0.510703,0.509299,0.512075,0.510863,0.509480,0.512186
603.5,1.000000,1.000000,1.000000,0.044736,0.024153,1.995598,1.989935,2.002300,0.510709,0.509306,0.512078,0.510868,0.509487,0.512183
604.0,1.000000,1.000000,1.000000,0.044758,0.024166,1.995601,1.989937,2.002300,0.510715,0.509313,0.512081,0.510874,0.509494,0.512180
604.5,1.000000,1.000000,1.000000,0.044779,0.024179,1.995604,1.989940,2.002300,0.510721,0.509320,0.512083,0.510880,0.509500,0.512177
605.0,1.000000,1.000000,1.000000,0.044801,0.024192,1.995606,1.989942,2.002300,0.510726,0.509327,0.512086,0.510886,0.509507,0.512174
605.5,1.000000,1.000000,1.000000,0.044822,0.024204,1.995609,1.989944,2.002300,0.510732,0.509333,0.512088,0.510892,0.509514,0.512171
606.0,1.000000,1.000000,1.000000,0.044843,0.024215,1.995612,1.989947,2.002300,0.510738,0.509340,0.512090,0.510897,0.509520,0.512168
606.5,1.000000,1.000000,1.000000,0.044865,0.024226,1.995614,1.989949,2.002300,0.510744,0.509347,0.512092,0.510903,0.509527,0.512165
607.0,1.000000,1.000000,1.000000,0.044886,0.024236,1.995617,1.989952,2.002299,0.510750,0.509353,0.512094,0.510909,0.509533,0.512163
607.5,1.000000,1.000000,1.000000,0.044908,0.024246,1.995620,1.989954,2.002299,0.510756,0.509360,0.512096,0.510915,0.509540,0.512161
608.0,1.000000,1.000000,1.000000,0.044929,0.024256,1.995623,1.989956,2.002298,0.510762,0.509367,0.512098,0.510920,0.509547,0.512159
608.5,1.000000,1.000000,1.000000,0.044950,0.024265,1.995625,1.989959,2.002298,0.510768,0.509374,0.512100,0.510926,0.509553,0.512157
609.0,1.000000,1.000000,1.000000,0.044972,0.024274,1.995628,1.989961,2.002297,0.510774,0.509380,0.512101,0.510932,0.509560,0.512155
609.5,1.000000,1.000000,1.000000,0.044993,0.024283,1.995631,1.989964,2.002296,0.510780,0.509387,0.512103,0.510938,0.509566,0.512153
610.0,1.000000,1.000000,1.000000,0.045014,0.024291,1.995634,1.989966,2.002296,0.510786,0.509394,0.512104,0.510943,0.509573,0.512152
610.5,1.000000,1.000000,1.000000,0.045035,0.024298,1.995636,1.989969,2.002295,0.510792,0.509400,0.512106,0.510949,0.509579,0.512150
611.0,1.000000,1.000000,1.000000,0.045057,0.024306,1.995639,1.989971,2.002294,0.510797,0.509407,0.512107,0.510955,0.509586,0.512149
611.5,1.000000,1.000000,1.000000,0.045078,0.024313,1.995642,1.989974,2.002293,0.510803,0.509414,0.512108,0.510961,0.509593,0.512147
612.0,1.000000,1.000000,1.000000,0.045099,0.024320,1.995645,1.989976,2.002292,0.510809,0.509420,0.512109,0.510966,0.509599,0.512146
612.5,1.000000,1.000000,1.000000,0.045120,0.024326,1.995647,1.989979,2.002291,0.510815,0.509427,0.512110,0.510972,0.509606,0.512145
613.0,1.000000,1.000000,1.000000,0.045141,0.024333,1.995650,1.989981,2.002289,0.510821,0.509434,0.512111,0.510978,0.509612,0.512144
613.5,1.000000,1.000000,1.000000,0.045162,0.024339,1.995653,1.989984,2.002288,0.510827,0.509440,0.512113,0.510983,0.509619,0.512143
614.0,1.000000,1.000000,1.000000,0.045183,0.024344,1.995656,1.989987,2.002287,0.510833,0.509447,0.512113,0.510989,0.509625,0.512142
614.5,1.000000,1.000000,1.000000,0.045204,0.024350,1.995658,1.989989,2.002285,0.510838,0.509454,0.512114,0.510995,0.509632,0.512139
615.0,1.000000,1.000000,1.000000,0.045225,0.024355,1.995661,1.989992,2.002284,0.510844,0.509460,0.512114,0.511000,0.509638,0.512135
615.5,1.000000,1.000000,1.000000,0.045246,0.024360,1.995664,1.989994,2.002283,0.510850,0.509467,0.512113,0.511006,0.509645,0.512129
616.0,1.000000,1.000000,1.000000,0.045267,0.024365,1.995667,1.989997,2.002282,0.510856,0.509474,0.512113,0.511012,0.509651,0.512122
616.5,1.000000,1.000000,1.000000,0.045288,0.024370,1.995669,1.990000,2.002280,0.510862,0.509480,0.512111,0.511017,0.509658,0.512115
617.0,1.000000,1.000000,1.000000,0.045309,0.024374,1.995672,1.990002,2.002279,0.510868,0.509487,0.512110,0.511023,0.509664,0.512107
617.5,1.000000,1.000000,1.000000,0.045330,0.024379,1.995675,1.990005,2.002278,0.510873,0.509494,0.512108,0.511029,0.509671,0.512099
618.0,1.000000,1.000000,1.000000,0.045351,0.024383,1.995678,1.990008,2.002277,0.510879,0.509500,0.512107,0.511034,0.509677,0.512091
618.5,1.000000,1.000000,1.000000,0.045372,0.024387,1.995681,1.990010,2.002276,0.510885,0.509507,0.512105,0.511040,0.509684,0.512083
619.0,1.000000,1.000000,1.000000,0.045393,0.024390,1.995683,1.990013,2.002275,0.510891,0.509513,0.512103,0.511046,0.509690,0.512075
619.5,1.000000,1.000000,1.000000,0.045414,0.024394,1.995686,1.990016,2.002275,0.510896,0.509520,0.512100,0.511051,0.509697,0.512067
620.0,1.000000,1.000000,1.000000,0.045434,0.024397,1.995689,1.990018,2.002274,0.510902,0.509527,0.512098,0.511057,0.509703,0.512060
620.5,1.000000,1.000000,1.000000,0.045455,0.024401,1.995692,1.990021,2.002273,0.510908,0.509533,0.512096,0.511063,0.509710,0.512053
621.0,1.000000,1.000000,1.000000,0.045476,0.024404,1.995695,1.990024,2.002273,0.510914,0.509540,0.512093,0.511068,0.509716,0.512046
621.5,1.000000,1.000000,1.000000,0.045497,0.024407,1.995697,1.990026,2.002272,0.510920,0.509546,0.512091,0.511074,0.509723,0.512040
622.0,1.000000,1.000000,1.000000,0.045517,0.024410,1.995700,1.990029,2.002272,0.510925,0.509553,0.512089,0.511079,0.509729,0.512035
622.5,1.000000,1.000000,1.000000,0.045538,0.024413,1.995703,1.990032,2.002272,0.510931,0.509560,0.512086,0.511085,0.509736,0.512030
623.0,1.000000,1.000000,1.000000,0.045559,0.024415,1.995706,1.990035,2.002272,0.510937,0.509566,0.512084,0.511091,0.509742,0.512025
623.5,1.000000,1.000000,1.000000,0.045579,0.024418,1.995709,1.990038,2.002271,0.510943,0.509573,0.512081,0.511096,0.509749,0.512021
624.0,1.000000,1.000000,1.000000,0.045600,0.024420,1.995711,1.990040,2.002271,0.510948,0.509579,0.512079,0.511102,0.509755,0.512017
624.5,1.000000,1.000000,1.000000,0.045620,0.024423,1.995714,1.990043,2.002271,0.510954,0.509586,0.512077,0.511107,0.509761,0.512013
625.0,1.000000,1.000000,1.000000,0.045641,0.024425,1.995717,1.990046,2.002271,0.510960,0.509592,0.512075,0.511113,0.509768,0.512010
625.5,1.000000,1.000000,1.000000,0.045662,0.024427,1.995720,1.990049,2.002271,0.510965,0.509599,0.512072,0.511118,0.509774,0.512007
626.0,1.000000,1.000000,1.000000,0.045682,0.024429,1.995723,1.990052,2.002271,0.510971,0.509606,0.512070,0.511124,0.509781,0.512005
626.5,1.000000,1.000000,1.000000,0.045703,0.024431,1.995725,1.990055,2.002272,0.510977,0.509612,0.512068,0.511129,0.509787,0.512002
627.0,1.000000,1.000000,1.000000,0.045723,0.024433,1.995728,1.990057,2.002272,0.510983,0.509619,0.512066,0.511135,0.509794,0.512000
627.5,1.000000,1.000000,1.000000,0.045743,0.024435,1.995731,1.990060,2.002272,0.510988,0.509625,0.512064,0.511141,0.509800,0.511999
628.0,1.000000,1.000000,1.000000,0.045764,0.024437,1.995734,1.990063,2.002272,0.510994,0.509632,0.512062,0.511146,0.509806,0.511997
628.5,1.000000,1.000000,1.000000,0.045784,0.024438,1.995737,1.990066,2.002272,0.511000,0.509638,0.512060,0.511152,0.509813,0.511996
629.0,1.000000,1.000000,1.000000,0.045805,0.024440,1.995740,1.990069,2.002272,0.511005,0.509645,0.512058,0.511157,0.509819,0.511995
629.5,1.000000,1.000000,1.000000,0.045825,0.024442,1.995742,1.990072,2.002273,0.511011,0.509651,0.512056,0.511163,0.509826,0.511994
630.0,1.000000,1.000000,1.000000,0.045845,0.024443,1.995745,1.990075,2.002273,0.511017,0.509658,0.512054,0.511168,0.509832,0.511993
630.5,1.000000,1.000000,1.000000,0.045866,0.024444,1.995748,1.990078,2.002273,0.511022,0.509664,0.512052,0.511174,0.509838,0.511992
631.0,1.000000,1.000000,1.000000,0.045886,0.024446,1.995751,1.990081,2.002273,0.511028,0.509671,0.512050,0.511179,0.509845,0.511992
631.5,1.000000,1.000000,1.000000,0.045906,0.024447,1.995754,1.990084,2.002274,0.511033,0.509677,0.512049,0.511185,0.509851,0.511991
632.0,1.000000,1.000000,1.000000,0.045926,0.024448,1.995757,1.990087,2.002274,0.511039,0.509684,0.512047,0.511190,0.509857,0.511991
632.5,1.000000,1.000000,1.000000,0.045947,0.024450,1.995760,1.990090,2.002274,0.511045,0.509690,0.512045,0.511195,0.509864,0.511991
633.0,1.000000,1.000000,1.000000,0.045967,0.024451,1.995762,1.990093,2.002274,0.511050,0.509697,0.512044,0.511201,0.509870,0.511990
633.5,1.000000,1.000000,1.000000,0.045987,0.024452,1.995765,1.990096,2.002274,0.511056,0.509703,0.512042,0.511206,0.509877,0.511990
634.0,1.000000,1.000000,1.000000,0.046007,0.024453,1.995768,1.990099,2.002275,0.511062,0.509710,0.512041,0.511212,0.509883,0.511990
634.5,1.000000,1.000000,1.000000,0.046027,0.024454,1.995771,1.990102,2.002275,0.511067,0.509716,0.512039,0.511217,0.509889,0.511990
635.0,1.000000,1.000000,1.000000,0.046047,0.024455,1.995774,1.990105,2.002275,0.511073,0.509723,0.512038,0.511223,0.509896,0.511989
635.5,1.000000,1.000000,1.000000,0.046067,0.024456,1.995777,1.990108,2.002275,0.511078,0.509729,0.512036,0.511228,0.509902,0.511989
636.0,1.000000,1.000000,1.000000,0.046087,0.024457,1.995780,1.990111,2.002275,0.511084,0.509736,0.512035,0.511234,0.509908,0.511989
636.5,1.000000,1.000000,1.000000,0.046107,0.024457,1.995783,1.990114,2.002275,0.511090,0.509742,0.512033,0.511239,0.509915,0.511989
637.0,1.000000,1.000000,1.000000,0.046127,0.024458,1.995785,1.990117,2.002275,0.511095,0.509748,0.512032,0.511244,0.509921,0.511989
637.5,1.000000,1.000000,1.000000,0.046147,0.024459,1.995788,1.990120,2.002275,0.511101,0.509755,0.512031,0.511250,0.509927,0.511988
638.0,1.000000,1.000000,1.000000,0.046167,0.024434,1.995791,1.990123,2.002275,0.511106,0.509761,0.512023,0.511255,0.509933,0.511960
638.5,1.000000,1.000000,1.000000,0.046187,0.024411,1.995794,1.990126,2.002275,0.511112,0.509768,0.512015,0.511261,0.509940,0.511934
639.0,1.000000,1.000000,1.000000,0.046207,0.024388,1.995797,1.990129,2.002274,0.511117,0.509774,0.512008,0.511266,0.509946,0.511911
639.5,1.000000,1.000000,1.000000,0.046227,0.024366,1.995800,1.990133,2.002274,0.511123,0.509781,0.512001,0.511271,0.509952,0.511892
640.0,1.000000,1.000000,1.000000,0.046247,0.024345,1.995803,1.990136,2.002274,0.511128,0.509787,0.511994,0.511277,0.509959,0.511874
640.5,1.000000,1.000000,1.000000,0.046267,0.024325,1.995806,1.990139,2.002274,0.511134,0.509793,0.511987,0.511282,0.509965,0.511859
641.0,1.000000,1.000000,1.000000,0.046287,0.024306,1.995809,1.990142,2.002273,0.511140,0.509800,0.511981,0.511288,0.509971,0.511846
641.5,1.000000,1.000000,1.000000,0.046306,0.024287,1.995811,1.990145,2.002273,0.511145,0.509806,0.511975,0.511293,0.509977,0.511835
642.0,1.000000,1.000000,1.000000,0.046326,0.024270,1.995814,1.990148,2.002273,0.511151,0.509813,0.511969,0.511298,0.509984,0.511825
642.5,1.000000,1.000000,1.000000,0.046346,0.024253,1.995817,1.990152,2.002272,0.511156,0.509819,0.511963,0.511304,0.509990,0.511817
643.0,1.000000,1.000000,1.000000,0.046366,0.024237,1.995820,1.990155,2.002272,0.511162,0.509825,0.511958,0.511309,0.509996,0.511810
643.5,1.000000,1.000000,1.000000,0.046385,0.024221,1.995823,1.990158,2.002271,0.511167,0.509832,0.511953,0.511314,0.510002,0.511804
644.0,1.000000,1.000000,1.000000,0.046405,0.024206,1.995826,1.990161,2.002271,0.511173,0.509838,0.511947,0.511320,0.510009,0.511799
644.5,1.000000,1.000000,1.000000,0.046425,0.024192,1.995829,1.990165,2.002270,0.511178,0.509845,0.511943,0.511325,0.510015,0.511795
645.0,1.000000,1.000000,1.000000,0.046444,0.024178,1.995832,1.990168,2.002269,0.511184,0.509851,0.511938,0.511330,0.510021,0.511792
645.5,1.000000,1.000000,1.000000,0.046464,0.024165,1.995835,1.990171,2.002269,0.511189,0.509857,0.511933,0.511336,0.510027,0.511790
646.0,1.000000,1.000000,1.000000,0.046483,0.024153,1.995838,1.990174,2.002268,0.511194,0.509864,0.511929,0.511341,0.510034,0.511788
646.5,1.000000,1.000000,1.000000,0.046503,0.024141,1.995841,1.990178,2.002267,0.511200,0.509870,0.511925,0.511346,0.510040,0.511787
647.0,1.000000,1.000000,1.000000,0.046523,0.024129,1.995843,1.990181,2.002266,0.511205,0.509876,0.511921,0.511352,0.510046,0.511786
647.5,1.000000,1.000000,1.000000,0.046542,0.024118,1.995846,1.990184,2.002265,0.511211,0.509883,0.511917,0.511357,0.510052,0.511787
648.0,1.000000,1.000000,1.000000,0.046562,0.024108,1.995849,1.990188,2.002264,0.511216,0.509889,0.511914,0.511362,0.510058,0.511787
648.5,1.000000,1.000000,1.000000,0.046581,0.024097,1.995852,1.990191,2.002263,0.511222,0.509895,0.511910,0.511367,0.510065,0.511788
649.0,1.000000,1.000000,1.000000,0.046600,0.024088,1.995855,1.990194,2.002262,0.511227,0.509902,0.511907,0.511373,0.510071,0.511789
649.5,1.000000,1.000000,1.000000,0.046620,0.024078,1.995858,1.990198,2.002261,0.511233,0.509908,0.511904,0.511378,0.510077,0.511791
650.0,1.000000,1.000000,1.000000,0.046639,0.024069,1.995861,1.990201,2.002260,0.511238,0.509914,0.511901,0.511383,0.510083,0.511792
650.5,1.000000,1.000000,1.000000,0.046659,0.024061,1.995864,1.990204,2.002258,0.511243,0.509921,0.511898,0.511388,0.510089,0.511794
651.0,1.000000,1.000000,1.000000,0.046678,0.024053,1.995867,1.990208,2.002257,0.511249,0.509927,0.511896,0.511394,0.510096,0.511796
651.5,1.000000,1.000000,1.000000,0.046697,0.024045,1.995870,1.990211,2.002256,0.511254,0.509933,0.511893,0.511399,0.510102,0.511799
652.0,1.000000,1.000000,1.000000,0.046717,0.024037,1.995873,1.990214,2.002254,0.511260,0.509939,0.511891,0.511404,0.510108,0.511801
652.5,1.000000,1.000000,1.000000,0.046736,0.024030,1.995876,1.990218,2.002252,0.511265,0.509946,0.511889,0.511409,0.510114,0.511803
653.0,1.000000,1.000000,1.000000,0.046755,0.024023,1.995879,1.990221,2.002251,0.511270,0.509952,0.511887,0.511415,0.510120,0.511805
653.5,1.000000,1.000000,1.000000,0.046774,0.024017,1.995882,1.990225,2.002249,0.511276,0.509958,0.511885,0.511420,0.510126,0.511808
654.0,1.000000,1.000000,1.000000,0.046793,0.024010,1.995885,1.990228,2.002247,0.511281,0.509965,0.511883,0.511425,0.510133,0.511810
654.5,1.000000,1.000000,1.000000,0.046813,0.024004,1.995888,1.990232,2.002245,0.511287,0.509971,0.511881,0.511430,0.510139,0.511812
655.0,1.000000,1.000000,1.000000,0.046832,0.023998,1.995891,1.990235,2.002243,0.511292,0.509977,0.511879,0.511436,0.510145,0.511814
655.5,1.000000,1.000000,1.000000,0.046851,0.023993,1.995894,1.990239,2.002241,0.511297,0.509983,0.511878,0.511441,0.510151,0.511816
656.0,1.000000,1.000000,1.000000,0.046870,0.023987,1.995897,1.990242,2.002239,0.511303,0.509990,0.511876,0.511446,0.510157,0.511818
656.5,1.000000,1.000000,1.000000,0.046889,0.023982,1.995900,1.990246,2.002237,0.511308,0.509996,0.511875,0.511451,0.510163,0.511820
657.0,1.000000,1.000000,1.000000,0.046908,0.023977,1.995903,1.990249,2.002234,0.511313,0.510002,0.511873,0.511456,0.510169,0.511822
657.5,1.000000,1.000000,1.000000,0.046927,0.023973,1.995905,1.990253,2.002232,0.511319,0.510008,0.511872,0.511461,0.510175,0.511823
658.0,1.000000,1.000000,1.000000,0.046946,0.023968,1.995908,1.990256,2.002229,0.511324,0.510015,0.511871,0.511467,0.510181,0.511825
658.5,1.000000,1.000000,1.000000,0.046965,0.023964,1.995911,1.990260,2.002227,0.511329,0.510021,0.511869,0.511472,0.510188,0.511827
659.0,1.000000,1.000000,1.000000,0.046984,0.023960,1.995914,1.990263,2.002224,0.511335,0.510027,0.511868,0.511477,0.510194,0.511828
659.5,1.000000,1.000000,1.000000,0.047003,0.023956,1.995917,1.990267,2.002221,0.511340,0.510033,0.511867,0.511482,0.510200,0.511829
660.0,1.000000,1.000000,1.000000,0.047022,0.023952,1.995920,1.990270,2.002219,0.511345,0.510040,0.511866,0.511487,0.510206,0.511831
660.5,1.000000,1.000000,1.000000,0.047041,0.023948,1.995923,1.990274,2.002216,0.511350,0.510046,0.511865,0.511492,0.510212,0.511832
661.0,1.000000,1.000000,1.000000,0.047060,0.023945,1.995926,1.990277,2.002213,0.511356,0.510052,0.511864,0.511497,0.510218,0.511833
661.5,1.000000,1.000000,1.000000,0.047079,0.023941,1.995929,1.990281,2.002210,0.511361,0.510058,0.511863,0.511503,0.510224,0.511834
662.0,1.000000,1.000000,1.000000,0.047097,0.023938,1.995932,1.990285,2.002207,0.511366,0.510064,0.511863,0.511508,0.510230,0.511835
662.5,1.000000,1.000000,1.000000,0.047116,0.023935,1.995935,1.990288,2.002204,0.511372,0.510071,0.511862,0.511513,0.510236,0.511836
663.0,1.000000,1.000000,1.000000,0.047135,0.023932,1.995938,1.990292,2.002201,0.511377,0.510077,0.511861,0.511518,0.510242,0.511837
663.5,1.000000,1.000000,1.000000,0.047154,0.023929,1.995941,1.990295,2.002197,0.511382,0.510083,0.511860,0.511523,0.510248,0.511838
664.0,1.000000,1.000000,1.000000,0.047172,0.023926,1.995944,1.990299,2.002194,0.511387,0.510089,0.511860,0.511528,0.510254,0.511838
664.5,1.000000,1.000000,1.000000,0.047191,0.023924,1.995947,1.990303,2.002191,0.511393,0.510095,0.511859,0.511533,0.510260,0.511839
665.0,1.000000,1.000000,1.000000,0.047210,0.023921,1.995950,1.990306,2.002187,0.511398,0.510101,0.511858,0.511538,0.510266,0.511840
665.5,1.000000,1.000000,1.000000,0.047229,0.023919,1.995953,1.990310,2.002184,0.511403,0.510108,0.511858,0.511543,0.510272,0.511840
666.0,1.000000,1.000000,1.000000,0.047247,0.023917,1.995956,1.990314,2.002180,0.511408,0.510114,0.511857,0.511548,0.510278,0.511841
666.5,1.000000,1.000000,1.000000,0.047266,0.023914,1.995959,1.990317,2.002177,0.511414,0.510120,0.511857,0.511553,0.510284,0.511842
667.0,1.000000,1.000000,1.000000,0.047284,0.023912,1.995962,1.990321,2.002173,0.511419,0.510126,0.511856,0.511559,0.510290,0.511842
667.5,1.000000,1.000000,1.000000,0.047303,0.023910,1.995965,1.990325,2.002169,0.511424,0.510132,0.511856,0.511564,0.510296,0.511843
668.0,1.000000,1.000000,1.000000,0.047321,0.023908,1.995968,1.990329,2.002165,0.511429,0.510138,0.511856,0.511569,0.510302,0.511843
668.5,1.000000,1.000000,1.000000,0.047340,0.023907,1.995971,1.990332,2.002162,0.511434,0.510144,0.511855,0.511574,0.510308,0.511845
669.0,1.000000,1.000000,1.000000,0.047358,0.023905,1.995975,1.990336,2.002158,0.511440,0.510151,0.511855,0.511579,0.510314,0.511846
669.5,1.000000,1.000000,1.000000,0.047377,0.023903,1.995978,1.990340,2.002154,0.511445,0.510157,0.511856,0.511584,0.510320,0.511849
670.0,1.000000,1.000000,1.000000,0.047395,0.023902,1.995981,1.990344,2.002149,0.511450,0.510163,0.511856,0.511589,0.510326,0.511851
670.5,1.000000,1.000000,1.000000,0.047414,0.023900,1.995984,1.990347,2.002145,0.511455,0.510169,0.511856,0.511594,0.510332,0.511854
671.0,1.000000,1.000000,1.000000,0.047432,0.023898,1.995987,1.990351,2.002141,0.511460,0.510175,0.511857,0.511599,0.510338,0.511857
671.5,1.000000,1.000000,1.000000,0.047451,0.023897,1.995990,1.990355,2.002136,0.511465,0.510181,0.511857,0.511604,0.510344,0.511860
672.0,1.000000,1.000000,1.000000,0.047469,0.023896,1.995993,1.990359,2.002132,0.511471,0.510187,0.511858,0.511609,0.510350,0.511864
672.5,1.000000,1.000000,1.000000,0.047487,0.023894,1.995996,1.990363,2.002127,0.511476,0.510193,0.511859,0.511614,0.510356,0.511867
673.0,1.000000,1.000000,1.000000,0.047505,0.023893,1.995999,1.990366,2.002122,0.511481,0.510199,0.511860,0.511619,0.510362,0.511870
673.5,1.000000,1.000000,1.000000,0.047524,0.023892,1.996002,1.990370,2.002118,0.511486,0.510205,0.511860,0.511624,0.510368,0.511873
674.0,1.000000,1.000000,1.000000,0.047542,0.023891,1.996005,1.990374,2.002113,0.511491,0.510211,0.511861,0.511629,0.510374,0.511876
674.5,1.000000,1.000000,1.000000,0.047560,0.023890,1.996008,1.990378,2.002108,0.511496,0.510218,0.511862,0.511634,0.510380,0.511879
675.0,1.000000,1.000000,1.000000,0.047578,0.023889,1.996011,1.990382,2.002102,0.511501,0.510224,0.511863,0.511639,0.510386,0.511882
675.5,1.000000,1.000000,1.000000,0.047597,0.023888,1.996014,1.990386,2.002097,0.511507,0.510230,0.511864,0.511644,0.510392,0.511884
676.0,1.000000,1.000000,1.000000,0.047615,0.023887,1.996017,1.990390,2.002092,0.511512,0.510236,0.511865,0.511649,0.510398,0.511887
676.5,1.000000,1.000000,1.000000,0.047633,0.023886,1.996020,1.990393,2.002086,0.511517,0.510242,0.511866,0.511653,0.510404,0.511889
677.0,1.000000,1.000000,1.000000,0.047651,0.023885,1.996023,1.990397,2.002081,0.511522,0.510248,0.511867,0.511658,0.510410,0.511892
677.5,1.000000,1.000000,1.000000,0.047669,0.023884,1.996026,1.990401,2.002075,0.511527,0.510254,0.511868,0.511663,0.510415,0.511894
678.0,1.000000,1.000000,1.000000,0.047687,0.023883,1.996029,1.990405,2.002070,0.511532,0.510260,0.511869,0.511668,0.510421,0.511896
678.5,1.000000,1.000000,1.000000,0.047705,0.023882,1.996032,1.990409,2.002064,0.511537,0.510266,0.511870,0.511673,0.510427,0.511898
679.0,1.000000,1.000000,1.000000,0.047723,0.023881,1.996035,1.990413,2.002058,0.511542,0.510272,0.511871,0.511678,0.510433,0.511899
679.5,1.000000,1.000000,1.000000,0.047741,0.023881,1.996039,1.990417,2.002052,0.511547,0.510278,0.511872,0.511683,0.510439,0.511901
680.0,1.000000,1.000000,1.000000,0.047759,0.023880,1.996042,1.990421,2.002046,0.511552,0.510284,0.511874,0.511688,0.510445,0.511902
680.5,1.000000,1.000000,1.000000,0.047777,0.023879,1.996045,1.990425,2.002040,0.511557,0.510290,0.511875,0.511693,0.510451,0.511904
681.0,1.000000,1.000000,1.000000,0.047795,0.023879,1.996048,1.990429,2.002034,0.511562,0.510296,0.511876,0.511698,0.510457,0.511905
681.5,1.000000,1.000000,1.000000,0.047813,0.023878,1.996051,1.990433,2.002027,0.511567,0.510302,0.511877,0.511703,0.510462,0.511906
682.0,1.000000,1.000000,1.000000,0.047831,0.023878,1.996054,1.990437,2.002021,0.511572,0.510308,0.511878,0.511707,0.510468,0.511908
682.5,1.000000,1.000000,1.000000,0.047849,0.023790,1.996057,1.990441,2.002015,0.511577,0.510314,0.511856,0.511712,0.510474,0.511812
683.0,1.000000,1.000000,1.000000,0.047866,0.023707,1.996060,1.990445,2.002008,0.511583,0.510320,0.511836,0.511717,0.510480,0.511727
683.5,1.000000,1.000000,1.000000,0.047884,0.023627,1.996063,1.990449,2.002002,0.511588,0.510326,0.511816,0.511722,0.510486,0.511652
684.0,1.000000,1.000000,1.000000,0.047902,0.023550,1.996066,1.990453,2.001995,0.511593,0.510332,0.511797,0.511727,0.510492,0.511587
684.5,1.000000,1.000000,1.000000,0.047920,0.023476,1.996069,1.990457,2.001988,0.511598,0.510338,0.511779,0.511732,0.510497,0.511530
685.0,1.000000,1.000000,1.000000,0.047938,0.023406,1.996072,1.990461,2.001982,0.511603,0.510344,0.511762,0.511737,0.510503,0.511481
685.5,1.000000,1.000000,1.000000,0.047955,0.023338,1.996075,1.990465,2.001975,0.511608,0.510350,0.511745,0.511741,0.510509,0.511438
686.0,1.000000,1.000000,1.000000,0.047973,0.023273,1.996079,1.990469,2.001968,0.511613,0.510356,0.511730,0.511746,0.510515,0.511402
686.5,1.000000,1.000000,1.000000,0.047991,0.023211,1.996082,1.990473,2.001961,0.511618,0.510362,0.511715,0.511751,0.510521,0.511371
687.0,1.000000,1.000000,1.000000,0.048008,0.023152,1.996085,1.990477,2.001954,0.511622,0.510368,0.511700,0.511756,0.510526,0.511345
687.5,1.000000,1.000000,1.000000,0.048026,0.023095,1.996088,1.990481,2.001947,0.511627,0.510373,0.511687,0.511761,0.510532,0.511323
688.0,1.000000,1.000000,1.000000,0.048043,0.023040,1.996091,1.990485,2.001940,0.511632,0.510379,0.511673,0.511766,0.510538,0.511306
688.5,1.000000,1.000000,1.000000,0.048061,0.022988,1.996094,1.990489,2.001933,0.511637,0.510385,0.511661,0.511770,0.510544,0.511292
689.0,1.000000,1.000000,1.000000,0.048078,0.022938,1.996097,1.990494,2.001926,0.511642,0.510391,0.511649,0.511775,0.510550,0.511280
689.5,1.000000,1.000000,1.000000,0.048096,0.022889,1.996100,1.990498,2.001919,0.511647,0.510397,0.511638,0.511780,0.510555,0.511272
690.0,1.000000,1.000000,1.000000,0.048113,0.022843,1.996103,1.990502,2.001912,0.511652,0.510403,0.511627,0.511785,0.510561,0.511266
690.5,1.000000,1.000000,1.000000,0.048131,0.022799,1.996106,1.990506,2.001905,0.511657,0.510409,0.511616,0.511789,0.510567,0.511262
691.0,1.000000,1.000000,1.000000,0.048148,0.022757,1.996110,1.990510,2.001898,0.511662,0.510415,0.511606,0.511794,0.510573,0.511260
691.5,1.000000,1.000000,1.000000,0.048166,0.022716,1.996113,1.990514,2.001890,0.511667,0.510421,0.511597,0.511799,0.510578,0.511259
692.0,1.000000,1.000000,1.000000,0.048183,0.022677,1.996116,1.990519,2.001883,0.511672,0.510427,0.511588,0.511804,0.510584,0.511260
692.5,1.000000,1.000000,1.000000,0.048201,0.022640,1.996119,1.990523,2.001876,0.511677,0.510433,0.511579,0.511808,0.510590,0.511261
693.0,1.000000,1.000000,1.000000,0.048218,0.022605,1.996122,1.990527,2.001868,0.511682,0.510438,0.511571,0.511813,0.510596,0.511264
693.5,1.000000,1.000000,1.000000,0.048235,0.022570,1.996125,1.990531,2.001861,0.511687,0.510444,0.511563,0.511818,0.510601,0.511267
694.0,1.000000,1.000000,1.000000,0.048253,0.022538,1.996128,1.990535,2.001853,0.511692,0.510450,0.511556,0.511823,0.510607,0.511271
694.5,1.000000,1.000000,1.000000,0.048270,0.022506,1.996131,1.990540,2.001846,0.511696,0.510456,0.511549,0.511827,0.510613,0.511276
695.0,1.000000,1.000000,1.000000,0.048287,0.022476,1.996135,1.990544,2.001838,0.511701,0.510462,0.511542,0.511832,0.510619,0.511281
695.5,1.000000,1.000000,1.000000,0.048304,0.022447,1.996138,1.990548,2.001831,0.511706,0.510468,0.511536,0.511837,0.510624,0.511286
696.0,1.000000,1.000000,1.000000,0.048321,0.022419,1.996141,1.990552,2.001823,0.511711,0.510474,0.511530,0.511842,0.510630,0.511292
696.5,1.000000,1.000000,1.000000,0.048339,0.022393,1.996144,1.990556,2.001815,0.511716,0.510479,0.511524,0.511846,0.510636,0.511297
697.0,1.000000,1.000000,1.000000,0.048356,0.022368,1.996147,1.990561,2.001808,0.511721,0.510485,0.511519,0.511851,0.510641,0.511303
697.5,1.000000,1.000000,1.000000,0.048373,0.022343,1.996150,1.990565,2.001800,0.511726,0.510491,0.511513,0.511856,0.510647,0.511309
698.0,1.000000,1.000000,1.000000,0.048390,0.022320,1.996153,1.990569,2.001792,0.511730,0.510497,0.511509,0.511860,0.510653,0.511315
698.5,1.000000,1.000000,1.000000,0.048407,0.022298,1.996156,1.990574,2.001785,0.511735,0.510503,0.511504,0.511865,0.510658,0.511321
699.0,1.000000,1.000000,1.000000,0.048424,0.022276,1.996160,1.990578,2.001777,0.511740,0.510508,0.511500,0.511870,0.510664,0.511326
699.5,1.000000,1.000000,1.000000,0.048441,0.022256,1.996163,1.990582,2.001769,0.511745,0.510514,0.511495,0.511874,0.510670,0.511332
700.0,1.000000,1.000000,1.000000,0.048458,0.022236,1.996166,1.990587,2.001761,0.511750,0.510520,0.511491,0.511879,0.510675,0.511337
700.5,1.000000,1.000000,1.000000,0.048475,0.022217,1.996169,1.990591,2.001753,0.511755,0.510526,0.511488,0.511884,0.510681,0.511343
701.0,1.000000,1.000000,1.000000,0.048492,0.022199,1.996172,1.990595,2.001746,0.511759,0.510532,0.511484,0.511888,0.510687,0.511348
701.5,1.000000,1.000000,1.000000,0.048509,0.022182,1.996175,1.990600,2.001738,0.511764,0.510537,0.511481,0.511893,0.510692,0.511353
702.0,1.000000,1.000000,1.000000,0.048526,0.022165,1.996178,1.990604,2.001730,0.511769,0.510543,0.511478,0.511898,0.510698,0.511357
702.5,1.000000,1.000000,1.000000,0.048543,0.022149,1.996182,1.990608,2.001722,0.511774,0.510549,0.511475,0.511902,0.510704,0.511362
703.0,1.000000,1.000000,1.000000,0.048560,0.022134,1.996185,1.990613,2.001714,0.511779,0.510555,0.511472,0.511907,0.510709,0.511366
703.5,1.000000,1.000000,1.000000,0.048577,0.022119,1.996188,1.990617,2.001706,0.511783,0.510561,0.511469,0.511911,0.510715,0.511370
704.0,1.000000,1.000000,1.000000,0.048593,0.022105,1.996191,1.990621,2.001698,0.511788,0.510566,0.511467,0.511916,0.510720,0.511374
704.5,1.000000,1.000000,1.000000,0.048610,0.022092,1.996194,1.990626,2.001690,0.511793,0.510572,0.511464,0.511921,0.510726,0.511378
705.0,1.000000,1.000000,1.000000,0.048627,0.022079,1.996197,1.990630,2.001682,0.511798,0.510578,0.511462,0.511925,0.510732,0.511381
705.5,1.000000,1.000000,1.000000,0.048644,0.022067,1.996201,1.990635,2.001674,0.511802,0.510584,0.511460,0.511930,0.510737,0.511385
706.0,1.000000,1.000000,1.000000,0.048660,0.022055,1.996204,1.990639,2.001666,0.511807,0.510589,0.511458,0.511934,0.510743,0.511388
706.5,1.000000,1.000000,1.000000,0.048677,0.022044,1.996207,1.990643,2.001658,0.511812,0.510595,0.511456,0.511939,0.510748,0.511391
707.0,1.000000,1.000000,1.000000,0.048694,0.022033,1.996210,1.990648,2.001650,0.511817,0.510601,0.511455,0.511944,0.510754,0.511394
707.5,1.000000,1.000000,1.000000,0.048710,0.022022,1.996213,1.990652,2.001642,0.511821,0.510606,0.511453,0.511948,0.510760,0.511397
708.0,1.000000,1.000000,1.000000,0.048727,0.022012,1.996216,1.990657,2.001633,0.511826,0.510612,0.511452,0.511953,0.510765,0.511400
708.5,1.000000,1.000000,1.000000,0.048744,0.022003,1.996220,1.990661,2.001625,0.511831,0.510618,0.511450,0.511957,0.510771,0.511403
709.0,1.000000,1.000000,1.000000,0.048760,0.021994,1.996223,1.990666,2.001617,0.511835,0.510624,0.511449,0.511962,0.510776,0.511405
709.5,1.000000,1.000000,1.000000,0.048777,0.021985,1.996226,1.990670,2.001609,0.511840,0.510629,0.511448,0.511966,0.510782,0.511408
710.0,1.000000,1.000000,1.000000,0.048793,0.021977,1.996229,1.990675,2.001601,0.511845,0.510635,0.511447,0.511971,0.510787,0.511410
710.5,1.000000,1.000000,1.000000,0.048810,0.021969,1.996232,1.990679,2.001593,0.511850,0.510641,0.511446,0.511975,0.510793,0.511413
711.0,1.000000,1.000000,1.000000,0.048826,0.021961,1.996235,1.990684,2.001585,0.511854,0.510646,0.511445,0.511980,0.510799,0.511415
711.5,1.000000,1.000000,1.000000,0.048843,0.021953,1.996239,1.990688,2.001576,0.511859,0.510652,0.511444,0.511984,0.510804,0.511417
712.0,1.000000,1.000000,1.000000,0.048859,0.021946,1.996242,1.990693,2.001568,0.511864,0.510658,0.511444,0.511989,0.510810,0.511420
712.5,1.000000,1.000000,1.000000,0.048876,0.021940,1.996245,1.990697,2.001560,0.511868,0.510663,0.511443,0.511993,0.510815,0.511422
713.0,1.000000,1.000000,1.000000,0.048892,0.021933,1.996248,1.990702,2.001552,0.511873,0.510669,0.511443,0.511998,0.510821,0.511426
713.5,1.000000,1.000000,1.000000,0.048908,0.021927,1.996251,1.990706,2.001543,0.511878,0.510675,0.511444,0.512002,0.510826,0.511433
714.0,1.000000,1.000000,1.000000,0.048925,0.021921,1.996255,1.990711,2.001535,0.511882,0.510680,0.511445,0.512007,0.510832,0.511441
714.5,1.000000,1.000000,1.000000,0.048941,0.021915,1.996258,1.990716,2.001526,0.511887,0.510686,0.511447,0.512011,0.510837,0.511450
715.0,1.000000,1.000000,1.000000,0.048957,0.021910,1.996261,1.990720,2.001517,0.511892,0.510692,0.511449,0.512016,0.510843,0.511460
715.5,1.000000,1.000000,1.000000,0.048974,0.021904,1.996264,1.990725,2.001508,0.511896,0.510697,0.511451,0.512020,0.510848,0.511471
716.0,1.000000,1.000000,1.000000,0.048990,0.021899,1.996267,1.990729,2.001499,0.511901,0.510703,0.511454,0.512025,0.510854,0.511482
716.5,1.000000,1.000000,1.000000,0.049006,0.021895,1.996271,1.990734,2.001490,0.511905,0.510709,0.511457,0.512029,0.510859,0.511493
717.0,1.000000,1.000000,1.000000,0.049022,0.021890,1.996274,1.990738,2.001480,0.511910,0.510714,0.511460,0.512034,0.510865,0.511504
717.5,1.000000,1.000000,1.000000,0.049038,0.021886,1.996277,1.990743,2.001471,0.511915,0.510720,0.511463,0.512038,0.510870,0.511515
718.0,1.000000,1.000000,1.000000,0.049055,0.021881,1.996280,1.990748,2.001461,0.511919,0.510725,0.511467,0.512043,0.510876,0.511525
718.5,1.000000,1.000000,1.000000,0.049071,0.021877,1.996283,1.990752,2.001451,0.511924,0.510731,0.511470,0.512047,0.510881,0.511535
719.0,1.000000,1.000000,1.000000,0.049087,0.021873,1.996287,1.990757,2.001440,0.511928,0.510737,0.511474,0.512052,0.510886,0.511545
719.5,1.000000,1.000000,1.000000,0.049103,0.021870,1.996290,1.990762,2.001430,0.511933,0.510742,0.511478,0.512056,0.510892,0.511555
720.0,1.000000,1.000000,1.000000,0.049119,0.021866,1.996293,1.990766,2.001419,0.511938,0.510748,0.511481,0.512060,0.510897,0.511563
720.5,1.000000,1.000000,1.000000,0.049135,0.021863,1.996296,1.990771,2.001409,0.511942,0.510753,0.511485,0.512065,0.510903,0.511572
721.0,1.000000,1.000000,1.000000,0.049151,0.021859,1.996299,1.990776,2.001398,0.511947,0.510759,0.511489,0.512069,0.510908,0.511580
721.5,1.000000,1.000000,1.000000,0.049167,0.021856,1.996303,1.990780,2.001387,0.511951,0.510764,0.511493,0.512074,0.510914,0.511587
722.0,1.000000,1.000000,1.000000,0.049183,0.021853,1.996306,1.990785,2.001375,0.511956,0.510770,0.511497,0.512078,0.510919,0.511594
722.5,1.000000,1.000000,1.000000,0.049199,0.021850,1.996309,1.990790,2.001364,0.511960,0.510776,0.511501,0.512082,0.510925,0.511600
723.0,1.000000,1.000000,1.000000,0.049215,0.021847,1.996312,1.990794,2.001352,0.511965,0.510781,0.511504,0.512087,0.510930,0.511607
723.5,1.000000,1.000000,1.000000,0.049231,0.021845,1.996315,1.990799,2.001341,0.511969,0.510787,0.511508,0.512091,0.510935,0.511612
724.0,1.000000,1.000000,1.000000,0.049247,0.021842,1.996319,1.990804,2.001329,0.511974,0.510792,0.511512,0.512095,0.510941,0.511617
724.5,1.000000,1.000000,1.000000,0.049262,0.021840,1.996322,1.990809,2.001317,0.511979,0.510798,0.511516,0.512100,0.510946,0.511622
725.0,1.000000,1.000000,1.000000,0.049278,0.021837,1.996325,1.990813,2.001305,0.511983,0.510803,0.511520,0.512104,0.510952,0.511627
725.5,1.000000,1.000000,1.000000,0.049294,0.021835,1.996328,1.990818,2.001293,0.511988,0.510809,0.511523,0.512109,0.510957,0.511631
726.0,1.000000,1.000000,1.000000,0.049310,0.021833,1.996332,1.990823,2.001280,0.511992,0.510814,0.511527,0.512113,0.510962,0.511635
726.5,1.000000,1.000000,1.000000,0.049325,0.021831,1.996335,1.990828,2.001268,0.511997,0.510820,0.511531,0.512117,0.510968,0.511639
727.0,1.000000,1.000000,1.000000,0.049341,0.021829,1.996338,1.990832,2.001255,0.512001,0.510825,0.511535,0.512122,0.510973,0.511642
727.5,1.000000,1.000000,1.000000,0.049357,0.021827,1.996341,1.990837,2.001243,0.512006,0.510831,0.511538,0.512126,0.510978,0.511646
728.0,1.000000,1.000000,1.000000,0.049373,0.021825,1.996345,1.990842,2.001230,0.512010,0.510836,0.511542,0.512130,0.510984,0.511649
728.5,1.000000,1.000000,1.000000,0.049388,0.021823,1.996348,1.990847,2.001218,0.512014,0.510842,0.511546,0.512134,0.510989,0.511652
729.0,1.000000,1.000000,1.000000,0.049404,0.021822,1.996351,1.990852,2.001205,0.512019,0.510847,0.511549,0.512139,0.510994,0.511655
729.5,1.000000,1.000000,1.000000,0.049419,0.021820,1.996354,1.990856,2.001192,0.512023,0.510853,0.511553,0.512143,0.511000,0.511658
730.0,1.000000,1.000000,1.000000,0.049435,0.021819,1.996357,1.990861,2.001179,0.512028,0.510858,0.511556,0.512147,0.511005,0.511660
730.5,1.000000,1.000000,1.000000,0.049451,0.021817,1.996361,1.990866,2.001166,0.512032,0.510864,0.511560,0.512152,0.511010,0.511663
731.0,1.000000,1.000000,1.000000,0.049466,0.021816,1.996364,1.990871,2.001153,0.512037,0.510869,0.511563,0.512156,0.511016,0.511666
731.5,1.000000,1.000000,1.000000,0.049482,0.021814,1.996367,1.990876,2.001140,0.512041,0.510875,0.511567,0.512160,0.511021,0.511668
732.0,1.000000,1.000000,1.000000,0.049497,0.021813,1.996370,1.990881,2.001126,0.512046,0.510880,0.511570,0.512164,0.511026,0.511671
732.5,1.000000,1.000000,1.000000,0.049512,0.021812,1.996374,1.990885,2.001113,0.512050,0.510886,0.511574,0.512169,0.511032,0.511673
733.0,1.000000,1.000000,1.000000,0.049528,0.021811,1.996377,1.990890,2.001100,0.512054,0.510891,0.511577,0.512173,0.511037,0.511676
733.5,1.000000,1.000000,1.000000,0.049543,0.021810,1.996380,1.990895,2.001087,0.512059,0.510897,0.511580,0.512177,0.511042,0.511679
734.0,1.000000,1.000000,1.000000,0.049559,0.021809,1.996383,1.990900,2.001073,0.512063,0.510902,0.511584,0.512182,0.511048,0.511681
734.5,1.000000,1.000000,1.000000,0.049574,0.021807,1.996387,1.990905,2.001060,0.512068,0.510907,0.511587,0.512186,0.511053,0.511684
735.0,1.000000,1.000000,1.000000,0.049589,0.021806,1.996390,1.990910,2.001047,0.512072,0.510913,0.511590,0.512190,0.511058,0.511686
735.5,1.000000,1.000000,1.000000,0.049605,0.021806,1.996393,1.990915,2.001033,0.512076,0.510918,0.511594,0.512194,0.511063,0.511689
736.0,1.000000,1.000000,1.000000,0.049620,0.021805,1.996396,1.990920,2.001020,0.512081,0.510924,0.511597,0.512198,0.511069,0.511692
736.5,1.000000,1.000000,1.000000,0.049635,0.021804,1.996400,1.990925,2.001006,0.512085,0.510929,0.511601,0.512203,0.511074,0.511695
737.0,1.000000,1.000000,1.000000,0.049650,0.021803,1.996403,1.990930,2.000993,0.512090,0.510934,0.511604,0.512207,0.511079,0.511697
737.5,1.000000,1.000000,1.000000,0.049666,0.021802,1.996406,1.990935,2.000979,0.512094,0.510940,0.511607,0.512211,0.511084,0.511700
738.0,1.000000,1.000000,1.000000,0.049681,0.021801,1.996409,1.990939,2.000965,0.512098,0.510945,0.511611,0.512215,0.511090,0.511703
738.5,1.000000,1.000000,1.000000,0.049696,0.021801,1.996413,1.990944,2.000952,0.512103,0.510951,0.511614,0.512219,0.511095,0.511706
739.0,1.000000,1.000000,1.000000,0.049711,0.021800,1.996416,1.990949,2.000938,0.512107,0.510956,0.511617,0.512224,0.511100,0.511709
739.5,1.000000,1.000000,1.000000,0.049726,0.021799,1.996419,1.990954,2.000925,0.512111,0.510961,0.511621,0.512228,0.511105,0.511712
740.0,1.000000,1.000000,1.000000,0.049741,0.021799,1.996423,1.990959,2.000911,0.512116,0.510967,0.511624,0.512232,0.511111,0.511715
740.5,1.000000,1.000000,1.000000,0.049756,0.021798,1.996426,1.990964,2.000897,0.512120,0.510972,0.511627,0.512236,0.511116,0.511718
741.0,1.000000,1.000000,1.000000,0.049771,0.021797,1.996429,1.990969,2.000884,0.512124,0.510978,0.511631,0.512240,0.511121,0.511721
741.5,1.000000,1.000000,1.000000,0.049786,0.021797,1.996432,1.990974,2.000870,0.512129,0.510983,0.511634,0.512244,0.511126,0.511724
742.0,1.000000,1.000000,1.000000,0.049801,0.021796,1.996436,1.990979,2.000856,0.512133,0.510988,0.511637,0.512249,0.511131,0.511728
742.5,1.000000,1.000000,1.000000,0.049816,0.021796,1.996439,1.990984,2.000843,0.512137,0.510994,0.511641,0.512253,0.511137,0.511731
743.0,1.000000,1.000000,1.000000,0.049831,0.021795,1.996442,1.990989,2.000829,0.512142,0.510999,0.511644,0.512257,0.511142,0.511734
743.5,1.000000,1.000000,1.000000,0.049846,0.021795,1.996445,1.990994,2.000815,0.512146,0.511004,0.511648,0.512261,0.511147,0.511737
744.0,1.000000,1.000000,1.000000,0.049861,0.021794,1.996449,1.990999,2.000801,0.512150,0.511010,0.511651,0.512265,0.511152,0.511740
744.5,1.000000,1.000000,1.000000,0.049876,0.021794,1.996452,1.991004,2.000788,0.512154,0.511015,0.511654,0.512269,0.511157,0.511743
745.0,1.000000,1.000000,1.000000,0.049891,0.021793,1.996455,1.991010,2.000774,0.512159,0.511020,0.511657,0.512273,0.511162,0.511746
745.5,1.000000,1.000000,1.000000,0.049906,0.021793,1.996459,1.991015,2.000760,0.512163,0.511025,0.511661,0.512277,0.511168,0.511749
746.0,1.000000,1.000000,1.000000,0.049921,0.021793,1.996462,1.991020,2.000747,0.512167,0.511031,0.511664,0.512282,0.511173,0.511752
746.5,1.000000,1.000000,1.000000,0.049935,0.021792,1.996465,1.991025,2.000733,0.512171,0.511036,0.511667,0.512286,0.511178,0.511754
747.0,1.000000,1.000000,1.000000,0.049950,0.021792,1.996468,1.991030,2.000719,0.512176,0.511041,0.511670,0.512290,0.511183,0.511756
747.5,1.000000,1.000000,1.000000,0.049965,0.021791,1.996472,1.991035,2.000706,0.512180,0.511047,0.511673,0.512294,0.511188,0.511759
748.0,1.000000,1.000000,1.000000,0.049980,0.021791,1.996475,1.991040,2.000692,0.512184,0.511052,0.511676,0.512298,0.511193,0.511761
748.5,1.000000,1.000000,1.000000,0.049994,0.021791,1.996478,1.991045,2.000679,0.512188,0.511057,0.511679,0.512302,0.511199,0.511763
749.0,1.000000,1.000000,1.000000,0.050009,0.021790,1.996482,1.991050,2.000665,0.512193,0.511062,0.511682,0.512306,0.511204,0.511765
749.5,1.000000,1.000000,1.000000,0.050024,0.021790,1.996485,1.991055,2.000652,0.512197,0.511068,0.511685,0.512310,0.511209,0.511767
750.0,1.000000,1.000000,1.000000,0.050038,0.021790,1.996488,1.991060,2.000638,0.512201,0.511073,0.511688,0.512314,0.511214,0.511769
750.5,1.000000,1.000000,1.000000,0.050053,0.021790,1.996491,1.991066,2.000625,0.512205,0.511078,0.511690,0.512318,0.511219,0.511770
751.0,1.000000,1.000000,1.000000,0.050067,0.021789,1.996495,1.991071,2.000611,0.512210,0.511084,0.511693,0.512322,0.511224,0.511772
751.5,1.000000,1.000000,1.000000,0.050082,0.021789,1.996498,1.991076,2.000598,0.512214,0.511089,0.511696,0.512326,0.511229,0.511774
752.0,1.000000,1.000000,1.000000,0.050096,0.021789,1.996501,1.991081,2.000585,0.512218,0.511094,0.511699,0.512330,0.511234,0.511776
752.5,1.000000,1.000000,1.000000,0.050111,0.021789,1.996505,1.991086,2.000571,0.512222,0.511099,0.511701,0.512334,0.511239,0.511778
753.0,1.000000,1.000000,1.000000,0.050125,0.021788,1.996508,1.991091,2.000558,0.512226,0.511104,0.511704,0.512338,0.511244,0.511780
753.5,1.000000,1.000000,1.000000,0.050140,0.021788,1.996511,1.991097,2.000545,0.512230,0.511110,0.511707,0.512342,0.511249,0.511782
754.0,1.000000,1.000000,1.000000,0.050154,0.021788,1.996515,1.991102,2.000532,0.512235,0.511115,0.511710,0.512346,0.511255,0.511784
754.5,1.000000,1.000000,1.000000,0.050169,0.021788,1.996518,1.991107,2.000519,0.512239,0.511120,0.511712,0.512350,0.511260,0.511786
755.0,1.000000,1.000000,1.000000,0.050183,0.021788,1.996521,1.991112,2.000506,0.512243,0.511125,0.511715,0.512354,0.511265,0.511789
755.5,1.000000,1.000000,1.000000,0.050197,0.021788,1.996524,1.991117,2.000493,0.512247,0.511130,0.511718,0.512358,0.511270,0.511791
756.0,1.000000,1.000000,1.000000,0.050212,0.021787,1.996528,1.991123,2.000480,0.512251,0.511136,0.511720,0.512362,0.511275,0.511793
756.5,1.000000,1.000000,1.000000,0.050226,0.021787,1.996531,1.991128,2.000467,0.512255,0.511141,0.511723,0.512366,0.511280,0.511796
757.0,1.000000,1.000000,1.000000,0.050240,0.021787,1.996534,1.991133,2.000454,0.512259,0.511146,0.511726,0.512370,0.511285,0.511798
757.5,1.000000,1.000000,1.000000,0.050254,0.021787,1.996538,1.991138,2.000441,0.512264,0.511151,0.511729,0.512374,0.511290,0.511801
758.0,1.000000,1.000000,1.000000,0.050269,0.021787,1.996541,1.991144,2.000428,0.512268,0.511156,0.511731,0.512378,0.511295,0.511803
758.5,1.000000,1.000000,1.000000,0.050283,0.021787,1.996544,1.991149,2.000416,0.512272,0.511162,0.511734,0.512382,0.511300,0.511806
759.0,1.000000,1.000000,1.000000,0.050297,0.021786,1.996548,1.991154,2.000403,0.512276,0.511167,0.511737,0.512386,0.511305,0.511809
759.5,1.000000,1.000000,1.000000,0.050311,0.021786,1.996551,1.991159,2.000390,0.512280,0.511172,0.511739,0.512390,0.511310,0.511811
760.0,1.000000,1.000000,1.000000,0.050325,0.021786,1.996554,1.991165,2.000378,0.512284,0.511177,0.511742,0.512394,0.511315,0.511814
760.5,1.000000,1.000000,1.000000,0.050340,0.021786,1.996558,1.991170,2.000365,0.512288,0.511182,0.511745,0.512398,0.511320,0.511817
761.0,1.000000,1.000000,1.000000,0.050354,0.021786,1.996561,1.991175,2.000353,0.512292,0.511187,0.511748,0.512402,0.511325,0.511820
761.5,1.000000,1.000000,1.000000,0.050368,0.021786,1.996564,1.991180,2.000340,0.512296,0.511192,0.511751,0.512406,0.511330,0.511823
762.0,1.000000,1.000000,1.000000,0.050382,0.021786,1.996568,1.991186,2.000328,0.512300,0.511198,0.511753,0.512410,0.511335,0.511826
762.5,1.000000,1.000000,1.000000,0.050396,0.021786,1.996571,1.991191,2.000315,0.512304,0.511203,0.511756,0.512413,0.511340,0.511829
763.0,1.000000,1.000000,1.000000,0.050410,0.021786,1.996574,1.991196,2.000303,0.512308,0.511208,0.511759,0.512417,0.511345,0.511832
763.5,1.000000,1.000000,1.000000,0.050424,0.021786,1.996578,1.991202,2.000291,0.512313,0.511213,0.511762,0.512421,0.511350,0.511835
764.0,1.000000,1.000000,1.000000,0.050438,0.021785,1.996581,1.991207,2.000278,0.512317,0.511218,0.511765,0.512425,0.511355,0.511838
764.5,1.000000,1.000000,1.000000,0.050452,0.021785,1.996584,1.991212,2.000266,0.512321,0.511223,0.511767,0.512429,0.511360,0.511841
765.0,1.000000,1.000000,1.000000,0.050465,0.021785,1.996588,1.991218,2.000254,0.512325,0.511228,0.511770,0.512433,0.511365,0.511844
765.5,1.000000,1.000000,1.000000,0.050479,0.021785,1.996591,1.991223,2.000242,0.512329,0.511233,0.511773,0.512437,0.511370,0.511847
766.0,1.000000,1.000000,1.000000,0.050493,0.021785,1.996594,1.991228,2.000229,0.512333,0.511238,0.511776,0.512441,0.511374,0.511850
766.5,1.000000,1.000000,1.000000,0.050507,0.021785,1.996598,1.991234,2.000217,0.512337,0.511243,0.511779,0.512444,0.511379,0.511854
767.0,1.000000,1.000000,1.000000,0.050521,0.021785,1.996601,1.991239,2.000205,0.512341,0.511248,0.511782,0.512448,0.511384,0.511857
767.5,1.000000,1.000000,1.000000,0.050535,0.021785,1.996604,1.991245,2.000193,0.512345,0.511254,0.511785,0.512452,0.511389,0.511860
768.0,1.000000,1.000000,1.000000,0.050548,0.021785,1.996608,1.991250,2.000181,0.512349,0.511259,0.511787,0.512456,0.511394,0.511863
768.5,1.000000,1.000000,1.000000,0.050562,0.021785,1.996611,1.991255,2.000169,0.512353,0.511264,0.511790,0.512460,0.511399,0.511866
769.0,1.000000,1.000000,1.000000,0.050576,0.021736,1.996614,1.991261,2.000157,0.512357,0.511269,0.511781,0.512464,0.511404,0.511815
769.5,1.000000,1.000000,1.000000,0.050589,0.021690,1.996618,1.991266,2.000145,0.512361,0.511274,0.511771,0.512467,0.511409,0.511770
770.0,1.000000,1.000000,1.000000,0.050603,0.021645,1.996621,1.991272,2.000133,0.512365,0.511279,0.511763,0.512471,0.511414,0.511731
770.5,1.000000,1.000000,1.000000,0.050617,0.021602,1.996624,1.991277,2.000121,0.512369,0.511284,0.511755,0.512475,0.511419,0.511697
771.0,1.000000,1.000000,1.000000,0.050630,0.021561,1.996628,1.991282,2.000110,0.512373,0.511289,0.511747,0.512479,0.511423,0.511668
771.5,1.000000,1.000000,1.000000,0.050644,0.021522,1.996631,1.991288,2.000098,0.512376,0.511294,0.511740,0.512483,0.511428,0.511643
772.0,1.000000,1.000000,1.000000,0.050657,0.021485,1.996634,1.991293,2.000086,0.512380,0.511299,0.511733,0.512486,0.511433,0.511621
772.5,1.000000,1.000000,1.000000,0.050671,0.021449,1.996638,1.991299,2.000074,0.512384,0.511304,0.511726,0.512490,0.511438,0.511604
773.0,1.000000,1.000000,1.000000,0.050684,0.021414,1.996641,1.991304,2.000063,0.512388,0.511309,0.511720,0.512494,0.511443,0.511589
773.5,1.000000,1.000000,1.000000,0.050698,0.021381,1.996644,1.991310,2.000051,0.512392,0.511314,0.511715,0.512498,0.511448,0.511577
774.0,1.000000,1.000000,1.000000,0.050711,0.021349,1.996648,1.991315,2.000039,0.512396,0.511319,0.511709,0.512501,0.511453,0.511568
774.5,1.000000,1.000000,1.000000,0.050725,0.021319,1.996651,1.991321,2.000028,0.512400,0.511324,0.511704,0.512505,0.511457,0.511560
775.0,1.000000,1.000000,1.000000,0.050738,0.021290,1.996654,1.991326,2.000016,0.512404,0.511329,0.511700,0.512509,0.511462,0.511555
775.5,1.000000,1.000000,1.000000,0.050752,0.021262,1.996658,1.991332,2.000005,0.512408,0.511334,0.511695,0.512513,0.511467,0.511551
776.0,1.000000,1.000000,1.000000,0.050765,0.021235,1.996661,1.991337,1.999993,0.512412,0.511339,0.511691,0.512516,0.511472,0.511549
776.5,1.000000,1.000000,1.000000,0.050778,0.021209,1.996664,1.991343,1.999982,0.512416,0.511344,0.511688,0.512520,0.511477,0.511548
777.0,1.000000,1.000000,1.000000,0.050792,0.021185,1.996668,1.991348,1.999970,0.512420,0.511349,0.511684,0.512524,0.511481,0.511549
777.5,1.000000,1.000000,1.000000,0.050805,0.021161,1.996671,1.991354,1.999959,0.512423,0.511354,0.511681,0.512528,0.511486,0.511550
778.0,1.000000,1.000000,1.000000,0.050818,0.021139,1.996675,1.991359,1.999947,0.512427,0.511359,0.511678,0.512531,0.511491,0.511552
778.5,1.000000,1.000000,1.000000,0.050832,0.021117,1.996678,1.991365,1.999936,0.512431,0.511363,0.511676,0.512535,0.511496,0.511555
779.0,1.000000,1.000000,1.000000,0.050845,0.021096,1.996681,1.991370,1.999925,0.512435,0.511368,0.511673,0.512539,0.511501,0.511559
779.5,1.000000,1.000000,1.000000,0.050858,0.021076,1.996685,1.991376,1.999913,0.512439,0.511373,0.511671,0.512542,0.511505,0.511563
780.0,1.000000,1.000000,1.000000,0.050871,0.021057,1.996688,1.991381,1.999902,0.512443,0.511378,0.511669,0.512546,0.511510,0.511567
780.5,1.000000,1.000000,1.000000,0.050884,0.021039,1.996691,1.991387,1.999891,0.512447,0.511383,0.511667,0.512550,0.511515,0.511572
781.0,1.000000,1.000000,1.000000,0.050897,0.021022,1.996695,1.991392,1.999880,0.512450,0.511388,0.511666,0.512553,0.511520,0.511577
781.5,1.000000,1.000000,1.000000,0.050911,0.021005,1.996698,1.991398,1.999868,0.512454,0.511393,0.511665,0.512557,0.511524,0.511582
782.0,1.000000,1.000000,1.000000,0.050924,0.020989,1.996701,1.991403,1.999857,0.512458,0.511398,0.511663,0.512561,0.511529,0.511588
782.5,1.000000,1.000000,1.000000,0.050937,0.020973,1.996705,1.991409,1.999846,0.512462,0.511403,0.511662,0.512564,0.511534,0.511594
783.0,1.000000,1.000000,1.000000,0.050950,0.020959,1.996708,1.991415,1.999835,0.512466,0.511408,0.511662,0.512568,0.511539,0.511599
783.5,1.000000,1.000000,1.000000,0.050963,0.020945,1.996712,1.991420,1.999824,0.512469,0.511413,0.511661,0.512572,0.511543,0.511605
784.0,1.000000,1.000000,1.000000,0.050976,0.020931,1.996715,1.991426,1.999813,0.512473,0.511417,0.511661,0.512575,0.511548,0.511611
784.5,1.000000,1.000000,1.000000,0.050989,0.020918,1.996718,1.991431,1.999802,0.512477,0.511422,0.511660,0.512579,0.511553,0.511617
785.0,1.000000,1.000000,1.000000,0.051002,0.020906,1.996722,1.991437,1.999791,0.512481,0.511427,0.511660,0.512583,0.511558,0.511622
785.5,1.000000,1.000000,1.000000,0.051015,0.020894,1.996725,1.991443,1.999780,0.512485,0.511432,0.511660,0.512586,0.511562,0.511628
786.0,1.000000,1.000000,1.000000,0.051027,0.020882,1.996728,1.991448,1.999769,0.512488,0.511437,0.511660,0.512590,0.511567,0.511634
786.5,1.000000,1.000000,1.000000,0.051040,0.020871,1.996732,1.991454,1.999758,0.512492,0.511442,0.511661,0.512593,0.511572,0.511639
787.0,1.000000,1.000000,1.000000,0.051053,0.020861,1.996735,1.991460,1.999747,0.512496,0.511447,0.511661,0.512597,0.511576,0.511645
787.5,1.000000,1.000000,1.000000,0.051066,0.020851,1.996739,1.991465,1.999736,0.512500,0.511451,0.511661,0.512601,0.511581,0.511650
788.0,1.000000,1.000000,1.000000,0.051079,0.020841,1.996742,1.991471,1.999725,0.512503,0.511456,0.511662,0.512604,0.511586,0.511656
788.5,1.000000,1.000000,1.000000,0.051092,0.020832,1.996745,1.991477,1.999714,0.512507,0.511461,0.511663,0.512608,0.511590,0.511661
789.0,1.000000,1.000000,1.000000,0.051104,0.020823,1.996749,1.991482,1.999704,0.512511,0.511466,0.511664,0.512611,0.511595,0.511666
789.5,1.000000,1.000000,1.000000,0.051117,0.020815,1.996752,1.991488,1.999693,0.512515,0.511471,0.511665,0.512615,0.511600,0.511671
790.0,1.000000,1.000000,1.000000,0.051130,0.020806,1.996755,1.991494,1.999682,0.512518,0.511476,0.511666,0.512618,0.511604,0.511676
790.5,1.000000,1.000000,1.000000,0.051142,0.020799,1.996759,1.991499,1.999671,0.512522,0.511480,0.511667,0.512622,0.511609,0.511681
791.0,1.000000,1.000000,1.000000,0.051155,0.020791,1.996762,1.991505,1.999661,0.512526,0.511485,0.511668,0.512626,0.511614,0.511686
791.5,1.000000,1.000000,1.000000,0.051168,0.020784,1.996766,1.991511,1.999650,0.512530,0.511490,0.511669,0.512629,0.511618,0.511690
792.0,1.000000,1.000000,1.000000,0.051180,0.020777,1.996769,1.991516,1.999639,0.512533,0.511495,0.511670,0.512633,0.511623,0.511695
792.5,1.000000,1.000000,1.000000,0.051193,0.020771,1.996772,1.991522,1.999629,0.512537,0.511499,0.511672,0.512636,0.511628,0.511699
793.0,1.000000,1.000000,1.000000,0.051205,0.020764,1.996776,1.991528,1.999618,0.512541,0.511504,0.511673,0.512640,0.511632,0.511704
793.5,1.000000,1.000000,1.000000,0.051218,0.020758,1.996779,1.991533,1.999607,0.512544,0.511509,0.511675,0.512643,0.511637,0.511708
794.0,1.000000,1.000000,1.000000,0.051231,0.020752,1.996783,1.991539,1.999597,0.512548,0.511514,0.511677,0.512647,0.511641,0.511712
794.5,1.000000,1.000000,1.000000,0.051243,0.020747,1.996786,1.991545,1.999586,0.512552,0.511519,0.511678,0.512650,0.511646,0.511716
795.0,1.000000,1.000000,1.000000,0.051255,0.020742,1.996789,1.991551,1.999576,0.512555,0.511523,0.511680,0.512654,0.511651,0.511720
795.5,1.000000,1.000000,1.000000,0.051268,0.020737,1.996793,1.991556,1.999565,0.512559,0.511528,0.511682,0.512657,0.511655,0.511724
796.0,1.000000,1.000000,1.000000,0.051280,0.020732,1.996796,1.991562,1.999555,0.512563,0.511533,0.511684,0.512661,0.511660,0.511728
796.5,1.000000,1.000000,1.000000,0.051293,0.020727,1.996799,1.991568,1.999544,0.512566,0.511538,0.511686,0.512664,0.511664,0.511732
797.0,1.000000,1.000000,1.000000,0.051305,0.020723,1.996803,1.991574,1.999534,0.512570,0.511542,0.511688,0.512668,0.511669,0.511736
797.5,1.000000,1.000000,1.000000,0.051317,0.020718,1.996806,1.991579,1.999524,0.512574,0.511547,0.511690,0.512671,0.511674,0.511739
798.0,1.000000,1.000000,1.000000,0.051330,0.020714,1.996810,1.991585,1.999513,0.512577,0.511552,0.511692,0.512675,0.511678,0.511743
798.5,1.000000,1.000000,1.000000,0.051342,0.020710,1.996813,1.991591,1.999503,0.512581,0.511556,0.511694,0.512678,0.511683,0.511747
799.0,1.000000,1.000000,1.000000,0.051354,0.020706,1.996816,1.991597,1.999493,0.512584,0.511561,0.511696,0.512682,0.511687,0.511750
799.5,1.000000,1.000000,1.000000,0.051367,0.020703,1.996820,1.991603,1.999482,0.512588,0.511566,0.511698,0.512685,0.511692,0.511755
800.0,1.000000,1.000000,1.000000,0.051379,0.020699,1.996823,1.991608,1.999472,0.512592,0.511571,0.511701,0.512688,0.511696,0.511761
800.5,1.000000,1.000000,1.000000,0.051391,0.020696,1.996827,1.991614,1.999461,0.512595,0.511575,0.511704,0.512692,0.511701,0.511768
801.0,1.000000,1.000000,1.000000,0.051403,0.020693,1.996830,1.991620,1.999451,0.512599,0.511580,0.511708,0.512695,0.511705,0.511776
801.5,1.000000,1.000000,1.000000,0.051415,0.020690,1.996833,1.991626,1.999441,0.512602,0.511585,0.511711,0.512699,0.511710,0.511784
802.0,1.000000,1.000000,1.000000,0.051428,0.020687,1.996837,1.991632,1.999430,0.512606,0.511589,0.511715,0.512702,0.511714,0.511792
802.5,1.000000,1.000000,1.000000,0.051440,0.020684,1.996840,1.991637,1.999419,0.512610,0.511594,0.511719,0.512706,0.511719,0.511800
803.0,1.000000,1.000000,1.000000,0.051452,0.020681,1.996844,1.991643,1.999409,0.512613,0.511599,0.511723,0.512709,0.511724,0.511809
803.5,1.000000,1.000000,1.000000,0.051464,0.020679,1.996847,1.991649,1.999398,0.512617,0.511603,0.511727,0.512712,0.511728,0.511817
804.0,1.000000,1.000000,1.000000,0.051476,0.020676,1.996850,1.991655,1.999387,0.512620,0.511608,0.511731,0.512716,0.511733,0.511825
804.5,1.000000,1.000000,1.000000,0.051488,0.020674,1.996854,1.991661,1.999376,0.512624,0.511613,0.511736,0.512719,0.511737,0.511833
805.0,1.000000,1.000000,1.000000,0.051500,0.020672,1.996857,1.991667,1.999365,0.512627,0.511617,0.511740,0.512723,0.511741,0.511841
805.5,1.000000,1.000000,1.000000,0.051512,0.020669,1.996861,1.991673,1.999354,0.512631,0.511622,0.511744,0.512726,0.511746,0.511849
806.0,1.000000,1.000000,1.000000,0.051524,0.020667,1.996864,1.991678,1.999343,0.512634,0.511626,0.511749,0.512729,0.511750,0.511856
806.5,1.000000,1.000000,1.000000,0.051536,0.020665,1.996868,1.991684,1.999332,0.512638,0.511631,0.511753,0.512733,0.511755,0.511864
807.0,1.000000,1.000000,1.000000,0.051548,0.020663,1.996871,1.991690,1.999321,0.512641,0.511636,0.511758,0.512736,0.511759,0.511871
807.5,1.000000,1.000000,1.000000,0.051559,0.020662,1.996874,1.991696,1.999309,0.512645,0.511640,0.511762,0.512739,0.511764,0.511877
808.0,1.000000,1.000000,1.000000,0.051571,0.020660,1.996878,1.991702,1.999298,0.512648,0.511645,0.511767,0.512743,0.511768,0.511884
808.5,1.000000,1.000000,1.000000,0.051583,0.020658,1.996881,1.991708,1.999286,0.512652,0.511649,0.511772,0.512746,0.511773,0.511890
809.0,1.000000,1.000000,1.000000,0.051595,0.020657,1.996885,1.991714,1.999275,0.512655,0.511654,0.511776,0.512749,0.511777,0.511895
809.5,1.000000,1.000000,1.000000,0.051607,0.020655,1.996888,1.991720,1.999263,0.512659,0.511659,0.511781,0.512753,0.511782,0.511901
810.0,1.000000,1.000000,1.000000,0.051618,0.020654,1.996891,1.991726,1.999252,0.512662,0.511663,0.511785,0.512756,0.511786,0.511906
810.5,1.000000,1.000000,1.000000,0.051630,0.020652,1.996895,1.991732,1.999240,0.512666,0.511668,0.511789,0.512759,0.511790,0.511911
811.0,1.000000,1.000000,1.000000,0.051642,0.020651,1.996898,1.991737,1.999229,0.512669,0.511672,0.511794,0.512763,0.511795,0.511916
811.5,1.000000,1.000000,1.000000,0.051654,0.020649,1.996902,1.991743,1.999217,0.512673,0.511677,0.511798,0.512766,0.511799,0.511921
812.0,1.000000,1.000000,1.000000,0.051665,0.020648,1.996905,1.991749,1.999205,0.512676,0.511681,0.511803,0.512769,0.511804,0.511926
812.5,1.000000,1.000000,1.000000,0.051677,0.020647,1.996908,1.991755,1.999194,0.512680,0.511686,0.511807,0.512773,0.511808,0.511930
813.0,1.000000,1.000000,1.000000,0.051688,0.020646,1.996912,1.991761,1.999182,0.512683,0.511691,0.511812,0.512776,0.511812,0.511934
813.5,1.000000,1.000000,1.000000,0.051700,0.020645,1.996915,1.991767,1.999170,0.512687,0.511695,0.511816,0.512779,0.511817,0.511938
814.0,1.000000,1.000000,1.000000,0.051712,0.020644,1.996919,1.991773,1.999158,0.512690,0.511700,0.511820,0.512782,0.511821,0.511942
814.5,1.000000,1.000000,1.000000,0.051723,0.020643,1.996922,1.991779,1.999146,0.512694,0.511704,0.511825,0.512786,0.511826,0.511946
815.0,1.000000,1.000000,1.000000,0.051735,0.020642,1.996926,1.991785,1.999135,0.512697,0.511709,0.511829,0.512789,0.511830,0.511950
815.5,1.000000,1.000000,1.000000,0.051746,0.020641,1.996929,1.991791,1.999123,0.512700,0.511713,0.511833,0.512792,0.511834,0.511954
816.0,1.000000,1.000000,1.000000,0.051758,0.020640,1.996932,1.991797,1.999111,0.512704,0.511718,0.511837,0.512795,0.511839,0.511958
816.5,1.000000,1.000000,1.000000,0.051769,0.020639,1.996936,1.991803,1.999099,0.512707,0.511722,0.511842,0.512799,0.511843,0.511961
817.0,1.000000,1.000000,1.000000,0.051781,0.020638,1.996939,1.991809,1.999087,0.512711,0.511727,0.511846,0.512802,0.511847,0.511965
817.5,1.000000,1.000000,1.000000,0.051792,0.020637,1.996943,1.991815,1.999075,0.512714,0.511731,0.511850,0.512805,0.511852,0.511968
818.0,1.000000,1.000000,1.000000,0.051803,0.020637,1.996946,1.991821,1.999064,0.512717,0.511736,0.511854,0.512808,0.511856,0.511972
818.5,1.000000,1.000000,1.000000,0.051815,0.020636,1.996950,1.991827,1.999052,0.512721,0.511740,0.511859,0.512812,0.511860,0.511976
819.0,1.000000,1.000000,1.000000,0.051826,0.020635,1.996953,1.991833,1.999040,0.512724,0.511745,0.511863,0.512815,0.511865,0.511979
819.5,1.000000,1.000000,1.000000,0.051837,0.020635,1.996956,1.991839,1.999028,0.512728,0.511749,0.511867,0.512818,0.511869,0.511983
820.0,1.000000,1.000000,1.000000,0.051849,0.020634,1.996960,1.991845,1.999016,0.512731,0.511754,0.511871,0.512821,0.511873,0.511986
820.5,1.000000,1.000000,1.000000,0.051860,0.020633,1.996963,1.991851,1.999005,0.512734,0.511758,0.511875,0.512824,0.511878,0.511990
821.0,1.000000,1.000000,1.000000,0.051871,0.020633,1.996967,1.991857,1.998993,0.512738,0.511763,0.511879,0.512828,0.511882,0.511993
821.5,1.000000,1.000000,1.000000,0.051882,0.020632,1.996970,1.991863,1.998981,0.512741,0.511767,0.511883,0.512831,0.511886,0.511997
822.0,1.000000,1.000000,1.000000,0.051894,0.020632,1.996974,1.991869,1.998969,0.512744,0.511771,0.511887,0.512834,0.511891,0.512000
822.5,1.000000,1.000000,1.000000,0.051905,0.020631,1.996977,1.991875,1.998957,0.512748,0.511776,0.511891,0.512837,0.511895,0.512004
823.0,1.000000,1.000000,1.000000,0.051916,0.020631,1.996980,1.991881,1.998946,0.512751,0.511780,0.511896,0.512840,0.511899,0.512007
823.5,1.000000,1.000000,1.000000,0.051927,0.020630,1.996984,1.991887,1.998934,0.512754,0.511785,0.511900,0.512844,0.511903,0.512011
824.0,1.000000,1.000000,1.000000,0.051938,0.020630,1.996987,1.991894,1.998922,0.512758,0.511789,0.511904,0.512847,0.511908,0.512015
824.5,1.000000,1.000000,1.000000,0.051949,0.020629,1.996991,1.991900,1.998911,0.512761,0.511794,0.511908,0.512850,0.511912,0.512018
825.0,1.000000,1.000000,1.000000,0.051960,0.020629,1.996994,1.991906,1.998899,0.512764,0.511798,0.511912,0.512853,0.511916,0.512022
825.5,1.000000,1.000000,1.000000,0.051971,0.020629,1.996998,1.991912,1.998887,0.512767,0.511802,0.511916,0.512856,0.511920,0.512026
826.0,1.000000,1.000000,1.000000,0.051982,0.020628,1.997001,1.991918,1.998876,0.512771,0.511807,0.511920,0.512859,0.511925,0.512029
826.5,1.000000,1.000000,1.000000,0.051993,0.020628,1.997005,1.991924,1.998864,0.512774,0.511811,0.511924,0.512862,0.511929,0.512033
827.0,1.000000,1.000000,1.000000,0.052004,0.020628,1.997008,1.991930,1.998853,0.512777,0.511816,0.511928,0.512865,0.511933,0.512037
827.5,1.000000,1.000000,1.000000,0.052015,0.020627,1.997011,1.991936,1.998841,0.512781,0.511820,0.511932,0.512869,0.511937,0.512041
828.0,1.000000,1.000000,1.000000,0.052026,0.020627,1.997015,1.991942,1.998830,0.512784,0.511824,0.511936,0.512872,0.511942,0.512044
828.5,1.000000,1.000000,1.000000,0.052037,0.020627,1.997018,1.991948,1.998818,0.512787,0.511829,0.511940,0.512875,0.511946,0.512048
829.0,1.000000,1.000000,1.000000,0.052048,0.020626,1.997022,1.991955,1.998807,0.512790,0.511833,0.511944,0.512878,0.511950,0.512052
829.5,1.000000,1.000000,1.000000,0.052059,0.020626,1.997025,1.991961,1.998795,0.512794,0.511837,0.511948,0.512881,0.511954,0.512056
830.0,1.000000,1.000000,1.000000,0.052069,0.020626,1.997029,1.991967,1.998784,0.512797,0.511842,0.511952,0.512884,0.511958,0.512060
830.5,1.000000,1.000000,1.000000,0.052080,0.020625,1.997032,1.991973,1.998772,0.512800,0.511846,0.511956,0.512887,0.511963,0.512063
831.0,1.000000,1.000000,1.000000,0.052091,0.020625,1.997035,1.991979,1.998761,0.512803,0.511850,0.511960,0.512890,0.511967,0.512067
831.5,1.000000,1.000000,1.000000,0.052102,0.020625,1.997039,1.991985,1.998750,0.512807,0.511855,0.511964,0.512893,0.511971,0.512071
832.0,1.000000,1.000000,1.000000,0.052112,0.020625,1.997042,1.991991,1.998739,0.512810,0.511859,0.511968,0.512896,0.511975,0.512074
832.5,1.000000,1.000000,1.000000,0.052123,0.020625,1.997046,1.991998,1.998727,0.512813,0.511863,0.511972,0.512899,0.511979,0.512078
833.0,1.000000,1.000000,1.000000,0.052134,0.020624,1.997049,1.992004,1.998716,0.512816,0.511868,0.511976,0.512902,0.511984,0.512081
833.5,1.000000,1.000000,1.000000,0.052145,0.020624,1.997053,1.992010,1.998705,0.512819,0.511872,0.511979,0.512905,0.511988,0.512084
834.0,1.000000,1.000000,1.000000,0.052155,0.020624,1.997056,1.992016,1.998694,0.512823,0.511876,0.511983,0.512908,0.511992,0.512087
834.5,1.000000,1.000000,1.000000,0.052166,0.020624,1.997060,1.992022,1.998683,0.512826,0.511881,0.511987,0.512912,0.511996,0.512091
835.0,1.000000,1.000000,1.000000,0.052176,0.020624,1.997063,1.992028,1.998672,0.512829,0.511885,0.511991,0.512915,0.512000,0.512094
835.5,1.000000,1.000000,1.000000,0.052187,0.020623,1.997067,1.992035,1.998661,0.512832,0.511889,0.511994,0.512918,0.512004,0.512097
836.0,1.000000,1.000000,1.000000,0.052197,0.020623,1.997070,1.992041,1.998650,0.512835,0.511894,0.511998,0.512921,0.512008,0.512100
836.5,1.000000,1.000000,1.000000,0.052208,0.020623,1.997073,1.992047,1.998639,0.512838,0.511898,0.512002,0.512924,0.512013,0.512103
837.0,1.000000,1.000000,1.000000,0.052218,0.020623,1.997077,1.992053,1.998628,0.512842,0.511902,0.512005,0.512927,0.512017,0.512106
837.5,1.000000,1.000000,1.000000,0.052229,0.020623,1.997080,1.992060,1.998618,0.512845,0.511906,0.512009,0.512930,0.512021,0.512109
838.0,1.000000,1.000000,1.000000,0.052239,0.020623,1.997084,1.992066,1.998607,0.512848,0.511911,0.512013,0.512933,0.512025,0.512112
838.5,1.000000,1.000000,1.000000,0.052250,0.020623,1.997087,1.992072,1.998596,0.512851,0.511915,0.512016,0.512936,0.512029,0.512115
839.0,1.000000,1.000000,1.000000,0.052260,0.020622,1.997091,1.992078,1.998586,0.512854,0.511919,0.512020,0.512939,0.512033,0.512118
839.5,1.000000,1.000000,1.000000,0.052271,0.020622,1.997094,1.992084,1.998575,0.512857,0.511923,0.512023,0.512941,0.512037,0.512121
840.0,1.000000,1.000000,1.000000,0.052281,0.020622,1.997098,1.992091,1.998565,0.512860,0.511928,0.512027,0.512944,0.512041,0.512124
840.5,1.000000,1.000000,1.000000,0.052291,0.020622,1.997101,1.992097,1.998554,0.512864,0.511932,0.512031,0.512947,0.512045,0.512127
841.0,1.000000,1.000000,1.000000,0.052302,0.020622,1.997104,1.992103,1.998544,0.512867,0.511936,0.512034,0.512950,0.512049,0.512130
841.5,1.000000,1.000000,1.000000,0.052312,0.020622,1.997108,1.992109,1.998533,0.512870,0.511940,0.512038,0.512953,0.512053,0.512134
842.0,1.000000,1.000000,1.000000,0.052322,0.020622,1.997111,1.992116,1.998523,0.512873,0.511944,0.512041,0.512956,0.512057,0.512137
842.5,1.000000,1.000000,1.000000,0.052332,0.020622,1.997115,1.992122,1.998513,0.512876,0.511949,0.512045,0.512959,0.512062,0.512140
843.0,1.000000,1.000000,1.000000,0.052343,0.020622,1.997118,1.992128,1.998503,0.512879,0.511953,0.512048,0.512962,0.512066,0.512143
843.5,1.000000,1.000000,1.000000,0.052353,0.020621,1.997122,1.992134,1.998493,0.512882,0.511957,0.512052,0.512965,0.512070,0.512147
844.0,1.000000,1.000000,1.000000,0.052363,0.020621,1.997125,1.992141,1.998482,0.512885,0.511961,0.512055,0.512968,0.512074,0.512150
844.5,1.000000,1.000000,1.000000,0.052373,0.020621,1.997129,1.992147,1.998472,0.512888,0.511965,0.512059,0.512971,0.512078,0.512153
845.0,1.000000,1.000000,1.000000,0.052383,0.020621,1.997132,1.992153,1.998462,0.512891,0.511970,0.512062,0.512974,0.512082,0.512157
845.5,1.000000,1.000000,1.000000,0.052393,0.020585,1.997136,1.992160,1.998453,0.512894,0.511974,0.512057,0.512977,0.512086,0.512120
846.0,1.000000,1.000000,1.000000,0.052403,0.020551,1.997139,1.992166,1.998443,0.512897,0.511978,0.512051,0.512980,0.512090,0.512088
846.5,1.000000,1.000000,1.000000,0.052413,0.020518,1.997143,1.992172,1.998433,0.512901,0.511982,0.512046,0.512982,0.512094,0.512060
847.0,1.000000,1.000000,1.000000,0.052423,0.020486,1.997146,1.992179,1.998423,0.512904,0.511986,0.512042,0.512985,0.512098,0.512036
847.5,1.000000,1.000000,1.000000,0.052433,0.020456,1.997149,1.992185,1.998413,0.512907,0.511990,0.512037,0.512988,0.512102,0.512016
848.0,1.000000,1.000000,1.000000,0.052443,0.020426,1.997153,1.992191,1.998404,0.512910,0.511995,0.512033,0.512991,0.512106,0.511998
848.5,1.000000,1.000000,1.000000,0.052453,0.020398,1.997156,1.992197,1.998394,0.512913,0.511999,0.512029,0.512994,0.512110,0.511984
849.0,1.000000,1.000000,1.000000,0.052463,0.020372,1.997160,1.992204,1.998384,0.512916,0.512003,0.512026,0.512997,0.512114,0.511972
849.5,1.000000,1.000000,1.000000,0.052473,0.020346,1.997163,1.992210,1.998375,0.512919,0.512007,0.512023,0.513000,0.512118,0.511962
850.0,1.000000,1.000000,1.000000,0.052483,0.020322,1.997167,1.992216,1.998365,0.512922,0.512011,0.512020,0.513002,0.512122,0.511955
850.5,1.000000,1.000000,1.000000,0.052493,0.020298,1.997170,1.992223,1.998356,0.512925,0.512015,0.512018,0.513005,0.512126,0.511949
851.0,1.000000,1.000000,1.000000,0.052503,0.020238,1.997174,1.992229,1.998347,0.512928,0.512019,0.512005,0.513008,0.512130,0.511903
851.5,1.000000,1.000000,1.000000,0.052513,0.020180,1.997177,1.992235,1.998337,0.512931,0.512023,0.511994,0.513011,0.512134,0.511862
852.0,1.000000,1.000000,1.000000,0.052522,0.020124,1.997181,1.992242,1.998328,0.512934,0.512028,0.511983,0.513014,0.512137,0.511828
852.5,1.000000,1.000000,1.000000,0.052532,0.020071,1.997184,1.992248,1.998319,0.512937,0.512032,0.511973,0.513017,0.512141,0.511799
853.0,1.000000,1.000000,1.000000,0.052542,0.020020,1.997188,1.992255,1.998309,0.512940,0.512036,0.511963,0.513019,0.512145,0.511774
853.5,1.000000,1.000000,1.000000,0.052552,0.019971,1.997191,1.992261,1.998300,0.512943,0.512040,0.511954,0.513022,0.512149,0.511754
854.0,1.000000,1.000000,1.000000,0.052561,0.019924,1.997194,1.992267,1.998291,0.512946,0.512044,0.511945,0.513025,0.512153,0.511737
854.5,1.000000,1.000000,1.000000,0.052571,0.019879,1.997198,1.992274,1.998282,0.512948,0.512048,0.511937,0.513028,0.512157,0.511724
855.0,1.000000,1.000000,1.000000,0.052581,0.019836,1.997201,1.992280,1.998273,0.512951,0.512052,0.511930,0.513031,0.512161,0.511713
855.5,1.000000,1.000000,1.000000,0.052590,0.019795,1.997205,1.992286,1.998264,0.512954,0.512056,0.511922,0.513033,0.512165,0.511705
856.0,1.000000,1.000000,1.000000,0.052600,0.019756,1.997208,1.992293,1.998255,0.512957,0.512060,0.511916,0.513036,0.512169,0.511700
856.5,1.000000,1.000000,1.000000,0.052610,0.019718,1.997212,1.992299,1.998246,0.512960,0.512064,0.511909,0.513039,0.512173,0.511696
857.0,1.000000,1.000000,1.000000,0.052619,0.019681,1.997215,1.992306,1.998237,0.512963,0.512068,0.511904,0.513042,0.512177,0.511694
857.5,1.000000,1.000000,1.000000,0.052629,0.019647,1.997219,1.992312,1.998229,0.512966,0.512072,0.511898,0.513044,0.512180,0.511694
858.0,1.000000,1.000000,1.000000,0.052638,0.019613,1.997222,1.992318,1.998220,0.512969,0.512076,0.511893,0.513047,0.512184,0.511695
858.5,1.000000,1.000000,1.000000,0.052648,0.019581,1.997226,1.992325,1.998211,0.512972,0.512080,0.511888,0.513050,0.512188,0.511697
859.0,1.000000,1.000000,1.000000,0.052657,0.019551,1.997229,1.992331,1.998202,0.512975,0.512084,0.511884,0.513053,0.512192,0.511700
859.5,1.000000,1.000000,1.000000,0.052667,0.019521,1.997233,1.992338,1.998194,0.512978,0.512088,0.511880,0.513055,0.512196,0.511704
860.0,1.000000,1.000000,1.000000,0.052676,0.019493,1.997236,1.992344,1.998185,0.512981,0.512092,0.511876,0.513058,0.512200,0.511709
860.5,1.000000,1.000000,1.000000,0.052685,0.019466,1.997240,1.992351,1.998177,0.512983,0.512096,0.511872,0.513061,0.512204,0.511714
861.0,1.000000,1.000000,1.000000,0.052695,0.019441,1.997243,1.992357,1.998168,0.512986,0.512100,0.511869,0.513064,0.512207,0.511720
861.5,1.000000,1.000000,1.000000,0.052704,0.019416,1.997247,1.992363,1.998160,0.512989,0.512104,0.511866,0.513066,0.512211,0.511726
862.0,1.000000,1.000000,1.000000,0.052714,0.019392,1.997250,1.992370,1.998151,0.512992,0.512108,0.511864,0.513069,0.512215,0.511732
862.5,1.000000,1.000000,1.000000,0.052723,0.019369,1.997253,1.992376,1.998143,0.512995,0.512112,0.511861,0.513072,0.512219,0.511739
863.0,1.000000,1.000000,1.000000,0.052732,0.019348,1.997257,1.992383,1.998134,0.512998,0.512116,0.511859,0.513074,0.512223,0.511745
863.5,1.000000,1.000000,1.000000,0.052741,0.019327,1.997260,1.992389,1.998126,0.513001,0.512120,0.511857,0.513077,0.512227,0.511752
864.0,1.000000,1.000000,1.000000,0.052751,0.019307,1.997264,1.992396,1.998118,0.513003,0.512124,0.511856,0.513080,0.512230,0.511759
864.5,1.000000,1.000000,1.000000,0.052760,0.019288,1.997267,1.992402,1.998110,0.513006,0.512128,0.511854,0.513082,0.512234,0.511766
865.0,1.000000,1.000000,1.000000,0.052769,0.019269,1.997271,1.992409,1.998101,0.513009,0.512132,0.511853,0.513085,0.512238,0.511773
865.5,1.000000,1.000000,1.000000,0.052778,0.019252,1.997274,1.992415,1.998093,0.513012,0.512136,0.511852,0.513088,0.512242,0.511780
866.0,1.000000,1.000000,1.000000,0.052787,0.019235,1.997278,1.992422,1.998085,0.513015,0.512140,0.511851,0.513090,0.512246,0.511787
866.5,1.000000,1.000000,1.000000,0.052797,0.019219,1.997281,1.992428,1.998077,0.513017,0.512144,0.511850,0.513093,0.512249,0.511793
867.0,1.000000,1.000000,1.000000,0.052806,0.019203,1.997285,1.992435,1.998069,0.513020,0.512148,0.511850,0.513096,0.512253,0.511800
867.5,1.000000,1.000000,1.000000,0.052815,0.019188,1.997288,1.992441,1.998061,0.513023,0.512152,0.511850,0.513098,0.512257,0.511806
868.0,1.000000,1.000000,1.000000,0.052824,0.019174,1.997292,1.992448,1.998053,0.513026,0.512156,0.511849,0.513101,0.512261,0.511813
868.5,1.000000,1.000000,1.000000,0.052833,0.019160,1.997295,1.992454,1.998045,0.513029,0.512159,0.511849,0.513104,0.512264,0.511819
869.0,1.000000,1.000000,1.000000,0.052842,0.019147,1.997299,1.992461,1.998037,0.513031,0.512163,0.511850,0.513106,0.512268,0.511825
869.5,1.000000,1.000000,1.000000,0.052851,0.019135,1.997302,1.992467,1.998029,0.513034,0.512167,0.511850,0.513109,0.512272,0.511832
870.0,1.000000,1.000000,1.000000,0.052860,0.019123,1.997306,1.992474,1.998022,0.513037,0.512171,0.511850,0.513111,0.512276,0.511837
870.5,1.000000,1.000000,1.000000,0.052869,0.019111,1.997309,1.992480,1.998014,0.513040,0.512175,0.511851,0.513114,0.512279,0.511843
871.0,1.000000,1.000000,1.000000,0.052878,0.019100,1.997313,1.992487,1.998006,0.513043,0.512179,0.511851,0.513117,0.512283,0.511849
871.5,1.000000,1.000000,1.000000,0.052887,0.019090,1.997316,1.992493,1.997998,0.513045,0.512183,0.511852,0.513119,0.512287,0.511855
872.0,1.000000,1.000000,1.000000,0.052896,0.019080,1.997320,1.992500,1.997991,0.513048,0.512187,0.511853,0.513122,0.512290,0.511860
872.5,1.000000,1.000000,1.000000,0.052904,0.019070,1.997323,1.992506,1.997983,0.513051,0.512191,0.511854,0.513124,0.512294,0.511865
873.0,1.000000,1.000000,1.000000,0.052913,0.019061,1.997326,1.992513,1.997975,0.513053,0.512194,0.511855,0.513127,0.512298,0.511871
873.5,1.000000,1.000000,1.000000,0.052922,0.019052,1.997330,1.992519,1.997968,0.513056,0.512198,0.511856,0.513130,0.512302,0.511876
874.0,1.000000,1.000000,1.000000,0.052931,0.019043,1.997333,1.992526,1.997960,0.513059,0.512202,0.511858,0.513132,0.512305,0.511881
874.5,1.000000,1.000000,1.000000,0.052940,0.019035,1.997337,1.992532,1.997953,0.513062,0.512206,0.511859,0.513135,0.512309,0.511885
875.0,1.000000,1.000000,1.000000,0.052948,0.019027,1.997340,1.992539,1.997945,0.513064,0.512210,0.511861,0.513137,0.512313,0.511890
875.5,1.000000,1.000000,1.000000,0.052957,0.019020,1.997344,1.992546,1.997938,0.513067,0.512214,0.511862,0.513140,0.512316,0.511895
876.0,1.000000,1.000000,1.000000,0.052966,0.019013,1.997347,1.992552,1.997931,0.513070,0.512217,0.511864,0.513142,0.512320,0.511901
876.5,1.000000,1.000000,1.000000,0.052974,0.019006,1.997351,1.992559,1.997923,0.513072,0.512221,0.511866,0.513145,0.512324,0.511907
877.0,1.000000,1.000000,1.000000,0.052983,0.018999,1.997354,1.992565,1.997916,0.513075,0.512225,0.511869,0.513147,0.512327,0.511914
877.5,1.000000,1.000000,1.000000,0.052992,0.018993,1.997358,1.992572,1.997908,0.513078,0.512229,0.511871,0.513150,0.512331,0.511921
878.0,1.000000,1.000000,1.000000,0.053000,0.018987,1.997361,1.992578,1.997901,0.513080,0.512233,0.511874,0.513152,0.512335,0.511929
878.5,1.000000,1.000000,1.000000,0.053009,0.018981,1.997365,1.992585,1.997893,0.513083,0.512236,0.511877,0.513155,0.512338,0.511937
879.0,1.000000,1.000000,1.000000,0.053018,0.018975,1.997368,1.992592,1.997886,0.513086,0.512240,0.511880,0.513157,0.512342,0.511944
879.5,1.000000,1.000000,1.000000,0.053026,0.018970,1.997372,1.992598,1.997878,0.513088,0.512244,0.511884,0.513160,0.512345,0.511952
880.0,1.000000,1.000000,1.000000,0.053035,0.018965,1.997375,1.992605,1.997871,0.513091,0.512248,0.511887,0.513162,0.512349,0.511960
880.5,1.000000,1.000000,1.000000,0.053043,0.018960,1.997379,1.992611,1.997863,0.513094,0.512252,0.511891,0.513165,0.512353,0.511968
881.0,1.000000,1.000000,1.000000,0.053052,0.018955,1.997382,1.992618,1.997855,0.513096,0.512255,0.511894,0.513167,0.512356,0.511975
881.5,1.000000,1.000000,1.000000,0.053060,0.018951,1.997386,1.992625,1.997847,0.513099,0.512259,0.511898,0.513170,0.512360,0.511983
882.0,1.000000,1.000000,1.000000,0.053068,0.018946,1.997389,1.992631,1.997840,0.513102,0.512263,0.511902,0.513172,0.512363,0.511992
882.5,1.000000,1.000000,1.000000,0.053077,0.018942,1.997393,1.992638,1.997832,0.513104,0.512267,0.511907,0.513175,0.512367,0.512002
883.0,1.000000,1.000000,1.000000,0.053085,0.018938,1.997396,1.992644,1.997824,0.513107,0.512270,0.511911,0.513177,0.512371,0.512012
883.5,1.000000,1.000000,1.000000,0.053094,0.018934,1.997400,1.992651,1.997816,0.513109,0.512274,0.511916,0.513180,0.512374,0.512022
884.0,1.000000,1.000000,1.000000,0.053102,0.018931,1.997403,1.992658,1.997807,0.513112,0.512278,0.511921,0.513182,0.512378,0.512032
884.5,1.000000,1.000000,1.000000,0.053110,0.018927,1.997407,1.992664,1.997799,0.513115,0.512281,0.511926,0.513185,0.512381,0.512041
885.0,1.000000,1.000000,1.000000,0.053119,0.018924,1.997410,1.992671,1.997791,0.513117,0.512285,0.511931,0.513187,0.512385,0.512051
885.5,1.000000,1.000000,1.000000,0.053127,0.018921,1.997414,1.992678,1.997782,0.513120,0.512289,0.511937,0.513189,0.512389,0.512061
886.0,1.000000,1.000000,1.000000,0.053135,0.018918,1.997417,1.992684,1.997774,0.513122,0.512293,0.511942,0.513192,0.512392,0.512070
886.5,1.000000,1.000000,1.000000,0.053143,0.018915,1.997420,1.992691,1.997765,0.513125,0.512296,0.511947,0.513194,0.512396,0.512079
887.0,1.000000,1.000000,1.000000,0.053152,0.018912,1.997424,1.992697,1.997756,0.513128,0.512300,0.511953,0.513197,0.512399,0.512087
887.5,1.000000,1.000000,1.000000,0.053160,0.018909,1.997427,1.992704,1.997747,0.513130,0.512304,0.511958,0.513199,0.512403,0.512095
888.0,1.000000,1.000000,1.000000,0.053168,0.018907,1.997431,1.992711,1.997738,0.513133,0.512307,0.511964,0.513202,0.512406,0.512103
888.5,1.000000,1.000000,1.000000,0.053176,0.018904,1.997434,1.992717,1.997729,0.513135,0.512311,0.511969,0.513204,0.512410,0.512111
889.0,1.000000,1.000000,1.000000,0.053184,0.018902,1.997438,1.992724,1.997720,0.513138,0.512315,0.511975,0.513206,0.512413,0.512118
889.5,1.000000,1.000000,1.000000,0.053192,0.018899,1.997441,1.992731,1.997711,0.513140,0.512318,0.511980,0.513209,0.512417,0.512125
890.0,1.000000,1.000000,1.000000,0.053200,0.018897,1.997445,1.992737,1.997702,0.513143,0.512322,0.511985,0.513211,0.512420,0.512131
890.5,1.000000,1.000000,1.000000,0.053208,0.018895,1.997448,1.992744,1.997692,0.513145,0.512326,0.511991,0.513213,0.512424,0.512138
891.0,1.000000,1.000000,1.000000,0.053216,0.018893,1.997452,1.992751,1.997683,0.513148,0.512329,0.511996,0.513216,0.512427,0.512144
891.5,1.000000,1.000000,1.000000,0.053224,0.018891,1.997455,1.992757,1.997673,0.513150,0.512333,0.512001,0.513218,0.512431,0.512149
892.0,1.000000,1.000000,1.000000,0.053232,0.018889,1.997459,1.992764,1.997664,0.513153,0.512337,0.512007,0.513221,0.512434,0.512155
892.5,1.000000,1.000000,1.000000,0.053240,0.018888,1.997462,1.992771,1.997654,0.513155,0.512340,0.512012,0.513223,0.512438,0.512160
893.0,1.000000,1.000000,1.000000,0.053248,0.018886,1.997466,1.992778,1.997645,0.513158,0.512344,0.512017,0.513225,0.512441,0.512165
893.5,1.000000,1.000000,1.000000,0.053256,0.018884,1.997469,1.992784,1.997635,0.513160,0.512347,0.512023,0.513228,0.512445,0.512170
894.0,1.000000,1.000000,1.000000,0.053264,0.018883,1.997473,1.992791,1.997626,0.513163,0.512351,0.512028,0.513230,0.512448,0.512175
894.5,1.000000,1.000000,1.000000,0.053272,0.018881,1.997476,1.992798,1.997616,0.513165,0.512355,0.512033,0.513232,0.512452,0.512179
895.0,1.000000,1.000000,1.000000,0.053280,0.018880,1.997480,1.992804,1.997606,0.513168,0.512358,0.512038,0.513235,0.512455,0.512184
895.5,1.000000,1.000000,1.000000,0.053288,0.018878,1.997483,1.992811,1.997596,0.513170,0.512362,0.512043,0.513237,0.512458,0.512188
896.0,1.000000,1.000000,1.000000,0.053295,0.018877,1.997487,1.992818,1.997587,0.513173,0.512365,0.512048,0.513239,0.512462,0.512193
896.5,1.000000,1.000000,1.000000,0.053303,0.018876,1.997490,1.992825,1.997577,0.513175,0.512369,0.512053,0.513241,0.512465,0.512197
897.0,1.000000,1.000000,1.000000,0.053311,0.018875,1.997494,1.992831,1.997567,0.513178,0.512373,0.512058,0.513244,0.512469,0.512201
897.5,1.000000,1.000000,1.000000,0.053319,0.018874,1.997497,1.992838,1.997557,0.513180,0.512376,0.512063,0.513246,0.512472,0.512205
898.0,1.000000,1.000000,1.000000,0.053326,0.018872,1.997501,1.992845,1.997548,0.513183,0.512380,0.512068,0.513248,0.512476,0.512209
898.5,1.000000,1.000000,1.000000,0.053334,0.018871,1.997504,1.992851,1.997538,0.513185,0.512383,0.512073,0.513251,0.512479,0.512213
899.0,1.000000,1.000000,1.000000,0.053342,0.018870,1.997508,1.992858,1.997528,0.513187,0.512387,0.512078,0.513253,0.512482,0.512217
899.5,1.000000,1.000000,1.000000,0.053349,0.018869,1.997511,1.992865,1.997518,0.513190,0.512390,0.512083,0.513255,0.512486,0.512221
900.0,1.000000,1.000000,1.000000,0.053357,0.018868,1.997515,1.992872,1.997509,0.513192,0.512394,0.512088,0.513257,0.512489,0.512225
900.5,1.000000,1.000000,1.000000,0.053365,0.018868,1.997518,1.992878,1.997499,0.513195,0.512398,0.512093,0.513260,0.512493,0.512229
901.0,1.000000,1.000000,1.000000,0.053372,0.018867,1.997522,1.992885,1.997489,0.513197,0.512401,0.512098,0.513262,0.512496,0.512233
901.5,1.000000,1.000000,1.000000,0.053380,0.018866,1.997525,1.992892,1.997479,0.513200,0.512405,0.512102,0.513264,0.512499,0.512237
902.0,1.000000,1.000000,1.000000,0.053387,0.018865,1.997529,1.992899,1.997470,0.513202,0.512408,0.512107,0.513266,0.512503,0.512241
902.5,1.000000,1.000000,1.000000,0.053395,0.018864,1.997532,1.992905,1.997460,0.513204,0.512412,0.512112,0.513269,0.512506,0.512245
903.0,1.000000,1.000000,1.000000,0.053402,0.018864,1.997536,1.992912,1.997450,0.513207,0.512415,0.512117,0.513271,0.512509,0.512249
903.5,1.000000,1.000000,1.000000,0.053410,0.018863,1.997539,1.992919,1.997440,0.513209,0.512419,0.512122,0.513273,0.512513,0.512253
904.0,1.000000,1.000000,1.000000,0.053417,0.018862,1.997542,1.992926,1.997431,0.513211,0.512422,0.512126,0.513275,0.512516,0.512257
904.5,1.000000,1.000000,1.000000,0.053425,0.018862,1.997546,1.992932,1.997421,0.513214,0.512426,0.512131,0.513278,0.512519,0.512261
905.0,1.000000,1.000000,1.000000,0.053432,0.018861,1.997549,1.992939,1.997412,0.513216,0.512429,0.512136,0.513280,0.512523,0.512265
905.5,1.000000,1.000000,1.000000,0.053439,0.018860,1.997553,1.992946,1.997402,0.513219,0.512433,0.512140,0.513282,0.512526,0.512269
906.0,1.000000,1.000000,1.000000,0.053447,0.018860,1.997556,1.992953,1.997392,0.513221,0.512436,0.512145,0.513284,0.512529,0.512273
906.5,1.000000,1.000000,1.000000,0.053454,0.018859,1.997560,1.992960,1.997383,0.513223,0.512440,0.512150,0.513286,0.512533,0.512277
907.0,1.000000,1.000000,1.000000,0.053462,0.018859,1.997563,1.992966,1.997373,0.513226,0.512443,0.512154,0.513288,0.512536,0.512281
907.5,1.000000,1.000000,1.000000,0.053469,0.018858,1.997567,1.992973,1.997364,0.513228,0.512446,0.512159,0.513291,0.512539,0.512285
908.0,1.000000,1.000000,1.000000,0.053476,0.018858,1.997570,1.992980,1.997354,0.513230,0.512450,0.512164,0.513293,0.512543,0.512289
908.5,1.000000,1.000000,1.000000,0.053483,0.018857,1.997574,1.992987,1.997345,0.513233,0.512453,0.512168,0.513295,0.512546,0.512293
909.0,1.000000,1.000000,1.000000,0.053491,0.018857,1.997577,1.992994,1.997336,0.513235,0.512457,0.512173,0.513297,0.512549,0.512297
909.5,1.000000,1.000000,1.000000,0.053498,0.018857,1.997581,1.993000,1.997326,0.513237,0.512460,0.512177,0.513299,0.512552,0.512301
910.0,1.000000,1.000000,1.000000,0.053505,0.018856,1.997584,1.993007,1.997317,0.513239,0.512464,0.512182,0.513301,0.512556,0.512305
910.5,1.000000,1.000000,1.000000,0.053512,0.018856,1.997588,1.993014,1.997308,0.513242,0.512467,0.512186,0.513304,0.512559,0.512309
911.0,1.000000,1.000000,1.000000,0.053519,0.018855,1.997591,1.993021,1.997299,0.513244,0.512470,0.512191,0.513306,0.512562,0.512312
911.5,1.000000,1.000000,1.000000,0.053526,0.018855,1.997595,1.993028,1.997289,0.513246,0.512474,0.512195,0.513308,0.512566,0.512316
912.0,1.000000,1.000000,1.000000,0.053533,0.018855,1.997598,1.993034,1.997280,0.513249,0.512477,0.512199,0.513310,0.512569,0.512320
912.5,1.000000,1.000000,1.000000,0.053541,0.018854,1.997602,1.993041,1.997271,0.513251,0.512481,0.512204,0.513312,0.512572,0.512323
913.0,1.000000,1.000000,1.000000,0.053548,0.018854,1.997605,1.993048,1.997262,0.513253,0.512484,0.512208,0.513314,0.512575,0.512327
913.5,1.000000,1.000000,1.000000,0.053555,0.018854,1.997609,1.993055,1.997253,0.513255,0.512487,0.512212,0.513316,0.512579,0.512330
914.0,1.000000,1.000000,1.000000,0.053562,0.018853,1.997612,1.993062,1.997244,0.513258,0.512491,0.512217,0.513318,0.512582,0.512334
914.5,1.000000,1.000000,1.000000,0.053569,0.018853,1.997616,1.993069,1.997235,0.513260,0.512494,0.512221,0.513321,0.512585,0.512337
915.0,1.000000,1.000000,1.000000,0.053576,0.018853,1.997619,1.993075,1.997227,0.513262,0.512498,0.512225,0.513323,0.512588,0.512340
915.5,1.000000,1.000000,1.000000,0.053583,0.018853,1.997623,1.993082,1.997218,0.513264,0.512501,0.512229,0.513325,0.512591,0.512344
916.0,1.000000,1.000000,1.000000,0.053589,0.018852,1.997626,1.993089,1.997209,0.513267,0.512504,0.512233,0.513327,0.512595,0.512347
916.5,1.000000,1.000000,1.000000,0.053596,0.018852,1.997630,1.993096,1.997201,0.513269,0.512508,0.512237,0.513329,0.512598,0.512350
917.0,1.000000,1.000000,1.000000,0.053603,0.018852,1.997633,1.993103,1.997192,0.513271,0.512511,0.512241,0.513331,0.512601,0.512353
917.5,1.000000,1.000000,1.000000,0.053610,0.018852,1.997637,1.993110,1.997184,0.513273,0.512514,0.512245,0.513333,0.512604,0.512356
918.0,1.000000,1.000000,1.000000,0.053617,0.018724,1.997640,1.993117,1.997175,0.513275,0.512518,0.512216,0.513335,0.512607,0.512217
918.5,1.000000,1.000000,1.000000,0.053624,0.018602,1.997644,1.993123,1.997167,0.513278,0.512521,0.512189,0.513337,0.512611,0.512095
919.0,1.000000,1.000000,1.000000,0.053631,0.018485,1.997647,1.993130,1.997159,0.513280,0.512524,0.512162,0.513339,0.512614,0.511987
919.5,1.000000,1.000000,1.000000,0.053637,0.018373,1.997651,1.993137,1.997150,0.513282,0.512528,0.512137,0.513341,0.512617,0.511893
920.0,1.000000,1.000000,1.000000,0.053644,0.018266,1.997654,1.993144,1.997142,0.513284,0.512531,0.512113,0.513343,0.512620,0.511811
920.5,1.000000,1.000000,1.000000,0.053651,0.018163,1.997658,1.993151,1.997134,0.513286,0.512534,0.512090,0.513345,0.512623,0.511740
921.0,1.000000,1.000000,1.000000,0.053657,0.018064,1.997661,1.993158,1.997126,0.513289,0.512538,0.512068,0.513347,0.512626,0.511680
921.5,1.000000,1.000000,1.000000,0.053664,0.017969,1.997664,1.993165,1.997118,0.513291,0.512541,0.512048,0.513349,0.512629,0.511628
922.0,1.000000,1.000000,1.000000,0.053671,0.017879,1.997668,1.993172,1.997110,0.513293,0.512544,0.512028,0.513351,0.512633,0.511585
922.5,1.000000,1.000000,1.000000,0.053677,0.017740,1.997671,1.993178,1.997102,0.513295,0.512547,0.511996,0.513353,0.512636,0.511491
923.0,1.000000,1.000000,1.000000,0.053684,0.017607,1.997675,1.993185,1.997095,0.513297,0.512551,0.511965,0.513355,0.512639,0.511411
923.5,1.000000,1.000000,1.000000,0.053691,0.017480,1.997678,1.993192,1.997087,0.513299,0.512554,0.511936,0.513357,0.512642,0.511342
924.0,1.000000,1.000000,1.000000,0.053697,0.017358,1.997682,1.993199,1.997079,0.513302,0.512557,0.511908,0.513359,0.512645,0.511284
924.5,1.000000,1.000000,1.000000,0.053704,0.017241,1.997685,1.993206,1.997072,0.513304,0.512561,0.511882,0.513361,0.512648,0.511236
925.0,1.000000,1.000000,1.000000,0.053710,0.017129,1.997689,1.993213,1.997064,0.513306,0.512564,0.511856,0.513363,0.512651,0.511195
925.5,1.000000,1.000000,1.000000,0.053717,0.017022,1.997692,1.993220,1.997057,0.513308,0.512567,0.511832,0.513365,0.512654,0.511163
926.0,1.000000,1.000000,1.000000,0.053723,0.016919,1.997696,1.993227,1.997050,0.513310,0.512570,0.511809,0.513367,0.512658,0.511137
926.5,1.000000,1.000000,1.000000,0.053730,0.016821,1.997699,1.993234,1.997042,0.513312,0.512574,0.511788,0.513369,0.512661,0.511117
927.0,1.000000,1.000000,1.000000,0.053736,0.016726,1.997703,1.993241,1.997035,0.513314,0.512577,0.511767,0.513371,0.512664,0.511102
927.5,1.000000,1.000000,1.000000,0.053743,0.016636,1.997706,1.993247,1.997028,0.513316,0.512580,0.511747,0.513373,0.512667,0.511092
928.0,1.000000,1.000000,1.000000,0.053749,0.016549,1.997710,1.993254,1.997021,0.513318,0.512583,0.511728,0.513375,0.512670,0.511086
928.5,1.000000,1.000000,1.000000,0.053755,0.016466,1.997713,1.993261,1.997014,0.513321,0.512586,0.511711,0.513377,0.512673,0.511083
929.0,1.000000,1.000000,1.000000,0.053762,0.016386,1.997717,1.993268,1.997007,0.513323,0.512590,0.511694,0.513379,0.512676,0.511083
929.5,1.000000,1.000000,1.000000,0.053768,0.016310,1.997720,1.993275,1.997000,0.513325,0.512593,0.511678,0.513381,0.512679,0.511085
930.0,1.000000,1.000000,1.000000,0.053774,0.016237,1.997724,1.993282,1.996993,0.513327,0.512596,0.511663,0.513383,0.512682,0.511090
930.5,1.000000,1.000000,1.000000,0.053781,0.016166,1.997727,1.993289,1.996986,0.513329,0.512599,0.511648,0.513385,0.512685,0.511096
931.0,1.000000,1.000000,1.000000,0.053787,0.016099,1.997731,1.993296,1.996979,0.513331,0.512602,0.511635,0.513387,0.512688,0.511104
931.5,1.000000,1.000000,1.000000,0.053793,0.016035,1.997734,1.993303,1.996973,0.513333,0.512606,0.511622,0.513389,0.512691,0.511113
932.0,1.000000,1.000000,1.000000,0.053800,0.015973,1.997738,1.993310,1.996966,0.513335,0.512609,0.511609,0.513390,0.512694,0.511123
932.5,1.000000,1.000000,1.000000,0.053806,0.015914,1.997741,1.993317,1.996960,0.513337,0.512612,0.511598,0.513392,0.512697,0.511134
933.0,1.000000,1.000000,1.000000,0.053812,0.015870,1.997745,1.993324,1.996953,0.513339,0.512615,0.511590,0.513394,0.512700,0.511159
933.5,1.000000,1.000000,1.000000,0.053818,0.015827,1.997748,1.993331,1.996947,0.513341,0.512618,0.511583,0.513396,0.512703,0.511183
934.0,1.000000,1.000000,1.000000,0.053824,0.015787,1.997752,1.993338,1.996940,0.513343,0.512621,0.511576,0.513398,0.512706,0.511206
934.5,1.000000,1.000000,1.000000,0.053830,0.015748,1.997755,1.993345,1.996934,0.513345,0.512625,0.511570,0.513400,0.512709,0.511228
935.0,1.000000,1.000000,1.000000,0.053836,0.015711,1.997758,1.993352,1.996927,0.513347,0.512628,0.511564,0.513402,0.512712,0.511248
935.5,1.000000,1.000000,1.000000,0.053843,0.015675,1.997762,1.993358,1.996921,0.513349,0.512631,0.511558,0.513404,0.512715,0.511268
936.0,1.000000,1.000000,1.000000,0.053849,0.015591,1.997765,1.993365,1.996915,0.513351,0.512634,0.511540,0.513405,0.512718,0.511231
936.5,1.000000,1.000000,1.000000,0.053855,0.015511,1.997769,1.993372,1.996909,0.513353,0.512637,0.511523,0.513407,0.512721,0.511199
937.0,1.000000,1.000000,1.000000,0.053861,0.015434,1.997772,1.993379,1.996903,0.513355,0.512640,0.511507,0.513409,0.512724,0.511172
937.5,1.000000,1.000000,1.000000,0.053867,0.015360,1.997776,1.993386,1.996897,0.513357,0.512643,0.511492,0.513411,0.512727,0.511150
938.0,1.000000,1.000000,1.000000,0.053873,0.015289,1.997779,1.993393,1.996891,0.513359,0.512646,0.511477,0.513413,0.512730,0.511131
938.5,1.000000,1.000000,1.000000,0.053879,0.015222,1.997783,1.993400,1.996885,0.513361,0.512650,0.511463,0.513415,0.512733,0.511116
939.0,1.000000,1.000000,1.000000,0.053885,0.015157,1.997786,1.993407,1.996879,0.513363,0.512653,0.511450,0.513416,0.512736,0.511104
939.5,1.000000,1.000000,1.000000,0.053890,0.015094,1.997790,1.993414,1.996873,0.513365,0.512656,0.511438,0.513418,0.512739,0.511095
940.0,1.000000,1.000000,1.000000,0.053896,0.015035,1.997793,1.993421,1.996867,0.513367,0.512659,0.511426,0.513420,0.512742,0.511088
940.5,1.000000,1.000000,1.000000,0.053902,0.014978,1.997797,1.993428,1.996862,0.513369,0.512662,0.511415,0.513422,0.512745,0.511084
941.0,1.000000,1.000000,1.000000,0.053908,0.014923,1.997800,1.993435,1.996856,0.513371,0.512665,0.511404,0.513424,0.512748,0.511081
941.5,1.000000,1.000000,1.000000,0.053914,0.014871,1.997804,1.993442,1.996850,0.513373,0.512668,0.511394,0.513425,0.512751,0.511080
942.0,1.000000,1.000000,1.000000,0.053920,0.014820,1.997807,1.993449,1.996845,0.513375,0.512671,0.511385,0.513427,0.512753,0.511081
942.5,1.000000,1.000000,1.000000,0.053925,0.014772,1.997811,1.993456,1.996839,0.513377,0.512674,0.511376,0.513429,0.512756,0.511082
943.0,1.000000,1.000000,1.000000,0.053931,0.014726,1.997814,1.993463,1.996834,0.513379,0.512677,0.511368,0.513431,0.512759,0.511085
943.5,1.000000,1.000000,1.000000,0.053937,0.014682,1.997818,1.993470,1.996828,0.513381,0.512680,0.511360,0.513433,0.512762,0.511089
944.0,1.000000,1.000000,1.000000,0.053943,0.014639,1.997821,1.993477,1.996823,0.513383,0.512683,0.511353,0.513434,0.512765,0.511093
944.5,1.000000,1.000000,1.000000,0.053948,0.014599,1.997825,1.993484,1.996818,0.513385,0.512686,0.511346,0.513436,0.512768,0.511098
945.0,1.000000,1.000000,1.000000,0.053954,0.014560,1.997828,1.993491,1.996812,0.513386,0.512689,0.511340,0.513438,0.512771,0.511104
945.5,1.000000,1.000000,1.000000,0.053960,0.014522,1.997831,1.993498,1.996807,0.513388,0.512692,0.511334,0.513440,0.512774,0.511110
946.0,1.000000,1.000000,1.000000,0.053965,0.014487,1.997835,1.993505,1.996802,0.513390,0.512695,0.511328,0.513441,0.512777,0.511116
946.5,1.000000,1.000000,1.000000,0.053971,0.014452,1.997838,1.993512,1.996797,0.513392,0.512698,0.511323,0.513443,0.512779,0.511123
947.0,1.000000,1.000000,1.000000,0.053977,0.014419,1.997842,1.993519,1.996792,0.513394,0.512701,0.511318,0.513445,0.512782,0.511130
947.5,1.000000,1.000000,1.000000,0.053982,0.014388,1.997845,1.993526,1.996786,0.513396,0.512704,0.511314,0.513447,0.512785,0.511137
948.0,1.000000,1.000000,1.000000,0.053988,0.014358,1.997849,1.993533,1.996781,0.513398,0.512707,0.511309,0.513448,0.512788,0.511144
948.5,1.000000,1.000000,1.000000,0.053993,0.014329,1.997852,1.993540,1.996776,0.513400,0.512710,0.511306,0.513450,0.512791,0.511155
949.0,1.000000,1.000000,1.000000,0.053999,0.014301,1.997856,1.993547,1.996771,0.513401,0.512713,0.511305,0.513452,0.512794,0.511169
949.5,1.000000,1.000000,1.000000,0.054004,0.014275,1.997859,1.993554,1.996766,0.513403,0.512716,0.511304,0.513453,0.512796,0.511185
950.0,1.000000,1.000000,1.000000,0.054010,0.014249,1.997863,1.993561,1.996760,0.513405,0.512719,0.511303,0.513455,0.512799,0.511203
950.5,1.000000,1.000000,1.000000,0.054015,0.014225,1.997866,1.993568,1.996755,0.513407,0.512722,0.511304,0.513457,0.512802,0.511222
951.0,1.000000,1.000000,1.000000,0.054021,0.014201,1.997870,1.993575,1.996749,0.513409,0.512725,0.511305,0.513459,0.512805,0.511242
951.5,1.000000,1.000000,1.000000,0.054026,0.014179,1.997873,1.993582,1.996743,0.513411,0.512728,0.511307,0.513460,0.512808,0.511262
952.0,1.000000,1.000000,1.000000,0.054031,0.014157,1.997877,1.993589,1.996736,0.513413,0.512731,0.511309,0.513462,0.512810,0.511282
952.5,1.000000,1.000000,1.000000,0.054037,0.014137,1.997880,1.993597,1.996730,0.513414,0.512734,0.511312,0.513464,0.512813,0.511302
953.0,1.000000,1.000000,1.000000,0.054042,0.014117,1.997883,1.993604,1.996723,0.513416,0.512737,0.511316,0.513465,0.512816,0.511323
953.5,1.000000,1.000000,1.000000,0.054047,0.014098,1.997887,1.993611,1.996716,0.513418,0.512740,0.511320,0.513467,0.512819,0.511345
954.0,1.000000,1.000000,1.000000,0.054053,0.014080,1.997890,1.993618,1.996709,0.513420,0.512743,0.511325,0.513469,0.512822,0.511367
954.5,1.000000,1.000000,1.000000,0.054058,0.014063,1.997894,1.993625,1.996701,0.513422,0.512746,0.511330,0.513470,0.512824,0.511389
955.0,1.000000,1.000000,1.000000,0.054063,0.014046,1.997897,1.993632,1.996693,0.513423,0.512749,0.511335,0.513472,0.512827,0.511410
955.5,1.000000,1.000000,1.000000,0.054068,0.014030,1.997901,1.993639,1.996685,0.513425,0.512752,0.511341,0.513474,0.512830,0.511432
956.0,1.000000,1.000000,1.000000,0.054074,0.014015,1.997904,1.993646,1.996677,0.513427,0.512755,0.511347,0.513475,0.512833,0.511452
956.5,1.000000,1.000000,1.000000,0.054079,0.014000,1.997908,1.993653,1.996668,0.513429,0.512757,0.511354,0.513477,0.512835,0.511472
957.0,1.000000,1.000000,1.000000,0.054084,0.013986,1.997911,1.993660,1.996659,0.513430,0.512760,0.511361,0.513478,0.512838,0.511491
957.5,1.000000,1.000000,1.000000,0.054089,0.013973,1.997915,1.993667,1.996650,0.513432,0.512763,0.511367,0.513480,0.512841,0.511509
958.0,1.000000,1.000000,1.000000,0.054094,0.013960,1.997918,1.993674,1.996640,0.513434,0.512766,0.511374,0.513482,0.512844,0.511526
958.5,1.000000,1.000000,1.000000,0.054099,0.013948,1.997922,1.993681,1.996630,0.513436,0.512769,0.511381,0.513483,0.512846,0.511542
959.0,1.000000,1.000000,1.000000,0.054105,0.013669,1.997925,1.993688,1.996620,0.513438,0.512772,0.511319,0.513485,0.512849,0.511259
959.5,1.000000,1.000000,1.000000,0.054110,0.013401,1.997929,1.993695,1.996610,0.513439,0.512775,0.511259,0.513486,0.512852,0.511009
960.0,1.000000,1.000000,1.000000,0.054115,0.013145,1.997932,1.993702,1.996599,0.513441,0.512778,0.511203,0.513488,0.512854,0.510789
960.5,1.000000,1.000000,1.000000,0.054120,0.012853,1.997935,1.993709,1.996588,0.513443,0.512780,0.511137,0.513490,0.512857,0.510545
961.0,1.000000,1.000000,1.000000,0.054125,0.012573,1.997939,1.993717,1.996577,0.513444,0.512783,0.511074,0.513491,0.512860,0.510333
961.5,1.000000,1.000000,1.000000,0.054130,0.012304,1.997942,1.993724,1.996566,0.513446,0.512786,0.511014,0.513493,0.512863,0.510148
962.0,1.000000,1.000000,1.000000,0.054135,0.012047,1.997946,1.993731,1.996555,0.513448,0.512789,0.510956,0.513494,0.512865,0.509989
962.5,1.000000,1.000000,1.000000,0.054140,0.011801,1.997949,1.993738,1.996543,0.513450,0.512792,0.510902,0.513496,0.512868,0.509853
963.0,1.000000,1.000000,1.000000,0.054144,0.011565,1.997953,1.993745,1.996531,0.513451,0.512795,0.510850,0.513497,0.512871,0.509737
963.5,1.000000,1.000000,1.000000,0.054149,0.011338,1.997956,1.993752,1.996519,0.513453,0.512797,0.510800,0.513499,0.512873,0.509639
964.0,1.000000,1.000000,1.000000,0.054154,0.011122,1.997960,1.993759,1.996507,0.513455,0.512800,0.510753,0.513501,0.512876,0.509557
964.5,1.000000,1.000000,1.000000,0.054159,0.010914,1.997963,1.993766,1.996495,0.513456,0.512803,0.510707,0.513502,0.512879,0.509490
965.0,1.000000,1.000000,1.000000,0.054164,0.010715,1.997967,1.993773,1.996483,0.513458,0.512806,0.510664,0.513504,0.512881,0.509436
965.5,1.000000,1.000000,1.000000,0.054169,0.010524,1.997970,1.993780,1.996471,0.513460,0.512809,0.510623,0.513505,0.512884,0.509392
966.0,1.000000,1.000000,1.000000,0.054174,0.010341,1.997973,1.993787,1.996458,0.513461,0.512811,0.510584,0.513507,0.512887,0.509359
966.5,1.000000,1.000000,1.000000,0.054178,0.010166,1.997977,1.993794,1.996446,0.513463,0.512814,0.510547,0.513508,0.512889,0.509336
967.0,1.000000,1.000000,1.000000,0.054183,0.009998,1.997980,1.993802,1.996433,0.513465,0.512817,0.510512,0.513510,0.512892,0.509321
967.5,1.000000,1.000000,1.000000,0.054188,0.009786,1.997984,1.993809,1.996421,0.513466,0.512820,0.510466,0.513511,0.512894,0.509258
968.0,1.000000,1.000000,1.000000,0.054193,0.009583,1.997987,1.993816,1.996408,0.513468,0.512823,0.510422,0.513513,0.512897,0.509207
968.5,1.000000,1.000000,1.000000,0.054197,0.009389,1.997991,1.993823,1.996395,0.513470,0.512825,0.510380,0.513514,0.512900,0.509168
969.0,1.000000,1.000000,1.000000,0.054202,0.009203,1.997994,1.993830,1.996382,0.513471,0.512828,0.510341,0.513516,0.512902,0.509139
969.5,1.000000,1.000000,1.000000,0.054207,0.009024,1.997998,1.993837,1.996369,0.513473,0.512831,0.510304,0.513517,0.512905,0.509118
970.0,1.000000,1.000000,1.000000,0.054211,0.008853,1.998001,1.993844,1.996355,0.513475,0.512834,0.510268,0.513519,0.512907,0.509105
970.5,1.000000,1.000000,1.000000,0.054216,0.008690,1.998005,1.993851,1.996342,0.513476,0.512836,0.510235,0.513520,0.512910,0.509099
971.0,1.000000,1.000000,1.000000,0.054221,0.008533,1.998008,1.993858,1.996328,0.513478,0.512839,0.510203,0.513522,0.512913,0.509098
971.5,1.000000,1.000000,1.000000,0.054225,0.008382,1.998011,1.993866,1.996315,0.513480,0.512842,0.510173,0.513523,0.512915,0.509101
972.0,1.000000,1.000000,1.000000,0.054230,0.008238,1.998015,1.993873,1.996301,0.513481,0.512844,0.510144,0.513525,0.512918,0.509109
972.5,1.000000,1.000000,1.000000,0.054234,0.008100,1.998018,1.993880,1.996287,0.513483,0.512847,0.510117,0.513526,0.512920,0.509120
973.0,1.000000,1.000000,1.000000,0.054239,0.007946,1.998022,1.993887,1.996273,0.513484,0.512850,0.510086,0.513528,0.512923,0.509110
973.5,1.000000,1.000000,1.000000,0.054243,0.007798,1.998025,1.993894,1.996259,0.513486,0.512853,0.510057,0.513529,0.512925,0.509104
974.0,1.000000,1.000000,1.000000,0.054248,0.007657,1.998029,1.993901,1.996245,0.513488,0.512855,0.510029,0.513530,0.512928,0.509103
974.5,1.000000,1.000000,1.000000,0.054252,0.007521,1.998032,1.993908,1.996231,0.513489,0.512858,0.510003,0.513532,0.512931,0.509106
975.0,1.000000,1.000000,1.000000,0.054257,0.007392,1.998036,1.993915,1.996217,0.513491,0.512861,0.509978,0.513533,0.512933,0.509112
975.5,1.000000,1.000000,1.000000,0.054261,0.007267,1.998039,1.993923,1.996202,0.513492,0.512863,0.509954,0.513535,0.512936,0.509121
976.0,1.000000,1.000000,1.000000,0.054265,0.007148,1.998042,1.993930,1.996188,0.513494,0.512866,0.509932,0.513536,0.512938,0.509131
976.5,1.000000,1.000000,1.000000,0.054270,0.007034,1.998046,1.993937,1.996174,0.513495,0.512869,0.509911,0.513538,0.512941,0.509144
977.0,1.000000,1.000000,1.000000,0.054274,0.006924,1.998049,1.993944,1.996159,0.513497,0.512871,0.509891,0.513539,0.512943,0.509158
977.5,1.000000,1.000000,1.000000,0.054278,0.006819,1.998053,1.993951,1.996145,0.513498,0.512874,0.509872,0.513540,0.512946,0.509173
978.0,1.000000,1.000000,1.000000,0.054283,0.006719,1.998056,1.993958,1.996130,0.513500,0.512877,0.509854,0.513542,0.512948,0.509189
978.5,1.000000,1.000000,1.000000,0.054287,0.006622,1.998060,1.993965,1.996116,0.513502,0.512879,0.509837,0.513543,0.512951,0.509206
979.0,1.000000,1.000000,1.000000,0.054291,0.006530,1.998063,1.993972,1.996101,0.513503,0.512882,0.509822,0.513545,0.512953,0.509223
979.5,1.000000,1.000000,1.000000,0.054296,0.006442,1.998067,1.993980,1.996087,0.513505,0.512885,0.509807,0.513546,0.512956,0.509241
980.0,1.000000,1.000000,1.000000,0.054300,0.006357,1.998070,1.993987,1.996072,0.513506,0.512887,0.509793,0.513547,0.512958,0.509258
980.5,1.000000,1.000000,1.000000,0.054304,0.006275,1.998073,1.993994,1.996058,0.513508,0.512890,0.509780,0.513549,0.512961,0.509276
981.0,1.000000,1.000000,1.000000,0.054308,0.006198,1.998077,1.994001,1.996043,0.513509,0.512893,0.509767,0.513550,0.512963,0.509293
981.5,1.000000,1.000000,1.000000,0.054312,0.006123,1.998080,1.994008,1.996029,0.513511,0.512895,0.509756,0.513551,0.512966,0.509309
982.0,1.000000,1.000000,1.000000,0.054317,0.005975,1.998084,1.994015,1.996014,0.513512,0.512898,0.509725,0.513553,0.512968,0.509240
982.5,1.000000,1.000000,1.000000,0.054321,0.005833,1.998087,1.994022,1.996000,0.513514,0.512900,0.509695,0.513554,0.512971,0.509180
983.0,1.000000,1.000000,1.000000,0.054325,0.005697,1.998091,1.994030,1.995985,0.513515,0.512903,0.509667,0.513556,0.512973,0.509129
983.5,1.000000,1.000000,1.000000,0.054329,0.005567,1.998094,1.994037,1.995971,0.513517,0.512906,0.509641,0.513557,0.512975,0.509085
984.0,1.000000,1.000000,1.000000,0.054333,0.005442,1.998097,1.994044,1.995957,0.513518,0.512908,0.509615,0.513558,0.512978,0.509048
984.5,1.000000,1.000000,1.000000,0.054337,0.005322,1.998101,1.994051,1.995943,0.513520,0.512911,0.509591,0.513560,0.512980,0.509017
985.0,1.000000,1.000000,1.000000,0.054341,0.005208,1.998104,1.994058,1.995928,0.513521,0.512913,0.509568,0.513561,0.512983,0.508992
985.5,1.000000,1.000000,1.000000,0.054345,0.005098,1.998108,1.994065,1.995914,0.513523,0.512916,0.509546,0.513562,0.512985,0.508972
986.0,1.000000,1.000000,1.000000,0.054349,0.004992,1.998111,1.994073,1.995900,0.513524,0.512918,0.509526,0.513563,0.512988,0.508956
986.5,1.000000,1.000000,1.000000,0.054353,0.004891,1.998115,1.994080,1.995887,0.513525,0.512921,0.509506,0.513565,0.512990,0.508943
987.0,1.000000,1.000000,1.000000,0.054357,0.004795,1.998118,1.994087,1.995873,0.513527,0.512924,0.509487,0.513566,0.512992,0.508935
987.5,1.000000,1.000000,1.000000,0.054361,0.004702,1.998122,1.994094,1.995859,0.513528,0.512926,0.509470,0.513567,0.512995,0.508929
988.0,1.000000,1.000000,1.000000,0.054365,0.004613,1.998125,1.994101,1.995845,0.513530,0.512929,0.509453,0.513569,0.512997,0.508926
988.5,1.000000,1.000000,1.000000,0.054369,0.004528,1.998128,1.994108,1.995832,0.513531,0.512931,0.509437,0.513570,0.513000,0.508925
989.0,1.000000,1.000000,1.000000,0.054373,0.004446,1.998132,1.994116,1.995818,0.513533,0.512934,0.509422,0.513571,0.513002,0.508926
989.5,1.000000,1.000000,1.000000,0.054376,0.004368,1.998135,1.994123,1.995805,0.513534,0.512936,0.509409,0.513573,0.513004,0.508936
990.0,1.000000,1.000000,1.000000,0.054380,0.004293,1.998139,1.994130,1.995791,0.513535,0.512939,0.509399,0.513574,0.513007,0.508955
990.5,1.000000,1.000000,1.000000,0.054384,0.004128,1.998142,1.994137,1.995777,0.513537,0.512941,0.509367,0.513575,0.513009,0.508875
991.0,1.000000,1.000000,1.000000,0.054388,0.003970,1.998145,1.994144,1.995763,0.513538,0.512944,0.509338,0.513576,0.513011,0.508813
991.5,1.000000,1.000000,1.000000,0.054392,0.003819,1.998149,1.994151,1.995748,0.513540,0.512946,0.509312,0.513578,0.513014,0.508767
992.0,1.000000,1.000000,1.000000,0.054395,0.003673,1.998152,1.994159,1.995733,0.513541,0.512949,0.509288,0.513579,0.513016,0.508734
992.5,1.000000,1.000000,1.000000,0.054399,0.003534,1.998156,1.994166,1.995717,0.513542,0.512951,0.509267,0.513580,0.513018,0.508712
993.0,1.000000,1.000000,1.000000,0.054403,0.003401,1.998159,1.994173,1.995701,0.513544,0.512954,0.509248,0.513581,0.513021,0.508700
993.5,1.000000,1.000000,1.000000,0.054407,0.003273,1.998163,1.994180,1.995684,0.513545,0.512956,0.509231,0.513583,0.513023,0.508696
994.0,1.000000,1.000000,1.000000,0.054410,0.003150,1.998166,1.994187,1.995667,0.513547,0.512959,0.509216,0.513584,0.513025,0.508698
994.5,1.000000,1.000000,1.000000,0.054414,0.003033,1.998169,1.994195,1.995650,0.513548,0.512961,0.509203,0.513585,0.513028,0.508706
995.0,1.000000,1.000000,1.000000,0.054417,0.002920,1.998173,1.994202,1.995632,0.513549,0.512964,0.509191,0.513586,0.513030,0.508718
995.5,1.000000,1.000000,1.000000,0.054421,0.002812,1.998176,1.994209,1.995613,0.513551,0.512966,0.509181,0.513587,0.513032,0.508734
996.0,1.000000,1.000000,1.000000,0.054425,0.002709,1.998180,1.994216,1.995594,0.513552,0.512969,0.509172,0.513589,0.513035,0.508753
996.5,1.000000,1.000000,1.000000,0.054428,0.002610,1.998183,1.994223,1.995574,0.513553,0.512971,0.509164,0.513590,0.513037,0.508774
997.0,1.000000,1.000000,1.000000,0.054432,0.002515,1.998187,1.994230,1.995554,0.513555,0.512974,0.509157,0.513591,0.513039,0.508796
997.5,1.000000,1.000000,1.000000,0.054435,0.002424,1.998190,1.994238,1.995533,0.513556,0.512976,0.509151,0.513592,0.513042,0.508820
998.0,1.000000,1.000000,1.000000,0.054439,0.002337,1.998193,1.994245,1.995512,0.513557,0.512978,0.509146,0.513593,0.513044,0.508845
998.5,1.000000,1.000000,1.000000,0.054442,0.002253,1.998197,1.994252,1.995491,0.513559,0.512981,0.509143,0.513595,0.513046,0.508872
999.0,1.000000,1.000000,1.000000,0.054446,0.002173,1.998200,1.994259,1.995469,0.513560,0.512983,0.509140,0.513596,0.513048,0.508900
999.5,1.000000,1.000000,1.000000,0.054449,0.002096,1.998204,1.994266,1.995446,0.513561,0.512986,0.509138,0.513597,0.513051,0.508928
1000.0,1.000000,1.000000,1.000000,0.054453,0.002023,1.998207,1.994274,1.995423,0.513563,0.512988,0.509137,0.513598,0.513053,0.508957
1000.5,1.000000,1.000000,1.000000,0.054456,0.001952,1.998210,1.994281,1.995400,0.513564,0.512990,0.509137,0.513599,0.513055,0.508985
1001.0,1.000000,1.000000,1.000000,0.054460,0.001885,1.998214,1.994288,1.995376,0.513565,0.512993,0.509138,0.513601,0.513058,0.509013
1001.5,1.000000,1.000000,1.000000,0.054463,0.001820,1.998217,1.994295,1.995352,0.513567,0.512995,0.509139,0.513602,0.513060,0.509040
1002.0,1.000000,1.000000,1.000000,0.054466,0.001758,1.998221,1.994302,1.995327,0.513568,0.512998,0.509141,0.513603,0.513062,0.509067
1002.5,1.000000,1.000000,1.000000,0.054470,0.001699,1.998224,1.994310,1.995302,0.513569,0.513000,0.509143,0.513604,0.513064,0.509093
1003.0,1.000000,1.000000,1.000000,0.054473,0.001642,1.998227,1.994317,1.995277,0.513570,0.513002,0.509145,0.513605,0.513066,0.509118
1003.5,1.000000,1.000000,1.000000,0.054476,0.001587,1.998231,1.994324,1.995252,0.513572,0.513005,0.509148,0.513606,0.513069,0.509142
1004.0,1.000000,1.000000,1.000000,0.054480,0.001535,1.998234,1.994331,1.995226,0.513573,0.513007,0.509152,0.513607,0.513071,0.509166
1004.5,1.000000,1.000000,1.000000,0.054483,0.001485,1.998238,1.994338,1.995199,0.513574,0.513010,0.509156,0.513609,0.513073,0.509190
1005.0,1.000000,1.000000,1.000000,0.054486,0.001437,1.998241,1.994346,1.995173,0.513575,0.513012,0.509161,0.513610,0.513075,0.509213
1005.5,1.000000,1.000000,1.000000,0.054489,0.001391,1.998244,1.994353,1.995146,0.513577,0.513014,0.509166,0.513611,0.513078,0.509235
1006.0,1.000000,1.000000,1.000000,0.054492,0.001346,1.998248,1.994360,1.995119,0.513578,0.513017,0.509171,0.513612,0.513080,0.509256
1006.5,1.000000,1.000000,1.000000,0.054496,0.001304,1.998251,1.994367,1.995092,0.513579,0.513019,0.509177,0.513613,0.513082,0.509277
1007.0,1.000000,1.000000,1.000000,0.054499,0.001264,1.998255,1.994374,1.995064,0.513580,0.513021,0.509183,0.513614,0.513084,0.509297
1007.5,1.000000,1.000000,1.000000,0.054502,0.001225,1.998258,1.994382,1.995037,0.513582,0.513024,0.509189,0.513615,0.513086,0.509316
1008.0,1.000000,1.000000,1.000000,0.054505,0.001152,1.998261,1.994389,1.995009,0.513583,0.513026,0.509186,0.513616,0.513089,0.509296
1008.5,1.000000,1.000000,1.000000,0.054508,0.001083,1.998265,1.994396,1.994980,0.513584,0.513028,0.509184,0.513617,0.513091,0.509279
1009.0,1.000000,1.000000,1.000000,0.054511,0.001017,1.998268,1.994403,1.994952,0.513585,0.513031,0.509183,0.513618,0.513093,0.509265
1009.5,1.000000,1.000000,1.000000,0.054514,0.000953,1.998272,1.994411,1.994924,0.513587,0.513033,0.509182,0.513619,0.513095,0.509255
1010.0,1.000000,1.000000,1.000000,0.054517,0.000892,1.998275,1.994418,1.994895,0.513588,0.513035,0.509181,0.513621,0.513097,0.509248
1010.5,1.000000,1.000000,1.000000,0.054520,0.000833,1.998278,1.994425,1.994867,0.513589,0.513037,0.509181,0.513622,0.513099,0.509243
1011.0,1.000000,1.000000,1.000000,0.054523,0.000777,1.998282,1.994432,1.994838,0.513590,0.513040,0.509182,0.513623,0.513101,0.509240
1011.5,1.000000,1.000000,1.000000,0.054526,0.000724,1.998285,1.994439,1.994809,0.513591,0.513042,0.509183,0.513624,0.513104,0.509240
1012.0,1.000000,1.000000,1.000000,0.054529,0.000672,1.998289,1.994447,1.994780,0.513593,0.513044,0.509184,0.513625,0.513106,0.509241
1012.5,1.000000,1.000000,1.000000,0.054532,0.000623,1.998292,1.994454,1.994751,0.513594,0.513047,0.509187,0.513626,0.513108,0.509246
1013.0,1.000000,1.000000,1.000000,0.054535,0.000576,1.998295,1.994461,1.994722,0.513595,0.513049,0.509190,0.513627,0.513110,0.509254
1013.5,1.000000,1.000000,1.000000,0.054538,0.000530,1.998299,1.994468,1.994692,0.513596,0.513051,0.509194,0.513628,0.513112,0.509266
1014.0,1.000000,1.000000,1.000000,0.054541,0.000487,1.998302,1.994476,1.994663,0.513597,0.513053,0.509199,0.513629,0.513114,0.509279
1014.5,1.000000,1.000000,1.000000,0.054544,0.000445,1.998306,1.994483,1.994633,0.513598,0.513056,0.509204,0.513630,0.513116,0.509294
1015.0,1.000000,1.000000,1.000000,0.054547,0.000405,1.998309,1.994490,1.994603,0.513600,0.513058,0.509210,0.513631,0.513118,0.509310
1015.5,1.000000,1.000000,1.000000,0.054550,0.000367,1.998312,1.994497,1.994573,0.513601,0.513060,0.509217,0.513632,0.513121,0.509328
1016.0,1.000000,1.000000,1.000000,0.054553,0.000330,1.998316,1.994504,1.994543,0.513602,0.513062,0.509224,0.513633,0.513123,0.509346
1016.5,1.000000,1.000000,1.000000,0.054555,0.000295,1.998319,1.994512,1.994513,0.513603,0.513065,0.509231,0.513634,0.513125,0.509365
1017.0,1.000000,1.000000,1.000000,0.054558,0.000262,1.998323,1.994519,1.994482,0.513604,0.513067,0.509239,0.513635,0.513127,0.509384
1017.5,1.000000,1.000000,1.000000,0.054561,0.000229,1.998326,1.994526,1.994451,0.513605,0.513069,0.509247,0.513636,0.513129,0.509404
1018.0,1.000000,1.000000,1.000000,0.054564,0.000118,1.998329,1.994533,1.994421,0.513606,0.513071,0.509234,0.513637,0.513131,0.509333
1018.5,1.000000,1.000000,1.000000,0.054566,0.000011,1.998333,1.994541,1.994390,0.513607,0.513073,0.509223,0.513638,0.513133,0.509273
1019.0,1.000000,1.000000,1.000000,0.054569,-0.000091,1.998336,1.994548,1.994359,0.513609,0.513076,0.509213,0.513639,0.513135,0.509223
1019.5,1.000000,1.000000,1.000000,0.054572,-0.000189,1.998339,1.994555,1.994328,0.513610,0.513078,0.509203,0.513640,0.513137,0.509180
1020.0,1.000000,1.000000,1.000000,0.054574,-0.000284,1.998343,1.994562,1.994296,0.513611,0.513080,0.509195,0.513641,0.513139,0.509145
1020.5,1.000000,1.000000,1.000000,0.054577,-0.000374,1.998346,1.994569,1.994265,0.513612,0.513082,0.509188,0.513642,0.513141,0.509117
1021.0,1.000000,1.000000,1.000000,0.054580,-0.000460,1.998350,1.994577,1.994233,0.513613,0.513084,0.509182,0.513643,0.513143,0.509097
1021.5,1.000000,1.000000,1.000000,0.054582,-0.000543,1.998353,1.994584,1.994202,0.513614,0.513087,0.509177,0.513644,0.513145,0.509084
1022.0,1.000000,1.000000,1.000000,0.054585,-0.000622,1.998356,1.994591,1.994170,0.513615,0.513089,0.509174,0.513645,0.513147,0.509076
1022.5,1.000000,1.000000,1.000000,0.054587,-0.000698,1.998360,1.994598,1.994138,0.513616,0.513091,0.509171,0.513646,0.513149,0.509074
1023.0,1.000000,1.000000,1.000000,0.054590,-0.000771,1.998363,1.994606,1.994106,0.513617,0.513093,0.509169,0.513647,0.513151,0.509076
1023.5,1.000000,1.000000,1.000000,0.054593,-0.000841,1.998366,1.994613,1.994074,0.513618,0.513095,0.509168,0.513647,0.513153,0.509081
1024.0,1.000000,1.000000,1.000000,0.054595,-0.000908,1.998370,1.994620,1.994041,0.513619,0.513097,0.509168,0.513648,0.513155,0.509089
1024.5,1.000000,1.000000,1.000000,0.054598,-0.000972,1.998373,1.994627,1.994009,0.513621,0.513100,0.509169,0.513649,0.513157,0.509099
1025.0,1.000000,1.000000,1.000000,0.054600,-0.001033,1.998377,1.994635,1.993976,0.513622,0.513102,0.509170,0.513650,0.513159,0.509111
1025.5,1.000000,1.000000,1.000000,0.054603,-0.001092,1.998380,1.994642,1.993944,0.513623,0.513104,0.509171,0.513651,0.513161,0.509124
1026.0,1.000000,1.000000,1.000000,0.054605,-0.001149,1.998383,1.994649,1.993911,0.513624,0.513106,0.509174,0.513652,0.513163,0.509139
1026.5,1.000000,1.000000,1.000000,0.054607,-0.001203,1.998387,1.994656,1.993878,0.513625,0.513108,0.509176,0.513653,0.513165,0.509154
1027.0,1.000000,1.000000,1.000000,0.054610,-0.001255,1.998390,1.994664,1.993845,0.513626,0.513110,0.509179,0.513654,0.513167,0.509170
1027.5,1.000000,1.000000,1.000000,0.054612,-0.001304,1.998393,1.994671,1.993812,0.513627,0.513112,0.509183,0.513655,0.513169,0.509186
1028.0,1.000000,1.000000,1.000000,0.054615,-0.001365,1.998397,1.994678,1.993779,0.513628,0.513114,0.509183,0.513656,0.513171,0.509188
1028.5,1.000000,1.000000,1.000000,0.054617,-0.001423,1.998400,1.994685,1.993746,0.513629,0.513117,0.509184,0.513657,0.513173,0.509191
1029.0,1.000000,1.000000,1.000000,0.054619,-0.001479,1.998403,1.994693,1.993713,0.513630,0.513119,0.509185,0.513657,0.513175,0.509196
1029.5,1.000000,1.000000,1.000000,0.054622,-0.001533,1.998407,1.994700,1.993680,0.513631,0.513121,0.509186,0.513658,0.513177,0.509203
1030.0,1.000000,1.000000,1.000000,0.054624,-0.001584,1.998410,1.994707,1.993647,0.513632,0.513123,0.509188,0.513659,0.513179,0.509210
1030.5,1.000000,1.000000,1.000000,0.054626,-0.001633,1.998413,1.994714,1.993615,0.513633,0.513125,0.509191,0.513660,0.513181,0.509219
1031.0,1.000000,1.000000,1.000000,0.054628,-0.001681,1.998417,1.994721,1.993582,0.513634,0.513127,0.509194,0.513661,0.513183,0.509228
1031.5,1.000000,1.000000,1.000000,0.054631,-0.001726,1.998420,1.994729,1.993549,0.513635,0.513129,0.509197,0.513662,0.513185,0.509238
1032.0,1.000000,1.000000,1.000000,0.054633,-0.001769,1.998424,1.994736,1.993516,0.513636,0.513131,0.509200,0.513663,0.513187,0.509249
1032.5,1.000000,1.000000,1.000000,0.054635,-0.001811,1.998427,1.994743,1.993484,0.513637,0.513133,0.509204,0.513663,0.513189,0.509261
1033.0,1.000000,1.000000,1.000000,0.054637,-0.001850,1.998430,1.994750,1.993451,0.513638,0.513135,0.509208,0.513664,0.513191,0.509272
1033.5,1.000000,1.000000,1.000000,0.054639,-0.001888,1.998434,1.994758,1.993419,0.513639,0.513137,0.509212,0.513665,0.513192,0.509284
1034.0,1.000000,1.000000,1.000000,0.054642,-0.001925,1.998437,1.994765,1.993386,0.513640,0.513139,0.509217,0.513666,0.513194,0.509297
1034.5,1.000000,1.000000,1.000000,0.054644,-0.001960,1.998440,1.994772,1.993354,0.513641,0.513141,0.509222,0.513667,0.513196,0.509309
1035.0,1.000000,1.000000,1.000000,0.054646,-0.001994,1.998444,1.994779,1.993322,0.513642,0.513143,0.509227,0.513668,0.513198,0.509322
1035.5,1.000000,1.000000,1.000000,0.054648,-0.002026,1.998447,1.994787,1.993290,0.513643,0.513145,0.509232,0.513668,0.513200,0.509335
1036.0,1.000000,1.000000,1.000000,0.054650,-0.002057,1.998450,1.994794,1.993258,0.513643,0.513147,0.509237,0.513669,0.513202,0.509348
1036.5,1.000000,1.000000,1.000000,0.054652,-0.002086,1.998454,1.994801,1.993226,0.513644,0.513149,0.509243,0.513670,0.513204,0.509361
1037.0,1.000000,1.000000,1.000000,0.054654,-0.002114,1.998457,1.994808,1.993195,0.513645,0.513151,0.509249,0.513671,0.513206,0.509375
1037.5,1.000000,1.000000,1.000000,0.054656,-0.002141,1.998460,1.994816,1.993164,0.513646,0.513153,0.509255,0.513672,0.513207,0.509388
1038.0,1.000000,1.000000,1.000000,0.054658,-0.002167,1.998464,1.994823,1.993132,0.513647,0.513155,0.509262,0.513672,0.513209,0.509401
1038.5,1.000000,1.000000,1.000000,0.054660,-0.002192,1.998467,1.994830,1.993101,0.513648,0.513157,0.509269,0.513673,0.513211,0.509415
1039.0,1.000000,1.000000,1.000000,0.054662,-0.002216,1.998470,1.994837,1.993070,0.513649,0.513159,0.509276,0.513674,0.513213,0.509430
1039.5,1.000000,1.000000,1.000000,0.054664,-0.002239,1.998474,1.994845,1.993039,0.513650,0.513161,0.509284,0.513675,0.513215,0.509446
1040.0,1.000000,1.000000,1.000000,0.054666,-0.002261,1.998477,1.994852,1.993009,0.513651,0.513163,0.509291,0.513675,0.513217,0.509462
1040.5,1.000000,1.000000,1.000000,0.054668,-0.002282,1.998480,1.994859,1.992978,0.513652,0.513165,0.509300,0.513676,0.513219,0.509479
1041.0,1.000000,1.000000,1.000000,0.054670,-0.002302,1.998484,1.994866,1.992947,0.513653,0.513167,0.509308,0.513677,0.513220,0.509496
1041.5,1.000000,1.000000,1.000000,0.054672,-0.002321,1.998487,1.994874,1.992917,0.513653,0.513169,0.509317,0.513678,0.513222,0.509512
1042.0,1.000000,1.000000,1.000000,0.054673,-0.002340,1.998490,1.994881,1.992887,0.513654,0.513171,0.509326,0.513678,0.513224,0.509529
1042.5,1.000000,1.000000,1.000000,0.054675,-0.002358,1.998494,1.994888,1.992856,0.513655,0.513173,0.509335,0.513679,0.513226,0.509546
1043.0,1.000000,1.000000,1.000000,0.054677,-0.002375,1.998497,1.994895,1.992826,0.513656,0.513175,0.509344,0.513680,0.513228,0.509563
1043.5,1.000000,1.000000,1.000000,0.054679,-0.002391,1.998500,1.994903,1.992796,0.513657,0.513177,0.509354,0.513681,0.513229,0.509579
1044.0,1.000000,1.000000,1.000000,0.054681,-0.002406,1.998504,1.994910,1.992766,0.513658,0.513179,0.509364,0.513681,0.513231,0.509595
1044.5,1.000000,1.000000,1.000000,0.054682,-0.002421,1.998507,1.994917,1.992737,0.513659,0.513181,0.509373,0.513682,0.513233,0.509611
1045.0,1.000000,1.000000,1.000000,0.054684,-0.002436,1.998510,1.994924,1.992707,0.513660,0.513183,0.509383,0.513683,0.513235,0.509626
1045.5,1.000000,1.000000,1.000000,0.054686,-0.002449,1.998514,1.994932,1.992677,0.513660,0.513185,0.509393,0.513684,0.513237,0.509641
1046.0,1.000000,1.000000,1.000000,0.054688,-0.002463,1.998517,1.994939,1.992648,0.513661,0.513187,0.509403,0.513684,0.513238,0.509655
1046.5,1.000000,1.000000,1.000000,0.054689,-0.002475,1.998520,1.994946,1.992619,0.513662,0.513189,0.509413,0.513685,0.513240,0.509669
1047.0,1.000000,1.000000,1.000000,0.054691,-0.002487,1.998524,1.994953,1.992590,0.513663,0.513190,0.509423,0.513686,0.513242,0.509683
1047.5,1.000000,1.000000,1.000000,0.054693,-0.002499,1.998527,1.994961,1.992561,0.513664,0.513192,0.509433,0.513686,0.513244,0.509696
1048.0,1.000000,1.000000,1.000000,0.054694,-0.002510,1.998530,1.994968,1.992532,0.513665,0.513194,0.509443,0.513687,0.513245,0.509709
1048.5,1.000000,1.000000,1.000000,0.054696,-0.002521,1.998534,1.994975,1.992503,0.513665,0.513196,0.509454,0.513688,0.513247,0.509724
1049.0,1.000000,1.000000,1.000000,0.054697,-0.002640,1.998537,1.994982,1.992475,0.513666,0.513198,0.509437,0.513688,0.513249,0.509618
1049.5,1.000000,1.000000,1.000000,0.054699,-0.002755,1.998540,1.994990,1.992446,0.513667,0.513200,0.509421,0.513689,0.513251,0.509528
1050.0,1.000000,1.000000,1.000000,0.054701,-0.002865,1.998544,1.994997,1.992417,0.513668,0.513202,0.509407,0.513690,0.513252,0.509451
1050.5,1.000000,1.000000,1.000000,0.054702,-0.002971,1.998547,1.995004,1.992389,0.513669,0.513204,0.509394,0.513690,0.513254,0.509386
1051.0,1.000000,1.000000,1.000000,0.054704,-0.003072,1.998550,1.995011,1.992361,0.513669,0.513206,0.509382,0.513691,0.513256,0.509332
1051.5,1.000000,1.000000,1.000000,0.054705,-0.003168,1.998554,1.995019,1.992332,0.513670,0.513207,0.509372,0.513692,0.513257,0.509288
1052.0,1.000000,1.000000,1.000000,0.054707,-0.003261,1.998557,1.995026,1.992304,0.513671,0.513209,0.509363,0.513692,0.513259,0.509253
1052.5,1.000000,1.000000,1.000000,0.054708,-0.003350,1.998560,1.995033,1.992275,0.513672,0.513211,0.509355,0.513693,0.513261,0.509225
1053.0,1.000000,1.000000,1.000000,0.054710,-0.003435,1.998563,1.995040,1.992247,0.513673,0.513213,0.509348,0.513694,0.513263,0.509203
1053.5,1.000000,1.000000,1.000000,0.054711,-0.003517,1.998567,1.995048,1.992219,0.513673,0.513215,0.509342,0.513694,0.513264,0.509188
1054.0,1.000000,1.000000,1.000000,0.054712,-0.003595,1.998570,1.995055,1.992190,0.513674,0.513217,0.509336,0.513695,0.513266,0.509177
1054.5,1.000000,1.000000,1.000000,0.054714,-0.003670,1.998573,1.995062,1.992162,0.513675,0.513218,0.509332,0.513696,0.513268,0.509171
1055.0,1.000000,1.000000,1.000000,0.054715,-0.003742,1.998577,1.995069,1.992134,0.513676,0.513220,0.509328,0.513696,0.513269,0.509169
1055.5,1.000000,1.000000,1.000000,0.054717,-0.003811,1.998580,1.995077,1.992106,0.513676,0.513222,0.509325,0.513697,0.513271,0.509170
1056.0,1.000000,1.000000,1.000000,0.054718,-0.003877,1.998583,1.995084,1.992078,0.513677,0.513224,0.509322,0.513698,0.513273,0.509174
1056.5,1.000000,1.000000,1.000000,0.054719,-0.003940,1.998587,1.995091,1.992050,0.513678,0.513226,0.509320,0.513698,0.513274,0.509181
1057.0,1.000000,1.000000,1.000000,0.054721,-0.004001,1.998590,1.995098,1.992022,0.513679,0.513227,0.509319,0.513699,0.513276,0.509189
1057.5,1.000000,1.000000,1.000000,0.054722,-0.004059,1.998593,1.995106,1.991994,0.513679,0.513229,0.509318,0.513699,0.513278,0.509199
1058.0,1.000000,1.000000,1.000000,0.054723,-0.004115,1.998596,1.995113,1.991966,0.513680,0.513231,0.509318,0.513700,0.513279,0.509211
1058.5,1.000000,1.000000,1.000000,0.054724,-0.004168,1.998600,1.995120,1.991938,0.513681,0.513233,0.509319,0.513701,0.513281,0.509225
1059.0,1.000000,1.000000,1.000000,0.054726,-0.004219,1.998603,1.995127,1.991911,0.513681,0.513235,0.509320,0.513701,0.513283,0.509239
1059.5,1.000000,1.000000,1.000000,0.054727,-0.004268,1.998606,1.995135,1.991883,0.513682,0.513236,0.509321,0.513702,0.513284,0.509255
1060.0,1.000000,1.000000,1.000000,0.054728,-0.004315,1.998610,1.995142,1.991856,0.513683,0.513238,0.509323,0.513702,0.513286,0.509272
1060.5,1.000000,1.000000,1.000000,0.054729,-0.004417,1.998613,1.995149,1.991828,0.513684,0.513240,0.509311,0.513703,0.513287,0.509225
1061.0,1.000000,1.000000,1.000000,0.054730,-0.004515,1.998616,1.995156,1.991801,0.513684,0.513242,0.509300,0.513703,0.513289,0.509187
1061.5,1.000000,1.000000,1.000000,0.054732,-0.004608,1.998619,1.995164,1.991774,0.513685,0.513243,0.509290,0.513704,0.513291,0.509156
1062.0,1.000000,1.000000,1.000000,0.054733,-0.004698,1.998623,1.995171,1.991747,0.513686,0.513245,0.509280,0.513705,0.513292,0.509130
1062.5,1.000000,1.000000,1.000000,0.054734,-0.004788,1.998626,1.995178,1.991720,0.513686,0.513247,0.509271,0.513705,0.513294,0.509106
1063.0,1.000000,1.000000,1.000000,0.054735,-0.004875,1.998629,1.995185,1.991693,0.513687,0.513249,0.509262,0.513706,0.513295,0.509087
1063.5,1.000000,1.000000,1.000000,0.054736,-0.004958,1.998633,1.995193,1.991666,0.513688,0.513250,0.509255,0.513706,0.513297,0.509073
1064.0,1.000000,1.000000,1.000000,0.054737,-0.005038,1.998636,1.995200,1.991639,0.513688,0.513252,0.509248,0.513707,0.513299,0.509063
1064.5,1.000000,1.000000,1.000000,0.054738,-0.005114,1.998639,1.995207,1.991613,0.513689,0.513254,0.509242,0.513707,0.513300,0.509057
1065.0,1.000000,1.000000,1.000000,0.054739,-0.005188,1.998642,1.995214,1.991586,0.513690,0.513256,0.509236,0.513708,0.513302,0.509055
1065.5,1.000000,1.000000,1.000000,0.054740,-0.005258,1.998646,1.995222,1.991560,0.513690,0.513257,0.509232,0.513708,0.513303,0.509056
1066.0,1.000000,1.000000,1.000000,0.054741,-0.005325,1.998649,1.995229,1.991534,0.513691,0.513259,0.509228,0.513709,0.513305,0.509059
1066.5,1.000000,1.000000,1.000000,0.054742,-0.005389,1.998652,1.995236,1.991507,0.513692,0.513261,0.509225,0.513709,0.513307,0.509065
1067.0,1.000000,1.000000,1.000000,0.054743,-0.005451,1.998656,1.995243,1.991481,0.513692,0.513262,0.509222,0.513710,0.513308,0.509073
1067.5,1.000000,1.000000,1.000000,0.054744,-0.005510,1.998659,1.995251,1.991456,0.513693,0.513264,0.509220,0.513710,0.513310,0.509082
1068.0,1.000000,1.000000,1.000000,0.054745,-0.005567,1.998662,1.995258,1.991430,0.513694,0.513266,0.509219,0.513711,0.513311,0.509093
1068.5,1.000000,1.000000,1.000000,0.054746,-0.005621,1.998665,1.995265,1.991404,0.513694,0.513267,0.509218,0.513711,0.513313,0.509105
1069.0,1.000000,1.000000,1.000000,0.054747,-0.005673,1.998669,1.995272,1.991379,0.513695,0.513269,0.509218,0.513712,0.513314,0.509119
1069.5,1.000000,1.000000,1.000000,0.054748,-0.005723,1.998672,1.995280,1.991354,0.513695,0.513271,0.509218,0.513712,0.513316,0.509133
1070.0,1.000000,1.000000,1.000000,0.054749,-0.005771,1.998675,1.995287,1.991328,0.513696,0.513272,0.509219,0.513713,0.513317,0.509147
1070.5,1.000000,1.000000,1.000000,0.054749,-0.005817,1.998678,1.995294,1.991303,0.513697,0.513274,0.509220,0.513713,0.513319,0.509162
1071.0,1.000000,1.000000,1.000000,0.054750,-0.005861,1.998682,1.995301,1.991279,0.513697,0.513276,0.509221,0.513714,0.513320,0.509178
1071.5,1.000000,1.000000,1.000000,0.054751,-0.005903,1.998685,1.995309,1.991254,0.513698,0.513277,0.509223,0.513714,0.513322,0.509193
1072.0,1.000000,1.000000,1.000000,0.054752,-0.005945,1.998688,1.995316,1.991229,0.513698,0.513279,0.509225,0.513715,0.513323,0.509207
1072.5,1.000000,1.000000,1.000000,0.054753,-0.006133,1.998691,1.995323,1.991205,0.513699,0.513281,0.509189,0.513715,0.513325,0.509057
1073.0,1.000000,1.000000,1.000000,0.054753,-0.006359,1.998695,1.995330,1.991181,0.513700,0.513282,0.509143,0.513716,0.513326,0.508873
1073.5,1.000000,1.000000,1.000000,0.054754,-0.006577,1.998698,1.995338,1.991157,0.513700,0.513284,0.509099,0.513716,0.513328,0.508713
1074.0,1.000000,1.000000,1.000000,0.054755,-0.006785,1.998701,1.995345,1.991133,0.513701,0.513285,0.509057,0.513717,0.513329,0.508574
1074.5,1.000000,1.000000,1.000000,0.054756,-0.006984,1.998704,1.995352,1.991109,0.513701,0.513287,0.509018,0.513717,0.513331,0.508455
1075.0,1.000000,1.000000,1.000000,0.054756,-0.007175,1.998708,1.995359,1.991086,0.513702,0.513289,0.508981,0.513717,0.513332,0.508353
1075.5,1.000000,1.000000,1.000000,0.054757,-0.007359,1.998711,1.995367,1.991062,0.513702,0.513290,0.508945,0.513718,0.513334,0.508267
1076.0,1.000000,1.000000,1.000000,0.054758,-0.007534,1.998714,1.995374,1.991039,0.513703,0.513292,0.508912,0.513718,0.513335,0.508195
1076.5,1.000000,1.000000,1.000000,0.054758,-0.007702,1.998717,1.995381,1.991016,0.513704,0.513294,0.508881,0.513719,0.513337,0.508136
1077.0,1.000000,1.000000,1.000000,0.054759,-0.007864,1.998721,1.995388,1.990993,0.513704,0.513295,0.508851,0.513719,0.513338,0.508088
1077.5,1.000000,1.000000,1.000000,0.054760,-0.008018,1.998724,1.995395,1.990970,0.513705,0.513297,0.508823,0.513720,0.513340,0.508050
1078.0,1.000000,1.000000,1.000000,0.054760,-0.008166,1.998727,1.995403,1.990948,0.513705,0.513298,0.508796,0.513720,0.513341,0.508021
1078.5,1.000000,1.000000,1.000000,0.054761,-0.008308,1.998730,1.995410,1.990926,0.513706,0.513300,0.508772,0.513720,0.513342,0.508000
1079.0,1.000000,1.000000,1.000000,0.054761,-0.008444,1.998734,1.995417,1.990903,0.513706,0.513301,0.508748,0.513721,0.513344,0.507986
1079.5,1.000000,1.000000,1.000000,0.054762,-0.008574,1.998737,1.995424,1.990881,0.513707,0.513303,0.508727,0.513721,0.513345,0.507980
1080.0,1.000000,1.000000,1.000000,0.054762,-0.008699,1.998740,1.995432,1.990859,0.513707,0.513305,0.508708,0.513722,0.513347,0.507983
1080.5,1.000000,1.000000,1.000000,0.054763,-0.008819,1.998743,1.995439,1.990837,0.513708,0.513306,0.508690,0.513722,0.513348,0.507992
1081.0,1.000000,1.000000,1.000000,0.054763,-0.008934,1.998747,1.995446,1.990815,0.513708,0.513308,0.508675,0.513722,0.513350,0.508006
1081.5,1.000000,1.000000,1.000000,0.054764,-0.009044,1.998750,1.995453,1.990794,0.513709,0.513309,0.508661,0.513723,0.513351,0.508024
1082.0,1.000000,1.000000,1.000000,0.054764,-0.009149,1.998753,1.995461,1.990772,0.513709,0.513311,0.508648,0.513723,0.513352,0.508046
1082.5,1.000000,1.000000,1.000000,0.054765,-0.009250,1.998756,1.995468,1.990750,0.513710,0.513312,0.508637,0.513724,0.513354,0.508071
1083.0,1.000000,1.000000,1.000000,0.054765,-0.009347,1.998760,1.995475,1.990728,0.513710,0.513314,0.508627,0.513724,0.513355,0.508097
1083.5,1.000000,1.000000,1.000000,0.054766,-0.009439,1.998763,1.995482,1.990706,0.513711,0.513315,0.508618,0.513724,0.513357,0.508125
1084.0,1.000000,1.000000,1.000000,0.054766,-0.009528,1.998766,1.995489,1.990684,0.513711,0.513317,0.508610,0.513725,0.513358,0.508154
1084.5,1.000000,1.000000,1.000000,0.054766,-0.009613,1.998769,1.995497,1.990662,0.513712,0.513318,0.508603,0.513725,0.513359,0.508184
1085.0,1.000000,1.000000,1.000000,0.054767,-0.009730,1.998772,1.995504,1.990640,0.513712,0.513320,0.508588,0.513725,0.513361,0.508175
1085.5,1.000000,1.000000,1.000000,0.054767,-0.009841,1.998776,1.995511,1.990618,0.513713,0.513321,0.508574,0.513726,0.513362,0.508171
1086.0,1.000000,1.000000,1.000000,0.054767,-0.009948,1.998779,1.995518,1.990595,0.513713,0.513323,0.508562,0.513726,0.513363,0.508171
1086.5,1.000000,1.000000,1.000000,0.054768,-0.010050,1.998782,1.995526,1.990573,0.513714,0.513324,0.508551,0.513726,0.513365,0.508174
1087.0,1.000000,1.000000,1.000000,0.054768,-0.010149,1.998785,1.995533,1.990551,0.513714,0.513326,0.508540,0.513727,0.513366,0.508179
1087.5,1.000000,1.000000,1.000000,0.054768,-0.010243,1.998789,1.995540,1.990529,0.513715,0.513327,0.508531,0.513727,0.513368,0.508188
1088.0,1.000000,1.000000,1.000000,0.054768,-0.010333,1.998792,1.995547,1.990507,0.513715,0.513329,0.508523,0.513727,0.513369,0.508198
1088.5,1.000000,1.000000,1.000000,0.054769,-0.010419,1.998795,1.995555,1.990485,0.513715,0.513330,0.508515,0.513728,0.513370,0.508210
1089.0,1.000000,1.000000,1.000000,0.054769,-0.010502,1.998798,1.995562,1.990463,0.513716,0.513332,0.508508,0.513728,0.513372,0.508224
1089.5,1.000000,1.000000,1.000000,0.054769,-0.010581,1.998801,1.995569,1.990441,0.513716,0.513333,0.508503,0.513728,0.513373,0.508238
1090.0,1.000000,1.000000,1.000000,0.054769,-0.010657,1.998805,1.995576,1.990419,0.513717,0.513335,0.508498,0.513729,0.513374,0.508254
1090.5,1.000000,1.000000,1.000000,0.054769,-0.010730,1.998808,1.995583,1.990397,0.513717,0.513336,0.508493,0.513729,0.513376,0.508270
1091.0,1.000000,1.000000,1.000000,0.054770,-0.010800,1.998811,1.995591,1.990375,0.513718,0.513338,0.508490,0.513729,0.513377,0.508289
1091.5,1.000000,1.000000,1.000000,0.054770,-0.010867,1.998814,1.995598,1.990353,0.513718,0.513339,0.508488,0.513729,0.513378,0.508309
1092.0,1.000000,1.000000,1.000000,0.054770,-0.010931,1.998817,1.995605,1.990331,0.513718,0.513340,0.508486,0.513730,0.513379,0.508331
1092.5,1.000000,1.000000,1.000000,0.054770,-0.010985,1.998821,1.995612,1.990310,0.513719,0.513342,0.508488,0.513730,0.513381,0.508362
1093.0,1.000000,1.000000,1.000000,0.054770,-0.011036,1.998824,1.995619,1.990288,0.513719,0.513343,0.508490,0.513730,0.513382,0.508393
1093.5,1.000000,1.000000,1.000000,0.054770,-0.011085,1.998827,1.995627,1.990266,0.513720,0.513345,0.508493,0.513731,0.513383,0.508423
1094.0,1.000000,1.000000,1.000000,0.054770,-0.011132,1.998830,1.995634,1.990244,0.513720,0.513346,0.508496,0.513731,0.513385,0.508453
1094.5,1.000000,1.000000,1.000000,0.054770,-0.011178,1.998833,1.995641,1.990222,0.513720,0.513348,0.508500,0.513731,0.513386,0.508483
1095.0,1.000000,1.000000,1.000000,0.054770,-0.011196,1.998837,1.995648,1.990200,0.513721,0.513349,0.508511,0.513731,0.513387,0.508539
1095.5,1.000000,1.000000,1.000000,0.054770,-0.011214,1.998840,1.995656,1.990178,0.513721,0.513350,0.508522,0.513732,0.513388,0.508590
1096.0,1.000000,1.000000,1.000000,0.054770,-0.011231,1.998843,1.995663,1.990155,0.513721,0.513352,0.508533,0.513732,0.513390,0.508639
1096.5,1.000000,1.000000,1.000000,0.054770,-0.011248,1.998846,1.995670,1.990133,0.513722,0.513353,0.508545,0.513732,0.513391,0.508683
1097.0,1.000000,1.000000,1.000000,0.054770,-0.011264,1.998849,1.995677,1.990111,0.513722,0.513355,0.508556,0.513732,0.513392,0.508724
1097.5,1.000000,1.000000,1.000000,0.054770,-0.011279,1.998853,1.995684,1.990089,0.513723,0.513356,0.508568,0.513733,0.513393,0.508763
1098.0,1.000000,1.000000,1.000000,0.054770,-0.011293,1.998856,1.995692,1.990067,0.513723,0.513357,0.508580,0.513733,0.513395,0.508798
1098.5,1.000000,1.000000,1.000000,0.054770,-0.011307,1.998859,1.995699,1.990045,0.513723,0.513359,0.508591,0.513733,0.513396,0.508830
1099.0,1.000000,1.000000,1.000000,0.054770,-0.011320,1.998862,1.995706,1.990023,0.513724,0.513360,0.508603,0.513733,0.513397,0.508861
1099.5,1.000000,1.000000,1.000000,0.054770,-0.011333,1.998865,1.995713,1.990001,0.513724,0.513361,0.508615,0.513734,0.513398,0.508889
1100.0,1.000000,1.000000,1.000000,0.054770,-0.011345,1.998868,1.995720,1.989979,0.513724,0.513363,0.508627,0.513734,0.513400,0.508914
1100.5,1.000000,1.000000,1.000000,0.054769,-0.011357,1.998872,1.995728,1.989957,0.513725,0.513364,0.508639,0.513734,0.513401,0.508939
1101.0,1.000000,1.000000,1.000000,0.054769,-0.011368,1.998875,1.995735,1.989935,0.513725,0.513366,0.508651,0.513734,0.513402,0.508961
1101.5,1.000000,1.000000,1.000000,0.054769,-0.011379,1.998878,1.995742,1.989914,0.513725,0.513367,0.508663,0.513734,0.513403,0.508982
1102.0,1.000000,1.000000,1.000000,0.054769,-0.011389,1.998881,1.995749,1.989892,0.513726,0.513368,0.508675,0.513735,0.513404,0.509001
1102.5,1.000000,1.000000,1.000000,0.054769,-0.011399,1.998884,1.995756,1.989870,0.513726,0.513370,0.508687,0.513735,0.513406,0.509020
1103.0,1.000000,1.000000,1.000000,0.054769,-0.011408,1.998888,1.995764,1.989848,0.513726,0.513371,0.508701,0.513735,0.513407,0.509041
1103.5,1.000000,1.000000,1.000000,0.054768,-0.011418,1.998891,1.995771,1.989826,0.513727,0.513372,0.508715,0.513735,0.513408,0.509067
1104.0,1.000000,1.000000,1.000000,0.054768,-0.011426,1.998894,1.995778,1.989804,0.513727,0.513374,0.508730,0.513735,0.513409,0.509095
1104.5,1.000000,1.000000,1.000000,0.054768,-0.011435,1.998897,1.995785,1.989782,0.513727,0.513375,0.508746,0.513736,0.513410,0.509126
1105.0,1.000000,1.000000,1.000000,0.054767,-0.011442,1.998900,1.995792,1.989759,0.513727,0.513376,0.508763,0.513736,0.513412,0.509157
1105.5,1.000000,1.000000,1.000000,0.054767,-0.011483,1.998903,1.995799,1.989737,0.513728,0.513377,0.508773,0.513736,0.513413,0.509153
1106.0,1.000000,1.000000,1.000000,0.054767,-0.011522,1.998906,1.995807,1.989714,0.513728,0.513379,0.508782,0.513736,0.513414,0.509154
1106.5,1.000000,1.000000,1.000000,0.054766,-0.011559,1.998910,1.995814,1.989690,0.513728,0.513380,0.508793,0.513736,0.513415,0.509158
1107.0,1.000000,1.000000,1.000000,0.054766,-0.011595,1.998913,1.995821,1.989667,0.513729,0.513381,0.508805,0.513736,0.513416,0.509166
1107.5,1.000000,1.000000,1.000000,0.054766,-0.011629,1.998916,1.995828,1.989643,0.513729,0.513383,0.508817,0.513736,0.513417,0.509176
1108.0,1.000000,1.000000,1.000000,0.054765,-0.011662,1.998919,1.995835,1.989619,0.513729,0.513384,0.508829,0.513737,0.513419,0.509188
1108.5,1.000000,1.000000,1.000000,0.054765,-0.011693,1.998922,1.995843,1.989594,0.513729,0.513385,0.508842,0.513737,0.513420,0.509201
1109.0,1.000000,1.000000,1.000000,0.054764,-0.011723,1.998925,1.995850,1.989569,0.513730,0.513386,0.508855,0.513737,0.513421,0.509217
1109.5,1.000000,1.000000,1.000000,0.054764,-0.011752,1.998929,1.995857,1.989544,0.513730,0.513388,0.508869,0.513737,0.513422,0.509233
1110.0,1.000000,1.000000,1.000000,0.054764,-0.011780,1.998932,1.995864,1.989519,0.513730,0.513389,0.508883,0.513737,0.513423,0.509249
1110.5,1.000000,1.000000,1.000000,0.054763,-0.011806,1.998935,1.995871,1.989494,0.513730,0.513390,0.508897,0.513737,0.513424,0.509266
1111.0,1.000000,1.000000,1.000000,0.054763,-0.011832,1.998938,1.995878,1.989468,0.513731,0.513391,0.508911,0.513737,0.513425,0.509284
1111.5,1.000000,1.000000,1.000000,0.054762,-0.011856,1.998941,1.995886,1.989442,0.513731,0.513393,0.508925,0.513738,0.513426,0.509301
1112.0,1.000000,1.000000,1.000000,0.054762,-0.011879,1.998944,1.995893,1.989416,0.513731,0.513394,0.508939,0.513738,0.513428,0.509318
1112.5,1.000000,1.000000,1.000000,0.054761,-0.011902,1.998947,1.995900,1.989390,0.513731,0.513395,0.508954,0.513738,0.513429,0.509335
1113.0,1.000000,1.000000,1.000000,0.054761,-0.011923,1.998951,1.995907,1.989364,0.513731,0.513396,0.508968,0.513738,0.513430,0.509352
1113.5,1.000000,1.000000,1.000000,0.054760,-0.011944,1.998954,1.995914,1.989337,0.513732,0.513398,0.508983,0.513738,0.513431,0.509368
1114.0,1.000000,1.000000,1.000000,0.054759,-0.011963,1.998957,1.995922,1.989311,0.513732,0.513399,0.508997,0.513738,0.513432,0.509384
1114.5,1.000000,1.000000,1.000000,0.054759,-0.011982,1.998960,1.995929,1.989284,0.513732,0.513400,0.509012,0.513738,0.513433,0.509400
1115.0,1.000000,1.000000,1.000000,0.054758,-0.012000,1.998963,1.995936,1.989257,0.513732,0.513401,0.509026,0.513738,0.513434,0.509415
1115.5,1.000000,1.000000,1.000000,0.054758,-0.012017,1.998966,1.995943,1.989231,0.513733,0.513403,0.509041,0.513738,0.513435,0.509431
1116.0,1.000000,1.000000,1.000000,0.054757,-0.012034,1.998969,1.995950,1.989204,0.513733,0.513404,0.509055,0.513738,0.513436,0.509447
1116.5,1.000000,1.000000,1.000000,0.054756,-0.012050,1.998972,1.995957,1.989177,0.513733,0.513405,0.509070,0.513739,0.513437,0.509464
1117.0,1.000000,1.000000,1.000000,0.054756,-0.012065,1.998976,1.995964,1.989150,0.513733,0.513406,0.509085,0.513739,0.513438,0.509481
1117.5,1.000000,1.000000,1.000000,0.054755,-0.012080,1.998979,1.995972,1.989122,0.513733,0.513407,0.509100,0.513739,0.513439,0.509498
1118.0,1.000000,1.000000,1.000000,0.054754,-0.012094,1.998982,1.995979,1.989095,0.513733,0.513408,0.509116,0.513739,0.513441,0.509515
1118.5,1.000000,1.000000,1.000000,0.054754,-0.012107,1.998985,1.995986,1.989068,0.513734,0.513410,0.509131,0.513739,0.513442,0.509533
1119.0,1.000000,1.000000,1.000000,0.054753,-0.012120,1.998988,1.995993,1.989041,0.513734,0.513411,0.509146,0.513739,0.513443,0.509550
1119.5,1.000000,1.000000,1.000000,0.054752,-0.012132,1.998991,1.996000,1.989014,0.513734,0.513412,0.509162,0.513739,0.513444,0.509567
1120.0,1.000000,1.000000,1.000000,0.054751,-0.012144,1.998994,1.996007,1.988986,0.513734,0.513413,0.509177,0.513739,0.513445,0.509583
1120.5,1.000000,1.000000,1.000000,0.054751,-0.012155,1.998997,1.996015,1.988959,0.513734,0.513414,0.509192,0.513739,0.513446,0.509600
1121.0,1.000000,1.000000,1.000000,0.054750,-0.012166,1.999001,1.996022,1.988932,0.513734,0.513415,0.509208,0.513739,0.513447,0.509616
1121.5,1.000000,1.000000,1.000000,0.054749,-0.012177,1.999004,1.996029,1.988905,0.513735,0.513417,0.509223,0.513739,0.513448,0.509632
1122.0,1.000000,1.000000,1.000000,0.054748,-0.012187,1.999007,1.996036,1.988877,0.513735,0.513418,0.509238,0.513739,0.513449,0.509648
1122.5,1.000000,1.000000,1.000000,0.054747,-0.012196,1.999010,1.996043,1.988850,0.513735,0.513419,0.509253,0.513739,0.513450,0.509664
1123.0,1.000000,1.000000,1.000000,0.054746,-0.012205,1.999013,1.996050,1.988823,0.513735,0.513420,0.509269,0.513739,0.513451,0.509679
1123.5,1.000000,1.000000,1.000000,0.054746,-0.012214,1.999016,1.996057,1.988796,0.513735,0.513421,0.509284,0.513739,0.513452,0.509694
1124.0,1.000000,1.000000,1.000000,0.054745,-0.012222,1.999019,1.996065,1.988769,0.513735,0.513422,0.509299,0.513739,0.513453,0.509708
1124.5,1.000000,1.000000,1.000000,0.054744,-0.012231,1.999022,1.996072,1.988742,0.513735,0.513423,0.509314,0.513739,0.513454,0.509722
1125.0,1.000000,1.000000,1.000000,0.054743,-0.012238,1.999025,1.996079,1.988715,0.513736,0.513424,0.509328,0.513739,0.513455,0.509735
1125.5,1.000000,1.000000,1.000000,0.054742,-0.012246,1.999028,1.996086,1.988689,0.513736,0.513426,0.509343,0.513739,0.513456,0.509748
1126.0,1.000000,1.000000,1.000000,0.054741,-0.012253,1.999032,1.996093,1.988662,0.513736,0.513427,0.509357,0.513739,0.513457,0.509760
1126.5,1.000000,1.000000,1.000000,0.054740,-0.012260,1.999035,1.996100,1.988636,0.513736,0.513428,0.509371,0.513739,0.513458,0.509771
1127.0,1.000000,1.000000,1.000000,0.054739,-0.012266,1.999038,1.996107,1.988610,0.513736,0.513429,0.509385,0.513739,0.513459,0.509782
1127.5,1.000000,1.000000,1.000000,0.054738,-0.012272,1.999041,1.996115,1.988584,0.513736,0.513430,0.509399,0.513739,0.513460,0.509792
1128.0,1.000000,1.000000,1.000000,0.054737,-0.012278,1.999044,1.996122,1.988558,0.513736,0.513431,0.509413,0.513739,0.513461,0.509802
1128.5,1.000000,1.000000,1.000000,0.054736,-0.012284,1.999047,1.996129,1.988532,0.513736,0.513432,0.509426,0.513739,0.513462,0.509812
1129.0,1.000000,1.000000,1.000000,0.054735,-0.012289,1.999050,1.996136,1.988507,0.513736,0.513433,0.509440,0.513739,0.513462,0.509822
1129.5,1.000000,1.000000,1.000000,0.054734,-0.012295,1.999053,1.996143,1.988482,0.513736,0.513434,0.509453,0.513739,0.513463,0.509832
1130.0,1.000000,1.000000,1.000000,0.054733,-0.012300,1.999056,1.996150,1.988457,0.513736,0.513435,0.509467,0.513739,0.513464,0.509842
1130.5,1.000000,1.000000,1.000000,0.054732,-0.012305,1.999059,1.996157,1.988432,0.513737,0.513436,0.509480,0.513739,0.513465,0.509852
1131.0,1.000000,1.000000,1.000000,0.054731,-0.012309,1.999062,1.996164,1.988407,0.513737,0.513437,0.509493,0.513739,0.513466,0.509862
1131.5,1.000000,1.000000,1.000000,0.054730,-0.012314,1.999065,1.996171,1.988383,0.513737,0.513439,0.509506,0.513739,0.513467,0.509872
1132.0,1.000000,1.000000,1.000000,0.054729,-0.012318,1.999069,1.996179,1.988359,0.513737,0.513440,0.509519,0.513739,0.513468,0.509883
1132.5,1.000000,1.000000,1.000000,0.054727,-0.012322,1.999072,1.996186,1.988335,0.513737,0.513441,0.509532,0.513739,0.513469,0.509894
1133.0,1.000000,1.000000,1.000000,0.054726,-0.012326,1.999075,1.996193,1.988311,0.513737,0.513442,0.509545,0.513739,0.513470,0.509905
1133.5,1.000000,1.000000,1.000000,0.054725,-0.012330,1.999078,1.996200,1.988288,0.513737,0.513443,0.509559,0.513739,0.513471,0.509915
1134.0,1.000000,1.000000,1.000000,0.054724,-0.012333,1.999081,1.996207,1.988264,0.513737,0.513444,0.509571,0.513739,0.513472,0.509926
1134.5,1.000000,1.000000,1.000000,0.054723,-0.012337,1.999084,1.996214,1.988241,0.513737,0.513445,0.509584,0.513739,0.513473,0.509937
1135.0,1.000000,1.000000,1.000000,0.054721,-0.012364,1.999087,1.996221,1.988219,0.513737,0.513446,0.509591,0.513738,0.513473,0.509921
1135.5,1.000000,1.000000,1.000000,0.054720,-0.012390,1.999090,1.996228,1.988196,0.513737,0.513447,0.509598,0.513738,0.513474,0.509908
1136.0,1.000000,1.000000,1.000000,0.054719,-0.012415,1.999093,1.996235,1.988174,0.513737,0.513448,0.509605,0.513738,0.513475,0.509898
1136.5,1.000000,1.000000,1.000000,0.054718,-0.012439,1.999096,1.996243,1.988152,0.513737,0.513449,0.509612,0.513738,0.513476,0.509891
1137.0,1.000000,1.000000,1.000000,0.054716,-0.012463,1.999099,1.996250,1.988130,0.513737,0.513450,0.509620,0.513738,0.513477,0.509887
1137.5,1.000000,1.000000,1.000000,0.054715,-0.012485,1.999102,1.996257,1.988108,0.513737,0.513451,0.509628,0.513738,0.513478,0.509886
1138.0,1.000000,1.000000,1.000000,0.054714,-0.012506,1.999105,1.996264,1.988087,0.513737,0.513452,0.509636,0.513738,0.513479,0.509886
1138.5,1.000000,1.000000,1.000000,0.054713,-0.012526,1.999108,1.996271,1.988066,0.513737,0.513453,0.509644,0.513738,0.513480,0.509889
1139.0,1.000000,1.000000,1.000000,0.054711,-0.012546,1.999111,1.996278,1.988045,0.513737,0.513454,0.509653,0.513738,0.513480,0.509893
1139.5,1.000000,1.000000,1.000000,0.054710,-0.012564,1.999114,1.996285,1.988024,0.513737,0.513455,0.509661,0.513738,0.513481,0.509898
1140.0,1.000000,1.000000,1.000000,0.054709,-0.012582,1.999117,1.996292,1.988004,0.513737,0.513456,0.509670,0.513737,0.513482,0.509904
1140.5,1.000000,1.000000,1.000000,0.054707,-0.012599,1.999121,1.996299,1.987983,0.513737,0.513457,0.509679,0.513737,0.513483,0.509912
1141.0,1.000000,1.000000,1.000000,0.054706,-0.012616,1.999124,1.996306,1.987963,0.513737,0.513458,0.509688,0.513737,0.513484,0.509920
1141.5,1.000000,1.000000,1.000000,0.054704,-0.012632,1.999127,1.996313,1.987944,0.513737,0.513459,0.509697,0.513737,0.513485,0.509929
1142.0,1.000000,1.000000,1.000000,0.054703,-0.012647,1.999130,1.996321,1.987924,0.513737,0.513460,0.509707,0.513737,0.513485,0.509939
1142.5,1.000000,1.000000,1.000000,0.054702,-0.012661,1.999133,1.996328,1.987905,0.513737,0.513460,0.509716,0.513737,0.513486,0.509950
1143.0,1.000000,1.000000,1.000000,0.054700,-0.012675,1.999136,1.996335,1.987885,0.513737,0.513461,0.509726,0.513737,0.513487,0.509960
1143.5,1.000000,1.000000,1.000000,0.054699,-0.012688,1.999139,1.996342,1.987866,0.513737,0.513462,0.509736,0.513737,0.513488,0.509972
1144.0,1.000000,1.000000,1.000000,0.054697,-0.012701,1.999142,1.996349,1.987848,0.513737,0.513463,0.509745,0.513736,0.513489,0.509983
1144.5,1.000000,1.000000,1.000000,0.054696,-0.012713,1.999145,1.996356,1.987829,0.513737,0.513464,0.509755,0.513736,0.513490,0.509995
1145.0,1.000000,1.000000,1.000000,0.054694,-0.012791,1.999148,1.996363,1.987811,0.513737,0.513465,0.509748,0.513736,0.513490,0.509934
1145.5,1.000000,1.000000,1.000000,0.054693,-0.012865,1.999151,1.996370,1.987793,0.513737,0.513466,0.509742,0.513736,0.513491,0.509881
1146.0,1.000000,1.000000,1.000000,0.054691,-0.012936,1.999154,1.996377,1.987775,0.513737,0.513467,0.509736,0.513736,0.513492,0.509836
1146.5,1.000000,1.000000,1.000000,0.054690,-0.013005,1.999157,1.996384,1.987757,0.513737,0.513468,0.509731,0.513736,0.513493,0.509798
1147.0,1.000000,1.000000,1.000000,0.054688,-0.013070,1.999160,1.996391,1.987740,0.513737,0.513469,0.509727,0.513735,0.513494,0.509767
1147.5,1.000000,1.000000,1.000000,0.054686,-0.013133,1.999163,1.996398,1.987723,0.513737,0.513470,0.509723,0.513735,0.513494,0.509741
1148.0,1.000000,1.000000,1.000000,0.054685,-0.013193,1.999166,1.996405,1.987706,0.513737,0.513471,0.509720,0.513735,0.513495,0.509721
1148.5,1.000000,1.000000,1.000000,0.054683,-0.013250,1.999169,1.996412,1.987689,0.513736,0.513472,0.509718,0.513735,0.513496,0.509705
1149.0,1.000000,1.000000,1.000000,0.054682,-0.013296,1.999172,1.996419,1.987672,0.513736,0.513472,0.509718,0.513735,0.513497,0.509704
1149.5,1.000000,1.000000,1.000000,0.054680,-0.013341,1.999175,1.996427,1.987656,0.513736,0.513473,0.509719,0.513735,0.513497,0.509705
1150.0,1.000000,1.000000,1.000000,0.054678,-0.013383,1.999178,1.996434,1.987640,0.513736,0.513474,0.509721,0.513734,0.513498,0.509709
1150.5,1.000000,1.000000,1.000000,0.054677,-0.013424,1.999181,1.996441,1.987624,0.513736,0.513475,0.509723,0.513734,0.513499,0.509714
1151.0,1.000000,1.000000,1.000000,0.054675,-0.013462,1.999184,1.996448,1.987608,0.513736,0.513476,0.509725,0.513734,0.513500,0.509721
1151.5,1.000000,1.000000,1.000000,0.054673,-0.013500,1.999187,1.996455,1.987593,0.513736,0.513477,0.509728,0.513734,0.513500,0.509730
1152.0,1.000000,1.000000,1.000000,0.054672,-0.013535,1.999190,1.996462,1.987578,0.513736,0.513478,0.509731,0.513734,0.513501,0.509739
1152.5,1.000000,1.000000,1.000000,0.054670,-0.013570,1.999193,1.996469,1.987563,0.513736,0.513478,0.509734,0.513733,0.513502,0.509750
1153.0,1.000000,1.000000,1.000000,0.054668,-0.013602,1.999196,1.996476,1.987548,0.513736,0.513479,0.509738,0.513733,0.513503,0.509762
1153.5,1.000000,1.000000,1.000000,0.054667,-0.013634,1.999199,1.996483,1.987534,0.513735,0.513480,0.509742,0.513733,0.513503,0.509774
1154.0,1.000000,1.000000,1.000000,0.054665,-0.013682,1.999202,1.996490,1.987519,0.513735,0.513481,0.509741,0.513733,0.513504,0.509767
1154.5,1.000000,1.000000,1.000000,0.054663,-0.013728,1.999205,1.996497,1.987505,0.513735,0.513482,0.509741,0.513732,0.513505,0.509762
1155.0,1.000000,1.000000,1.000000,0.054661,-0.013773,1.999208,1.996504,1.987491,0.513735,0.513483,0.509742,0.513732,0.513505,0.509761
1155.5,1.000000,1.000000,1.000000,0.054659,-0.013815,1.999211,1.996511,1.987477,0.513735,0.513484,0.509743,0.513732,0.513506,0.509761
1156.0,1.000000,1.000000,1.000000,0.054658,-0.013856,1.999214,1.996518,1.987464,0.513735,0.513484,0.509744,0.513732,0.513507,0.509763
1156.5,1.000000,1.000000,1.000000,0.054656,-0.013895,1.999217,1.996525,1.987451,0.513735,0.513485,0.509746,0.513731,0.513508,0.509768
1157.0,1.000000,1.000000,1.000000,0.054654,-0.013933,1.999220,1.996532,1.987438,0.513735,0.513486,0.509748,0.513731,0.513508,0.509773
1157.5,1.000000,1.000000,1.000000,0.054652,-0.013968,1.999223,1.996539,1.987425,0.513734,0.513487,0.509750,0.513731,0.513509,0.509781
1158.0,1.000000,1.000000,1.000000,0.054650,-0.014003,1.999226,1.996546,1.987412,0.513734,0.513488,0.509753,0.513731,0.513510,0.509789
1158.5,1.000000,1.000000,1.000000,0.054648,-0.014036,1.999229,1.996553,1.987400,0.513734,0.513488,0.509757,0.513730,0.513510,0.509798
1159.0,1.000000,1.000000,1.000000,0.054647,-0.014067,1.999232,1.996560,1.987387,0.513734,0.513489,0.509760,0.513730,0.513511,0.509809
1159.5,1.000000,1.000000,1.000000,0.054645,-0.014098,1.999235,1.996567,1.987375,0.513734,0.513490,0.509764,0.513730,0.513512,0.509820
1160.0,1.000000,1.000000,1.000000,0.054643,-0.014127,1.999238,1.996574,1.987364,0.513734,0.513491,0.509769,0.513730,0.513512,0.509832
1160.5,1.000000,1.000000,1.000000,0.054641,-0.014154,1.999241,1.996581,1.987352,0.513733,0.513492,0.509773,0.513729,0.513513,0.509844
1161.0,1.000000,1.000000,1.000000,0.054639,-0.014181,1.999244,1.996588,1.987340,0.513733,0.513492,0.509778,0.513729,0.513514,0.509857
1161.5,1.000000,1.000000,1.000000,0.054637,-0.014206,1.999247,1.996595,1.987329,0.513733,0.513493,0.509783,0.513729,0.513514,0.509870
1162.0,1.000000,1.000000,1.000000,0.054635,-0.014231,1.999250,1.996602,1.987318,0.513733,0.513494,0.509789,0.513729,0.513515,0.509884
1162.5,1.000000,1.000000,1.000000,0.054633,-0.014254,1.999253,1.996609,1.987307,0.513733,0.513495,0.509794,0.513728,0.513516,0.509898
1163.0,1.000000,1.000000,1.000000,0.054631,-0.014277,1.999255,1.996616,1.987296,0.513733,0.513495,0.509800,0.513728,0.513516,0.509911
1163.5,1.000000,1.000000,1.000000,0.054629,-0.014298,1.999258,1.996623,1.987286,0.513732,0.513496,0.509806,0.513728,0.513517,0.509925
1164.0,1.000000,1.000000,1.000000,0.054627,-0.014319,1.999261,1.996630,1.987275,0.513732,0.513497,0.509813,0.513727,0.513517,0.509939
1164.5,1.000000,1.000000,1.000000,0.054625,-0.014339,1.999264,1.996637,1.987265,0.513732,0.513498,0.509819,0.513727,0.513518,0.509953
1165.0,1.000000,1.000000,1.000000,0.054623,-0.014358,1.999267,1.996644,1.987255,0.513732,0.513498,0.509826,0.513727,0.513519,0.509967
1165.5,1.000000,1.000000,1.000000,0.054621,-0.014376,1.999270,1.996651,1.987245,0.513732,0.513499,0.509833,0.513726,0.513519,0.509982
1166.0,1.000000,1.000000,1.000000,0.054619,-0.014393,1.999273,1.996658,1.987236,0.513731,0.513500,0.509840,0.513726,0.513520,0.509997
1166.5,1.000000,1.000000,1.000000,0.054617,-0.014410,1.999276,1.996665,1.987226,0.513731,0.513501,0.509848,0.513726,0.513521,0.510012
1167.0,1.000000,1.000000,1.000000,0.054614,-0.014397,1.999279,1.996672,1.987217,0.513731,0.513501,0.509864,0.513725,0.513521,0.510060
1167.5,1.000000,1.000000,1.000000,0.054612,-0.014384,1.999282,1.996679,1.987207,0.513731,0.513502,0.509879,0.513725,0.513522,0.510105
1168.0,1.000000,1.000000,1.000000,0.054610,-0.014373,1.999285,1.996686,1.987198,0.513730,0.513503,0.509894,0.513725,0.513522,0.510145
1168.5,1.000000,1.000000,1.000000,0.054608,-0.014361,1.999288,1.996693,1.987189,0.513730,0.513503,0.509909,0.513725,0.513523,0.510183
1169.0,1.000000,1.000000,1.000000,0.054606,-0.014350,1.999291,1.996700,1.987180,0.513730,0.513504,0.509924,0.513724,0.513523,0.510218
1169.5,1.000000,1.000000,1.000000,0.054604,-0.014340,1.999294,1.996707,1.987171,0.513730,0.513505,0.509939,0.513724,0.513524,0.510250
1170.0,1.000000,1.000000,1.000000,0.054601,-0.014330,1.999297,1.996714,1.987163,0.513730,0.513506,0.509954,0.513723,0.513525,0.510280
1170.5,1.000000,1.000000,1.000000,0.054599,-0.014320,1.999300,1.996721,1.987154,0.513729,0.513506,0.509969,0.513723,0.513525,0.510307
1171.0,1.000000,1.000000,1.000000,0.054597,-0.014311,1.999302,1.996728,1.987146,0.513729,0.513507,0.509983,0.513723,0.513526,0.510332
1171.5,1.000000,1.000000,1.000000,0.054595,-0.014302,1.999305,1.996735,1.987137,0.513729,0.513508,0.509998,0.513722,0.513526,0.510355
1172.0,1.000000,1.000000,1.000000,0.054593,-0.014294,1.999308,1.996742,1.987129,0.513729,0.513508,0.510012,0.513722,0.513527,0.510377
1172.5,1.000000,1.000000,1.000000,0.054590,-0.014286,1.999311,1.996749,1.987121,0.513728,0.513509,0.510026,0.513722,0.513527,0.510397
1173.0,1.000000,1.000000,1.000000,0.054588,-0.014278,1.999314,1.996756,1.987113,0.513728,0.513510,0.510040,0.513721,0.513528,0.510415
1173.5,1.000000,1.000000,1.000000,0.054586,-0.014297,1.999317,1.996762,1.987105,0.513728,0.513510,0.510047,0.513721,0.513529,0.510404
1174.0,1.000000,1.000000,1.000000,0.054584,-0.014315,1.999320,1.996769,1.987098,0.513727,0.513511,0.510055,0.513721,0.513529,0.510394
1174.5,1.000000,1.000000,1.000000,0.054581,-0.014332,1.999323,1.996776,1.987090,0.513727,0.513512,0.510062,0.513720,0.513530,0.510386
1175.0,1.000000,1.000000,1.000000,0.054579,-0.014348,1.999326,1.996783,1.987083,0.513727,0.513512,0.510070,0.513720,0.513530,0.510380
1175.5,1.000000,1.000000,1.000000,0.054577,-0.014364,1.999329,1.996790,1.987075,0.513727,0.513513,0.510078,0.513719,0.513531,0.510378
1176.0,1.000000,1.000000,1.000000,0.054574,-0.014379,1.999332,1.996797,1.987068,0.513726,0.513514,0.510087,0.513719,0.513531,0.510379
1176.5,1.000000,1.000000,1.000000,0.054572,-0.014393,1.999335,1.996804,1.987061,0.513726,0.513514,0.510096,0.513719,0.513532,0.510383
1177.0,1.000000,1.000000,1.000000,0.054570,-0.014407,1.999337,1.996811,1.987054,0.513726,0.513515,0.510105,0.513718,0.513532,0.510389
1177.5,1.000000,1.000000,1.000000,0.054567,-0.014420,1.999340,1.996818,1.987046,0.513725,0.513515,0.510115,0.513718,0.513533,0.510396
1178.0,1.000000,1.000000,1.000000,0.054565,-0.014433,1.999343,1.996825,1.987039,0.513725,0.513516,0.510125,0.513717,0.513533,0.510405
1178.5,1.000000,1.000000,1.000000,0.054562,-0.014445,1.999346,1.996832,1.987032,0.513725,0.513517,0.510136,0.513717,0.513534,0.510415
1179.0,1.000000,1.000000,1.000000,0.054560,-0.014457,1.999349,1.996839,1.987025,0.513725,0.513517,0.510147,0.513717,0.513534,0.510427
1179.5,1.000000,1.000000,1.000000,0.054557,-0.014468,1.999352,1.996846,1.987017,0.513724,0.513518,0.510157,0.513716,0.513535,0.510438
1180.0,1.000000,1.000000,1.000000,0.054555,-0.014479,1.999355,1.996853,1.987010,0.513724,0.513519,0.510168,0.513716,0.513535,0.510450
1180.5,1.000000,1.000000,1.000000,0.054553,-0.014489,1.999358,1.996859,1.987003,0.513724,0.513519,0.510179,0.513715,0.513536,0.510463
1181.0,1.000000,1.000000,1.000000,0.054550,-0.014499,1.999361,1.996866,1.986996,0.513723,0.513520,0.510190,0.513715,0.513536,0.510475
1181.5,1.000000,1.000000,1.000000,0.054548,-0.014509,1.999363,1.996873,1.986989,0.513723,0.513520,0.510201,0.513715,0.513537,0.510488
1182.0,1.000000,1.000000,1.000000,0.054545,-0.014518,1.999366,1.996880,1.986982,0.513723,0.513521,0.510212,0.513714,0.513537,0.510501
1182.5,1.000000,1.000000,1.000000,0.054543,-0.014526,1.999369,1.996887,1.986975,0.513722,0.513522,0.510224,0.513714,0.513538,0.510513
1183.0,1.000000,1.000000,1.000000,0.054540,-0.014535,1.999372,1.996894,1.986968,0.513722,0.513522,0.510235,0.513713,0.513538,0.510526
1183.5,1.000000,1.000000,1.000000,0.054538,-0.014543,1.999375,1.996901,1.986961,0.513722,0.513523,0.510246,0.513713,0.513539,0.510539
1184.0,1.000000,1.000000,1.000000,0.054535,-0.014550,1.999378,1.996908,1.986954,0.513721,0.513523,0.510257,0.513712,0.513539,0.510551
1184.5,1.000000,1.000000,1.000000,0.054532,-0.014558,1.999381,1.996915,1.986947,0.513721,0.513524,0.510269,0.513712,0.513539,0.510564
1185.0,1.000000,1.000000,1.000000,0.054530,-0.014565,1.999384,1.996922,1.986940,0.513720,0.513524,0.510280,0.513711,0.513540,0.510577
1185.5,1.000000,1.000000,1.000000,0.054527,-0.014571,1.999386,1.996928,1.986933,0.513720,0.513525,0.510292,0.513711,0.513540,0.510591
1186.0,1.000000,1.000000,1.000000,0.054525,-0.014610,1.999389,1.996935,1.986926,0.513720,0.513526,0.510295,0.513711,0.513541,0.510568
1186.5,1.000000,1.000000,1.000000,0.054522,-0.014647,1.999392,1.996942,1.986919,0.513719,0.513526,0.510299,0.513710,0.513541,0.510550
1187.0,1.000000,1.000000,1.000000,0.054519,-0.014682,1.999395,1.996949,1.986913,0.513719,0.513527,0.510303,0.513710,0.513542,0.510535
1187.5,1.000000,1.000000,1.000000,0.054517,-0.014716,1.999398,1.996956,1.986906,0.513719,0.513527,0.510307,0.513709,0.513542,0.510524
1188.0,1.000000,1.000000,1.000000,0.054514,-0.014748,1.999401,1.996963,1.986899,0.513718,0.513528,0.510312,0.513709,0.513543,0.510516
1188.5,1.000000,1.000000,1.000000,0.054511,-0.014780,1.999404,1.996970,1.986893,0.513718,0.513528,0.510317,0.513708,0.513543,0.510511
1189.0,1.000000,1.000000,1.000000,0.054509,-0.014809,1.999406,1.996977,1.986886,0.513718,0.513529,0.510323,0.513708,0.513543,0.510508
1189.5,1.000000,1.000000,1.000000,0.054506,-0.014838,1.999409,1.996983,1.986879,0.513717,0.513529,0.510328,0.513707,0.513544,0.510507
1190.0,1.000000,1.000000,1.000000,0.054503,-0.014865,1.999412,1.996990,1.986873,0.513717,0.513530,0.510334,0.513707,0.513544,0.510508
1190.5,1.000000,1.000000,1.000000,0.054501,-0.014892,1.999415,1.996997,1.986866,0.513716,0.513530,0.510340,0.513706,0.513545,0.510510
1191.0,1.000000,1.000000,1.000000,0.054498,-0.014917,1.999418,1.997004,1.986860,0.513716,0.513531,0.510346,0.513706,0.513545,0.510514
1191.5,1.000000,1.000000,1.000000,0.054495,-0.014941,1.999421,1.997011,1.986854,0.513716,0.513531,0.510353,0.513705,0.513545,0.510520
1192.0,1.000000,1.000000,1.000000,0.054493,-0.014964,1.999423,1.997018,1.986847,0.513715,0.513532,0.510360,0.513705,0.513546,0.510526
1192.5,1.000000,1.000000,1.000000,0.054490,-0.014986,1.999426,1.997024,1.986841,0.513715,0.513532,0.510367,0.513704,0.513546,0.510533
1193.0,1.000000,1.000000,1.000000,0.054487,-0.015008,1.999429,1.997031,1.986835,0.513714,0.513533,0.510374,0.513704,0.513547,0.510541
1193.5,1.000000,1.000000,1.000000,0.054484,-0.015028,1.999432,1.997038,1.986829,0.513714,0.513533,0.510381,0.513703,0.513547,0.510550
1194.0,1.000000,1.000000,1.000000,0.054481,-0.015047,1.999435,1.997045,1.986823,0.513714,0.513534,0.510388,0.513703,0.513547,0.510560
1194.5,1.000000,1.000000,1.000000,0.054479,-0.015066,1.999438,1.997052,1.986817,0.513713,0.513534,0.510396,0.513702,0.513548,0.510569
1195.0,1.000000,1.000000,1.000000,0.054476,-0.015084,1.999440,1.997059,1.986812,0.513713,0.513535,0.510403,0.513702,0.513548,0.510580
1195.5,1.000000,1.000000,1.000000,0.054473,-0.015101,1.999443,1.997066,1.986806,0.513712,0.513535,0.510411,0.513701,0.513548,0.510591
1196.0,1.000000,1.000000,1.000000,0.054470,-0.015118,1.999446,1.997072,1.986800,0.513712,0.513536,0.510419,0.513701,0.513549,0.510602
1196.5,1.000000,1.000000,1.000000,0.054467,-0.015133,1.999449,1.997079,1.986795,0.513711,0.513536,0.510427,0.513700,0.513549,0.510613
1197.0,1.000000,1.000000,1.000000,0.054464,-0.015148,1.999452,1.997086,1.986789,0.513711,0.513537,0.510435,0.513700,0.513549,0.510624
1197.5,1.000000,1.000000,1.000000,0.054461,-0.015163,1.999454,1.997093,1.986784,0.513710,0.513537,0.510443,0.513699,0.513550,0.510635
1198.0,1.000000,1.000000,1.000000,0.054459,-0.015177,1.999457,1.997100,1.986779,0.513710,0.513538,0.510451,0.513699,0.513550,0.510645
1198.5,1.000000,1.000000,1.000000,0.054456,-0.015190,1.999460,1.997106,1.986774,0.513710,0.513538,0.510458,0.513698,0.513550,0.510654
1199.0,1.000000,1.000000,1.000000,0.054453,-0.015203,1.999463,1.997113,1.986769,0.513709,0.513538,0.510466,0.513697,0.513551,0.510663
1199.5,1.000000,1.000000,1.000000,0.054450,-0.015215,1.999466,1.997120,1.986765,0.513709,0.513539,0.510474,0.513697,0.513551,0.510672
1200.0,1.200000,1.400000,1.001667,0.957647,0.025205,1.996960,1.994618,1.984251,0.513708,0.566602,0.520994,0.513696,0.741720,0.555884
1200.5,1.200000,1.400000,1.003326,0.957644,0.063967,1.994461,1.992123,1.981745,0.615372,0.607959,0.571980,0.950853,0.902768,0.771772
1201.0,1.200000,1.400000,1.004979,0.957641,0.101113,1.991968,1.989635,1.979246,0.616402,0.609060,0.582292,0.923125,0.878848,0.796879
1201.5,1.200000,1.400000,1.006625,0.957638,0.136712,1.989483,1.987153,1.976754,0.617434,0.610159,0.592202,0.897403,0.856684,0.818395
1202.0,1.200000,1.400000,1.008264,0.957635,0.170827,1.987005,1.984679,1.974269,0.618467,0.611256,0.601727,0.873622,0.836218,0.836700
1202.5,1.200000,1.400000,1.009896,0.957632,0.203521,1.984533,1.982212,1.971791,0.619502,0.612351,0.610882,0.851706,0.817380,0.852145
1203.0,1.200000,1.400000,1.011522,0.957629,0.234853,1.982069,1.979751,1.969320,0.620538,0.613444,0.619684,0.831575,0.800097,0.865049
1203.5,1.200000,1.400000,1.013141,0.957626,0.264879,1.979611,1.977297,1.966856,0.621575,0.614536,0.628147,0.813144,0.784294,0.875705
1204.0,1.200000,1.400000,1.014752,0.957623,0.293654,1.977160,1.974850,1.964400,0.622613,0.615625,0.636285,0.796324,0.769892,0.884381
1204.5,1.200000,1.400000,1.016358,0.957620,0.321230,1.974716,1.972410,1.961950,0.623653,0.616713,0.644112,0.781027,0.756812,0.891318
1205.0,1.200000,1.400000,1.017956,0.957617,0.347657,1.972279,1.969977,1.959507,0.624695,0.617798,0.651640,0.767162,0.744973,0.896736
1205.5,1.200000,1.400000,1.019548,0.957614,0.372983,1.969848,1.967551,1.957071,0.625737,0.618882,0.658883,0.754640,0.734299,0.900834
1206.0,1.200000,1.400000,1.021133,0.957611,0.397264,1.967424,1.965131,1.954642,0.626782,0.619964,0.665855,0.743374,0.724710,0.903802
1206.5,1.200000,1.400000,1.022712,0.957608,0.420533,1.965007,1.962718,1.952220,0.627827,0.621044,0.672564,0.733278,0.716133,0.905788
1207.0,1.200000,1.400000,1.024284,0.957604,0.442833,1.962597,1.960312,1.949805,0.628874,0.622122,0.679022,0.724269,0.708495,0.906936
1207.5,1.200000,1.400000,1.025849,0.957601,0.464204,1.960194,1.957912,1.947396,0.629922,0.623198,0.685238,0.716267,0.701725,0.907375
1208.0,1.200000,1.400000,1.027408,0.957598,0.484684,1.957797,1.955519,1.944995,0.630972,0.624273,0.691223,0.709195,0.695757,0.907220
1208.5,1.200000,1.400000,1.028961,0.957595,0.504311,1.955406,1.953133,1.942600,0.632022,0.625345,0.696987,0.702980,0.690526,0.906572
1209.0,1.200000,1.400000,1.030507,0.957592,0.523120,1.953023,1.950753,1.940212,0.633075,0.626416,0.702539,0.697553,0.685972,0.905521
1209.5,1.200000,1.400000,1.032046,0.957589,0.541145,1.950646,1.948380,1.937830,0.634128,0.627485,0.707888,0.692847,0.682038,0.904147
1210.0,1.200000,1.400000,1.033579,0.957586,0.558419,1.948275,1.946014,1.935456,0.635183,0.628552,0.713041,0.688800,0.678669,0.902519
1210.5,1.200000,1.400000,1.035106,0.957582,0.574974,1.945912,1.943654,1.933088,0.636239,0.629617,0.718008,0.685355,0.675816,0.900698
1211.0,1.200000,1.400000,1.036627,0.957579,0.590839,1.943555,1.941301,1.930727,0.637297,0.630681,0.722796,0.682456,0.673429,0.898737
1211.5,1.200000,1.400000,1.038141,0.957576,0.606042,1.941204,1.938954,1.928372,0.638356,0.631742,0.727412,0.680052,0.671467,0.896680
1212.0,1.200000,1.400000,1.039648,0.957573,0.620613,1.938860,1.936614,1.926025,0.639416,0.632802,0.731864,0.678097,0.669886,0.894567
1212.5,1.200000,1.400000,1.041150,0.957570,0.634576,1.936522,1.934280,1.923683,0.640477,0.633861,0.736159,0.676545,0.668650,0.892432
1213.0,1.200000,1.400000,1.042645,0.957566,0.647915,1.934191,1.931953,1.921349,0.641540,0.634917,0.740292,0.675358,0.667723,0.890255
1213.5,1.200000,1.400000,1.044134,0.957563,0.660699,1.931866,1.929633,1.919021,0.642604,0.635972,0.744280,0.674496,0.667072,0.888113
1214.0,1.200000,1.400000,1.045617,0.957560,0.672950,1.929548,1.927318,1.916700,0.643669,0.637025,0.748131,0.673926,0.666669,0.886024
1214.5,1.200000,1.400000,1.047093,0.957557,0.684691,1.927237,1.925011,1.914385,0.644736,0.638076,0.751849,0.673615,0.666485,0.884004
1215.0,1.200000,1.400000,1.048564,0.957553,0.695942,1.924931,1.922709,1.912077,0.645804,0.639125,0.755441,0.673535,0.666495,0.882065
1215.5,1.200000,1.400000,1.050028,0.957550,0.706725,1.922632,1.920414,1.909775,0.646874,0.640173,0.758911,0.673660,0.666678,0.880217
1216.0,1.200000,1.400000,1.051486,0.957547,0.717059,1.920340,1.918126,1.907480,0.647944,0.641219,0.762265,0.673965,0.667012,0.878467
1216.5,1.200000,1.400000,1.052939,0.957543,0.726961,1.918054,1.915844,1.905192,0.649016,0.642263,0.765507,0.674428,0.667478,0.876821
1217.0,1.200000,1.400000,1.054385,0.957540,0.736452,1.915774,1.913568,1.902910,0.650089,0.643306,0.768642,0.675030,0.668059,0.875282
1217.5,1.200000,1.400000,1.055825,0.957537,0.745546,1.913501,1.911299,1.900634,0.651164,0.644346,0.771676,0.675753,0.668740,0.873853
1218.0,1.200000,1.400000,1.057259,0.957533,0.754262,1.911233,1.909035,1.898365,0.652239,0.645386,0.774611,0.676580,0.669508,0.872532
1218.5,1.200000,1.400000,1.058687,0.957530,0.762552,1.908973,1.906779,1.896102,0.653316,0.646423,0.777436,0.677498,0.670350,0.871251
1219.0,1.200000,1.400000,1.060109,0.957527,0.770496,1.906718,1.904528,1.893845,0.654395,0.647459,0.780172,0.678493,0.671254,0.870084
1219.5,1.200000,1.400000,1.061525,0.957523,0.778109,1.904470,1.902284,1.891595,0.655474,0.648493,0.782822,0.679554,0.672212,0.869031
1220.0,1.200000,1.400000,1.062935,0.957520,0.785405,1.902228,1.900046,1.889351,0.656555,0.649526,0.785390,0.680671,0.673213,0.868086
1220.5,1.200000,1.400000,1.064340,0.957516,0.792397,1.899992,1.897814,1.887114,0.657637,0.650557,0.787879,0.681834,0.674252,0.867247
1221.0,1.200000,1.400000,1.065739,0.957513,0.799097,1.897763,1.895588,1.884882,0.658720,0.651586,0.790293,0.683035,0.675320,0.866509
1221.5,1.200000,1.400000,1.067131,0.957509,0.805519,1.895539,1.893369,1.882657,0.659805,0.652613,0.792635,0.684268,0.676411,0.865867
1222.0,1.200000,1.400000,1.068518,0.957506,0.811601,1.893322,1.891156,1.880439,0.660890,0.653639,0.794889,0.685526,0.677521,0.865238
1222.5,1.200000,1.400000,1.069899,0.957503,0.817430,1.891111,1.888949,1.878226,0.661977,0.654664,0.797078,0.686804,0.678645,0.864705
1223.0,1.200000,1.400000,1.071275,0.957499,0.822951,1.888906,1.886748,1.876020,0.663066,0.655686,0.799187,0.688097,0.679778,0.864190
1223.5,1.200000,1.400000,1.072645,0.957496,0.828241,1.886708,1.884553,1.873820,0.664155,0.656707,0.801236,0.689401,0.680918,0.863769
1224.0,1.200000,1.400000,1.074008,0.957492,0.833311,1.884515,1.882365,1.871626,0.665246,0.657727,0.803229,0.690713,0.682062,0.863436
1224.5,1.200000,1.400000,1.075367,0.957489,0.838170,1.882328,1.880182,1.869438,0.666338,0.658745,0.805167,0.692030,0.683206,0.863185
1225.0,1.200000,1.400000,1.076719,0.957485,0.842826,1.880148,1.878005,1.867257,0.667431,0.659761,0.807052,0.693348,0.684349,0.863011
1225.5,1.200000,1.400000,1.078066,0.957482,0.847288,1.877974,1.875835,1.865081,0.668526,0.660776,0.808888,0.694667,0.685490,0.862908
1226.0,1.200000,1.400000,1.079408,0.957478,0.851564,1.875805,1.873671,1.862912,0.669621,0.661789,0.810675,0.695984,0.686626,0.862871
1226.5,1.200000,1.400000,1.080744,0.957475,0.855662,1.873643,1.871512,1.860749,0.670718,0.662801,0.812417,0.697297,0.687757,0.862895
1227.0,1.200000,1.400000,1.082074,0.957471,0.859590,1.871487,1.869360,1.858592,0.671816,0.663811,0.814115,0.698607,0.688882,0.862976
1227.5,1.200000,1.400000,1.083399,0.957467,0.863353,1.869336,1.867214,1.856441,0.672916,0.664819,0.815770,0.699911,0.689999,0.863109
1228.0,1.200000,1.400000,1.084718,0.957464,0.866960,1.867192,1.865073,1.854296,0.674016,0.665826,0.817385,0.701210,0.691109,0.863290
1228.5,1.200000,1.400000,1.086031,0.957460,0.870417,1.865054,1.862939,1.852157,0.675118,0.666832,0.818961,0.702502,0.692210,0.863515
1229.0,1.200000,1.400000,1.087340,0.957457,0.873729,1.862921,1.860810,1.850024,0.676221,0.667836,0.820500,0.703788,0.693304,0.863781
1229.5,1.200000,1.400000,1.088642,0.957453,0.876904,1.860795,1.858688,1.847897,0.677325,0.668838,0.822004,0.705067,0.694389,0.864084
1230.0,1.200000,1.400000,1.089940,0.957449,0.879946,1.858674,1.856656,1.845793,0.678430,0.669839,0.823474,0.706339,0.695465,0.864420
1230.5,1.200000,1.400000,1.091232,0.957446,0.882861,1.856721,1.854771,1.843791,0.679536,0.669464,0.824638,0.707603,0.690624,0.863615
1231.0,1.200000,1.400000,1.092518,0.957442,0.885655,1.854920,1.853019,1.841897,0.674083,0.668145,0.824472,0.680650,0.682158,0.857340
1231.5,1.200000,1.400000,1.093799,0.957438,0.888333,1.853256,1.851387,1.840115,0.669200,0.667015,0.824153,0.658208,0.675201,0.851050
1232.0,1.200000,1.400000,1.095075,0.957435,0.890899,1.851715,1.849863,1.838448,0.664840,0.666059,0.823704,0.639756,0.669579,0.844844
1232.5,1.200000,1.400000,1.096346,0.957431,0.893358,1.850285,1.848437,1.836898,0.660963,0.665261,0.823148,0.624813,0.665129,0.838806
1233.0,1.200000,1.400000,1.097611,0.957427,0.895715,1.848954,1.847099,1.835466,0.657527,0.664610,0.822504,0.612940,0.661703,0.832998
1233.5,1.200000,1.400000,1.098871,0.957424,0.897973,1.847713,1.845841,1.834150,0.654494,0.664091,0.821789,0.603736,0.659167,0.827469
1234.0,1.200000,1.400000,1.100126,0.957420,0.900138,1.846552,1.844653,1.832952,0.651829,0.663694,0.821018,0.596838,0.657398,0.822254
1234.5,1.200000,1.400000,1.101375,0.957416,0.902212,1.845462,1.843528,1.831868,0.649497,0.663406,0.820204,0.591920,0.656286,0.817377
1235.0,1.200000,1.400000,1.102619,0.957413,0.904200,1.844436,1.842461,1.830897,0.647467,0.663217,0.819359,0.588685,0.655733,0.812852
1235.5,1.200000,1.400000,1.103858,0.957409,0.906104,1.843467,1.841445,1.830036,0.645710,0.663118,0.818491,0.586871,0.655649,0.808684
1236.0,1.200000,1.400000,1.105092,0.957405,0.907930,1.842549,1.840475,1.829283,0.644198,0.663098,0.817609,0.586243,0.655955,0.804875
1236.5,1.200000,1.400000,1.106321,0.957401,0.909680,1.841676,1.839546,1.828635,0.642907,0.663151,0.816721,0.586593,0.656583,0.801417
1237.0,1.200000,1.400000,1.107545,0.957398,0.911356,1.840844,1.838653,1.828088,0.641814,0.663268,0.815833,0.587736,0.657470,0.798302
1237.5,1.200000,1.400000,1.108763,0.957394,0.912963,1.840048,1.837794,1.827639,0.640897,0.663442,0.814949,0.589513,0.658563,0.795515
1238.0,1.200000,1.400000,1.109977,0.957390,0.914503,1.839284,1.836965,1.827284,0.640136,0.663666,0.814073,0.591783,0.659815,0.793040
1238.5,1.200000,1.400000,1.111185,0.957386,0.915978,1.838549,1.836163,1.827020,0.639513,0.663934,0.813209,0.594423,0.661184,0.790861
1239.0,1.200000,1.400000,1.112389,0.957382,0.917392,1.837840,1.835385,1.826843,0.639012,0.664242,0.812360,0.597329,0.662636,0.788957
1239.5,1.200000,1.400000,1.113587,0.957379,0.918748,1.837155,1.834629,1.826749,0.638619,0.664583,0.811528,0.600410,0.664141,0.787309
1240.0,1.200000,1.400000,1.114780,0.957375,0.920046,1.836490,1.833893,1.826736,0.638319,0.664954,0.810715,0.603592,0.665673,0.785897
1240.5,1.200000,1.400000,1.115969,0.957371,0.921291,1.835845,1.833175,1.826798,0.638100,0.665349,0.809921,0.606810,0.667212,0.784699
1241.0,1.200000,1.400000,1.117152,0.957367,0.922484,1.835217,1.832475,1.826934,0.637951,0.665767,0.809147,0.610011,0.668739,0.783697
1241.5,1.200000,1.400000,1.118331,0.957363,0.923627,1.834605,1.831790,1.827138,0.637862,0.666202,0.808394,0.613151,0.670241,0.782871
1242.0,1.200000,1.400000,1.119504,0.957359,0.924722,1.834008,1.831119,1.827409,0.637825,0.666652,0.807662,0.616197,0.671706,0.782201
1242.5,1.200000,1.400000,1.120673,0.957356,0.925772,1.833424,1.830463,1.827743,0.637830,0.667115,0.806951,0.619120,0.673125,0.781671
1243.0,1.200000,1.400000,1.121837,0.957352,0.926778,1.832853,1.829819,1.828137,0.637871,0.667588,0.806261,0.621899,0.674490,0.781262
1243.5,1.200000,1.400000,1.122996,0.957348,0.927742,1.832294,1.829187,1.828588,0.637942,0.668069,0.805591,0.624519,0.675798,0.780959
1244.0,1.200000,1.400000,1.124150,0.957344,0.928666,1.831747,1.828567,1.829092,0.638036,0.668556,0.804940,0.626969,0.677045,0.780749
1244.5,1.200000,1.400000,1.125300,0.957340,0.929552,1.831210,1.827958,1.829648,0.638149,0.669047,0.804309,0.629242,0.678228,0.780616
1245.0,1.200000,1.400000,1.126444,0.957336,0.930400,1.830684,1.827360,1.830253,0.638276,0.669540,0.803697,0.631336,0.679347,0.780548
1245.5,1.200000,1.400000,1.127584,0.957332,0.931214,1.830169,1.826772,1.830903,0.638414,0.670036,0.803102,0.633250,0.680402,0.780532
1246.0,1.200000,1.400000,1.128719,0.957328,0.931993,1.829663,1.826195,1.831598,0.638558,0.670531,0.802523,0.634986,0.681394,0.780558
1246.5,1.200000,1.400000,1.129849,0.957324,0.932563,1.829168,1.825629,1.832333,0.638707,0.671027,0.801914,0.636549,0.682324,0.780420
1247.0,1.200000,1.400000,1.130975,0.957320,0.933110,1.828682,1.825072,1.833109,0.638857,0.671520,0.801322,0.637943,0.683195,0.780327
1247.5,1.200000,1.400000,1.132096,0.957316,0.933634,1.828206,1.824526,1.833921,0.639006,0.672012,0.800746,0.639176,0.684008,0.780271
1248.0,1.200000,1.400000,1.133212,0.957312,0.934104,1.827740,1.823989,1.834769,0.639153,0.672500,0.800176,0.640255,0.684766,0.780206
1248.5,1.200000,1.400000,1.134324,0.957308,0.934554,1.827284,1.823463,1.835651,0.639295,0.672986,0.799620,0.641189,0.685473,0.780165
1249.0,1.200000,1.400000,1.135431,0.957304,0.934985,1.826838,1.822947,1.836565,0.639432,0.673467,0.799078,0.641986,0.686132,0.780142
1249.5,1.200000,1.400000,1.136533,0.957300,0.935398,1.826401,1.822441,1.837508,0.639563,0.673945,0.798548,0.642656,0.686745,0.780132
1250.0,1.200000,1.400000,1.137631,0.957296,0.935651,1.825975,1.821945,1.838481,0.639685,0.674418,0.797992,0.643207,0.687315,0.779967
1250.5,1.200000,1.400000,1.138724,0.957292,0.935580,1.825559,1.821460,1.839481,0.639800,0.674886,0.797367,0.643648,0.687847,0.779471
1251.0,1.200000,1.400000,1.139813,0.957288,0.935512,1.825153,1.820984,1.840507,0.639905,0.675350,0.796757,0.643989,0.688342,0.779030
1251.5,1.200000,1.400000,1.140897,0.957284,0.935231,1.824758,1.820519,1.841557,0.640001,0.675808,0.796104,0.644237,0.688804,0.778392
1252.0,1.200000,1.400000,1.141977,0.957280,0.934962,1.824373,1.820065,1.842632,0.640088,0.676261,0.795467,0.644402,0.689236,0.777819
1252.5,1.200000,1.400000,1.143052,0.957276,0.934704,1.823999,1.819621,1.843728,0.640164,0.676710,0.794843,0.644491,0.689640,0.777303
1253.0,1.200000,1.400000,1.144122,0.957272,0.934422,1.823636,1.819188,1.844846,0.640231,0.677153,0.794224,0.644512,0.690020,0.776798
1253.5,1.200000,1.400000,1.145188,0.957268,0.934153,1.823283,1.818766,1.845983,0.640287,0.677590,0.793619,0.644471,0.690376,0.776341
1254.0,1.200000,1.400000,1.146250,0.957264,0.933894,1.822942,1.818354,1.847141,0.640333,0.678023,0.793025,0.644376,0.690713,0.775922
1254.5,1.200000,1.400000,1.147307,0.957260,0.933647,1.822612,1.817953,1.848316,0.640369,0.678450,0.792443,0.644233,0.691032,0.775536
1255.0,1.200000,1.400000,1.148360,0.957255,0.933409,1.822293,1.817564,1.849509,0.640395,0.678872,0.791872,0.644047,0.691334,0.775176
1255.5,1.200000,1.400000,1.149409,0.957251,0.933182,1.821986,1.817185,1.850719,0.640411,0.679289,0.791310,0.643823,0.691623,0.774836
1256.0,1.200000,1.400000,1.150453,0.957247,0.932964,1.821690,1.816817,1.851945,0.640417,0.679701,0.790756,0.643568,0.691898,0.774512
1256.5,1.200000,1.400000,1.151493,0.957243,0.932755,1.821406,1.816461,1.853186,0.640413,0.680108,0.790211,0.643284,0.692163,0.774199
1257.0,1.200000,1.400000,1.152528,0.957239,0.932555,1.821133,1.816115,1.854442,0.640400,0.680510,0.789674,0.642976,0.692418,0.773895
1257.5,1.200000,1.400000,1.153559,0.957235,0.932363,1.820872,1.815781,1.855711,0.640377,0.680907,0.789143,0.642648,0.692664,0.773595
1258.0,1.200000,1.400000,1.154586,0.957231,0.932179,1.820624,1.815458,1.856995,0.640345,0.681299,0.788618,0.642302,0.692904,0.773298
1258.5,1.200000,1.400000,1.155609,0.957226,0.932003,1.820387,1.815146,1.858291,0.640305,0.681686,0.788099,0.641942,0.693136,0.773000
1259.0,1.200000,1.400000,1.156627,0.957222,0.931834,1.820162,1.814846,1.859600,0.640255,0.682069,0.787585,0.641570,0.693364,0.772701
1259.5,1.200000,1.400000,1.157641,0.957218,0.931673,1.819949,1.814557,1.860922,0.640197,0.682447,0.787076,0.641189,0.693586,0.772398
1260.0,1.200000,1.400000,1.158651,0.957214,0.931518,1.819748,1.814279,1.862254,0.640130,0.682821,0.786572,0.640800,0.693805,0.772090
1260.5,1.200000,1.400000,1.159656,0.957209,0.931369,1.819560,1.814011,1.863598,0.640056,0.683190,0.786071,0.640405,0.694020,0.771777
1261.0,1.200000,1.400000,1.160658,0.957205,0.931227,1.819373,1.813748,1.864949,0.639973,0.683590,0.785581,0.640006,0.694385,0.771487
1261.5,1.200000,1.400000,1.161655,0.957201,0.931090,1.819180,1.813488,1.866306,0.640306,0.684043,0.785134,0.641423,0.694980,0.771360
1262.0,1.200000,1.400000,1.162648,0.957197,0.930959,1.818973,1.813229,1.867666,0.640976,0.684538,0.784730,0.644191,0.695744,0.771382
1262.5,1.200000,1.400000,1.163637,0.957193,0.930834,1.818749,1.812970,1.869025,0.641918,0.685066,0.784366,0.647919,0.696626,0.771535
1263.0,1.200000,1.400000,1.164622,0.957188,0.930714,1.818502,1.812708,1.870383,0.643070,0.685620,0.784043,0.652283,0.697583,0.771804
1263.5,1.200000,1.400000,1.165603,0.957184,0.930599,1.818231,1.812443,1.871736,0.644384,0.686192,0.783756,0.657018,0.698582,0.772169
1264.0,1.200000,1.400000,1.166579,0.957180,0.930489,1.817934,1.812175,1.873083,0.645814,0.686778,0.783505,0.661909,0.699595,0.772616
1264.5,1.200000,1.400000,1.167552,0.957175,0.930383,1.817610,1.811903,1.874422,0.647324,0.687371,0.783285,0.666788,0.700599,0.773126
1265.0,1.200000,1.400000,1.168521,0.957171,0.930282,1.817258,1.811628,1.875752,0.648883,0.687969,0.783096,0.671523,0.701578,0.773686
1265.5,1.200000,1.400000,1.169485,0.957167,0.930185,1.816880,1.811348,1.877071,0.650465,0.688567,0.782933,0.676015,0.702520,0.774280
1266.0,1.200000,1.400000,1.170446,0.957162,0.930092,1.816476,1.811066,1.878378,0.652047,0.689163,0.782794,0.680192,0.703414,0.774896
1266.5,1.200000,1.400000,1.171402,0.957158,0.930002,1.816047,1.810780,1.879673,0.653613,0.689754,0.782678,0.684007,0.704255,0.775521
1267.0,1.200000,1.400000,1.172355,0.957154,0.929917,1.815594,1.810492,1.880954,0.655149,0.690339,0.782580,0.687428,0.705039,0.776147
1267.5,1.200000,1.400000,1.173303,0.957149,0.929835,1.815119,1.810203,1.882221,0.656643,0.690916,0.782500,0.690444,0.705766,0.776762
1268.0,1.200000,1.400000,1.174248,0.957145,0.929705,1.814623,1.809911,1.883472,0.658087,0.691484,0.782420,0.693052,0.706434,0.777302
1268.5,1.200000,1.400000,1.175188,0.957141,0.929580,1.814109,1.809619,1.884709,0.659475,0.692042,0.782354,0.695262,0.707046,0.777825
1269.0,1.200000,1.400000,1.176125,0.957136,0.929460,1.813578,1.809327,1.885930,0.660804,0.692590,0.782299,0.697090,0.707603,0.778325
1269.5,1.200000,1.400000,1.177058,0.957132,0.929345,1.813032,1.809035,1.887136,0.662070,0.693127,0.782252,0.698560,0.708110,0.778797
1270.0,1.200000,1.400000,1.177987,0.957128,0.929235,1.812473,1.808744,1.888326,0.663273,0.693654,0.782214,0.699696,0.708569,0.779236
1270.5,1.200000,1.400000,1.178912,0.957123,0.929130,1.811902,1.808454,1.889500,0.664414,0.694170,0.782181,0.700530,0.708985,0.779642
1271.0,1.200000,1.400000,1.179833,0.957119,0.929028,1.811322,1.808167,1.890659,0.665492,0.694676,0.782153,0.701091,0.709363,0.780010
1271.5,1.200000,1.400000,1.180750,0.957114,0.928932,1.810733,1.807882,1.891802,0.666510,0.695171,0.782128,0.701412,0.709705,0.780341
1272.0,1.200000,1.400000,1.181664,0.957110,0.928839,1.810137,1.807600,1.892930,0.667471,0.695657,0.782106,0.701524,0.710018,0.780634
1272.5,1.200000,1.400000,1.182574,0.957105,0.928750,1.809536,1.807322,1.894043,0.668377,0.696133,0.782084,0.701458,0.710304,0.780888
1273.0,1.200000,1.400000,1.183480,0.957101,0.928665,1.808930,1.807047,1.895141,0.669232,0.696600,0.782064,0.701243,0.710568,0.781105
1273.5,1.200000,1.400000,1.184382,0.957096,0.927938,1.808322,1.806777,1.896225,0.670038,0.697058,0.781875,0.700907,0.710814,0.780564
1274.0,1.200000,1.400000,1.185280,0.957092,0.927241,1.807711,1.806511,1.897294,0.670800,0.697509,0.781692,0.700477,0.711045,0.780071
1274.5,1.200000,1.400000,1.186175,0.957088,0.926128,1.807100,1.806250,1.898350,0.671521,0.697951,0.781399,0.699976,0.711265,0.779123
1275.0,1.200000,1.400000,1.187066,0.957083,0.925062,1.806489,1.805995,1.899393,0.672205,0.698387,0.781116,0.699427,0.711476,0.778269
1275.5,1.200000,1.400000,1.187953,0.957079,0.924040,1.805878,1.805744,1.900423,0.672855,0.698816,0.780841,0.698849,0.711681,0.777501
1276.0,1.200000,1.400000,1.188836,0.957074,0.923061,1.805269,1.805500,1.901440,0.673475,0.699239,0.780575,0.698260,0.711884,0.776809
1276.5,1.200000,1.400000,1.189716,0.957070,0.922122,1.804661,1.805261,1.902445,0.674069,0.699656,0.780315,0.697675,0.712084,0.776187
1277.0,1.200000,1.400000,1.190593,0.957065,0.921223,1.804056,1.805028,1.903438,0.674639,0.700068,0.780064,0.697108,0.712286,0.775631
1277.5,1.200000,1.400000,1.191465,0.957061,0.920361,1.803454,1.804801,1.904419,0.675189,0.700475,0.779820,0.696570,0.712490,0.775135
1278.0,1.200000,1.400000,1.192334,0.957056,0.919535,1.802856,1.804580,1.905389,0.675721,0.700878,0.779583,0.696071,0.712697,0.774693
1278.5,1.200000,1.400000,1.193199,0.957051,0.918744,1.802260,1.804365,1.906348,0.676239,0.701277,0.779352,0.695619,0.712908,0.774299
1279.0,1.200000,1.400000,1.194061,0.957047,0.917985,1.801669,1.804156,1.907297,0.676744,0.701672,0.779128,0.695220,0.713125,0.773947
1279.5,1.200000,1.400000,1.194919,0.957042,0.917258,1.801081,1.803954,1.908235,0.677239,0.702064,0.778909,0.694879,0.713349,0.773634
1280.0,1.200000,1.400000,1.195773,0.957038,0.916561,1.800497,1.803758,1.909162,0.677727,0.702452,0.778696,0.694600,0.713578,0.773354
1280.5,1.200000,1.400000,1.196624,0.957033,0.915861,1.799918,1.803568,1.910080,0.678208,0.702838,0.778481,0.694385,0.713815,0.773072
1281.0,1.200000,1.400000,1.197472,0.957029,0.915189,1.799342,1.803384,1.910988,0.678686,0.703222,0.778273,0.694235,0.714059,0.772832
1281.5,1.200000,1.400000,1.198316,0.957024,0.914546,1.798771,1.803206,1.911885,0.679161,0.703603,0.778073,0.694151,0.714310,0.772630
1282.0,1.200000,1.400000,1.199156,0.957019,0.913929,1.798204,1.803035,1.912773,0.679635,0.703982,0.777882,0.694133,0.714568,0.772466
1282.5,1.200000,1.400000,1.199993,0.957015,0.913338,1.797641,1.802869,1.913651,0.680110,0.704359,0.777699,0.694178,0.714833,0.772334
1283.0,1.200000,1.400000,1.200826,0.957010,0.912772,1.797081,1.802710,1.914519,0.680585,0.704734,0.777523,0.694287,0.715105,0.772230
1283.5,1.200000,1.400000,1.201656,0.957006,0.912230,1.796526,1.802556,1.915378,0.681063,0.705108,0.777353,0.694457,0.715384,0.772149
1284.0,1.200000,1.400000,1.202483,0.957001,0.911709,1.795974,1.802408,1.916227,0.681544,0.705480,0.777190,0.694685,0.715669,0.772088
1284.5,1.200000,1.400000,1.203306,0.956996,0.911211,1.795426,1.802266,1.917067,0.682029,0.705851,0.777033,0.694969,0.715960,0.772042
1285.0,1.200000,1.400000,1.204125,0.956992,0.910733,1.794882,1.802130,1.917898,0.682519,0.706220,0.776882,0.695305,0.716256,0.772010
1285.5,1.200000,1.400000,1.204941,0.956987,0.910276,1.794340,1.801999,1.918719,0.683013,0.706588,0.776736,0.695692,0.716558,0.771989
1286.0,1.200000,1.400000,1.205754,0.956982,0.909837,1.793802,1.801874,1.919532,0.683513,0.706955,0.776594,0.696124,0.716864,0.771976
1286.5,1.200000,1.400000,1.206563,0.956978,0.909417,1.793267,1.801754,1.920335,0.684019,0.707321,0.776457,0.696600,0.717174,0.771970
1287.0,1.200000,1.400000,1.207369,0.956973,0.909014,1.792734,1.801640,1.921130,0.684531,0.707686,0.776325,0.697116,0.717489,0.771970
1287.5,1.200000,1.400000,1.208172,0.956968,0.908628,1.792204,1.801531,1.921916,0.685049,0.708050,0.776197,0.697669,0.717806,0.771973
1288.0,1.200000,1.400000,1.208971,0.956964,0.908258,1.791677,1.801427,1.922694,0.685573,0.708413,0.776072,0.698256,0.718127,0.771980
1288.5,1.200000,1.400000,1.209767,0.956959,0.907903,1.791152,1.801328,1.923464,0.686104,0.708775,0.775952,0.698873,0.718451,0.771989
1289.0,1.200000,1.400000,1.210560,0.956954,0.907563,1.790628,1.801234,1.924225,0.686642,0.709137,0.775835,0.699518,0.718776,0.771999
1289.5,1.200000,1.400000,1.211349,0.956949,0.907238,1.790107,1.801145,1.924978,0.687186,0.709497,0.775722,0.700189,0.719104,0.772011
1290.0,1.200000,1.400000,1.212135,0.956945,0.906926,1.789588,1.801061,1.925723,0.687737,0.709856,0.775612,0.700881,0.719433,0.772024
1290.5,1.200000,1.400000,1.212918,0.956940,0.906626,1.789070,1.800981,1.926460,0.688294,0.710214,0.775505,0.701594,0.719763,0.772037
1291.0,1.200000,1.400000,1.213698,0.956935,0.906340,1.788554,1.800906,1.927190,0.688858,0.710572,0.775402,0.702324,0.720094,0.772051
1291.5,1.200000,1.400000,1.214474,0.956930,0.906065,1.788039,1.800836,1.927912,0.689428,0.710928,0.775302,0.703070,0.720422,0.772065
1292.0,1.200000,1.400000,1.215247,0.956926,0.905802,1.787528,1.800771,1.928626,0.689977,0.711280,0.775204,0.703712,0.720740,0.772073
1292.5,1.200000,1.400000,1.216017,0.956921,0.905550,1.787020,1.800711,1.929333,0.690486,0.711628,0.775107,0.704172,0.721046,0.772073
1293.0,1.200000,1.400000,1.216783,0.956916,0.905196,1.786519,1.800656,1.930034,0.690940,0.711972,0.774981,0.704406,0.721336,0.771937
1293.5,1.200000,1.400000,1.217547,0.956911,0.904857,1.786025,1.800606,1.930728,0.691332,0.712310,0.774855,0.704394,0.721611,0.771802
1294.0,1.200000,1.400000,1.218307,0.956907,0.904532,1.785540,1.800562,1.931415,0.691657,0.712642,0.774729,0.704137,0.721870,0.771665
1294.5,1.200000,1.400000,1.219064,0.956902,0.904221,1.785066,1.800524,1.932097,0.691914,0.712970,0.774603,0.703648,0.722114,0.771524
1295.0,1.200000,1.400000,1.219818,0.956897,0.903923,1.784603,1.800492,1.932774,0.692106,0.713292,0.774476,0.702952,0.722344,0.771378
1295.5,1.200000,1.400000,1.220569,0.956892,0.903637,1.784154,1.800466,1.933445,0.692235,0.713608,0.774347,0.702079,0.722564,0.771226
1296.0,1.200000,1.400000,1.221316,0.956887,0.903363,1.783719,1.800446,1.934111,0.692308,0.713920,0.774216,0.701063,0.722773,0.771068
1296.5,1.200000,1.400000,1.222061,0.956882,0.903100,1.783299,1.800432,1.934773,0.692329,0.714228,0.774084,0.699940,0.722975,0.770903
1297.0,1.200000,1.400000,1.222802,0.956878,0.902849,1.782895,1.800424,1.935431,0.692305,0.714531,0.773950,0.698745,0.723172,0.770732
1297.5,1.200000,1.400000,1.223540,0.956873,0.902608,1.782508,1.800423,1.936085,0.692244,0.714830,0.773814,0.697511,0.723364,0.770556
1298.0,1.200000,1.400000,1.224276,0.956868,0.902377,1.782138,1.800428,1.936736,0.692151,0.715127,0.773676,0.696270,0.723554,0.770374
1298.5,1.200000,1.400000,1.225008,0.956863,0.902155,1.781785,1.800440,1.937383,0.692034,0.715420,0.773536,0.695050,0.723744,0.770189
1299.0,1.200000,1.400000,1.225737,0.956858,0.901943,1.781449,1.800458,1.938027,0.691899,0.715710,0.773395,0.693874,0.723935,0.770003
1299.5,1.200000,1.400000,1.226463,0.956853,0.901740,1.781131,1.800482,1.938669,0.691752,0.715999,0.773253,0.692765,0.724127,0.769814
1300.0,1.200000,1.400000,1.227186,0.956848,0.901545,1.780830,1.800513,1.939308,0.691598,0.716285,0.773110,0.691739,0.724323,0.769626
1300.5,1.200000,1.400000,1.227906,0.956843,0.901358,1.780545,1.800550,1.939944,0.691443,0.716569,0.772966,0.690809,0.724522,0.769437
1301.0,1.200000,1.400000,1.228623,0.956839,0.901179,1.780278,1.800593,1.940578,0.691291,0.716852,0.772821,0.689985,0.724725,0.769249
1301.5,1.200000,1.400000,1.229337,0.956834,0.901007,1.780026,1.800642,1.941211,0.691145,0.717134,0.772675,0.689276,0.724934,0.769063
1302.0,1.200000,1.400000,1.230048,0.956829,0.900843,1.779789,1.800696,1.941841,0.691010,0.717415,0.772529,0.688683,0.725146,0.768879
1302.5,1.200000,1.400000,1.230757,0.956824,0.900685,1.779568,1.800757,1.942469,0.690887,0.717695,0.772383,0.688208,0.725364,0.768699
1303.0,1.200000,1.400000,1.231462,0.956819,0.900534,1.779361,1.800823,1.943096,0.690780,0.717974,0.772237,0.687851,0.725587,0.768521
1303.5,1.200000,1.400000,1.232164,0.956814,0.900390,1.779167,1.800895,1.943720,0.690689,0.718252,0.772091,0.687609,0.725815,0.768348
1304.0,1.200000,1.400000,1.232863,0.956809,0.900251,1.778987,1.800972,1.944343,0.690616,0.718530,0.771950,0.687475,0.726047,0.768198
1304.5,1.200000,1.400000,1.233560,0.956804,0.900118,1.778819,1.801055,1.944963,0.690562,0.718807,0.771813,0.687445,0.726283,0.768068
1305.0,1.200000,1.400000,1.234253,0.956799,0.899991,1.778663,1.801143,1.945580,0.690528,0.719084,0.771683,0.687512,0.726524,0.767967
1305.5,1.200000,1.400000,1.234944,0.956794,0.899869,1.778518,1.801236,1.946194,0.690513,0.719360,0.771559,0.687666,0.726768,0.767891
1306.0,1.200000,1.400000,1.235632,0.956789,0.899752,1.778384,1.801333,1.946805,0.690517,0.719636,0.771440,0.687900,0.727015,0.767834
1306.5,1.200000,1.400000,1.236316,0.956784,0.899640,1.778259,1.801436,1.947413,0.690541,0.719912,0.771327,0.688205,0.727264,0.767793
1307.0,1.200000,1.400000,1.236998,0.956779,0.899532,1.778145,1.801543,1.948017,0.690582,0.720186,0.771218,0.688572,0.727516,0.767763
1307.5,1.200000,1.400000,1.237678,0.956774,0.899429,1.778039,1.801655,1.948617,0.690642,0.720461,0.771113,0.688992,0.727769,0.767743
1308.0,1.200000,1.400000,1.238354,0.956769,0.899331,1.777941,1.801772,1.949214,0.690718,0.720735,0.771011,0.689456,0.728023,0.767729
1308.5,1.200000,1.400000,1.239027,0.956764,0.899236,1.777851,1.801893,1.949807,0.690810,0.721008,0.770913,0.689955,0.728278,0.767720
1309.0,1.200000,1.400000,1.239698,0.956759,0.899146,1.777769,1.802018,1.950396,0.690916,0.721280,0.770817,0.690481,0.728534,0.767713
1309.5,1.200000,1.400000,1.240366,0.956754,0.899059,1.777694,1.802148,1.950982,0.691036,0.721552,0.770723,0.691027,0.728789,0.767707
1310.0,1.200000,1.400000,1.241031,0.956749,0.898976,1.777626,1.802281,1.951563,0.691167,0.721823,0.770632,0.691586,0.729043,0.767700
1310.5,1.200000,1.400000,1.241694,0.956744,0.898896,1.777564,1.802419,1.952141,0.691309,0.722093,0.770543,0.692150,0.729297,0.767692
1311.0,1.200000,1.400000,1.242353,0.956739,0.898820,1.777509,1.802561,1.952715,0.691461,0.722363,0.770455,0.692714,0.729550,0.767683
1311.5,1.200000,1.400000,1.243010,0.956734,0.898746,1.777459,1.802707,1.953284,0.691620,0.722631,0.770369,0.693272,0.729801,0.767672
1312.0,1.200000,1.400000,1.243664,0.956729,0.898676,1.777415,1.802857,1.953850,0.691787,0.722898,0.770284,0.693819,0.730051,0.767657
1312.5,1.200000,1.400000,1.244316,0.956724,0.898609,1.777377,1.803010,1.954412,0.691960,0.723164,0.770200,0.694352,0.730298,0.767639
1313.0,1.200000,1.400000,1.244964,0.956719,0.898544,1.777344,1.803168,1.954971,0.692137,0.723429,0.770116,0.694867,0.730544,0.767616
1313.5,1.200000,1.400000,1.245610,0.956714,0.898483,1.777316,1.803329,1.955525,0.692317,0.723693,0.770034,0.695360,0.730787,0.767588
1314.0,1.200000,1.400000,1.246254,0.956709,0.898423,1.777294,1.803494,1.956076,0.692500,0.723956,0.769951,0.695829,0.731028,0.767555
1314.5,1.200000,1.400000,1.246894,0.956704,0.898367,1.777276,1.803663,1.956624,0.692684,0.724217,0.769869,0.696271,0.731266,0.767517
1315.0,1.200000,1.400000,1.247532,0.956698,0.898312,1.777264,1.803835,1.957168,0.692869,0.724477,0.769787,0.696687,0.731501,0.767475
1315.5,1.200000,1.400000,1.248167,0.956693,0.898260,1.777257,1.804011,1.957708,0.693053,0.724736,0.769706,0.697073,0.731734,0.767427
1316.0,1.200000,1.400000,1.248800,0.956688,0.898210,1.777254,1.804190,1.958245,0.693237,0.724993,0.769624,0.697430,0.731964,0.767375
1316.5,1.200000,1.400000,1.249430,0.956683,0.898162,1.777256,1.804373,1.958779,0.693418,0.725249,0.769542,0.697757,0.732191,0.767318
1317.0,1.200000,1.400000,1.250057,0.956678,0.898117,1.777264,1.804559,1.959309,0.693597,0.725503,0.769460,0.698054,0.732416,0.767257
1317.5,1.200000,1.400000,1.250682,0.956673,0.898073,1.777276,1.804749,1.959837,0.693773,0.725756,0.769378,0.698320,0.732637,0.767192
1318.0,1.200000,1.400000,1.251304,0.956668,0.898031,1.777294,1.804943,1.960361,0.693945,0.726007,0.769296,0.698558,0.732856,0.767124
1318.5,1.200000,1.400000,1.251924,0.956663,0.897990,1.777316,1.805139,1.960882,0.694113,0.726257,0.769214,0.698767,0.733072,0.767052
1319.0,1.200000,1.400000,1.252541,0.956657,0.897952,1.777344,1.805340,1.961400,0.694276,0.726505,0.769131,0.698947,0.733286,0.766978
1319.5,1.200000,1.400000,1.253155,0.956652,0.897914,1.777377,1.805543,1.961915,0.694435,0.726752,0.769048,0.699101,0.733497,0.766900
1320.0,1.200000,1.400000,1.253767,0.956647,0.897879,1.777415,1.805750,1.962428,0.694589,0.726997,0.768965,0.699229,0.733705,0.766821
1320.5,1.200000,1.400000,1.254376,0.956642,0.897845,1.777459,1.805961,1.962937,0.694736,0.727240,0.768882,0.699332,0.733911,0.766739
1321.0,1.200000,1.400000,1.254983,0.956637,0.897812,1.777507,1.806174,1.963444,0.694879,0.727482,0.768799,0.699412,0.734115,0.766655
1321.5,1.200000,1.400000,1.255587,0.956631,0.897781,1.777562,1.806391,1.963949,0.695015,0.727722,0.768715,0.699469,0.734316,0.766569
1322.0,1.200000,1.400000,1.256189,0.956626,0.897751,1.777622,1.806612,1.964450,0.695145,0.727961,0.768631,0.699505,0.734515,0.766482
1322.5,1.200000,1.400000,1.256788,0.956621,0.897722,1.777687,1.806835,1.964949,0.695271,0.728198,0.768547,0.699530,0.734712,0.766394
1323.0,1.200000,1.400000,1.257385,0.956616,0.897695,1.777758,1.807062,1.965446,0.695396,0.728434,0.768463,0.699555,0.734908,0.766305
1323.5,1.200000,1.400000,1.257979,0.956611,0.897668,1.777834,1.807292,1.965940,0.695522,0.728668,0.768379,0.699596,0.735103,0.766219
1324.0,1.200000,1.400000,1.258571,0.956605,0.897643,1.777915,1.807525,1.966431,0.695653,0.728901,0.768297,0.699667,0.735296,0.766135
1324.5,1.200000,1.400000,1.259160,0.956600,0.897619,1.778000,1.807762,1.966920,0.695793,0.729133,0.768214,0.699781,0.735490,0.766054
1325.0,1.200000,1.400000,1.259747,0.956595,0.897596,1.778089,1.808001,1.967406,0.695946,0.729364,0.768133,0.699948,0.735683,0.765976
1325.5,1.200000,1.400000,1.260332,0.956590,0.897574,1.778182,1.808244,1.967889,0.696113,0.729594,0.768052,0.700178,0.735877,0.765899
1326.0,1.200000,1.400000,1.260914,0.956585,0.897552,1.778279,1.808489,1.968370,0.696297,0.729822,0.767972,0.700474,0.736071,0.765825
1326.5,1.200000,1.400000,1.261493,0.956579,0.897532,1.778377,1.808737,1.968849,0.696500,0.730050,0.767892,0.700841,0.736265,0.765753
1327.0,1.200000,1.400000,1.262070,0.956574,0.897512,1.778478,1.808989,1.969324,0.696723,0.730277,0.767814,0.701276,0.736460,0.765683
1327.5,1.200000,1.400000,1.262645,0.956569,0.897493,1.778580,1.809243,1.969797,0.696967,0.730503,0.767736,0.701778,0.736655,0.765616
1328.0,1.200000,1.400000,1.263217,0.956563,0.897475,1.778683,1.809499,1.970268,0.697231,0.730729,0.767659,0.702343,0.736850,0.765550
1328.5,1.200000,1.400000,1.263787,0.956558,0.897458,1.778787,1.809759,1.970735,0.697515,0.730953,0.767582,0.702963,0.737046,0.765487
1329.0,1.200000,1.400000,1.264355,0.956553,0.897442,1.778891,1.810021,1.971200,0.697819,0.731177,0.767507,0.703632,0.737241,0.765426
1329.5,1.200000,1.400000,1.264920,0.956548,0.897426,1.778994,1.810286,1.971663,0.698141,0.731399,0.767432,0.704342,0.737436,0.765366
1330.0,1.200000,1.400000,1.265483,0.956542,0.897411,1.779096,1.810553,1.972122,0.698480,0.731621,0.767358,0.705084,0.737631,0.765308
1330.5,1.200000,1.400000,1.266043,0.956537,0.897396,1.779197,1.810823,1.972579,0.698834,0.731842,0.767285,0.705848,0.737826,0.765252
1331.0,1.200000,1.400000,1.266601,0.956532,0.897382,1.779297,1.811095,1.973033,0.699201,0.732062,0.767213,0.706625,0.738020,0.765197
1331.5,1.200000,1.400000,1.267157,0.956526,0.897369,1.779396,1.811370,1.973485,0.699580,0.732280,0.767142,0.707408,0.738213,0.765144
1332.0,1.200000,1.400000,1.267711,0.956521,0.897356,1.779492,1.811647,1.973933,0.699969,0.732498,0.767071,0.708186,0.738404,0.765092
1332.5,1.200000,1.400000,1.268262,0.956516,0.897344,1.779587,1.811926,1.974379,0.700365,0.732715,0.767001,0.708954,0.738595,0.765040
1333.0,1.200000,1.400000,1.268811,0.956510,0.897332,1.779679,1.812208,1.974822,0.700766,0.732931,0.766932,0.709704,0.738784,0.764990
1333.5,1.200000,1.400000,1.269357,0.956505,0.897321,1.779770,1.812492,1.975262,0.701172,0.733145,0.766863,0.710429,0.738972,0.764940
1334.0,1.200000,1.400000,1.269902,0.956500,0.897310,1.779859,1.812779,1.975700,0.701579,0.733359,0.766795,0.711126,0.739158,0.764891
1334.5,1.200000,1.400000,1.270444,0.956494,0.897300,1.779945,1.813068,1.976134,0.701987,0.733571,0.766728,0.711788,0.739342,0.764841
1335.0,1.200000,1.400000,1.270984,0.956489,0.897290,1.780030,1.813359,1.976566,0.702393,0.733782,0.766660,0.712413,0.739525,0.764791
1335.5,1.200000,1.400000,1.271521,0.956484,0.897280,1.780113,1.813652,1.976995,0.702797,0.733991,0.766593,0.712999,0.739705,0.764740
1336.0,1.200000,1.400000,1.272057,0.956478,0.897271,1.780195,1.813947,1.977422,0.703197,0.734200,0.766526,0.713543,0.739884,0.764687
1336.5,1.200000,1.400000,1.272590,0.956473,0.897263,1.780275,1.814245,1.977846,0.703591,0.734407,0.766459,0.714045,0.740061,0.764631
1337.0,1.200000,1.400000,1.273121,0.956468,0.897254,1.780354,1.814545,1.978267,0.703980,0.734612,0.766392,0.714504,0.740236,0.764574
1337.5,1.200000,1.400000,1.273649,0.956462,0.897246,1.780431,1.814847,1.978686,0.704363,0.734817,0.766325,0.714921,0.740409,0.764514
1338.0,1.200000,1.400000,1.274176,0.956457,0.897238,1.780508,1.815151,1.979102,0.704738,0.735020,0.766257,0.715297,0.740580,0.764452
1338.5,1.200000,1.400000,1.274700,0.956451,0.897231,1.780585,1.815458,1.979516,0.705105,0.735222,0.766189,0.715634,0.740749,0.764387
1339.0,1.200000,1.400000,1.275222,0.956446,0.897224,1.780661,1.815766,1.979927,0.705464,0.735422,0.766121,0.715934,0.740916,0.764321
1339.5,1.200000,1.400000,1.275742,0.956441,0.897217,1.780736,1.816077,1.980336,0.705814,0.735621,0.766052,0.716198,0.741082,0.764252
1340.0,1.200000,1.400000,1.276260,0.956435,0.897211,1.780812,1.816390,1.980743,0.706156,0.735819,0.765983,0.716430,0.741246,0.764182
1340.5,1.200000,1.400000,1.276775,0.956430,0.897205,1.780888,1.816704,1.981148,0.706490,0.736015,0.765914,0.716632,0.741408,0.764110
1341.0,1.200000,1.400000,1.277289,0.956424,0.897199,1.780964,1.817021,1.981550,0.706815,0.736210,0.765844,0.716809,0.741568,0.764036
1341.5,1.200000,1.400000,1.277800,0.956419,0.897193,1.781041,1.817341,1.981950,0.707132,0.736404,0.765774,0.716961,0.741727,0.763962
1342.0,1.200000,1.400000,1.278309,0.956413,0.897188,1.781118,1.817662,1.982348,0.707442,0.736596,0.765704,0.717094,0.741885,0.763886
1342.5,1.200000,1.400000,1.278816,0.956408,0.897182,1.781197,1.817985,1.982744,0.707744,0.736787,0.765633,0.717209,0.742041,0.763810
1343.0,1.200000,1.400000,1.279321,0.956403,0.897177,1.781276,1.818310,1.983137,0.708038,0.736977,0.765563,0.717311,0.742196,0.763734
1343.5,1.200000,1.400000,1.279824,0.956397,0.897172,1.781357,1.818638,1.983529,0.708326,0.737166,0.765492,0.717402,0.742349,0.763657
1344.0,1.200000,1.400000,1.280325,0.956392,0.897168,1.781439,1.818967,1.983919,0.708608,0.737353,0.765421,0.717484,0.742502,0.763579
1344.5,1.200000,1.400000,1.280823,0.956386,0.897163,1.781523,1.819298,1.984306,0.708883,0.737539,0.765350,0.717562,0.742653,0.763502
1345.0,1.200000,1.400000,1.281320,0.956381,0.897159,1.781608,1.819632,1.984692,0.709154,0.737724,0.765278,0.717636,0.742803,0.763425
1345.5,1.200000,1.400000,1.281814,0.956375,0.897155,1.781694,1.819967,1.985076,0.709420,0.737907,0.765207,0.717711,0.742952,0.763349
1346.0,1.200000,1.400000,1.282307,0.956370,0.897151,1.781783,1.820305,1.985457,0.709682,0.738089,0.765136,0.717787,0.743101,0.763273
1346.5,1.200000,1.400000,1.282797,0.956364,0.897148,1.781873,1.820644,1.985837,0.709940,0.738271,0.765065,0.717867,0.743248,0.763197
1347.0,1.200000,1.400000,1.283286,0.956359,0.897144,1.781965,1.820985,1.986215,0.710194,0.738451,0.764993,0.717952,0.743394,0.763122
1347.5,1.200000,1.400000,1.283772,0.956353,0.897141,1.782058,1.821328,1.986591,0.710446,0.738629,0.764922,0.718045,0.743540,0.763048
1348.0,1.200000,1.400000,1.284256,0.956348,0.897137,1.782154,1.821673,1.986965,0.710696,0.738807,0.764851,0.718146,0.743685,0.762974
1348.5,1.200000,1.400000,1.284738,0.956342,0.897134,1.782251,1.822020,1.987337,0.710945,0.738984,0.764781,0.718256,0.743829,0.762901
1349.0,1.200000,1.400000,1.285219,0.956337,0.897131,1.782350,1.822369,1.987708,0.711192,0.739159,0.764710,0.718377,0.743972,0.762829
1349.5,1.200000,1.400000,1.285697,0.956331,0.897128,1.782451,1.822719,1.988076,0.711438,0.739333,0.764639,0.718510,0.744114,0.762758
1350.0,1.200000,1.400000,1.286173,0.956326,0.897126,1.782553,1.823072,1.988443,0.711683,0.739506,0.764569,0.718655,0.744256,0.762688
1350.5,1.200000,1.400000,1.286648,0.956320,0.897123,1.782658,1.823426,1.988807,0.711929,0.739679,0.764499,0.718812,0.744397,0.762618
1351.0,1.200000,1.400000,1.287120,0.956315,0.897120,1.782764,1.823782,1.989170,0.712175,0.739850,0.764429,0.718982,0.744538,0.762550
1351.5,1.200000,1.400000,1.287590,0.956309,0.897118,1.782871,1.824140,1.989531,0.712422,0.740020,0.764359,0.719164,0.744678,0.762482
1352.0,1.200000,1.400000,1.288059,0.956304,0.897116,1.782981,1.824499,1.989890,0.712669,0.740189,0.764289,0.719360,0.744817,0.762415
1352.5,1.200000,1.400000,1.288525,0.956298,0.897113,1.783091,1.824860,1.990247,0.712918,0.740357,0.764220,0.719568,0.744955,0.762349
1353.0,1.200000,1.400000,1.288989,0.956292,0.897111,1.783204,1.825223,1.990603,0.713168,0.740524,0.764151,0.719789,0.745093,0.762283
1353.5,1.200000,1.400000,1.289452,0.956287,0.897109,1.783317,1.825587,1.990956,0.713419,0.740690,0.764082,0.720021,0.745230,0.762218
1354.0,1.200000,1.400000,1.289913,0.956281,0.897095,1.783432,1.825954,1.991308,0.713671,0.740855,0.764010,0.720261,0.745367,0.762139
1354.5,1.200000,1.400000,1.290371,0.956276,0.897080,1.783549,1.826321,1.991657,0.713924,0.741019,0.763938,0.720506,0.745503,0.762063
1355.0,1.200000,1.400000,1.290828,0.956270,0.897067,1.783667,1.826691,1.992005,0.714177,0.741182,0.763867,0.720754,0.745638,0.761988
1355.5,1.200000,1.400000,1.291283,0.956265,0.897054,1.783786,1.827061,1.992351,0.714428,0.741343,0.763796,0.720999,0.745772,0.761915
1356.0,1.200000,1.400000,1.291736,0.956259,0.897042,1.783907,1.827434,1.992696,0.714678,0.741504,0.763725,0.721239,0.745905,0.761843
1356.5,1.200000,1.400000,1.292187,0.956253,0.897030,1.784029,1.827808,1.993038,0.714925,0.741664,0.763655,0.721468,0.746038,0.761773
1357.0,1.200000,1.400000,1.292636,0.956248,0.897019,1.784153,1.828183,1.993379,0.715167,0.741823,0.763584,0.721684,0.746169,0.761704
1357.5,1.200000,1.400000,1.293084,0.956242,0.897008,1.784278,1.828560,1.993718,0.715405,0.741981,0.763514,0.721883,0.746300,0.761635
1358.0,1.200000,1.400000,1.293529,0.956237,0.896997,1.784405,1.828939,1.994055,0.715637,0.742138,0.763445,0.722063,0.746429,0.761567
1358.5,1.200000,1.400000,1.293973,0.956231,0.896987,1.784535,1.829319,1.994390,0.715863,0.742293,0.763375,0.722220,0.746558,0.761500
1359.0,1.200000,1.400000,1.294414,0.956225,0.896978,1.784667,1.829700,1.994723,0.716081,0.742448,0.763305,0.722354,0.746685,0.761434
1359.5,1.200000,1.400000,1.294854,0.956220,0.896969,1.784800,1.830083,1.995055,0.716291,0.742602,0.763236,0.722463,0.746811,0.761367
1360.0,1.200000,1.400000,1.295293,0.956214,0.896960,1.784937,1.830468,1.995385,0.716493,0.742754,0.763167,0.722548,0.746937,0.761301
1360.5,1.200000,1.400000,1.295729,0.956208,0.896951,1.785076,1.830853,1.995713,0.716687,0.742906,0.763098,0.722608,0.747061,0.761236
1361.0,1.200000,1.400000,1.296163,0.956203,0.896943,1.785218,1.831241,1.996040,0.716871,0.743057,0.763029,0.722645,0.747184,0.761170
1361.5,1.200000,1.400000,1.296596,0.956197,0.896936,1.785363,1.831629,1.996364,0.717047,0.743206,0.762960,0.722659,0.747307,0.761105
1362.0,1.200000,1.400000,1.297027,0.956192,0.896928,1.785512,1.832019,1.996687,0.717213,0.743355,0.762892,0.722654,0.747428,0.761040
1362.5,1.200000,1.400000,1.297456,0.956186,0.896921,1.785664,1.832410,1.997009,0.717372,0.743502,0.762823,0.722630,0.747548,0.760974
1363.0,1.200000,1.400000,1.297883,0.956180,0.896914,1.785819,1.832803,1.997328,0.717522,0.743648,0.762755,0.722591,0.747667,0.760909
1363.5,1.200000,1.400000,1.298309,0.956175,0.896908,1.785978,1.833197,1.997647,0.717664,0.743794,0.762686,0.722540,0.747786,0.760844
1364.0,1.200000,1.400000,1.298732,0.956169,0.896901,1.786141,1.833592,1.997963,0.717799,0.743938,0.762618,0.722479,0.747903,0.760779
1364.5,1.200000,1.400000,1.299154,0.956163,0.896896,1.786307,1.833989,1.998278,0.717927,0.744082,0.762550,0.722410,0.748019,0.760714
1365.0,1.200000,1.400000,1.299574,0.956158,0.896890,1.786478,1.834386,1.998591,0.718049,0.744224,0.762481,0.722338,0.748135,0.760648
1365.5,1.200000,1.400000,1.299993,0.956152,0.896884,1.786652,1.834786,1.998902,0.718166,0.744366,0.762413,0.722264,0.748250,0.760583
1366.0,1.200000,1.400000,1.300410,0.956146,0.896879,1.786831,1.835186,1.999212,0.718278,0.744506,0.762345,0.722192,0.748364,0.760518
1366.5,1.200000,1.400000,1.300825,0.956141,0.896874,1.787014,1.835588,1.999521,0.718386,0.744646,0.762277,0.722123,0.748477,0.760453
1367.0,1.200000,1.400000,1.301238,0.956135,0.896869,1.787200,1.835990,1.999827,0.718490,0.744784,0.762210,0.722061,0.748589,0.760388
1367.5,1.200000,1.400000,1.301649,0.956129,0.896864,1.787391,1.836394,2.000132,0.718592,0.744922,0.762142,0.722007,0.748701,0.760323
1368.0,1.200000,1.400000,1.302059,0.956123,0.896860,1.787586,1.836800,2.000436,0.718692,0.745059,0.762074,0.721963,0.748812,0.760258
1368.5,1.200000,1.400000,1.302467,0.956118,0.896856,1.787785,1.837206,2.000738,0.718790,0.745194,0.762007,0.721931,0.748922,0.760194
1369.0,1.200000,1.400000,1.302874,0.956112,0.896852,1.787987,1.837613,2.001039,0.718887,0.745329,0.761940,0.721911,0.749031,0.760130
1369.5,1.200000,1.400000,1.303278,0.956106,0.896848,1.788194,1.838022,2.001337,0.718984,0.745463,0.761873,0.721905,0.749140,0.760066
1370.0,1.200000,1.400000,1.303681,0.956101,0.896844,1.788405,1.838432,2.001635,0.719081,0.745596,0.761806,0.721913,0.749248,0.760003
1370.5,1.200000,1.400000,1.304083,0.956095,0.896840,1.788619,1.838843,2.001931,0.719179,0.745729,0.761739,0.721936,0.749355,0.759940
1371.0,1.200000,1.400000,1.304482,0.956089,0.896837,1.788837,1.839255,2.002225,0.719278,0.745860,0.761672,0.721974,0.749462,0.759878
1371.5,1.200000,1.400000,1.304880,0.956083,0.896834,1.789058,1.839668,2.002517,0.719378,0.745991,0.761606,0.722027,0.749568,0.759816
1372.0,1.200000,1.400000,1.305277,0.956078,0.896830,1.789283,1.840082,2.002809,0.719479,0.746120,0.761540,0.722095,0.749674,0.759755
1372.5,1.200000,1.400000,1.305671,0.956072,0.896827,1.789511,1.840497,2.003098,0.719582,0.746249,0.761474,0.722177,0.749779,0.759693
1373.0,1.200000,1.400000,1.306064,0.956066,0.896825,1.789742,1.840913,2.003386,0.719687,0.746377,0.761409,0.722272,0.749883,0.759633
1373.5,1.200000,1.400000,1.306456,0.956061,0.896822,1.789977,1.841330,2.003673,0.719795,0.746504,0.761343,0.722380,0.749987,0.759572
1374.0,1.200000,1.400000,1.306845,0.956055,0.896819,1.790215,1.841748,2.003958,0.719904,0.746630,0.761278,0.722500,0.750089,0.759512
1374.5,1.200000,1.400000,1.307234,0.956049,0.896817,1.790455,1.842167,2.004241,0.720016,0.746755,0.761213,0.722631,0.750192,0.759453
1375.0,1.200000,1.400000,1.307620,0.956043,0.896814,1.790699,1.842587,2.004523,0.720129,0.746880,0.761148,0.722771,0.750293,0.759393
1375.5,1.200000,1.400000,1.308005,0.956037,0.896812,1.790945,1.843008,2.004803,0.720245,0.747004,0.761084,0.722920,0.750394,0.759334
1376.0,1.200000,1.400000,1.308388,0.956032,0.896809,1.791194,1.843430,2.005082,0.720363,0.747127,0.761019,0.723076,0.750495,0.759275
1376.5,1.200000,1.400000,1.308770,0.956026,0.896807,1.791445,1.843852,2.005359,0.720483,0.747249,0.760955,0.723238,0.750594,0.759217
1377.0,1.200000,1.400000,1.309150,0.956020,0.896805,1.791699,1.844276,2.005635,0.720604,0.747370,0.760891,0.723405,0.750693,0.759158
1377.5,1.200000,1.400000,1.309529,0.956014,0.896803,1.791955,1.844700,2.005909,0.720727,0.747490,0.760827,0.723576,0.750791,0.759100
1378.0,1.200000,1.400000,1.309906,0.956009,0.896801,1.792214,1.845126,2.006182,0.720852,0.747610,0.760764,0.723749,0.750889,0.759042
1378.5,1.200000,1.400000,1.310281,0.956003,0.896800,1.792474,1.845552,2.006453,0.720977,0.747729,0.760701,0.723924,0.750986,0.758984
1379.0,1.200000,1.400000,1.310655,0.955997,0.896798,1.792737,1.845979,2.006722,0.721104,0.747847,0.760637,0.724099,0.751082,0.758927
1379.5,1.200000,1.400000,1.311027,0.955991,0.896796,1.793003,1.846406,2.006991,0.721232,0.747964,0.760574,0.724274,0.751177,0.758869
1380.0,1.200000,1.400000,1.311398,0.955985,0.896795,1.793270,1.846835,2.007257,0.721360,0.748080,0.760511,0.724446,0.751272,0.758811
1380.5,1.200000,1.400000,1.311767,0.955980,0.896793,1.793539,1.847264,2.007522,0.721489,0.748196,0.760449,0.724617,0.751366,0.758754
1381.0,1.200000,1.400000,1.312135,0.955974,0.896792,1.793810,1.847694,2.007786,0.721617,0.748311,0.760386,0.724783,0.751459,0.758696
1381.5,1.200000,1.400000,1.312501,0.955968,0.896790,1.794084,1.848125,2.008048,0.721746,0.748425,0.760324,0.724946,0.751552,0.758639
1382.0,1.200000,1.400000,1.312865,0.955962,0.896789,1.794359,1.848556,2.008308,0.721874,0.748538,0.760262,0.725104,0.751643,0.758581
1382.5,1.200000,1.400000,1.313228,0.955956,0.896787,1.794636,1.848988,2.008567,0.722002,0.748650,0.760200,0.725257,0.751735,0.758524
1383.0,1.200000,1.400000,1.313590,0.955951,0.896786,1.794915,1.849421,2.008825,0.722129,0.748762,0.760138,0.725404,0.751825,0.758467
1383.5,1.200000,1.400000,1.313950,0.955945,0.896785,1.795196,1.849855,2.009081,0.722255,0.748873,0.760076,0.725544,0.751915,0.758409
1384.0,1.200000,1.400000,1.314309,0.955939,0.896784,1.795479,1.850289,2.009336,0.722380,0.748983,0.760014,0.725679,0.752003,0.758352
1384.5,1.200000,1.400000,1.314666,0.955933,0.896783,1.795764,1.850724,2.009589,0.722504,0.749092,0.759953,0.725806,0.752092,0.758295
1385.0,1.200000,1.400000,1.315021,0.955927,0.896782,1.796051,1.851159,2.009841,0.722626,0.749200,0.759891,0.725928,0.752179,0.758238
1385.5,1.200000,1.400000,1.315375,0.955921,0.896781,1.796340,1.851595,2.010091,0.722747,0.749308,0.759830,0.726043,0.752266,0.758181
1386.0,1.200000,1.400000,1.315728,0.955916,0.896780,1.796631,1.852032,2.010340,0.722867,0.749415,0.759769,0.726153,0.752352,0.758125
1386.5,1.200000,1.400000,1.316079,0.955910,0.896779,1.796923,1.852470,2.010587,0.722985,0.749521,0.759708,0.726258,0.752437,0.758069
1387.0,1.200000,1.400000,1.316429,0.955904,0.896778,1.797218,1.852907,2.010833,0.723103,0.749626,0.759648,0.726360,0.752522,0.758013
1387.5,1.200000,1.400000,1.316777,0.955898,0.896777,1.797514,1.853346,2.011077,0.723219,0.749731,0.759587,0.726459,0.752605,0.757957
1388.0,1.200000,1.400000,1.317124,0.955892,0.896776,1.797812,1.853785,2.011320,0.723335,0.749835,0.759527,0.726557,0.752689,0.757901
1388.5,1.200000,1.400000,1.317469,0.955886,0.896776,1.798112,1.854225,2.011562,0.723451,0.749938,0.759467,0.726655,0.752771,0.757845
1389.0,1.200000,1.400000,1.317813,0.955880,0.896775,1.798414,1.854665,2.011802,0.723566,0.750040,0.759407,0.726754,0.752853,0.757789
1389.5,1.200000,1.400000,1.318155,0.955875,0.896774,1.798717,1.855105,2.012040,0.723682,0.750142,0.759347,0.726857,0.752934,0.757733
1390.0,1.200000,1.400000,1.318496,0.955869,0.896773,1.799022,1.855547,2.012278,0.723798,0.750242,0.759287,0.726963,0.753015,0.757678
1390.5,1.200000,1.400000,1.318836,0.955863,0.896773,1.799329,1.855988,2.012514,0.723916,0.750342,0.759228,0.727074,0.753094,0.757622
1391.0,1.200000,1.400000,1.319174,0.955857,0.896772,1.799637,1.856430,2.012748,0.724034,0.750442,0.759168,0.727191,0.753174,0.757567
1391.5,1.200000,1.400000,1.319511,0.955851,0.896772,1.799946,1.856873,2.012981,0.724154,0.750540,0.759109,0.727315,0.753252,0.757511
1392.0,1.200000,1.400000,1.319846,0.955845,0.896771,1.800257,1.857316,2.013213,0.724276,0.750638,0.759050,0.727447,0.753330,0.757456
1392.5,1.200000,1.400000,1.320180,0.955839,0.896770,1.800569,1.857760,2.013443,0.724400,0.750735,0.758990,0.727587,0.753408,0.757400
1393.0,1.200000,1.400000,1.320513,0.955833,0.896770,1.800882,1.858204,2.013672,0.724526,0.750832,0.758932,0.727734,0.753484,0.757345
1393.5,1.200000,1.400000,1.320844,0.955827,0.896769,1.801197,1.858648,2.013899,0.724654,0.750928,0.758873,0.727890,0.753561,0.757290
1394.0,1.200000,1.400000,1.321174,0.955822,0.896769,1.801512,1.859093,2.014125,0.724785,0.751023,0.758814,0.728054,0.753636,0.757235
1394.5,1.200000,1.400000,1.321502,0.955816,0.896768,1.801829,1.859538,2.014350,0.724919,0.751117,0.758755,0.728226,0.753711,0.757180
1395.0,1.200000,1.400000,1.321829,0.955810,0.896768,1.802146,1.859984,2.014573,0.725055,0.751210,0.758697,0.728405,0.753786,0.757125
1395.5,1.200000,1.400000,1.322155,0.955804,0.896768,1.802464,1.860430,2.014795,0.725194,0.751303,0.758639,0.728591,0.753859,0.757070
1396.0,1.200000,1.400000,1.322479,0.955798,0.896767,1.802782,1.860876,2.015016,0.725335,0.751396,0.758581,0.728782,0.753933,0.757015
1396.5,1.200000,1.400000,1.322802,0.955792,0.896767,1.803101,1.861323,2.015235,0.725479,0.751487,0.758522,0.728979,0.754005,0.756961
1397.0,1.200000,1.400000,1.323124,0.955786,0.896766,1.803421,1.861770,2.015453,0.725624,0.751578,0.758465,0.729180,0.754077,0.756907
1397.5,1.200000,1.400000,1.323444,0.955780,0.896766,1.803741,1.862217,2.015669,0.725772,0.751668,0.758407,0.729384,0.754149,0.756852
1398.0,1.200000,1.400000,1.323763,0.955774,0.896766,1.804061,1.862665,2.015884,0.725922,0.751757,0.758349,0.729590,0.754219,0.756798
1398.5,1.200000,1.400000,1.324081,0.955768,0.896765,1.804382,1.863113,2.016098,0.726074,0.751846,0.758292,0.729798,0.754290,0.756744
1399.0,1.200000,1.400000,1.324397,0.955762,0.896765,1.804703,1.863561,2.016311,0.726227,0.751934,0.758234,0.730006,0.754359,0.756690
1399.5,1.200000,1.400000,1.324712,0.955756,0.896765,1.805024,1.864010,2.016522,0.726381,0.752022,0.758177,0.730213,0.754428,0.756637
1400.0,1.200000,1.400000,1.325026,0.955750,0.896764,1.805345,1.864458,2.016732,0.726537,0.752108,0.758120,0.730418,0.754497,0.756583
1400.5,1.200000,1.400000,1.325338,0.955744,0.896764,1.805667,1.864908,2.016940,0.726693,0.752195,0.758063,0.730621,0.754565,0.756529
1401.0,1.200000,1.400000,1.325650,0.955739,0.896764,1.805989,1.865357,2.017148,0.726849,0.752280,0.758006,0.730820,0.754632,0.756476
1401.5,1.200000,1.400000,1.325959,0.955733,0.896764,1.806311,1.865806,2.017354,0.727006,0.752365,0.757949,0.731015,0.754699,0.756422
1402.0,1.200000,1.400000,1.326268,0.955727,0.896598,1.806633,1.866256,2.017558,0.727162,0.752449,0.757850,0.731205,0.754765,0.756184
1402.5,1.200000,1.400000,1.326575,0.955721,0.896438,1.806955,1.866706,2.017762,0.727319,0.752532,0.757752,0.731390,0.754830,0.755967
1403.0,1.200000,1.400000,1.326881,0.955715,0.896286,1.807277,1.867156,2.017964,0.727475,0.752615,0.757656,0.731569,0.754895,0.755769
1403.5,1.200000,1.400000,1.327186,0.955709,0.896140,1.807599,1.867607,2.018165,0.727630,0.752697,0.757562,0.731742,0.754960,0.755589
1404.0,1.200000,1.400000,1.327489,0.955703,0.896000,1.807922,1.868057,2.018364,0.727784,0.752778,0.757469,0.731909,0.755023,0.755425
1404.5,1.200000,1.400000,1.327791,0.955697,0.895865,1.808244,1.868508,2.018562,0.727938,0.752859,0.757378,0.732069,0.755086,0.755276
1405.0,1.200000,1.400000,1.328092,0.955691,0.895737,1.808567,1.868959,2.018759,0.728090,0.752939,0.757289,0.732222,0.755149,0.755140
1405.5,1.200000,1.400000,1.328392,0.955685,0.895613,1.808890,1.869410,2.018955,0.728241,0.753019,0.757201,0.732369,0.755211,0.755016
1406.0,1.200000,1.400000,1.328690,0.955679,0.895495,1.809213,1.869861,2.019150,0.728390,0.753098,0.757115,0.732509,0.755272,0.754903
1406.5,1.200000,1.400000,1.328987,0.955673,0.895382,1.809537,1.870313,2.019343,0.728538,0.753176,0.757029,0.732643,0.755333,0.754799
1407.0,1.200000,1.400000,1.329283,0.955667,0.895274,1.809860,1.870764,2.019535,0.728684,0.753254,0.756946,0.732770,0.755394,0.754704
1407.5,1.200000,1.400000,1.329578,0.955661,0.895170,1.810184,1.871216,2.019726,0.728829,0.753330,0.756863,0.732892,0.755453,0.754616
1408.0,1.200000,1.400000,1.329871,0.955655,0.895070,1.810509,1.871668,2.019915,0.728972,0.753407,0.756782,0.733009,0.755513,0.754535
1408.5,1.200000,1.400000,1.330163,0.955649,0.894974,1.810833,1.872120,2.020104,0.729113,0.753482,0.756702,0.733120,0.755571,0.754460
1409.0,1.200000,1.400000,1.330454,0.955643,0.894883,1.811158,1.872572,2.020291,0.729253,0.753558,0.756623,0.733226,0.755629,0.754390
1409.5,1.200000,1.400000,1.330744,0.955637,0.894795,1.811483,1.873024,2.020477,0.729391,0.753632,0.756546,0.733329,0.755687,0.754324
1410.0,1.200000,1.400000,1.331033,0.955631,0.894711,1.811809,1.873476,2.020661,0.729527,0.753706,0.756469,0.733427,0.755744,0.754263
1410.5,1.200000,1.400000,1.331320,0.955625,0.894631,1.812135,1.873928,2.020845,0.729662,0.753779,0.756393,0.733523,0.755800,0.754205
1411.0,1.200000,1.400000,1.331606,0.955619,0.894553,1.812462,1.874380,2.021027,0.729795,0.753852,0.756319,0.733615,0.755856,0.754150
1411.5,1.200000,1.400000,1.331891,0.955613,0.894479,1.812789,1.874832,2.021208,0.729926,0.753923,0.756245,0.733706,0.755911,0.754097
1412.0,1.200000,1.400000,1.332175,0.955607,0.894408,1.813116,1.875284,2.021388,0.730057,0.753995,0.756172,0.733794,0.755966,0.754047
1412.5,1.200000,1.400000,1.332458,0.955601,0.894341,1.813444,1.875737,2.021567,0.730186,0.754066,0.756100,0.733881,0.756020,0.753998
1413.0,1.200000,1.400000,1.332739,0.955595,0.894275,1.813773,1.876189,2.021744,0.730313,0.754136,0.756029,0.733968,0.756074,0.753951
1413.5,1.200000,1.400000,1.333019,0.955589,0.894213,1.814102,1.876641,2.021921,0.730440,0.754205,0.755959,0.734054,0.756127,0.753906
1414.0,1.200000,1.400000,1.333298,0.955583,0.894153,1.814431,1.877094,2.022096,0.730566,0.754274,0.755889,0.734140,0.756180,0.753861
1414.5,1.200000,1.400000,1.333576,0.955577,0.894096,1.814761,1.877546,2.022270,0.730690,0.754343,0.755820,0.734227,0.756232,0.753817
1415.0,1.200000,1.400000,1.333853,0.955571,0.894041,1.815091,1.877998,2.022443,0.730814,0.754410,0.755752,0.734314,0.756284,0.753774
1415.5,1.200000,1.400000,1.334129,0.955565,0.893988,1.815422,1.878451,2.022615,0.730937,0.754478,0.755685,0.734402,0.756335,0.753731
1416.0,1.200000,1.400000,1.334403,0.955559,0.893938,1.815754,1.878903,2.022786,0.731060,0.754544,0.755618,0.734492,0.756386,0.753689
1416.5,1.200000,1.400000,1.334676,0.955553,0.893890,1.816085,1.879355,2.022955,0.731182,0.754610,0.755552,0.734583,0.756436,0.753647
1417.0,1.200000,1.400000,1.334949,0.955547,0.893843,1.816418,1.879807,2.023124,0.731304,0.754676,0.755487,0.734676,0.756486,0.753605
1417.5,1.200000,1.400000,1.335220,0.955541,0.893799,1.816750,1.880259,2.023291,0.731425,0.754741,0.755422,0.734771,0.756535,0.753564
1418.0,1.200000,1.400000,1.335490,0.955535,0.893756,1.817083,1.880711,2.023457,0.731545,0.754805,0.755358,0.734867,0.756584,0.753522
1418.5,1.200000,1.400000,1.335758,0.955529,0.893716,1.817417,1.881163,2.023622,0.731666,0.754869,0.755294,0.734964,0.756632,0.753480
1419.0,1.200000,1.400000,1.336026,0.955523,0.893676,1.817751,1.881615,2.023786,0.731786,0.754932,0.755231,0.735063,0.756680,0.753438
1419.5,1.200000,1.400000,1.336293,0.955517,0.893639,1.818085,1.882067,2.023949,0.731905,0.754994,0.755169,0.735162,0.756727,0.753396
1420.0,1.200000,1.400000,1.336558,0.955511,0.893603,1.818420,1.882519,2.024110,0.732024,0.755056,0.755107,0.735262,0.756774,0.753354
1420.5,1.200000,1.400000,1.336822,0.955505,0.893569,1.818755,1.882970,2.024271,0.732143,0.755118,0.755045,0.735362,0.756820,0.753312
1421.0,1.200000,1.400000,1.337086,0.955498,0.893536,1.819091,1.883422,2.024431,0.732260,0.755179,0.754984,0.735462,0.756866,0.753269
1421.5,1.200000,1.400000,1.337348,0.955492,0.893504,1.819427,1.883873,2.024589,0.732378,0.755239,0.754924,0.735562,0.756911,0.753226
1422.0,1.200000,1.400000,1.337609,0.955486,0.893474,1.819763,1.884324,2.024746,0.732494,0.755299,0.754863,0.735660,0.756956,0.753184
1422.5,1.200000,1.400000,1.337869,0.955480,0.893445,1.820100,1.884775,2.024903,0.732609,0.755358,0.754804,0.735756,0.757001,0.753140
1423.0,1.200000,1.400000,1.338128,0.955474,0.893417,1.820437,1.885226,2.025058,0.732723,0.755417,0.754744,0.735851,0.757045,0.753097
1423.5,1.200000,1.400000,1.338385,0.955468,0.893411,1.820775,1.885677,2.025212,0.732837,0.755475,0.754691,0.735942,0.757088,0.753076
1424.0,1.200000,1.400000,1.338642,0.955462,0.893405,1.821113,1.886127,2.025365,0.732948,0.755533,0.754638,0.736031,0.757131,0.753053
1424.5,1.200000,1.400000,1.338898,0.955456,0.893399,1.821452,1.886578,2.025517,0.733059,0.755590,0.754584,0.736117,0.757174,0.753027
1425.0,1.200000,1.400000,1.339152,0.955450,0.893394,1.821791,1.887028,2.025668,0.733168,0.755647,0.754531,0.736200,0.757216,0.752998
1425.5,1.200000,1.400000,1.339406,0.955444,0.893389,1.822130,1.887478,2.025818,0.733275,0.755703,0.754479,0.736279,0.757258,0.752967
1426.0,1.200000,1.400000,1.339658,0.955438,0.893384,1.822470,1.887928,2.025967,0.733381,0.755758,0.754426,0.736354,0.757299,0.752935
1426.5,1.200000,1.400000,1.339910,0.955432,0.893379,1.822811,1.888378,2.026114,0.733485,0.755813,0.754373,0.736425,0.757340,0.752900
1427.0,1.200000,1.400000,1.340160,0.955426,0.893374,1.823152,1.888827,2.026261,0.733587,0.755868,0.754321,0.736492,0.757380,0.752865
1427.5,1.200000,1.400000,1.340410,0.955420,0.893370,1.823494,1.889276,2.026407,0.733688,0.755922,0.754269,0.736556,0.757420,0.752827
1428.0,1.200000,1.400000,1.340658,0.955414,0.893365,1.823836,1.889725,2.026552,0.733786,0.755975,0.754217,0.736616,0.757459,0.752788
1428.5,1.200000,1.400000,1.340905,0.955407,0.893361,1.824179,1.890174,2.026695,0.733883,0.756028,0.754165,0.736672,0.757498,0.752749
1429.0,1.200000,1.400000,1.341151,0.955401,0.893358,1.824523,1.890623,2.026838,0.733978,0.756081,0.754113,0.736725,0.757537,0.752708
1429.5,1.200000,1.400000,1.341397,0.955395,0.893354,1.824867,1.891071,2.026979,0.734071,0.756133,0.754062,0.736775,0.757575,0.752666
1430.0,1.200000,1.400000,1.341641,0.955389,0.893350,1.825212,1.891519,2.027120,0.734162,0.756184,0.754010,0.736822,0.757612,0.752624
1430.5,1.200000,1.400000,1.341884,0.955383,0.893347,1.825558,1.891967,2.027260,0.734251,0.756235,0.753959,0.736866,0.757649,0.752580
1431.0,1.200000,1.400000,1.342126,0.955377,0.893344,1.825905,1.892414,2.027398,0.734339,0.756285,0.753908,0.736909,0.757686,0.752537
1431.5,1.200000,1.400000,1.342367,0.955371,0.893340,1.826252,1.892862,2.027536,0.734425,0.756335,0.753857,0.736949,0.757722,0.752492
1432.0,1.200000,1.400000,1.342607,0.955365,0.893337,1.826600,1.893309,2.027672,0.734510,0.756385,0.753806,0.736989,0.757758,0.752448
1432.5,1.200000,1.400000,1.342846,0.955359,0.893335,1.826949,1.893755,2.027808,0.734593,0.756434,0.753757,0.737027,0.757794,0.752407
1433.0,1.200000,1.400000,1.343085,0.955353,0.893332,1.827299,1.894202,2.027942,0.734675,0.756482,0.753708,0.737065,0.757829,0.752371
1433.5,1.200000,1.400000,1.343322,0.955347,0.893329,1.827649,1.894648,2.028075,0.734755,0.756530,0.753661,0.737103,0.757863,0.752336
1434.0,1.200000,1.400000,1.343558,0.955340,0.893327,1.828000,1.895094,2.028207,0.734835,0.756578,0.753614,0.737140,0.757898,0.752304
1434.5,1.200000,1.400000,1.343793,0.955334,0.893324,1.828352,1.895539,2.028337,0.734913,0.756625,0.753568,0.737178,0.757931,0.752274
1435.0,1.200000,1.400000,1.344027,0.955328,0.893322,1.828705,1.895985,2.028467,0.734990,0.756671,0.753523,0.737217,0.757965,0.752244
1435.5,1.200000,1.400000,1.344260,0.955322,0.893320,1.829059,1.896429,2.028595,0.735067,0.756717,0.753478,0.737257,0.757998,0.752215
1436.0,1.200000,1.400000,1.344493,0.955316,0.893317,1.829413,1.896874,2.028721,0.735142,0.756763,0.753434,0.737299,0.758030,0.752186
1436.5,1.200000,1.400000,1.344724,0.955310,0.893315,1.829768,1.897318,2.028847,0.735217,0.756808,0.753390,0.737341,0.758062,0.752157
1437.0,1.200000,1.400000,1.344954,0.955304,0.893313,1.830124,1.897762,2.028971,0.735292,0.756852,0.753347,0.737385,0.758094,0.752128
1437.5,1.200000,1.400000,1.345184,0.955298,0.893311,1.830480,1.898206,2.029094,0.735366,0.756896,0.753304,0.737432,0.758125,0.752098
1438.0,1.200000,1.400000,1.345412,0.955292,0.893310,1.830838,1.898649,2.029215,0.735439,0.756940,0.753261,0.737479,0.758156,0.752067
1438.5,1.200000,1.400000,1.345640,0.955285,0.893308,1.831196,1.899092,2.029336,0.735512,0.756983,0.753218,0.737529,0.758187,0.752036
1439.0,1.200000,1.400000,1.345866,0.955279,0.893306,1.831554,1.899534,2.029455,0.735585,0.757026,0.753176,0.737581,0.758217,0.752005
1439.5,1.200000,1.400000,1.346092,0.955273,0.893305,1.831914,1.899976,2.029572,0.735658,0.757068,0.753133,0.737635,0.758247,0.751972
1440.0,1.200000,1.400000,1.346316,0.955267,0.893303,1.832274,1.900418,2.029689,0.735730,0.757110,0.753091,0.737691,0.758276,0.751938
1440.5,1.200000,1.400000,1.346540,0.955261,0.893302,1.832634,1.900859,2.029804,0.735802,0.757151,0.753049,0.737748,0.758305,0.751904
1441.0,1.200000,1.400000,1.346763,0.955255,0.893300,1.832995,1.901300,2.029918,0.735875,0.757192,0.753007,0.737808,0.758334,0.751869
1441.5,1.200000,1.400000,1.346984,0.955249,0.893299,1.833357,1.901741,2.030031,0.735947,0.757233,0.752965,0.737869,0.758362,0.751833
1442.0,1.200000,1.400000,1.347205,0.955243,0.893298,1.833719,1.902181,2.030143,0.736019,0.757273,0.752923,0.737931,0.758390,0.751796
1442.5,1.200000,1.400000,1.347425,0.955237,0.893296,1.834082,1.902621,2.030253,0.736091,0.757312,0.752881,0.737995,0.758417,0.751759
1443.0,1.200000,1.400000,1.347644,0.955230,0.893295,1.834446,1.903060,2.030363,0.736162,0.757351,0.752839,0.738060,0.758444,0.751721
1443.5,1.200000,1.400000,1.347863,0.955224,0.893294,1.834809,1.903499,2.030471,0.736234,0.757390,0.752797,0.738127,0.758471,0.751683
1444.0,1.200000,1.400000,1.348080,0.955218,0.893293,1.835174,1.903937,2.030578,0.736306,0.757428,0.752755,0.738194,0.758497,0.751644
1444.5,1.200000,1.400000,1.348296,0.955212,0.893292,1.835539,1.904375,2.030684,0.736378,0.757466,0.752713,0.738261,0.758523,0.751604
1445.0,1.200000,1.400000,1.348512,0.955206,0.893291,1.835904,1.904813,2.030789,0.736449,0.757503,0.752671,0.738329,0.758548,0.751564
1445.5,1.200000,1.400000,1.348726,0.955200,0.893290,1.836270,1.905250,2.030893,0.736520,0.757540,0.752629,0.738397,0.758574,0.751524
1446.0,1.200000,1.400000,1.348940,0.955194,0.893289,1.836636,1.905687,2.030995,0.736592,0.757577,0.752587,0.738465,0.758598,0.751483
1446.5,1.200000,1.400000,1.349152,0.955187,0.893288,1.837002,1.906123,2.031097,0.736663,0.757613,0.752546,0.738533,0.758623,0.751442
1447.0,1.200000,1.400000,1.349364,0.955181,0.893287,1.837369,1.906559,2.031198,0.736733,0.757649,0.752504,0.738601,0.758647,0.751401
1447.5,1.200000,1.400000,1.349575,0.955175,0.893287,1.837736,1.906995,2.031297,0.736804,0.757684,0.752462,0.738668,0.758671,0.751359
1448.0,1.200000,1.400000,1.349785,0.955169,0.893286,1.838104,1.907430,2.031396,0.736874,0.757719,0.752420,0.738734,0.758694,0.751318
1448.5,1.200000,1.400000,1.349995,0.955163,0.893285,1.838472,1.907864,2.031494,0.736943,0.757753,0.752378,0.738799,0.758717,0.751276
1449.0,1.200000,1.400000,1.350203,0.955157,0.893284,1.838840,1.908298,2.031590,0.737013,0.757787,0.752337,0.738864,0.758740,0.751235
1449.5,1.200000,1.400000,1.350411,0.955151,0.893284,1.839209,1.908731,2.031686,0.737081,0.757821,0.752295,0.738927,0.758762,0.751193
1450.0,1.200000,1.400000,1.350617,0.955145,0.893283,1.839578,1.909165,2.031780,0.737150,0.757854,0.752253,0.738990,0.758784,0.751151
1450.5,1.200000,1.400000,1.350823,0.955138,0.893282,1.839947,1.909597,2.031874,0.737218,0.757887,0.752211,0.739051,0.758805,0.751109
1451.0,1.200000,1.400000,1.351028,0.955132,0.893282,1.840316,1.910029,2.031967,0.737285,0.757919,0.752170,0.739111,0.758827,0.751068
1451.5,1.200000,1.400000,1.351232,0.955126,0.893281,1.840686,1.910461,2.032059,0.737352,0.757951,0.752128,0.739170,0.758848,0.751026
1452.0,1.200000,1.400000,1.351435,0.955120,0.893281,1.841056,1.910892,2.032150,0.737419,0.757982,0.752086,0.739228,0.758868,0.750985
1452.5,1.200000,1.400000,1.351637,0.955114,0.893280,1.841427,1.911322,2.032240,0.737485,0.758013,0.752045,0.739285,0.758888,0.750943
1453.0,1.200000,1.400000,1.351839,0.955108,0.893280,1.841798,1.911752,2.032329,0.737551,0.758044,0.752003,0.739342,0.758908,0.750902
1453.5,1.200000,1.400000,1.352040,0.955102,0.893279,1.842169,1.912182,2.032417,0.737616,0.758074,0.751962,0.739398,0.758928,0.750861
1454.0,1.200000,1.400000,1.352239,0.955095,0.893279,1.842540,1.912611,2.032504,0.737681,0.758104,0.751920,0.739453,0.758947,0.750819
1454.5,1.200000,1.400000,1.352438,0.955089,0.893278,1.842911,1.913039,2.032591,0.737745,0.758134,0.751879,0.739508,0.758966,0.750777
1455.0,1.200000,1.400000,1.352637,0.955083,0.893278,1.843283,1.913467,2.032676,0.737810,0.758163,0.751837,0.739563,0.758984,0.750735
1455.5,1.200000,1.400000,1.352834,0.955077,0.893277,1.843655,1.913894,2.032761,0.737874,0.758192,0.751796,0.739617,0.759002,0.750693
1456.0,1.200000,1.400000,1.353030,0.955071,0.893277,1.844027,1.914321,2.032845,0.737937,0.758220,0.751754,0.739672,0.759020,0.750651
1456.5,1.200000,1.400000,1.353226,0.955065,0.893277,1.844399,1.914747,2.032928,0.738001,0.758248,0.751712,0.739728,0.759038,0.750608
1457.0,1.200000,1.400000,1.353421,0.955058,0.893276,1.844772,1.915173,2.033011,0.738064,0.758276,0.751671,0.739783,0.759055,0.750566
1457.5,1.200000,1.400000,1.353615,0.955052,0.893276,1.845144,1.915598,2.033092,0.738128,0.758303,0.751629,0.739840,0.759071,0.750524
1458.0,1.200000,1.400000,1.353808,0.955046,0.893276,1.845517,1.916023,2.033173,0.738191,0.758330,0.751587,0.739897,0.759088,0.750482
1458.5,1.200000,1.400000,1.354001,0.955040,0.893275,1.845890,1.916447,2.033253,0.738254,0.758356,0.751546,0.739954,0.759104,0.750441
1459.0,1.200000,1.400000,1.354193,0.955034,0.893275,1.846263,1.916871,2.033332,0.738317,0.758382,0.751504,0.740013,0.759120,0.750399
1459.5,1.200000,1.400000,1.354383,0.955028,0.893275,1.846636,1.917293,2.033410,0.738381,0.758408,0.751463,0.740073,0.759136,0.750358
1460.0,1.200000,1.400000,1.354573,0.955022,0.893431,1.847009,1.917716,2.033488,0.738444,0.758433,0.751462,0.740133,0.759151,0.750493
1460.5,1.200000,1.400000,1.354763,0.955015,0.893581,1.847382,1.918138,2.033565,0.738508,0.758458,0.751460,0.740195,0.759166,0.750607
1461.0,1.200000,1.400000,1.354951,0.955009,0.893725,1.847756,1.918559,2.033641,0.738571,0.758483,0.751456,0.740258,0.759180,0.750704
1461.5,1.200000,1.400000,1.355139,0.955003,0.893863,1.848129,1.918979,2.033717,0.738635,0.758507,0.751451,0.740321,0.759195,0.750783
1462.0,1.200000,1.400000,1.355326,0.954997,0.893995,1.848502,1.919399,2.033791,0.738699,0.758531,0.751445,0.740385,0.759209,0.750848
1462.5,1.200000,1.400000,1.355512,0.954991,0.894121,1.848875,1.919819,2.033865,0.738763,0.758555,0.751437,0.740450,0.759222,0.750900
1463.0,1.200000,1.400000,1.355697,0.954985,0.894242,1.849248,1.920238,2.033938,0.738827,0.758578,0.751427,0.740516,0.759236,0.750939
1463.5,1.200000,1.400000,1.355882,0.954978,0.894359,1.849621,1.920656,2.034011,0.738892,0.758601,0.751417,0.740583,0.759249,0.750967
1464.0,1.200000,1.400000,1.356066,0.954972,0.894470,1.849994,1.921073,2.034082,0.738956,0.758623,0.751405,0.740650,0.759261,0.750985
1464.5,1.200000,1.400000,1.356249,0.954966,0.894577,1.850367,1.921490,2.034153,0.739021,0.758645,0.751392,0.740717,0.759274,0.750994
1465.0,1.200000,1.400000,1.356431,0.954960,0.894679,1.850740,1.921907,2.034224,0.739086,0.758667,0.751378,0.740784,0.759286,0.750995
1465.5,1.200000,1.400000,1.356613,0.954954,0.894777,1.851112,1.922323,2.034293,0.739150,0.758688,0.751363,0.740852,0.759298,0.750989
1466.0,1.200000,1.400000,1.356793,0.954948,0.894871,1.851485,1.922738,2.034362,0.739215,0.758709,0.751347,0.740919,0.759310,0.750976
1466.5,1.200000,1.400000,1.356973,0.954941,0.894961,1.851857,1.923152,2.034431,0.739280,0.758730,0.751329,0.740987,0.759321,0.750958
1467.0,1.200000,1.400000,1.357153,0.954935,0.895047,1.852229,1.923566,2.034498,0.739345,0.758750,0.751311,0.741054,0.759332,0.750935
1467.5,1.200000,1.400000,1.357331,0.954929,0.895130,1.852601,1.923979,2.034565,0.739410,0.758770,0.751292,0.741120,0.759342,0.750908
1468.0,1.200000,1.400000,1.357509,0.954923,0.895209,1.852973,1.924392,2.034631,0.739474,0.758790,0.751272,0.741186,0.759353,0.750877
1468.5,1.200000,1.400000,1.357686,0.954917,0.895285,1.853344,1.924804,2.034697,0.739539,0.758809,0.751251,0.741251,0.759363,0.750843
1469.0,1.200000,1.400000,1.357862,0.954911,0.895358,1.853716,1.925215,2.034762,0.739603,0.758828,0.751230,0.741315,0.759373,0.750806
1469.5,1.200000,1.400000,1.358038,0.954904,0.895427,1.854087,1.925626,2.034826,0.739667,0.758847,0.751207,0.741378,0.759382,0.750767
1470.0,1.200000,1.400000,1.358213,0.954898,0.895494,1.854458,1.926036,2.034890,0.739731,0.758865,0.751184,0.741440,0.759392,0.750727
1470.5,1.200000,1.400000,1.358387,0.954892,0.895558,1.854828,1.926446,2.034953,0.739794,0.758883,0.751160,0.741501,0.759400,0.750684
1471.0,1.200000,1.400000,1.358560,0.954886,0.895619,1.855199,1.926854,2.035015,0.739857,0.758901,0.751136,0.741561,0.759409,0.750641
1471.5,1.200000,1.400000,1.358733,0.954880,0.895678,1.855569,1.927262,2.035077,0.739920,0.758919,0.751111,0.741620,0.759418,0.750596
1472.0,1.200000,1.400000,1.358905,0.954874,0.895735,1.855939,1.927670,2.035139,0.739982,0.758936,0.751085,0.741677,0.759426,0.750551
1472.5,1.200000,1.400000,1.359076,0.954867,0.895789,1.856308,1.928077,2.035199,0.740044,0.758952,0.751059,0.741733,0.759434,0.750505
1473.0,1.200000,1.400000,1.359247,0.954861,0.895840,1.856678,1.928483,2.035259,0.740106,0.758969,0.751033,0.741788,0.759441,0.750459
1473.5,1.200000,1.400000,1.359417,0.954855,0.895890,1.857047,1.928888,2.035319,0.740167,0.758985,0.751006,0.741841,0.759448,0.750413
1474.0,1.200000,1.400000,1.359586,0.954849,0.895937,1.857416,1.929293,2.035377,0.740227,0.759000,0.750978,0.741893,0.759455,0.750366
1474.5,1.200000,1.400000,1.359754,0.954843,0.895983,1.857785,1.929697,2.035436,0.740287,0.759016,0.750950,0.741944,0.759462,0.750320
1475.0,1.200000,1.400000,1.359922,0.954837,0.896027,1.858153,1.930100,2.035493,0.740347,0.759031,0.750922,0.741994,0.759469,0.750274
1475.5,1.200000,1.400000,1.360089,0.954831,0.896069,1.858522,1.930503,2.035550,0.740406,0.759046,0.750893,0.742043,0.759475,0.750228
1476.0,1.200000,1.400000,1.360255,0.954824,0.896109,1.858890,1.930905,2.035607,0.740464,0.759060,0.750864,0.742090,0.759481,0.750183
1476.5,1.200000,1.400000,1.360421,0.954818,0.896147,1.859257,1.931306,2.035662,0.740522,0.759074,0.750834,0.742137,0.759487,0.750138
1477.0,1.200000,1.400000,1.360586,0.954812,0.896184,1.859625,1.931707,2.035718,0.740580,0.759088,0.750805,0.742182,0.759492,0.750093
1477.5,1.200000,1.400000,1.360750,0.954806,0.896219,1.859992,1.932107,2.035772,0.740637,0.759102,0.750774,0.742227,0.759497,0.750048
1478.0,1.200000,1.400000,1.360913,0.954800,0.896253,1.860359,1.932506,2.035826,0.740693,0.759115,0.750744,0.742271,0.759502,0.750004
1478.5,1.200000,1.400000,1.361076,0.954794,0.896285,1.860726,1.932905,2.035880,0.740749,0.759128,0.750714,0.742314,0.759507,0.749961
1479.0,1.200000,1.400000,1.361238,0.954787,0.896316,1.861093,1.933303,2.035933,0.740805,0.759141,0.750683,0.742356,0.759511,0.749918
1479.5,1.200000,1.400000,1.361400,0.954781,0.896346,1.861459,1.933700,2.035985,0.740860,0.759153,0.750652,0.742398,0.759515,0.749875
1480.0,1.200000,1.400000,1.361561,0.954775,0.896375,1.861825,1.934096,2.036036,0.740915,0.759165,0.750620,0.742440,0.759519,0.749833
1480.5,1.200000,1.400000,1.361721,0.954769,0.896462,1.862191,1.934492,2.036088,0.740969,0.759177,0.750604,0.742481,0.759523,0.749858
1481.0,1.200000,1.400000,1.361880,0.954763,0.896545,1.862557,1.934887,2.036138,0.741023,0.759188,0.750588,0.742522,0.759526,0.749876
1481.5,1.200000,1.400000,1.362039,0.954757,0.896625,1.862922,1.935281,2.036188,0.741076,0.759199,0.750570,0.742563,0.759529,0.749887
1482.0,1.200000,1.400000,1.362197,0.954750,0.896701,1.863287,1.935675,2.036237,0.741129,0.759210,0.750552,0.742603,0.759532,0.749892
1482.5,1.200000,1.400000,1.362355,0.954744,0.896823,1.863652,1.936068,2.036286,0.741182,0.759221,0.750545,0.742644,0.759535,0.749947
1483.0,1.200000,1.400000,1.362512,0.954738,0.896941,1.864017,1.936460,2.036334,0.741234,0.759231,0.750538,0.742684,0.759537,0.749991
1483.5,1.200000,1.400000,1.362668,0.954732,0.897053,1.864381,1.936851,2.036382,0.741286,0.759241,0.750529,0.742724,0.759540,0.750024
1484.0,1.200000,1.400000,1.362823,0.954726,0.897161,1.864745,1.937242,2.036429,0.741337,0.759251,0.750519,0.742764,0.759541,0.750049
1484.5,1.200000,1.400000,1.362978,0.954720,0.897264,1.865109,1.937632,2.036476,0.741388,0.759260,0.750508,0.742804,0.759543,0.750065
1485.0,1.200000,1.400000,1.363133,0.954713,0.897363,1.865473,1.938021,2.036522,0.741439,0.759269,0.750496,0.742843,0.759545,0.750074
1485.5,1.200000,1.400000,1.363286,0.954707,0.897458,1.865836,1.938410,2.036567,0.741490,0.759278,0.750483,0.742883,0.759546,0.750076
1486.0,1.200000,1.400000,1.363439,0.954701,0.897548,1.866199,1.938797,2.036612,0.741540,0.759287,0.750469,0.742922,0.759547,0.750072
1486.5,1.200000,1.400000,1.363592,0.954695,0.897635,1.866562,1.939184,2.036656,0.741590,0.759295,0.750455,0.742962,0.759548,0.750064
1487.0,1.200000,1.400000,1.363743,0.954689,0.897719,1.866924,1.939571,2.036700,0.741639,0.759303,0.750439,0.743001,0.759548,0.750050
1487.5,1.200000,1.400000,1.363894,0.954683,0.897799,1.867286,1.939956,2.036743,0.741688,0.759311,0.750423,0.743039,0.759548,0.750033
1488.0,1.200000,1.400000,1.364045,0.954676,0.897875,1.867648,1.940341,2.036785,0.741737,0.759318,0.750406,0.743077,0.759548,0.750012
1488.5,1.200000,1.400000,1.364195,0.954670,0.897949,1.868010,1.940725,2.036827,0.741785,0.759326,0.750388,0.743115,0.759548,0.749988
1489.0,1.200000,1.400000,1.364344,0.954664,0.898019,1.868371,1.941108,2.036869,0.741833,0.759332,0.750370,0.743153,0.759548,0.749962
1489.5,1.200000,1.400000,1.364492,0.954658,0.898087,1.868732,1.941491,2.036909,0.741880,0.759339,0.750351,0.743189,0.759547,0.749933
1490.0,1.200000,1.400000,1.364640,0.954652,0.898151,1.869093,1.941872,2.036950,0.741927,0.759346,0.750331,0.743225,0.759546,0.749902
1490.5,1.200000,1.400000,1.364788,0.954646,0.898213,1.869453,1.942253,2.036990,0.741973,0.759352,0.750309,0.743261,0.759545,0.749865
1491.0,1.200000,1.400000,1.364934,0.954640,0.898272,1.869814,1.942634,2.037029,0.742019,0.759358,0.750287,0.743296,0.759544,0.749823
1491.5,1.200000,1.400000,1.365080,0.954633,0.898329,1.870173,1.943013,2.037068,0.742065,0.759363,0.750262,0.743330,0.759542,0.749776
1492.0,1.200000,1.400000,1.365226,0.954627,0.898384,1.870533,1.943392,2.037107,0.742110,0.759369,0.750237,0.743363,0.759541,0.749727
1492.5,1.200000,1.400000,1.365371,0.954621,0.898436,1.870892,1.943770,2.037146,0.742154,0.759374,0.750210,0.743395,0.759539,0.749676
1493.0,1.200000,1.400000,1.365515,0.954615,0.898486,1.871251,1.944147,2.037184,0.742198,0.759379,0.750183,0.743427,0.759536,0.749622
1493.5,1.200000,1.400000,1.365659,0.954609,0.898534,1.871610,1.944523,2.037222,0.742242,0.759383,0.750155,0.743458,0.759534,0.749568
1494.0,1.200000,1.400000,1.365802,0.954603,0.898580,1.871969,1.944899,2.037260,0.742285,0.759387,0.750126,0.743488,0.759531,0.749513
1494.5,1.200000,1.400000,1.365944,0.954597,0.898624,1.872327,1.945274,2.037298,0.742327,0.759392,0.750096,0.743517,0.759529,0.749458
1495.0,1.200000,1.400000,1.366086,0.954590,0.898666,1.872685,1.945648,2.037335,0.742369,0.759395,0.750066,0.743545,0.759526,0.749404
1495.5,1.200000,1.400000,1.366228,0.954584,0.898707,1.873042,1.946021,2.037372,0.742410,0.759399,0.750035,0.743573,0.759522,0.749349
1496.0,1.200000,1.400000,1.366368,0.954578,0.898746,1.873400,1.946394,2.037409,0.742451,0.759402,0.750004,0.743600,0.759519,0.749295
1496.5,1.200000,1.400000,1.366508,0.954572,0.898783,1.873757,1.946766,2.037446,0.742491,0.759405,0.749972,0.743626,0.759515,0.749242
1497.0,1.200000,1.400000,1.366648,0.954566,0.898818,1.874114,1.947137,2.037483,0.742530,0.759408,0.749940,0.743651,0.759511,0.749190
1497.5,1.200000,1.400000,1.366787,0.954560,0.898852,1.874470,1.947507,2.037519,0.742569,0.759411,0.749908,0.743676,0.759507,0.749139
1498.0,1.200000,1.400000,1.366925,0.954554,0.898885,1.874827,1.947876,2.037555,0.742608,0.759413,0.749875,0.743700,0.759503,0.749090
1498.5,1.200000,1.400000,1.367063,0.954547,0.898916,1.875183,1.948245,2.037591,0.742646,0.759415,0.749842,0.743724,0.759499,0.749041
1499.0,1.200000,1.400000,1.367200,0.954541,0.898947,1.875539,1.948613,2.037627,0.742683,0.759417,0.749809,0.743747,0.759494,0.748993
1499.5,1.200000,1.400000,1.367337,0.954535,0.898975,1.875894,1.948980,2.037662,0.742720,0.759419,0.749776,0.743769,0.759489,0.748947
1500.0,1.200000,1.400000,1.367473,0.954529,0.899003,1.876249,1.949346,2.037697,0.742756,0.759420,0.749743,0.743792,0.759484,0.748901
1500.5,1.200000,1.400000,1.367609,0.954523,0.899029,1.876604,1.949711,2.037732,0.742792,0.759421,0.749710,0.743814,0.759479,0.748857
1501.0,1.200000,1.400000,1.367744,0.954517,0.899055,1.876959,1.950076,2.037766,0.742828,0.759422,0.749676,0.743836,0.759473,0.748814
1501.5,1.200000,1.400000,1.367878,0.954511,0.899079,1.877314,1.950440,2.037800,0.742863,0.759423,0.749643,0.743857,0.759468,0.748772
1502.0,1.200000,1.400000,1.368012,0.954504,0.899102,1.877668,1.950803,2.037834,0.742898,0.759423,0.749609,0.743879,0.759462,0.748730
1502.5,1.200000,1.400000,1.368145,0.954498,0.899125,1.878022,1.951165,2.037868,0.742932,0.759424,0.749576,0.743900,0.759456,0.748690
1503.0,1.200000,1.400000,1.368278,0.954492,0.899146,1.878376,1.951527,2.037901,0.742966,0.759424,0.749542,0.743921,0.759449,0.748650
1503.5,1.200000,1.400000,1.368410,0.954486,0.899166,1.878729,1.951887,2.037934,0.742999,0.759423,0.749508,0.743943,0.759443,0.748612
1504.0,1.200000,1.400000,1.368542,0.954480,0.899186,1.879082,1.952247,2.037967,0.743032,0.759423,0.749474,0.743964,0.759436,0.748574
1504.5,1.200000,1.400000,1.368673,0.954474,0.899205,1.879435,1.952606,2.037999,0.743065,0.759422,0.749441,0.743985,0.759430,0.748536
1505.0,1.200000,1.400000,1.368803,0.954468,0.899223,1.879788,1.952965,2.038031,0.743098,0.759421,0.749407,0.744007,0.759423,0.748500
1505.5,1.200000,1.400000,1.368933,0.954462,0.899240,1.880140,1.953322,2.038063,0.743130,0.759420,0.749373,0.744029,0.759415,0.748463
1506.0,1.200000,1.400000,1.369063,0.954455,0.899257,1.880492,1.953679,2.038094,0.743162,0.759419,0.749339,0.744050,0.759408,0.748428
1506.5,1.200000,1.400000,1.369192,0.954449,0.899273,1.880844,1.954035,2.038125,0.743194,0.759417,0.749306,0.744072,0.759400,0.748392
1507.0,1.200000,1.400000,1.369320,0.954443,0.899288,1.881195,1.954390,2.038155,0.743225,0.759416,0.749272,0.744094,0.759393,0.748358
1507.5,1.200000,1.400000,1.369448,0.954437,0.899302,1.881547,1.954744,2.038186,0.743256,0.759414,0.749238,0.744116,0.759385,0.748323
1508.0,1.200000,1.400000,1.369575,0.954431,0.899316,1.881897,1.955097,2.038215,0.743287,0.759412,0.749205,0.744139,0.759377,0.748289
1508.5,1.200000,1.400000,1.369702,0.954425,0.899330,1.882248,1.955450,2.038245,0.743317,0.759409,0.749171,0.744161,0.759368,0.748255
1509.0,1.200000,1.400000,1.369828,0.954419,0.899342,1.882598,1.955802,2.038274,0.743348,0.759406,0.749137,0.744183,0.759360,0.748222
1509.5,1.200000,1.400000,1.369954,0.954413,0.899355,1.882948,1.956153,2.038302,0.743378,0.759404,0.749103,0.744206,0.759351,0.748188
1510.0,1.200000,1.400000,1.370079,0.954406,0.899366,1.883298,1.956503,2.038330,0.743408,0.759401,0.749070,0.744228,0.759343,0.748155
1510.5,1.200000,1.400000,1.370204,0.954400,0.899378,1.883647,1.956852,2.038358,0.743438,0.759397,0.749036,0.744251,0.759334,0.748122
1511.0,1.200000,1.400000,1.370328,0.954394,0.899389,1.883996,1.957200,2.038386,0.743467,0.759394,0.749002,0.744273,0.759324,0.748088
1511.5,1.200000,1.400000,1.370452,0.954388,0.899399,1.884344,1.957548,2.038413,0.743496,0.759390,0.748968,0.744296,0.759315,0.748052
1512.0,1.200000,1.400000,1.370575,0.954382,0.899409,1.884693,1.957895,2.038439,0.743525,0.759386,0.748933,0.744318,0.759306,0.748015
1512.5,1.200000,1.400000,1.370697,0.954376,0.899418,1.885040,1.958241,2.038466,0.743554,0.759382,0.748898,0.744340,0.759296,0.747978
1513.0,1.200000,1.400000,1.370819,0.954370,0.899453,1.885388,1.958586,2.038492,0.743583,0.759378,0.748870,0.744363,0.759286,0.747967
1513.5,1.200000,1.400000,1.370941,0.954364,0.899486,1.885735,1.958931,2.038518,0.743611,0.759373,0.748840,0.744385,0.759276,0.747951
1514.0,1.200000,1.400000,1.371062,0.954358,0.899570,1.886082,1.959274,2.038544,0.743639,0.759369,0.748824,0.744406,0.759266,0.747990
1514.5,1.200000,1.400000,1.371183,0.954352,0.899651,1.886428,1.959617,2.038569,0.743667,0.759364,0.748806,0.744428,0.759256,0.748019
1515.0,1.200000,1.400000,1.371303,0.954345,0.899728,1.886774,1.959959,2.038594,0.743694,0.759359,0.748787,0.744449,0.759245,0.748039
1515.5,1.200000,1.400000,1.371422,0.954339,0.899802,1.887120,1.960300,2.038619,0.743721,0.759354,0.748768,0.744470,0.759235,0.748051
1516.0,1.200000,1.400000,1.371541,0.954333,0.899873,1.887465,1.960640,2.038644,0.743748,0.759348,0.748747,0.744491,0.759224,0.748056
1516.5,1.200000,1.400000,1.371660,0.954327,0.899941,1.887810,1.960980,2.038669,0.743775,0.759342,0.748726,0.744512,0.759213,0.748054
1517.0,1.200000,1.400000,1.371778,0.954321,0.900006,1.888155,1.961318,2.038693,0.743802,0.759337,0.748704,0.744532,0.759202,0.748047
1517.5,1.200000,1.400000,1.371896,0.954315,0.900068,1.888499,1.961656,2.038717,0.743828,0.759330,0.748681,0.744552,0.759190,0.748036
1518.0,1.200000,1.400000,1.372013,0.954309,0.900128,1.888843,1.961993,2.038741,0.743854,0.759324,0.748658,0.744572,0.759179,0.748020
1518.5,1.200000,1.400000,1.372129,0.954303,0.900185,1.889186,1.962329,2.038765,0.743880,0.759318,0.748634,0.744591,0.759167,0.748001
1519.0,1.200000,1.400000,1.372245,0.954297,0.900240,1.889529,1.962664,2.038789,0.743905,0.759311,0.748610,0.744610,0.759156,0.747978
1519.5,1.200000,1.400000,1.372361,0.954291,0.900293,1.889872,1.962999,2.038812,0.743931,0.759304,0.748585,0.744629,0.759144,0.747953
1520.0,1.200000,1.400000,1.372476,0.954285,0.900343,1.890214,1.963332,2.038835,0.743956,0.759297,0.748560,0.744648,0.759132,0.747926
1520.5,1.200000,1.400000,1.372591,0.954278,0.900392,1.890556,1.963665,2.038858,0.743980,0.759290,0.748534,0.744666,0.759119,0.747897
1521.0,1.200000,1.400000,1.372705,0.954272,0.900438,1.890897,1.963997,2.038881,0.744005,0.759283,0.748508,0.744685,0.759107,0.747866
1521.5,1.200000,1.400000,1.372819,0.954266,0.900482,1.891238,1.964328,2.038903,0.744029,0.759275,0.748481,0.744703,0.759095,0.747835
1522.0,1.200000,1.400000,1.372932,0.954260,0.900525,1.891579,1.964658,2.038925,0.744053,0.759268,0.748455,0.744721,0.759082,0.747802
1522.5,1.200000,1.400000,1.373045,0.954254,0.900566,1.891919,1.964988,2.038947,0.744077,0.759260,0.748428,0.744739,0.759069,0.747769
1523.0,1.200000,1.400000,1.373157,0.954248,0.900605,1.892258,1.965316,2.038969,0.744101,0.759252,0.748400,0.744757,0.759056,0.747735
1523.5,1.200000,1.400000,1.373269,0.954242,0.900642,1.892598,1.965644,2.038990,0.744125,0.759243,0.748373,0.744774,0.759043,0.747701
1524.0,1.200000,1.400000,1.373380,0.954236,0.900678,1.892936,1.965971,2.039011,0.744148,0.759235,0.748346,0.744792,0.759030,0.747667
1524.5,1.200000,1.400000,1.373491,0.954230,0.900713,1.893275,1.966297,2.039032,0.744171,0.759226,0.748318,0.744809,0.759016,0.747633
1525.0,1.200000,1.400000,1.373602,0.954224,0.900746,1.893613,1.966622,2.039052,0.744194,0.759218,0.748290,0.744827,0.759003,0.747599
1525.5,1.200000,1.400000,1.373712,0.954218,0.900777,1.893950,1.966947,2.039072,0.744217,0.759209,0.748263,0.744845,0.758989,0.747565
1526.0,1.200000,1.400000,1.373821,0.954212,0.900807,1.894287,1.967270,2.039092,0.744240,0.759200,0.748235,0.744862,0.758975,0.747532
1526.5,1.200000,1.400000,1.373930,0.954206,0.900836,1.894624,1.967593,2.039111,0.744262,0.759190,0.748207,0.744880,0.758961,0.747498
1527.0,1.200000,1.400000,1.374039,0.954200,0.900864,1.894960,1.967915,2.039130,0.744284,0.759181,0.748178,0.744897,0.758947,0.747464
1527.5,1.200000,1.400000,1.374147,0.954194,0.900891,1.895296,1.968236,2.039149,0.744307,0.759171,0.748150,0.744915,0.758933,0.747431
1528.0,1.200000,1.400000,1.374255,0.954187,0.900916,1.895631,1.968556,2.039167,0.744329,0.759161,0.748122,0.744933,0.758919,0.747398
1528.5,1.200000,1.400000,1.374362,0.954181,0.900941,1.895966,1.968875,2.039185,0.744351,0.759151,0.748094,0.744950,0.758904,0.747365
1529.0,1.200000,1.400000,1.374469,0.954175,0.900964,1.896300,1.969194,2.039203,0.744373,0.759141,0.748065,0.744968,0.758889,0.747332
1529.5,1.200000,1.400000,1.374575,0.954169,0.900987,1.896634,1.969511,2.039220,0.744394,0.759131,0.748037,0.744986,0.758875,0.747299
1530.0,1.200000,1.400000,1.374681,0.954163,0.901008,1.896967,1.969828,2.039236,0.744416,0.759120,0.748008,0.745003,0.758860,0.747267
1530.5,1.200000,1.400000,1.374787,0.954157,0.901029,1.897300,1.970144,2.039253,0.744437,0.759110,0.747979,0.745021,0.758845,0.747235
1531.0,1.200000,1.400000,1.374892,0.954151,0.901049,1.897632,1.970459,2.039269,0.744459,0.759099,0.747951,0.745039,0.758830,0.747202
1531.5,1.200000,1.400000,1.374996,0.954145,0.901068,1.897964,1.970773,2.039284,0.744480,0.759088,0.747922,0.745056,0.758814,0.747170
1532.0,1.200000,1.400000,1.375101,0.954139,0.901086,1.898295,1.971087,2.039299,0.744501,0.759077,0.747893,0.745074,0.758799,0.747138
1532.5,1.200000,1.400000,1.375204,0.954133,0.901103,1.898626,1.971399,2.039314,0.744522,0.759066,0.747864,0.745091,0.758783,0.747106
1533.0,1.200000,1.400000,1.375308,0.954127,0.901120,1.898956,1.971711,2.039328,0.744542,0.759054,0.747835,0.745108,0.758768,0.747074
1533.5,1.200000,1.400000,1.375411,0.954121,0.901177,1.899286,1.972022,2.039342,0.744563,0.759043,0.747817,0.745125,0.758752,0.747089
1534.0,1.200000,1.400000,1.375513,0.954115,0.901232,1.899615,1.972332,2.039355,0.744584,0.759031,0.747798,0.745142,0.758736,0.747098
1534.5,1.200000,1.400000,1.375615,0.954109,0.901285,1.899944,1.972641,2.039368,0.744604,0.759019,0.747779,0.745159,0.758720,0.747103
1535.0,1.200000,1.400000,1.375717,0.954103,0.901335,1.900272,1.972949,2.039381,0.744624,0.759007,0.747759,0.745176,0.758703,0.747103
1535.5,1.200000,1.400000,1.375818,0.954097,0.901383,1.900599,1.973257,2.039393,0.744644,0.758995,0.747739,0.745192,0.758687,0.747099
1536.0,1.200000,1.400000,1.375919,0.954091,0.901430,1.900927,1.973564,2.039405,0.744664,0.758983,0.747718,0.745208,0.758671,0.747092
1536.5,1.200000,1.400000,1.376019,0.954085,0.901497,1.901253,1.973869,2.039417,0.744684,0.758970,0.747703,0.745224,0.758654,0.747107
1537.0,1.200000,1.400000,1.376119,0.954079,0.901561,1.901579,1.974174,2.039428,0.744703,0.758958,0.747687,0.745239,0.758637,0.747116
1537.5,1.200000,1.400000,1.376218,0.954073,0.901623,1.901905,1.974478,2.039438,0.744722,0.758945,0.747671,0.745254,0.758621,0.747120
1538.0,1.200000,1.400000,1.376317,0.954067,0.901682,1.902230,1.974782,2.039449,0.744741,0.758932,0.747654,0.745269,0.758604,0.747119
1538.5,1.200000,1.400000,1.376416,0.954061,0.901739,1.902554,1.975084,2.039458,0.744760,0.758919,0.747637,0.745284,0.758587,0.747114
1539.0,1.200000,1.400000,1.376514,0.954055,0.901793,1.902878,1.975386,2.039468,0.744779,0.758906,0.747619,0.745298,0.758569,0.747106
1539.5,1.200000,1.400000,1.376612,0.954049,0.901845,1.903201,1.975686,2.039477,0.744798,0.758892,0.747600,0.745312,0.758552,0.747093
1540.0,1.200000,1.400000,1.376710,0.954043,0.901895,1.903524,1.975986,2.039486,0.744816,0.758879,0.747581,0.745326,0.758535,0.747078
1540.5,1.200000,1.400000,1.376807,0.954037,0.901943,1.903846,1.976285,2.039494,0.744834,0.758865,0.747562,0.745339,0.758517,0.747061
1541.0,1.200000,1.400000,1.376903,0.954031,0.901989,1.904168,1.976583,2.039502,0.744852,0.758851,0.747542,0.745352,0.758500,0.747041
1541.5,1.200000,1.400000,1.377000,0.954025,0.902033,1.904489,1.976881,2.039509,0.744870,0.758837,0.747522,0.745365,0.758482,0.747019
1542.0,1.200000,1.400000,1.377095,0.954019,0.902075,1.904809,1.977177,2.039516,0.744887,0.758823,0.747501,0.745377,0.758464,0.746995
1542.5,1.200000,1.400000,1.377191,0.954013,0.902115,1.905129,1.977473,2.039523,0.744904,0.758809,0.747480,0.745389,0.758446,0.746970
1543.0,1.200000,1.400000,1.377286,0.954007,0.902154,1.905449,1.977767,2.039529,0.744921,0.758795,0.747459,0.745401,0.758428,0.746943
1543.5,1.200000,1.400000,1.377381,0.954001,0.902191,1.905768,1.978061,2.039535,0.744938,0.758780,0.747437,0.745412,0.758410,0.746915
1544.0,1.200000,1.400000,1.377475,0.953995,0.902226,1.906086,1.978354,2.039541,0.744955,0.758766,0.747415,0.745423,0.758392,0.746886
1544.5,1.200000,1.400000,1.377569,0.953989,0.902260,1.906404,1.978647,2.039546,0.744971,0.758751,0.747392,0.745434,0.758373,0.746854
1545.0,1.200000,1.400000,1.377662,0.953983,0.902293,1.906721,1.978938,2.039551,0.744987,0.758736,0.747368,0.745445,0.758355,0.746820
1545.5,1.200000,1.400000,1.377755,0.953977,0.902324,1.907038,1.979228,2.039556,0.745003,0.758721,0.747344,0.745455,0.758336,0.746784
1546.0,1.200000,1.400000,1.377848,0.953971,0.902354,1.907354,1.979518,2.039560,0.745019,0.758706,0.747320,0.745465,0.758317,0.746748
1546.5,1.200000,1.400000,1.377940,0.953965,0.902382,1.907669,1.979807,2.039565,0.745035,0.758691,0.747294,0.745475,0.758299,0.746710
1547.0,1.200000,1.400000,1.378032,0.953959,0.902410,1.907984,1.980095,2.039568,0.745050,0.758676,0.747269,0.745484,0.758280,0.746673
1547.5,1.200000,1.400000,1.378124,0.953953,0.902436,1.908299,1.980382,2.039572,0.745065,0.758660,0.747243,0.745494,0.758261,0.746635
1548.0,1.200000,1.400000,1.378215,0.953947,0.902461,1.908612,1.980668,2.039576,0.745080,0.758644,0.747217,0.745503,0.758241,0.746596
1548.5,1.200000,1.400000,1.378306,0.953941,0.902486,1.908926,1.980954,2.039579,0.745095,0.758629,0.747191,0.745512,0.758222,0.746558
1549.0,1.200000,1.400000,1.378396,0.953935,0.902509,1.909238,1.981238,2.039582,0.745109,0.758613,0.747164,0.745521,0.758203,0.746521
1549.5,1.200000,1.400000,1.378486,0.953929,0.902531,1.909550,1.981522,2.039584,0.745123,0.758597,0.747137,0.745530,0.758183,0.746483
1550.0,1.200000,1.400000,1.378576,0.953924,0.902552,1.909862,1.981805,2.039587,0.745138,0.758581,0.747110,0.745539,0.758164,0.746447
1550.5,1.200000,1.400000,1.378665,0.953918,0.902573,1.910173,1.982087,2.039589,0.745152,0.758564,0.747083,0.745547,0.758144,0.746410
1551.0,1.200000,1.400000,1.378754,0.953912,0.902592,1.910484,1.982368,2.039591,0.745165,0.758548,0.747056,0.745555,0.758125,0.746374
1551.5,1.200000,1.400000,1.378842,0.953906,0.902611,1.910793,1.982649,2.039592,0.745179,0.758531,0.747029,0.745564,0.758105,0.746339
1552.0,1.200000,1.400000,1.378930,0.953900,0.902629,1.911103,1.982928,2.039594,0.745192,0.758515,0.747001,0.745572,0.758085,0.746304
1552.5,1.200000,1.400000,1.379018,0.953894,0.902646,1.911411,1.983207,2.039595,0.745205,0.758498,0.746974,0.745579,0.758065,0.746270
1553.0,1.200000,1.400000,1.379106,0.953888,0.902663,1.911720,1.983485,2.039596,0.745218,0.758481,0.746946,0.745587,0.758045,0.746236
1553.5,1.200000,1.400000,1.379193,0.953882,0.902679,1.912027,1.983762,2.039597,0.745231,0.758464,0.746919,0.745594,0.758025,0.746203
1554.0,1.200000,1.400000,1.379279,0.953876,0.902694,1.912334,1.984038,2.039597,0.745244,0.758447,0.746891,0.745602,0.758004,0.746170
1554.5,1.200000,1.400000,1.379366,0.953870,0.902708,1.912641,1.984313,2.039597,0.745256,0.758430,0.746863,0.745609,0.757984,0.746138
1555.0,1.200000,1.400000,1.379452,0.953864,0.902722,1.912946,1.984588,2.039597,0.745268,0.758413,0.746835,0.745616,0.757963,0.746106
1555.5,1.200000,1.400000,1.379537,0.953858,0.902735,1.913252,1.984861,2.039596,0.745280,0.758395,0.746808,0.745623,0.757943,0.746075
1556.0,1.200000,1.400000,1.379623,0.953852,0.902748,1.913556,1.985134,2.039596,0.745292,0.758378,0.746780,0.745629,0.757922,0.746044
1556.5,1.200000,1.400000,1.379708,0.953847,0.902760,1.913860,1.985406,2.039595,0.745304,0.758360,0.746752,0.745636,0.757901,0.746014
1557.0,1.200000,1.400000,1.379792,0.953841,0.902772,1.914164,1.985677,2.039593,0.745315,0.758342,0.746724,0.745642,0.757881,0.745983
1557.5,1.200000,1.400000,1.379876,0.953835,0.902783,1.914467,1.985948,2.039592,0.745326,0.758324,0.746696,0.745648,0.757860,0.745954
1558.0,1.200000,1.400000,1.379960,0.953829,0.902794,1.914769,1.986217,2.039590,0.745337,0.758306,0.746668,0.745653,0.757839,0.745924
1558.5,1.200000,1.400000,1.380044,0.953823,0.902805,1.915071,1.986486,2.039588,0.745348,0.758288,0.746641,0.745659,0.757818,0.745895
1559.0,1.200000,1.400000,1.380127,0.953817,0.902814,1.915372,1.986753,2.039585,0.745359,0.758270,0.746613,0.745664,0.757796,0.745866
1559.5,1.200000,1.400000,1.380210,0.953811,0.902824,1.915673,1.987020,2.039583,0.745369,0.758252,0.746585,0.745669,0.757775,0.745837
1560.0,1.200000,1.400000,1.380292,0.953805,0.902833,1.915973,1.987286,2.039580,0.745379,0.758233,0.746557,0.745674,0.757754,0.745808
1560.5,1.200000,1.400000,1.380374,0.953799,0.902842,1.916273,1.987552,2.039576,0.745389,0.758215,0.746529,0.745678,0.757732,0.745780
1561.0,1.200000,1.400000,1.380456,0.953794,0.902850,1.916571,1.987816,2.039573,0.745399,0.758196,0.746501,0.745682,0.757711,0.745752
1561.5,1.200000,1.400000,1.380537,0.953788,0.902858,1.916870,1.988080,2.039569,0.745408,0.758177,0.746473,0.745686,0.757689,0.745723
1562.0,1.200000,1.400000,1.380618,0.953782,0.902866,1.917168,1.988342,2.039565,0.745418,0.758159,0.746446,0.745690,0.757668,0.745696
1562.5,1.200000,1.400000,1.380699,0.953776,0.902873,1.917465,1.988604,2.039560,0.745427,0.758140,0.746418,0.745693,0.757646,0.745668
1563.0,1.200000,1.400000,1.380780,0.953770,0.902880,1.917761,1.988865,2.039556,0.745436,0.758121,0.746390,0.745697,0.757624,0.745640
1563.5,1.200000,1.400000,1.380860,0.953764,0.902887,1.918057,1.989126,2.039551,0.745444,0.758101,0.746362,0.745700,0.757602,0.745613
1564.0,1.200000,1.400000,1.380939,0.953758,0.902893,1.918353,1.989385,2.039545,0.745453,0.758082,0.746334,0.745703,0.757580,0.745584
1564.5,1.200000,1.400000,1.381019,0.953753,0.902900,1.918648,1.989643,2.039540,0.745461,0.758063,0.746306,0.745705,0.757558,0.745555
1565.0,1.200000,1.400000,1.381098,0.953747,0.902905,1.918942,1.989901,2.039534,0.745469,0.758043,0.746277,0.745708,0.757536,0.745525
1565.5,1.200000,1.400000,1.381177,0.953741,0.902911,1.919236,1.990158,2.039528,0.745477,0.758024,0.746249,0.745710,0.757514,0.745495
1566.0,1.200000,1.400000,1.381255,0.953735,0.902917,1.919529,1.990414,2.039522,0.745484,0.758004,0.746220,0.745712,0.757491,0.745464
1566.5,1.200000,1.400000,1.381333,0.953729,0.902922,1.919821,1.990669,2.039516,0.745492,0.757984,0.746191,0.745714,0.757469,0.745433
1567.0,1.200000,1.400000,1.381411,0.953723,0.902927,1.920113,1.990924,2.039509,0.745499,0.757965,0.746162,0.745716,0.757446,0.745402
1567.5,1.200000,1.400000,1.381489,0.953717,0.902932,1.920405,1.991177,2.039502,0.745506,0.757945,0.746133,0.745717,0.757424,0.745369
1568.0,1.200000,1.400000,1.381566,0.953712,0.902929,1.920696,1.991430,2.039495,0.745513,0.757925,0.746102,0.745719,0.757401,0.745329
1568.5,1.200000,1.400000,1.381642,0.953706,0.902927,1.920986,1.991682,2.039488,0.745520,0.757905,0.746071,0.745720,0.757379,0.745290
1569.0,1.200000,1.400000,1.381719,0.953700,0.902925,1.921276,1.991933,2.039481,0.745526,0.757884,0.746040,0.745721,0.757356,0.745252
1569.5,1.200000,1.400000,1.381795,0.953694,0.902923,1.921565,1.992183,2.039473,0.745532,0.757864,0.746008,0.745722,0.757333,0.745214
1570.0,1.200000,1.400000,1.381871,0.953688,0.902921,1.921853,1.992433,2.039466,0.745538,0.757844,0.745977,0.745723,0.757310,0.745177
1570.5,1.200000,1.400000,1.381947,0.953683,0.902919,1.922141,1.992682,2.039458,0.745544,0.757823,0.745946,0.745724,0.757287,0.745141
1571.0,1.200000,1.400000,1.382022,0.953677,0.902917,1.922428,1.992929,2.039450,0.745550,0.757803,0.745915,0.745724,0.757264,0.745106
1571.5,1.200000,1.400000,1.382097,0.953671,0.902915,1.922715,1.993176,2.039442,0.745556,0.757782,0.745884,0.745725,0.757241,0.745072
1572.0,1.200000,1.400000,1.382171,0.953665,0.902914,1.923001,1.993422,2.039434,0.745561,0.757761,0.745853,0.745726,0.757218,0.745038
1572.5,1.200000,1.400000,1.382246,0.953659,0.902912,1.923287,1.993668,2.039425,0.745566,0.757740,0.745823,0.745726,0.757195,0.745006
1573.0,1.200000,1.400000,1.382320,0.953654,0.902911,1.923572,1.993912,2.039416,0.745572,0.757720,0.745792,0.745727,0.757171,0.744974
1573.5,1.200000,1.400000,1.382393,0.953648,0.902909,1.923857,1.994156,2.039408,0.745577,0.757699,0.745761,0.745727,0.757148,0.744943
1574.0,1.200000,1.400000,1.382467,0.953642,0.902908,1.924140,1.994399,2.039399,0.745581,0.757677,0.745731,0.745727,0.757125,0.744912
1574.5,1.200000,1.400000,1.382540,0.953636,0.902906,1.924424,1.994641,2.039390,0.745586,0.757656,0.745701,0.745727,0.757101,0.744882
1575.0,1.200000,1.400000,1.382612,0.953630,0.902905,1.924707,1.994882,2.039380,0.745591,0.757635,0.745671,0.745728,0.757078,0.744853
1575.5,1.200000,1.400000,1.382685,0.953625,0.902904,1.924989,1.995122,2.039371,0.745595,0.757614,0.745641,0.745728,0.757054,0.744824
1576.0,1.200000,1.400000,1.382757,0.953619,0.902903,1.925270,1.995362,2.039361,0.745599,0.757592,0.745611,0.745728,0.757030,0.744796
1576.5,1.200000,1.400000,1.382829,0.953613,0.902902,1.925551,1.995601,2.039351,0.745603,0.757571,0.745581,0.745728,0.757007,0.744769
1577.0,1.200000,1.400000,1.382900,0.953607,0.902901,1.925831,1.995839,2.039341,0.745607,0.757549,0.745552,0.745727,0.756983,0.744742
1577.5,1.200000,1.400000,1.382972,0.953602,0.902899,1.926111,1.996076,2.039330,0.745611,0.757528,0.745522,0.745727,0.756959,0.744716
1578.0,1.200000,1.400000,1.383043,0.953596,0.902898,1.926390,1.996312,2.039320,0.745615,0.757506,0.745493,0.745727,0.756935,0.744690
1578.5,1.200000,1.400000,1.383113,0.953590,0.902898,1.926669,1.996548,2.039309,0.745618,0.757484,0.745464,0.745727,0.756911,0.744665
1579.0,1.200000,1.400000,1.383184,0.953584,0.902897,1.926947,1.996783,2.039298,0.745621,0.757462,0.745435,0.745726,0.756887,0.744640
1579.5,1.200000,1.400000,1.383254,0.953579,0.902896,1.927224,1.997016,2.039287,0.745625,0.757440,0.745407,0.745725,0.756863,0.744615
1580.0,1.200000,1.400000,1.383323,0.953573,0.902895,1.927501,1.997249,2.039275,0.745628,0.757418,0.745378,0.745725,0.756839,0.744591
1580.5,1.200000,1.400000,1.383393,0.953567,0.902894,1.927778,1.997482,2.039264,0.745631,0.757396,0.745350,0.745724,0.756814,0.744566
1581.0,1.200000,1.400000,1.383462,0.953561,0.902893,1.928053,1.997713,2.039252,0.745634,0.757374,0.745322,0.745723,0.756790,0.744542
1581.5,1.200000,1.400000,1.383531,0.953556,0.902893,1.928328,1.997944,2.039239,0.745636,0.757352,0.745294,0.745722,0.756766,0.744518
1582.0,1.200000,1.400000,1.383600,0.953550,0.902892,1.928603,1.998174,2.039227,0.745639,0.757329,0.745266,0.745721,0.756741,0.744495
1582.5,1.200000,1.400000,1.383668,0.953544,0.902891,1.928877,1.998403,2.039214,0.745641,0.757307,0.745238,0.745720,0.756717,0.744471
1583.0,1.200000,1.400000,1.383736,0.953538,0.902891,1.929150,1.998631,2.039201,0.745644,0.757284,0.745210,0.745719,0.756692,0.744448
1583.5,1.200000,1.400000,1.383804,0.953533,0.902890,1.929422,1.998858,2.039188,0.745646,0.757262,0.745183,0.745717,0.756668,0.744424
1584.0,1.200000,1.400000,1.383871,0.953527,0.902889,1.929695,1.999085,2.039175,0.745648,0.757239,0.745155,0.745716,0.756643,0.744401
1584.5,1.200000,1.400000,1.383938,0.953521,0.902889,1.929966,1.999311,2.039161,0.745650,0.757216,0.745128,0.745714,0.756619,0.744378
1585.0,1.200000,1.400000,1.384005,0.953516,0.902888,1.930237,1.999536,2.039147,0.745652,0.757194,0.745101,0.745713,0.756594,0.744354
1585.5,1.200000,1.400000,1.384072,0.953510,0.902888,1.930507,1.999760,2.039133,0.745653,0.757171,0.745074,0.745711,0.756569,0.744331
1586.0,1.200000,1.400000,1.384138,0.953504,0.902887,1.930777,1.999984,2.039118,0.745655,0.757148,0.745047,0.745709,0.756544,0.744308
1586.5,1.200000,1.400000,1.384204,0.953499,0.902887,1.931046,2.000206,2.039104,0.745656,0.757125,0.745020,0.745707,0.756520,0.744285
1587.0,1.200000,1.400000,1.384270,0.953493,0.902886,1.931314,2.000428,2.039089,0.745657,0.757102,0.744993,0.745705,0.756495,0.744261
1587.5,1.200000,1.400000,1.384336,0.953487,0.902886,1.931582,2.000649,2.039073,0.745659,0.757079,0.744966,0.745703,0.756470,0.744238
1588.0,1.200000,1.400000,1.384401,0.953482,0.902885,1.931850,2.000869,2.039058,0.745660,0.757056,0.744940,0.745700,0.756445,0.744215
1588.5,1.200000,1.400000,1.384466,0.953476,0.902885,1.932116,2.001089,2.039042,0.745660,0.757032,0.744913,0.745698,0.756420,0.744192
1589.0,1.200000,1.400000,1.384531,0.953470,0.902885,1.932382,2.001307,2.039026,0.745661,0.757009,0.744887,0.745695,0.756394,0.744168
1589.5,1.200000,1.400000,1.384595,0.953465,0.902884,1.932648,2.001525,2.039010,0.745662,0.756986,0.744860,0.745693,0.756369,0.744145
1590.0,1.200000,1.400000,1.384659,0.953459,0.902884,1.932913,2.001742,2.038993,0.745663,0.756962,0.744834,0.745690,0.756344,0.744122
1590.5,1.200000,1.400000,1.384723,0.953453,0.902883,1.933177,2.001959,2.038976,0.745663,0.756939,0.744808,0.745687,0.756319,0.744098
1591.0,1.200000,1.400000,1.384787,0.953448,0.902883,1.933441,2.002174,2.038959,0.745663,0.756915,0.744782,0.745685,0.756294,0.744075
1591.5,1.200000,1.400000,1.384850,0.953442,0.902883,1.933704,2.002389,2.038942,0.745664,0.756891,0.744756,0.745682,0.756268,0.744052
1592.0,1.200000,1.400000,1.384914,0.953436,0.902883,1.933966,2.002603,2.038925,0.745664,0.756868,0.744730,0.745679,0.756243,0.744029
1592.5,1.200000,1.400000,1.384976,0.953431,0.902882,1.934228,2.002816,2.038907,0.745664,0.756844,0.744704,0.745676,0.756217,0.744005
1593.0,1.200000,1.400000,1.385039,0.953425,0.902882,1.934489,2.003028,2.038889,0.745664,0.756820,0.744678,0.745673,0.756192,0.743982
1593.5,1.200000,1.400000,1.385101,0.953419,0.902882,1.934750,2.003240,2.038871,0.745663,0.756796,0.744653,0.745670,0.756166,0.743959
1594.0,1.200000,1.400000,1.385163,0.953414,0.902881,1.935010,2.003451,2.038852,0.745663,0.756772,0.744627,0.745667,0.756141,0.743936
1594.5,1.200000,1.400000,1.385225,0.953408,0.902881,1.935269,2.003660,2.038833,0.745663,0.756748,0.744601,0.745663,0.756115,0.743912
1595.0,1.200000,1.400000,1.385287,0.953403,0.902881,1.935528,2.003870,2.038814,0.745662,0.756724,0.744576,0.745660,0.756090,0.743889
1595.5,1.200000,1.400000,1.385348,0.953397,0.902881,1.935786,2.004078,2.038795,0.745662,0.756700,0.744551,0.745657,0.756064,0.743866
1596.0,1.200000,1.400000,1.385409,0.953391,0.902881,1.936044,2.004286,2.038775,0.745661,0.756676,0.744525,0.745653,0.756038,0.743843
1596.5,1.200000,1.400000,1.385470,0.953386,0.902880,1.936301,2.004493,2.038756,0.745660,0.756652,0.744500,0.745650,0.756012,0.743821
1597.0,1.200000,1.400000,1.385530,0.953380,0.902880,1.936557,2.004699,2.038736,0.745659,0.756628,0.744475,0.745647,0.755987,0.743798
1597.5,1.200000,1.400000,1.385591,0.953374,0.902880,1.936813,2.004904,2.038715,0.745658,0.756603,0.744450,0.745643,0.755961,0.743776
1598.0,1.200000,1.400000,1.385651,0.953369,0.902880,1.937068,2.005109,2.038695,0.745657,0.756579,0.744426,0.745639,0.755935,0.743753
1598.5,1.200000,1.400000,1.385711,0.953363,0.902880,1.937322,2.005312,2.038674,0.745656,0.756555,0.744401,0.745636,0.755909,0.743731
1599.0,1.200000,1.400000,1.385770,0.953358,0.902879,1.937576,2.005515,2.038653,0.745655,0.756530,0.744376,0.745632,0.755883,0.743709
1599.5,1.200000,1.400000,1.385829,0.953352,0.902879,1.937830,2.005718,2.038632,0.745654,0.756506,0.744352,0.745628,0.755857,0.743688
1600.0,1.200000,1.400000,1.385888,0.953347,0.902879,1.938082,2.005919,2.038610,0.745652,0.756481,0.744328,0.745624,0.755831,0.743667
1600.5,1.200000,1.400000,1.385947,0.953341,0.902879,1.938334,2.006120,2.038588,0.745651,0.756456,0.744304,0.745620,0.755805,0.743646
1601.0,1.200000,1.400000,1.386006,0.953335,0.902879,1.938586,2.006320,2.038566,0.745649,0.756432,0.744280,0.745616,0.755779,0.743625
1601.5,1.200000,1.400000,1.386064,0.953330,0.902879,1.938837,2.006519,2.038544,0.745648,0.756407,0.744256,0.745612,0.755753,0.743604
1602.0,1.200000,1.400000,1.386122,0.953324,0.902879,1.939087,2.006717,2.038521,0.745646,0.756382,0.744232,0.745608,0.755726,0.743583
1602.5,1.200000,1.400000,1.386180,0.953319,0.902878,1.939336,2.006915,2.038499,0.745644,0.756357,0.744208,0.745604,0.755700,0.743563
1603.0,1.200000,1.400000,1.386238,0.953313,0.902878,1.939585,2.007112,2.038475,0.745642,0.756332,0.744185,0.745599,0.755674,0.743542
1603.5,1.200000,1.400000,1.386295,0.953308,0.902878,1.939834,2.007308,2.038452,0.745640,0.756307,0.744161,0.745595,0.755648,0.743522
1604.0,1.200000,1.400000,1.386352,0.953302,0.902878,1.940081,2.007503,2.038428,0.745638,0.756282,0.744138,0.745590,0.755621,0.743501
1604.5,1.200000,1.400000,1.386409,0.953297,0.902812,1.940329,2.007697,2.038404,0.745636,0.756257,0.744097,0.745586,0.755595,0.743407
1605.0,1.200000,1.400000,1.386466,0.953291,0.902748,1.940575,2.007891,2.038380,0.745633,0.756232,0.744057,0.745581,0.755569,0.743321
1605.5,1.200000,1.400000,1.386522,0.953286,0.902687,1.940821,2.008084,2.038356,0.745631,0.756207,0.744018,0.745576,0.755542,0.743242
1606.0,1.200000,1.400000,1.386578,0.953280,0.902628,1.941066,2.008277,2.038331,0.745628,0.756182,0.743980,0.745571,0.755516,0.743171
1606.5,1.200000,1.400000,1.386634,0.953275,0.902572,1.941311,2.008468,2.038306,0.745626,0.756157,0.743943,0.745566,0.755489,0.743106
1607.0,1.200000,1.400000,1.386690,0.953269,0.902519,1.941555,2.008659,2.038281,0.745623,0.756132,0.743906,0.745561,0.755463,0.743047
1607.5,1.200000,1.400000,1.386745,0.953264,0.902467,1.941798,2.008849,2.038255,0.745620,0.756106,0.743870,0.745555,0.755436,0.742993
1608.0,1.200000,1.400000,1.386800,0.953258,0.902418,1.942041,2.009038,2.038230,0.745617,0.756081,0.743834,0.745550,0.755410,0.742944
1608.5,1.200000,1.400000,1.386855,0.953253,0.902370,1.942283,2.009227,2.038204,0.745614,0.756056,0.743799,0.745544,0.755383,0.742900
1609.0,1.200000,1.400000,1.386910,0.953247,0.902325,1.942525,2.009415,2.038178,0.745611,0.756030,0.743765,0.745539,0.755357,0.742858
1609.5,1.200000,1.400000,1.386965,0.953242,0.902282,1.942766,2.009602,2.038151,0.745608,0.756005,0.743731,0.745533,0.755330,0.742821
1610.0,1.200000,1.400000,1.387019,0.953236,0.902240,1.943006,2.009788,2.038124,0.745605,0.755979,0.743697,0.745527,0.755303,0.742786
1610.5,1.200000,1.400000,1.387073,0.953231,0.902200,1.943246,2.009973,2.038098,0.745601,0.755954,0.743664,0.745522,0.755277,0.742754
1611.0,1.200000,1.400000,1.387127,0.953225,0.902162,1.943485,2.010158,2.038070,0.745598,0.755928,0.743632,0.745516,0.755250,0.742724
1611.5,1.200000,1.400000,1.387181,0.953220,0.902125,1.943723,2.010342,2.038043,0.745594,0.755902,0.743600,0.745509,0.755223,0.742696
1612.0,1.200000,1.400000,1.387234,0.953214,0.902090,1.943961,2.010525,2.038015,0.745590,0.755877,0.743569,0.745503,0.755196,0.742670
1612.5,1.200000,1.400000,1.387287,0.953209,0.902057,1.944198,2.010708,2.037988,0.745587,0.755851,0.743538,0.745497,0.755169,0.742646
1613.0,1.200000,1.400000,1.387340,0.953203,0.902024,1.944435,2.010890,2.037960,0.745583,0.755825,0.743507,0.745491,0.755143,0.742622
1613.5,1.200000,1.400000,1.387393,0.953198,0.901993,1.944671,2.011071,2.037931,0.745579,0.755799,0.743477,0.745484,0.755116,0.742600
1614.0,1.200000,1.400000,1.387445,0.953192,0.901964,1.944906,2.011251,2.037903,0.745575,0.755774,0.743447,0.745478,0.755089,0.742579
1614.5,1.200000,1.400000,1.387498,0.953187,0.901935,1.945141,2.011431,2.037874,0.745571,0.755748,0.743418,0.745471,0.755062,0.742559
1615.0,1.200000,1.400000,1.387550,0.953182,0.901908,1.945375,2.011610,2.037845,0.745567,0.755722,0.743388,0.745464,0.755035,0.742540
1615.5,1.200000,1.400000,1.387602,0.953176,0.901882,1.945609,2.011788,2.037816,0.745562,0.755696,0.743360,0.745458,0.755008,0.742521
1616.0,1.200000,1.400000,1.387653,0.953171,0.901857,1.945842,2.011965,2.037787,0.745558,0.755670,0.743331,0.745451,0.754981,0.742503
1616.5,1.200000,1.400000,1.387705,0.953165,0.901833,1.946074,2.012142,2.037757,0.745553,0.755644,0.743303,0.745444,0.754954,0.742485
1617.0,1.200000,1.400000,1.387756,0.953160,0.901810,1.946306,2.012318,2.037727,0.745549,0.755618,0.743276,0.745437,0.754927,0.742468
1617.5,1.200000,1.400000,1.387807,0.953154,0.901788,1.946537,2.012493,2.037697,0.745544,0.755592,0.743248,0.745430,0.754900,0.742450
1618.0,1.200000,1.400000,1.387858,0.953149,0.901767,1.946767,2.012667,2.037667,0.745539,0.755566,0.743221,0.745423,0.754873,0.742433
1618.5,1.200000,1.400000,1.387908,0.953144,0.901747,1.946997,2.012841,2.037637,0.745535,0.755540,0.743194,0.745416,0.754846,0.742416
1619.0,1.200000,1.400000,1.387959,0.953138,0.901728,1.947226,2.013014,2.037606,0.745530,0.755513,0.743167,0.745408,0.754819,0.742400
1619.5,1.200000,1.400000,1.388009,0.953133,0.901709,1.947455,2.013187,2.037575,0.745525,0.755487,0.743141,0.745401,0.754792,0.742383
1620.0,1.200000,1.400000,1.388059,0.953127,0.901691,1.947683,2.013358,2.037544,0.745520,0.755461,0.743115,0.745394,0.754765,0.742366
1620.5,1.200000,1.400000,1.388109,0.953122,0.901674,1.947910,2.013529,2.037513,0.745514,0.755435,0.743089,0.745386,0.754737,0.742350
1621.0,1.200000,1.400000,1.388158,0.953117,0.901658,1.948137,2.013699,2.037482,0.745509,0.755408,0.743064,0.745379,0.754710,0.742333
1621.5,1.200000,1.400000,1.388208,0.953111,0.901642,1.948363,2.013869,2.037450,0.745504,0.755382,0.743038,0.745371,0.754683,0.742317
1622.0,1.200000,1.400000,1.388257,0.953106,0.901627,1.948589,2.014037,2.037419,0.745498,0.755356,0.743013,0.745363,0.754656,0.742300
1622.5,1.200000,1.400000,1.388306,0.953101,0.901613,1.948814,2.014205,2.037387,0.745493,0.755329,0.742988,0.745355,0.754629,0.742284
1623.0,1.200000,1.400000,1.388354,0.953095,0.901599,1.949038,2.014372,2.037355,0.745487,0.755303,0.742964,0.745348,0.754601,0.742267
1623.5,1.200000,1.400000,1.388403,0.953090,0.901586,1.949262,2.014539,2.037323,0.745482,0.755276,0.742939,0.745340,0.754574,0.742250
1624.0,1.200000,1.400000,1.388451,0.953085,0.901574,1.949485,2.014705,2.037290,0.745476,0.755250,0.742915,0.745332,0.754547,0.742233
1624.5,1.200000,1.400000,1.388499,0.953079,0.901561,1.949708,2.014870,2.037257,0.745470,0.755223,0.742891,0.745323,0.754519,0.742217
1625.0,1.200000,1.400000,1.388547,0.953074,0.901550,1.949930,2.015034,2.037225,0.745464,0.755197,0.742867,0.745315,0.754492,0.742200
1625.5,1.200000,1.400000,1.388595,0.953069,0.901539,1.950151,2.015198,2.037192,0.745458,0.755170,0.742843,0.745307,0.754465,0.742183
1626.0,1.200000,1.400000,1.388643,0.953063,0.901528,1.950372,2.015361,2.037158,0.745452,0.755144,0.742820,0.745299,0.754437,0.742166
1626.5,1.200000,1.400000,1.388690,0.953058,0.901518,1.950592,2.015523,2.037125,0.745446,0.755117,0.742796,0.745290,0.754410,0.742149
1627.0,1.200000,1.400000,1.388737,0.953053,0.901508,1.950811,2.015685,2.037092,0.745439,0.755090,0.742773,0.745282,0.754383,0.742131
1627.5,1.200000,1.400000,1.388784,0.953047,0.901499,1.951030,2.015846,2.037058,0.745433,0.755064,0.742750,0.745273,0.754355,0.742114
1628.0,1.200000,1.400000,1.388831,0.953042,0.901490,1.951249,2.016006,2.037024,0.745427,0.755037,0.742727,0.745265,0.754328,0.742097
1628.5,1.200000,1.400000,1.388877,0.953037,0.901481,1.951466,2.016166,2.036990,0.745420,0.755010,0.742705,0.745256,0.754301,0.742080
1629.0,1.200000,1.400000,1.388924,0.953031,0.901473,1.951683,2.016324,2.036956,0.745414,0.754984,0.742682,0.745247,0.754273,0.742062
1629.5,1.200000,1.400000,1.388970,0.953026,0.901465,1.951900,2.016482,2.036922,0.745407,0.754957,0.742660,0.745238,0.754246,0.742045
1630.0,1.200000,1.400000,1.389016,0.953021,0.901457,1.952116,2.016640,2.036887,0.745400,0.754930,0.742637,0.745229,0.754218,0.742027
1630.5,1.200000,1.400000,1.389061,0.953016,0.901450,1.952331,2.016797,2.036852,0.745393,0.754903,0.742615,0.745220,0.754191,0.742010
1631.0,1.200000,1.400000,1.389107,0.953010,0.901443,1.952546,2.016953,2.036818,0.745386,0.754876,0.742593,0.745211,0.754163,0.741992
1631.5,1.200000,1.400000,1.389152,0.953005,0.901436,1.952760,2.017108,2.036783,0.745379,0.754850,0.742571,0.745202,0.754136,0.741975
1632.0,1.200000,1.400000,1.389198,0.953000,0.901430,1.952973,2.017262,2.036747,0.745372,0.754823,0.742550,0.745193,0.754108,0.741957
1632.5,1.200000,1.400000,1.389243,0.952995,0.901424,1.953186,2.017416,2.036712,0.745365,0.754796,0.742528,0.745184,0.754081,0.741939
1633.0,1.200000,1.400000,1.389287,0.952989,0.901418,1.953399,2.017570,2.036677,0.745358,0.754769,0.742506,0.745174,0.754053,0.741921
1633.5,1.200000,1.400000,1.389332,0.952984,0.901412,1.953610,2.017722,2.036641,0.745351,0.754742,0.742485,0.745165,0.754026,0.741904
1634.0,1.200000,1.400000,1.389377,0.952979,0.901407,1.953821,2.017874,2.036605,0.745343,0.754715,0.742464,0.745155,0.753998,0.741886
1634.5,1.200000,1.400000,1.389421,0.952974,0.901402,1.954032,2.018025,2.036569,0.745336,0.754688,0.742443,0.745146,0.753971,0.741868
1635.0,1.200000,1.400000,1.389465,0.952968,0.901397,1.954242,2.018176,2.036533,0.745328,0.754661,0.742422,0.745136,0.753943,0.741852
1635.5,1.200000,1.400000,1.389509,0.952963,0.901392,1.954451,2.018326,2.036497,0.745321,0.754634,0.742402,0.745126,0.753916,0.741838
1636.0,1.200000,1.400000,1.389552,0.952958,0.901387,1.954660,2.018475,2.036460,0.745313,0.754607,0.742382,0.745117,0.753888,0.741825
1636.5,1.200000,1.400000,1.389596,0.952953,0.901383,1.954868,2.018623,2.036424,0.745305,0.754580,0.742363,0.745107,0.753860,0.741813
1637.0,1.200000,1.400000,1.389639,0.952948,0.901379,1.955076,2.018771,2.036387,0.745298,0.754553,0.742344,0.745097,0.753833,0.741801
1637.5,1.200000,1.400000,1.389683,0.952942,0.901375,1.955283,2.018918,2.036349,0.745290,0.754526,0.742325,0.745087,0.753805,0.741790
1638.0,1.200000,1.400000,1.389726,0.952937,0.901371,1.955489,2.019065,2.036312,0.745282,0.754499,0.742307,0.745077,0.753778,0.741779
1638.5,1.200000,1.400000,1.389768,0.952932,0.901367,1.955695,2.019210,2.036274,0.745274,0.754472,0.742289,0.745067,0.753750,0.741768
1639.0,1.200000,1.400000,1.389811,0.952927,0.901364,1.955900,2.019355,2.036236,0.745266,0.754444,0.742271,0.745057,0.753722,0.741757
1639.5,1.200000,1.400000,1.389853,0.952922,0.901360,1.956104,2.019500,2.036197,0.745257,0.754417,0.742253,0.745047,0.753695,0.741747
1640.0,1.200000,1.400000,1.389896,0.952916,0.901357,1.956309,2.019644,2.036159,0.745249,0.754390,0.742235,0.745037,0.753667,0.741736
1640.5,1.200000,1.400000,1.389938,0.952911,0.901354,1.956512,2.019787,2.036120,0.745241,0.754363,0.742218,0.745027,0.753639,0.741725
1641.0,1.200000,1.400000,1.389980,0.952906,0.901351,1.956715,2.019929,2.036080,0.745233,0.754336,0.742201,0.745017,0.753612,0.741713
1641.5,1.200000,1.400000,1.390021,0.952901,0.901348,1.956917,2.020071,2.036041,0.745224,0.754308,0.742183,0.745007,0.753584,0.741701
1642.0,1.200000,1.400000,1.390063,0.952896,0.901346,1.957119,2.020212,2.036001,0.745216,0.754281,0.742166,0.744997,0.753557,0.741689
1642.5,1.200000,1.400000,1.390104,0.952891,0.901343,1.957320,2.020352,2.035961,0.745207,0.754254,0.742149,0.744986,0.753529,0.741677
1643.0,1.200000,1.400000,1.390146,0.952886,0.901340,1.957520,2.020492,2.035921,0.745199,0.754227,0.742132,0.744976,0.753501,0.741664
1643.5,1.200000,1.400000,1.390187,0.952880,0.901338,1.957720,2.020631,2.035881,0.745190,0.754199,0.742115,0.744966,0.753474,0.741651
1644.0,1.200000,1.400000,1.390228,0.952875,0.901336,1.957920,2.020770,2.035840,0.745181,0.754172,0.742098,0.744955,0.753446,0.741638
1644.5,1.200000,1.400000,1.390268,0.952870,0.901334,1.958118,2.020907,2.035799,0.745172,0.754145,0.742081,0.744945,0.753418,0.741625
1645.0,1.200000,1.400000,1.390309,0.952865,0.901331,1.958316,2.021044,2.035758,0.745164,0.754118,0.742065,0.744934,0.753391,0.741611
1645.5,1.200000,1.400000,1.390349,0.952860,0.901329,1.958514,2.021181,2.035717,0.745155,0.754090,0.742048,0.744924,0.753363,0.741597
1646.0,1.200000,1.400000,1.390389,0.952855,0.901327,1.958711,2.021317,2.035675,0.745146,0.754063,0.742031,0.744913,0.753335,0.741582
1646.5,1.200000,1.400000,1.390430,0.952850,0.901326,1.958907,2.021452,2.035633,0.745137,0.754036,0.742015,0.744903,0.753308,0.741568
1647.0,1.200000,1.400000,1.390469,0.952845,0.901324,1.959103,2.021586,2.035591,0.745128,0.754008,0.741998,0.744892,0.753280,0.741553
1647.5,1.200000,1.400000,1.390509,0.952840,0.901322,1.959299,2.021720,2.035549,0.745119,0.753981,0.741981,0.744882,0.753252,0.741538
1648.0,1.200000,1.400000,1.390549,0.952835,0.901320,1.959493,2.021853,2.035507,0.745109,0.753954,0.741965,0.744871,0.753225,0.741523
1648.5,1.200000,1.400000,1.390588,0.952830,0.901319,1.959687,2.021986,2.035464,0.745100,0.753926,0.741948,0.744860,0.753197,0.741508
1649.0,1.200000,1.400000,1.390627,0.952824,0.901317,1.959881,2.022118,2.035421,0.745091,0.753899,0.741932,0.744849,0.753169,0.741493
1649.5,1.200000,1.400000,1.390666,0.952819,0.901316,1.960074,2.022249,2.035379,0.745082,0.753871,0.741915,0.744839,0.753142,0.741477
1650.0,1.200000,1.400000,1.390705,0.952814,0.901315,1.960266,2.022380,2.035335,0.745072,0.753844,0.741899,0.744828,0.753114,0.741462
1650.5,1.200000,1.400000,1.390744,0.952809,0.901313,1.960458,2.022510,2.035292,0.745063,0.753817,0.741882,0.744817,0.753086,0.741446
1651.0,1.200000,1.400000,1.390782,0.952804,0.901312,1.960649,2.022639,2.035249,0.745053,0.753789,0.741866,0.744806,0.753059,0.741431
1651.5,1.200000,1.400000,1.390821,0.952799,0.901311,1.960840,2.022768,2.035205,0.745044,0.753762,0.741849,0.744795,0.753031,0.741415
1652.0,1.200000,1.400000,1.390859,0.952794,0.901310,1.961030,2.022896,2.035161,0.745034,0.753734,0.741833,0.744784,0.753003,0.741400
1652.5,1.200000,1.400000,1.390897,0.952789,0.901308,1.961219,2.023024,2.035117,0.745025,0.753707,0.741817,0.744773,0.752976,0.741384
1653.0,1.200000,1.400000,1.390935,0.952784,0.901307,1.961408,2.023150,2.035073,0.745015,0.753679,0.741801,0.744762,0.752948,0.741368
1653.5,1.200000,1.400000,1.390973,0.952779,0.901306,1.961597,2.023277,2.035029,0.745005,0.753652,0.741784,0.744751,0.752920,0.741353
1654.0,1.200000,1.400000,1.391011,0.952774,0.901305,1.961785,2.023402,2.034985,0.744995,0.753624,0.741768,0.744740,0.752893,0.741337
1654.5,1.200000,1.400000,1.391048,0.952769,0.901304,1.961972,2.023527,2.034940,0.744986,0.753597,0.741752,0.744729,0.752865,0.741322
1655.0,1.200000,1.400000,1.391085,0.952764,0.901304,1.962158,2.023651,2.034896,0.744976,0.753569,0.741736,0.744717,0.752837,0.741306
1655.5,1.200000,1.400000,1.391122,0.952759,0.901303,1.962344,2.023775,2.034851,0.744966,0.753542,0.741720,0.744706,0.752810,0.741291
1656.0,1.200000,1.400000,1.391159,0.952754,0.901302,1.962530,2.023898,2.034806,0.744956,0.753514,0.741704,0.744695,0.752782,0.741276
1656.5,1.200000,1.400000,1.391196,0.952749,0.901301,1.962715,2.024021,2.034761,0.744946,0.753487,0.741688,0.744684,0.752754,0.741260
1657.0,1.200000,1.400000,1.391233,0.952744,0.901300,1.962899,2.024142,2.034716,0.744936,0.753459,0.741672,0.744672,0.752727,0.741245
1657.5,1.200000,1.400000,1.391269,0.952739,0.901300,1.963083,2.024264,2.034671,0.744926,0.753432,0.741656,0.744661,0.752699,0.741230
1658.0,1.200000,1.400000,1.391306,0.952734,0.901299,1.963266,2.024384,2.034625,0.744915,0.753404,0.741640,0.744650,0.752671,0.741215
1658.5,1.200000,1.400000,1.391342,0.952729,0.901298,1.963449,2.024504,2.034580,0.744905,0.753377,0.741624,0.744638,0.752644,0.741200
1659.0,1.200000,1.400000,1.391378,0.952724,0.901298,1.963631,2.024623,2.034534,0.744895,0.753349,0.741608,0.744627,0.752616,0.741185
1659.5,1.200000,1.400000,1.391414,0.952719,0.901297,1.963813,2.024742,2.034489,0.744885,0.753322,0.741593,0.744615,0.752588,0.741170
1660.0,1.200000,1.400000,1.391450,0.952715,0.901296,1.963994,2.024860,2.034443,0.744874,0.753294,0.741577,0.744604,0.752561,0.741155
1660.5,1.200000,1.400000,1.391485,0.952710,0.901296,1.964174,2.024978,2.034397,0.744864,0.753267,0.741561,0.744592,0.752533,0.741140
1661.0,1.200000,1.400000,1.391521,0.952705,0.901295,1.964354,2.025095,2.034351,0.744854,0.753239,0.741546,0.744581,0.752506,0.741126
1661.5,1.200000,1.400000,1.391556,0.952700,0.901295,1.964533,2.025211,2.034305,0.744843,0.753212,0.741530,0.744569,0.752478,0.741111
1662.0,1.200000,1.400000,1.391591,0.952695,0.901294,1.964712,2.025327,2.034259,0.744833,0.753184,0.741514,0.744558,0.752450,0.741096
1662.5,1.200000,1.400000,1.391627,0.952690,0.901294,1.964890,2.025442,2.034212,0.744822,0.753157,0.741499,0.744546,0.752423,0.741082
1663.0,1.200000,1.400000,1.391661,0.952685,0.901293,1.965068,2.025556,2.034166,0.744812,0.753129,0.741484,0.744535,0.752395,0.741068
1663.5,1.200000,1.400000,1.391696,0.952680,0.901293,1.965245,2.025670,2.034119,0.744801,0.753102,0.741468,0.744523,0.752368,0.741053
1664.0,1.200000,1.400000,1.391731,0.952675,0.901292,1.965421,2.025783,2.034073,0.744791,0.753074,0.741453,0.744511,0.752340,0.741039
1664.5,1.200000,1.400000,1.391765,0.952670,0.901292,1.965597,2.025896,2.034026,0.744780,0.753047,0.741438,0.744500,0.752313,0.741025
1665.0,1.200000,1.400000,1.391800,0.952666,0.901292,1.965773,2.026008,2.033979,0.744769,0.753019,0.741422,0.744488,0.752285,0.741011
1665.5,1.200000,1.400000,1.391834,0.952661,0.901291,1.965947,2.026119,2.033932,0.744758,0.752992,0.741407,0.744476,0.752258,0.740997
1666.0,1.200000,1.400000,1.391868,0.952656,0.901291,1.966122,2.026230,2.033885,0.744748,0.752964,0.741392,0.744464,0.752230,0.740983
1666.5,1.200000,1.400000,1.391902,0.952651,0.901291,1.966295,2.026341,2.033838,0.744737,0.752937,0.741377,0.744453,0.752203,0.740969
1667.0,1.200000,1.400000,1.391935,0.952646,0.901290,1.966469,2.026450,2.033791,0.744726,0.752909,0.741362,0.744441,0.752175,0.740955
1667.5,1.200000,1.400000,1.391969,0.952641,0.901290,1.966641,2.026559,2.033744,0.744715,0.752882,0.741347,0.744429,0.752147,0.740940
1668.0,1.200000,1.400000,1.392002,0.952636,0.901290,1.966813,2.026668,2.033697,0.744704,0.752854,0.741331,0.744417,0.752120,0.740926
1668.5,1.200000,1.400000,1.392036,0.952632,0.901289,1.966985,2.026776,2.033649,0.744693,0.752827,0.741316,0.744405,0.752093,0.740912
1669.0,1.200000,1.400000,1.392069,0.952627,0.901289,1.967156,2.026883,2.033602,0.744682,0.752799,0.741301,0.744393,0.752065,0.740897
1669.5,1.200000,1.400000,1.392102,0.952622,0.901289,1.967326,2.026990,2.033554,0.744671,0.752772,0.741286,0.744381,0.752038,0.740883
1670.0,1.200000,1.400000,1.392135,0.952617,0.901386,1.967496,2.027096,2.033507,0.744660,0.752744,0.741296,0.744370,0.752010,0.740977
1670.5,1.200000,1.400000,1.392168,0.952612,0.901479,1.967665,2.027201,2.033459,0.744649,0.752717,0.741306,0.744358,0.751983,0.741059
1671.0,1.200000,1.400000,1.392200,0.952608,0.901568,1.967834,2.027306,2.033412,0.744638,0.752689,0.741314,0.744346,0.751955,0.741129
1671.5,1.200000,1.400000,1.392233,0.952603,0.901653,1.968002,2.027411,2.033364,0.744627,0.752662,0.741321,0.744334,0.751928,0.741189
1672.0,1.200000,1.400000,1.392265,0.952598,0.901735,1.968170,2.027515,2.033316,0.744616,0.752634,0.741327,0.744322,0.751900,0.741239
1672.5,1.200000,1.400000,1.392297,0.952593,0.901813,1.968337,2.027618,2.033269,0.744605,0.752607,0.741333,0.744309,0.751873,0.741281
1673.0,1.200000,1.400000,1.392329,0.952589,0.901888,1.968503,2.027721,2.033221,0.744593,0.752579,0.741337,0.744297,0.751846,0.741315
1673.5,1.200000,1.400000,1.392361,0.952584,0.901960,1.968669,2.027823,2.033173,0.744582,0.752552,0.741341,0.744285,0.751818,0.741343
1674.0,1.200000,1.400000,1.392393,0.952579,0.902029,1.968835,2.027924,2.033125,0.744571,0.752524,0.741344,0.744273,0.751791,0.741364
1674.5,1.200000,1.400000,1.392425,0.952574,0.902095,1.969000,2.028025,2.033077,0.744560,0.752497,0.741347,0.744261,0.751764,0.741380
1675.0,1.200000,1.400000,1.392456,0.952570,0.902158,1.969164,2.028125,2.033029,0.744548,0.752469,0.741349,0.744249,0.751736,0.741391
1675.5,1.200000,1.400000,1.392488,0.952565,0.902219,1.969328,2.028225,2.032981,0.744537,0.752442,0.741350,0.744237,0.751709,0.741398
1676.0,1.200000,1.400000,1.392519,0.952560,0.902277,1.969491,2.028324,2.032933,0.744525,0.752414,0.741350,0.744224,0.751682,0.741400
1676.5,1.200000,1.400000,1.392550,0.952555,0.902333,1.969654,2.028423,2.032885,0.744514,0.752387,0.741350,0.744212,0.751654,0.741400
1677.0,1.200000,1.400000,1.392581,0.952551,0.902386,1.969816,2.028521,2.032837,0.744503,0.752359,0.741349,0.744200,0.751627,0.741397
1677.5,1.200000,1.400000,1.392612,0.952546,0.902437,1.969978,2.028619,2.032789,0.744491,0.752332,0.741348,0.744187,0.751600,0.741391
1678.0,1.200000,1.400000,1.392643,0.952541,0.902487,1.970139,2.028716,2.032740,0.744479,0.752305,0.741346,0.744175,0.751572,0.741383
1678.5,1.200000,1.400000,1.392674,0.952537,0.902534,1.970300,2.028812,2.032692,0.744468,0.752277,0.741344,0.744163,0.751545,0.741373
1679.0,1.200000,1.400000,1.392704,0.952532,0.902579,1.970460,2.028908,2.032644,0.744456,0.752250,0.741341,0.744150,0.751518,0.741361
1679.5,1.200000,1.400000,1.392735,0.952527,0.902622,1.970620,2.029003,2.032596,0.744445,0.752222,0.741338,0.744138,0.751491,0.741348
1680.0,1.200000,1.400000,1.392765,0.952522,0.902663,1.970779,2.029098,2.032547,0.744433,0.752195,0.741335,0.744126,0.751464,0.741334
1680.5,1.200000,1.400000,1.392795,0.952518,0.902703,1.970937,2.029192,2.032499,0.744421,0.752168,0.741331,0.744113,0.751436,0.741319
1681.0,1.200000,1.400000,1.392825,0.952513,0.902741,1.971095,2.029286,2.032451,0.744410,0.752140,0.741326,0.744101,0.751409,0.741304
1681.5,1.200000,1.400000,1.392855,0.952508,0.902777,1.971252,2.029379,2.032402,0.744398,0.752113,0.741322,0.744088,0.751382,0.741287
1682.0,1.200000,1.400000,1.392885,0.952504,0.902812,1.971409,2.029472,2.032354,0.744386,0.752086,0.741316,0.744076,0.751355,0.741271
1682.5,1.200000,1.400000,1.392914,0.952499,0.902846,1.971566,2.029564,2.032305,0.744374,0.752058,0.741311,0.744063,0.751328,0.741253
1683.0,1.200000,1.400000,1.392944,0.952495,0.902878,1.971722,2.029655,2.032257,0.744363,0.752031,0.741305,0.744051,0.751301,0.741236
1683.5,1.200000,1.400000,1.392973,0.952490,0.902908,1.971877,2.029746,2.032208,0.744351,0.752004,0.741299,0.744038,0.751274,0.741218
1684.0,1.200000,1.400000,1.393003,0.952485,0.902938,1.972032,2.029836,2.032160,0.744339,0.751976,0.741293,0.744025,0.751246,0.741201
1684.5,1.200000,1.400000,1.393032,0.952481,0.902966,1.972186,2.029926,2.032111,0.744327,0.751949,0.741287,0.744013,0.751219,0.741183
1685.0,1.200000,1.400000,1.393061,0.952476,0.902993,1.972340,2.030015,2.032062,0.744315,0.751922,0.741280,0.744000,0.751192,0.741166
1685.5,1.200000,1.400000,1.393090,0.952471,0.903019,1.972493,2.030104,2.032014,0.744303,0.751894,0.741273,0.743988,0.751165,0.741148
1686.0,1.200000,1.400000,1.393119,0.952467,0.903044,1.972646,2.030192,2.031965,0.744291,0.751867,0.741265,0.743975,0.751138,0.741131
1686.5,1.200000,1.400000,1.393147,0.952462,0.903067,1.972798,2.030280,2.031916,0.744279,0.751840,0.741258,0.743962,0.751111,0.741113
1687.0,1.200000,1.400000,1.393176,0.952458,0.903090,1.972949,2.030367,2.031868,0.744267,0.751812,0.741250,0.743950,0.751084,0.741096
1687.5,1.200000,1.400000,1.393204,0.952453,0.903112,1.973100,2.030454,2.031819,0.744255,0.751785,0.741242,0.743937,0.751057,0.741079
1688.0,1.200000,1.400000,1.393233,0.952449,0.903133,1.973251,2.030540,2.031770,0.744243,0.751758,0.741234,0.743924,0.751030,0.741063
1688.5,1.200000,1.400000,1.393261,0.952444,0.903153,1.973401,2.030625,2.031721,0.744231,0.751731,0.741226,0.743911,0.751003,0.741046
1689.0,1.200000,1.400000,1.393289,0.952439,0.903172,1.973551,2.030710,2.031672,0.744219,0.751704,0.741217,0.743899,0.750976,0.741030
1689.5,1.200000,1.400000,1.393317,0.952435,0.903191,1.973700,2.030794,2.031623,0.744207,0.751676,0.741209,0.743886,0.750950,0.741014
1690.0,1.200000,1.400000,1.393345,0.952430,0.903272,1.973848,2.030878,2.031574,0.744195,0.751649,0.741216,0.743873,0.750923,0.741069
1690.5,1.200000,1.400000,1.393372,0.952426,0.903349,1.973996,2.030962,2.031526,0.744182,0.751622,0.741223,0.743860,0.750896,0.741116
1691.0,1.200000,1.400000,1.393400,0.952421,0.903424,1.974144,2.031045,2.031477,0.744170,0.751595,0.741229,0.743848,0.750869,0.741155
1691.5,1.200000,1.400000,1.393427,0.952417,0.903495,1.974291,2.031127,2.031428,0.744158,0.751568,0.741235,0.743835,0.750842,0.741189
1692.0,1.200000,1.400000,1.393455,0.952412,0.903563,1.974437,2.031209,2.031379,0.744146,0.751541,0.741239,0.743822,0.750815,0.741216
1692.5,1.200000,1.400000,1.393482,0.952408,0.903629,1.974583,2.031290,2.031330,0.744134,0.751513,0.741243,0.743809,0.750789,0.741238
1693.0,1.200000,1.400000,1.393509,0.952403,0.903691,1.974729,2.031371,2.031280,0.744121,0.751486,0.741246,0.743796,0.750762,0.741255
1693.5,1.200000,1.400000,1.393536,0.952399,0.903751,1.974874,2.031451,2.031231,0.744109,0.751459,0.741249,0.743783,0.750735,0.741268
1694.0,1.200000,1.400000,1.393563,0.952394,0.903809,1.975018,2.031531,2.031182,0.744097,0.751432,0.741251,0.743770,0.750708,0.741277
1694.5,1.200000,1.400000,1.393590,0.952390,0.903864,1.975162,2.031610,2.031133,0.744084,0.751405,0.741252,0.743757,0.750682,0.741283
1695.0,1.200000,1.400000,1.393617,0.952385,0.903917,1.975306,2.031689,2.031084,0.744072,0.751378,0.741253,0.743744,0.750655,0.741285
1695.5,1.200000,1.400000,1.393643,0.952381,0.903968,1.975448,2.031767,2.031035,0.744060,0.751351,0.741253,0.743732,0.750628,0.741285
1696.0,1.200000,1.400000,1.393670,0.952376,0.904016,1.975591,2.031845,2.030986,0.744047,0.751324,0.741253,0.743719,0.750602,0.741283
1696.5,1.200000,1.400000,1.393696,0.952372,0.904063,1.975733,2.031922,2.030936,0.744035,0.751297,0.741252,0.743706,0.750575,0.741278
1697.0,1.200000,1.400000,1.393723,0.952368,0.904107,1.975874,2.031999,2.030887,0.744022,0.751270,0.741251,0.743693,0.750548,0.741272
1697.5,1.200000,1.400000,1.393749,0.952363,0.904150,1.976015,2.032075,2.030838,0.744010,0.751243,0.741250,0.743680,0.750522,0.741264
1698.0,1.200000,1.400000,1.393775,0.952359,0.904191,1.976156,2.032151,2.030789,0.743997,0.751216,0.741248,0.743667,0.750495,0.741255
1698.5,1.200000,1.400000,1.393801,0.952354,0.904230,1.976296,2.032226,2.030739,0.743985,0.751189,0.741245,0.743654,0.750469,0.741245
1699.0,1.200000,1.400000,1.393826,0.952350,0.904268,1.976435,2.032300,2.030690,0.743972,0.751162,0.741242,0.743641,0.750442,0.741233
1699.5,1.200000,1.400000,1.393852,0.952345,0.904304,1.976574,2.032374,2.030641,0.743960,0.751135,0.741239,0.743628,0.750416,0.741221
1700.0,1.200000,1.400000,1.393878,0.952341,0.904339,1.976712,2.032448,2.030591,0.743947,0.751108,0.741236,0.743614,0.750389,0.741209
1700.5,1.200000,1.400000,1.393903,0.952337,0.904372,1.976850,2.032521,2.030542,0.743935,0.751081,0.741231,0.743601,0.750363,0.741192
1701.0,1.200000,1.400000,1.393929,0.952332,0.904403,1.976988,2.032594,2.030493,0.743922,0.751055,0.741226,0.743588,0.750336,0.741174
1701.5,1.200000,1.400000,1.393954,0.952328,0.904434,1.977125,2.032666,2.030444,0.743910,0.751028,0.741220,0.743575,0.750310,0.741153
1702.0,1.200000,1.400000,1.393979,0.952323,0.904463,1.977261,2.032738,2.030395,0.743897,0.751001,0.741213,0.743562,0.750283,0.741130
1702.5,1.200000,1.400000,1.394004,0.952319,0.904491,1.977397,2.032809,2.030346,0.743884,0.750974,0.741205,0.743549,0.750257,0.741107
1703.0,1.200000,1.400000,1.394029,0.952315,0.904518,1.977533,2.032880,2.030298,0.743872,0.750947,0.741197,0.743536,0.750231,0.741083
1703.5,1.200000,1.400000,1.394054,0.952310,0.904543,1.977668,2.032950,2.030249,0.743859,0.750920,0.741189,0.743523,0.750204,0.741058
1704.0,1.200000,1.400000,1.394079,0.952306,0.904568,1.977802,2.033020,2.030201,0.743846,0.750894,0.741180,0.743510,0.750178,0.741033
1704.5,1.200000,1.400000,1.394104,0.952302,0.904591,1.977936,2.033089,2.030153,0.743834,0.750867,0.741170,0.743497,0.750152,0.741009
1705.0,1.200000,1.400000,1.394128,0.952297,0.904614,1.978070,2.033158,2.030105,0.743821,0.750840,0.741161,0.743483,0.750125,0.740984
1705.5,1.200000,1.400000,1.394153,0.952293,0.904636,1.978203,2.033226,2.030057,0.743808,0.750814,0.741151,0.743470,0.750099,0.740960
1706.0,1.200000,1.400000,1.394177,0.952289,0.904656,1.978335,2.033294,2.030010,0.743795,0.750787,0.741141,0.743457,0.750073,0.740936
1706.5,1.200000,1.400000,1.394201,0.952284,0.904676,1.978467,2.033361,2.029962,0.743783,0.750760,0.741130,0.743444,0.750047,0.740913
1707.0,1.200000,1.400000,1.394225,0.952280,0.904695,1.978599,2.033428,2.029915,0.743770,0.750733,0.741119,0.743431,0.750020,0.740891
1707.5,1.200000,1.400000,1.394249,0.952276,0.904714,1.978730,2.033494,2.029868,0.743757,0.750707,0.741109,0.743418,0.749994,0.740869
1708.0,1.200000,1.400000,1.394273,0.952272,0.904731,1.978861,2.033560,2.029821,0.743744,0.750680,0.741098,0.743405,0.749968,0.740848
1708.5,1.200000,1.400000,1.394297,0.952267,0.904748,1.978991,2.033625,2.029774,0.743731,0.750654,0.741086,0.743391,0.749942,0.740828
1709.0,1.200000,1.400000,1.394321,0.952263,0.904764,1.979121,2.033690,2.029728,0.743719,0.750627,0.741075,0.743378,0.749916,0.740808
1709.5,1.200000,1.400000,1.394345,0.952259,0.904779,1.979250,2.033755,2.029681,0.743706,0.750600,0.741064,0.743365,0.749890,0.740789
1710.0,1.200000,1.400000,1.394368,0.952254,0.904794,1.979378,2.033819,2.029635,0.743693,0.750574,0.741053,0.743352,0.749864,0.740771
1710.5,1.200000,1.400000,1.394392,0.952250,0.904808,1.979507,2.033882,2.029589,0.743680,0.750547,0.741041,0.743339,0.749838,0.740753
1711.0,1.200000,1.400000,1.394415,0.952246,0.904822,1.979635,2.033945,2.029543,0.743667,0.750521,0.741030,0.743326,0.749812,0.740736
1711.5,1.200000,1.400000,1.394438,0.952242,0.904835,1.979762,2.034008,2.029497,0.743654,0.750494,0.741018,0.743312,0.749786,0.740720
1712.0,1.200000,1.400000,1.394462,0.952238,0.904847,1.979889,2.034070,2.029452,0.743642,0.750468,0.741006,0.743299,0.749760,0.740704
1712.5,1.200000,1.400000,1.394485,0.952233,0.904859,1.980015,2.034131,2.029406,0.743629,0.750442,0.740995,0.743286,0.749734,0.740689
1713.0,1.200000,1.400000,1.394508,0.952229,0.904870,1.980141,2.034193,2.029360,0.743616,0.750415,0.740983,0.743273,0.749708,0.740674
1713.5,1.200000,1.400000,1.394531,0.952225,0.904881,1.980266,2.034253,2.029315,0.743603,0.750389,0.740972,0.743260,0.749682,0.740659
1714.0,1.200000,1.400000,1.394553,0.952221,0.904892,1.980391,2.034313,2.029270,0.743590,0.750362,0.740960,0.743246,0.749656,0.740645
1714.5,1.200000,1.400000,1.394576,0.952217,0.904902,1.980516,2.034373,2.029225,0.743577,0.750336,0.740948,0.743233,0.749630,0.740632
1715.0,1.200000,1.400000,1.394599,0.952212,0.904912,1.980640,2.034433,2.029179,0.743564,0.750310,0.740936,0.743220,0.749605,0.740618
1715.5,1.200000,1.400000,1.394621,0.952208,0.904921,1.980763,2.034491,2.029134,0.743551,0.750283,0.740925,0.743207,0.749579,0.740605
1716.0,1.200000,1.400000,1.394644,0.952204,0.904930,1.980886,2.034550,2.029089,0.743538,0.750257,0.740913,0.743194,0.749553,0.740592
1716.5,1.200000,1.400000,1.394666,0.952200,0.904938,1.981009,2.034608,2.029044,0.743525,0.750231,0.740901,0.743181,0.749527,0.740580
1717.0,1.200000,1.400000,1.394688,0.952196,0.904946,1.981131,2.034665,2.029000,0.743512,0.750204,0.740890,0.743167,0.749502,0.740568
1717.5,1.200000,1.400000,1.394710,0.952192,0.904954,1.981253,2.034722,2.028955,0.743499,0.750178,0.740878,0.743154,0.749476,0.740556
1718.0,1.200000,1.400000,1.394732,0.952187,0.904962,1.981374,2.034779,2.028910,0.743486,0.750152,0.740866,0.743141,0.749450,0.740544
1718.5,1.200000,1.400000,1.394754,0.952183,0.904969,1.981495,2.034835,2.028866,0.743473,0.750126,0.740855,0.743128,0.749425,0.740532
1719.0,1.200000,1.400000,1.394776,0.952179,0.904976,1.981615,2.034891,2.028821,0.743460,0.750100,0.740843,0.743115,0.749399,0.740520
1719.5,1.200000,1.400000,1.394798,0.952175,0.904982,1.981735,2.034946,2.028776,0.743447,0.750073,0.740831,0.743101,0.749374,0.740509
1720.0,1.200000,1.400000,1.394819,0.952171,0.904988,1.981855,2.035001,2.028732,0.743434,0.750047,0.740819,0.743088,0.749348,0.740498
1720.5,1.200000,1.400000,1.394841,0.952167,0.904994,1.981974,2.035055,2.028688,0.743421,0.750021,0.740807,0.743075,0.749323,0.740484
1721.0,1.200000,1.400000,1.394863,0.952163,0.905000,1.982092,2.035109,2.028643,0.743408,0.749995,0.740795,0.743062,0.749297,0.740470
1721.5,1.200000,1.400000,1.394884,0.952159,0.905006,1.982210,2.035163,2.028599,0.743395,0.749969,0.740782,0.743049,0.749272,0.740454
1722.0,1.200000,1.400000,1.394905,0.952155,0.905011,1.982328,2.035216,2.028555,0.743382,0.749943,0.740769,0.743036,0.749246,0.740438
1722.5,1.200000,1.400000,1.394927,0.952150,0.905016,1.982445,2.035268,2.028511,0.743369,0.749917,0.740756,0.743022,0.749221,0.740421
1723.0,1.200000,1.400000,1.394948,0.952146,0.905021,1.982562,2.035320,2.028467,0.743356,0.749891,0.740742,0.743009,0.749195,0.740404
1723.5,1.200000,1.400000,1.394969,0.952142,0.905026,1.982678,2.035372,2.028424,0.743343,0.749865,0.740729,0.742996,0.749170,0.740386
1724.0,1.200000,1.400000,1.394990,0.952138,0.905030,1.982794,2.035423,2.028380,0.743330,0.749839,0.740715,0.742983,0.749145,0.740369
1724.5,1.200000,1.400000,1.395011,0.952134,0.904978,1.982909,2.035474,2.028337,0.743317,0.749813,0.740687,0.742970,0.749119,0.740288
1725.0,1.200000,1.400000,1.395031,0.952130,0.904928,1.983024,2.035525,2.028294,0.743304,0.749787,0.740659,0.742957,0.749094,0.740215
1725.5,1.200000,1.400000,1.395052,0.952126,0.904880,1.983138,2.035575,2.028251,0.743291,0.749761,0.740631,0.742943,0.749069,0.740149
1726.0,1.200000,1.400000,1.395073,0.952122,0.904835,1.983252,2.035624,2.028208,0.743278,0.749736,0.740605,0.742930,0.749044,0.740089
1726.5,1.200000,1.400000,1.395093,0.952118,0.904791,1.983366,2.035674,2.028165,0.743265,0.749710,0.740578,0.742917,0.749018,0.740035
1727.0,1.200000,1.400000,1.395114,0.952114,0.904749,1.983479,2.035722,2.028123,0.743252,0.749684,0.740552,0.742904,0.748993,0.739986
1727.5,1.200000,1.400000,1.395134,0.952110,0.904708,1.983592,2.035771,2.028080,0.743239,0.749658,0.740527,0.742891,0.748968,0.739942
1728.0,1.200000,1.400000,1.395154,0.952106,0.904670,1.983704,2.035818,2.028038,0.743226,0.749632,0.740502,0.742878,0.748943,0.739902
1728.5,1.200000,1.400000,1.395174,0.952102,0.904633,1.983816,2.035866,2.027996,0.743213,0.749607,0.740478,0.742865,0.748918,0.739866
1729.0,1.200000,1.400000,1.395195,0.952098,0.904597,1.983927,2.035913,2.027954,0.743200,0.749581,0.740454,0.742851,0.748893,0.739834
1729.5,1.200000,1.400000,1.395215,0.952094,0.904563,1.984038,2.035960,2.027912,0.743187,0.749555,0.740431,0.742838,0.748868,0.739805
1730.0,1.200000,1.400000,1.395235,0.952090,0.904531,1.984149,2.036006,2.027870,0.743174,0.749530,0.740408,0.742825,0.748843,0.739779
1730.5,1.200000,1.400000,1.395254,0.952086,0.904499,1.984259,2.036052,2.027829,0.743161,0.749504,0.740385,0.742812,0.748818,0.739755
1731.0,1.200000,1.400000,1.395274,0.952082,0.904469,1.984369,2.036097,2.027787,0.743147,0.749478,0.740363,0.742799,0.748793,0.739734
1731.5,1.200000,1.400000,1.395294,0.952078,0.904441,1.984478,2.036142,2.027745,0.743134,0.749453,0.740342,0.742786,0.748768,0.739715
1732.0,1.200000,1.400000,1.395313,0.952075,0.904413,1.984586,2.036186,2.027704,0.743121,0.749427,0.740320,0.742773,0.748743,0.739698
1732.5,1.200000,1.400000,1.395333,0.952071,0.904387,1.984695,2.036231,2.027663,0.743108,0.749402,0.740300,0.742760,0.748718,0.739682
1733.0,1.200000,1.400000,1.395352,0.952067,0.904362,1.984803,2.036274,2.027622,0.743095,0.749376,0.740279,0.742747,0.748693,0.739669
1733.5,1.200000,1.400000,1.395372,0.952063,0.904338,1.984910,2.036318,2.027580,0.743082,0.749351,0.740259,0.742734,0.748668,0.739656
1734.0,1.200000,1.400000,1.395391,0.952059,0.904314,1.985017,2.036360,2.027539,0.743069,0.749325,0.740240,0.742721,0.748644,0.739645
1734.5,1.200000,1.400000,1.395410,0.952055,0.904292,1.985124,2.036403,2.027498,0.743056,0.749300,0.740221,0.742707,0.748619,0.739634
1735.0,1.200000,1.400000,1.395429,0.952051,0.904271,1.985230,2.036445,2.027457,0.743043,0.749275,0.740202,0.742694,0.748594,0.739625
1735.5,1.200000,1.400000,1.395448,0.952047,0.904250,1.985336,2.036487,2.027416,0.743030,0.749249,0.740183,0.742681,0.748570,0.739616
1736.0,1.200000,1.400000,1.395467,0.952043,0.904231,1.985441,2.036528,2.027375,0.743017,0.749224,0.740165,0.742668,0.748545,0.739609
1736.5,1.200000,1.400000,1.395486,0.952040,0.904212,1.985546,2.036569,2.027334,0.743004,0.749199,0.740148,0.742655,0.748520,0.739601
1737.0,1.200000,1.400000,1.395505,0.952036,0.904194,1.985651,2.036609,2.027293,0.742991,0.749173,0.740130,0.742642,0.748496,0.739594
1737.5,1.200000,1.400000,1.395524,0.952032,0.904177,1.985755,2.036650,2.027252,0.742978,0.749148,0.740113,0.742629,0.748471,0.739587
1738.0,1.200000,1.400000,1.395542,0.952028,0.904160,1.985858,2.036689,2.027212,0.742965,0.749123,0.740096,0.742616,0.748447,0.739581
1738.5,1.200000,1.400000,1.395561,0.952024,0.904145,1.985962,2.036729,2.027171,0.742952,0.749098,0.740080,0.742603,0.748422,0.739574
1739.0,1.200000,1.400000,1.395580,0.952020,0.904130,1.986064,2.036767,2.027130,0.742939,0.749072,0.740064,0.742590,0.748398,0.739568
1739.5,1.200000,1.400000,1.395598,0.952017,0.904115,1.986167,2.036806,2.027089,0.742925,0.749047,0.740048,0.742577,0.748373,0.739562
1740.0,1.200000,1.400000,1.395616,0.952013,0.904101,1.986269,2.036844,2.027048,0.742912,0.749022,0.740032,0.742564,0.748349,0.739556
1740.5,1.200000,1.400000,1.395635,0.952009,0.904088,1.986370,2.036882,2.027007,0.742899,0.748997,0.740016,0.742551,0.748324,0.739549
1741.0,1.200000,1.400000,1.395653,0.952005,0.904075,1.986472,2.036919,2.026966,0.742886,0.748972,0.740001,0.742538,0.748300,0.739543
1741.5,1.200000,1.400000,1.395671,0.952001,0.904063,1.986572,2.036956,2.026925,0.742873,0.748947,0.739986,0.742525,0.748276,0.739537
1742.0,1.200000,1.400000,1.395689,0.951998,0.904051,1.986673,2.036993,2.026885,0.742860,0.748922,0.739971,0.742512,0.748251,0.739530
1742.5,1.200000,1.400000,1.395707,0.951994,0.904040,1.986773,2.037029,2.026844,0.742847,0.748897,0.739956,0.742500,0.748227,0.739523
1743.0,1.200000,1.400000,1.395725,0.951990,0.904029,1.986872,2.037065,2.026803,0.742834,0.748872,0.739942,0.742487,0.748203,0.739517
1743.5,1.200000,1.400000,1.395743,0.951986,0.904019,1.986971,2.037100,2.026762,0.742821,0.748847,0.739927,0.742474,0.748178,0.739510
1744.0,1.200000,1.400000,1.395760,0.951983,0.904009,1.987070,2.037135,2.026721,0.742808,0.748822,0.739913,0.742461,0.748154,0.739502
1744.5,1.200000,1.400000,1.395778,0.951979,0.903999,1.987168,2.037170,2.026680,0.742795,0.748797,0.739899,0.742448,0.748130,0.739495
1745.0,1.200000,1.400000,1.395796,0.951975,0.903990,1.987266,2.037204,2.026639,0.742782,0.748772,0.739885,0.742435,0.748106,0.739488
1745.5,1.200000,1.400000,1.395813,0.951971,0.903981,1.987363,2.037238,2.026598,0.742769,0.748747,0.739871,0.742422,0.748082,0.739480
1746.0,1.200000,1.400000,1.395831,0.951968,0.903973,1.987461,2.037271,2.026557,0.742756,0.748723,0.739858,0.742409,0.748058,0.739472
1746.5,1.200000,1.400000,1.395848,0.951964,0.903965,1.987557,2.037304,2.026516,0.742743,0.748698,0.739844,0.742396,0.748034,0.739464
1747.0,1.200000,1.400000,1.395865,0.951960,0.903957,1.987653,2.037337,2.026475,0.742730,0.748673,0.739831,0.742383,0.748010,0.739456
1747.5,1.200000,1.400000,1.395882,0.951957,0.903950,1.987749,2.037370,2.026434,0.742717,0.748648,0.739818,0.742371,0.747986,0.739448
1748.0,1.200000,1.400000,1.395900,0.951953,0.903943,1.987845,2.037402,2.026393,0.742704,0.748624,0.739805,0.742358,0.747962,0.739439
1748.5,1.200000,1.400000,1.395917,0.951949,0.903936,1.987940,2.037433,2.026352,0.742691,0.748599,0.739792,0.742345,0.747938,0.739431
1749.0,1.200000,1.400000,1.395934,0.951946,0.903930,1.988035,2.037465,2.026311,0.742678,0.748574,0.739779,0.742332,0.747914,0.739422
1749.5,1.200000,1.400000,1.395951,0.951942,0.903924,1.988129,2.037495,2.026270,0.742665,0.748550,0.739766,0.742319,0.747890,0.739413
1750.0,1.200000,1.400000,1.395968,0.951938,0.903918,1.988223,2.037526,2.026229,0.742653,0.748525,0.739753,0.742306,0.747866,0.739404
1750.5,1.200000,1.400000,1.395984,0.951935,0.903912,1.988316,2.037556,2.026187,0.742640,0.748501,0.739741,0.742294,0.747843,0.739395
1751.0,1.200000,1.400000,1.396001,0.951931,0.903907,1.988409,2.037586,2.026146,0.742627,0.748476,0.739728,0.742281,0.747819,0.739386
1751.5,1.200000,1.400000,1.396018,0.951927,0.903901,1.988502,2.037615,2.026105,0.742614,0.748452,0.739716,0.742268,0.747795,0.739377
1752.0,1.200000,1.400000,1.396034,0.951924,0.903896,1.988594,2.037645,2.026064,0.742601,0.748427,0.739704,0.742255,0.747771,0.739369
1752.5,1.200000,1.400000,1.396051,0.951920,0.903892,1.988686,2.037673,2.026023,0.742588,0.748403,0.739692,0.742243,0.747748,0.739360
1753.0,1.200000,1.400000,1.396067,0.951917,0.903887,1.988778,2.037702,2.025982,0.742575,0.748378,0.739680,0.742230,0.747724,0.739351
1753.5,1.200000,1.400000,1.396084,0.951913,0.903883,1.988869,2.037730,2.025940,0.742562,0.748354,0.739668,0.742217,0.747701,0.739342
1754.0,1.200000,1.400000,1.396100,0.951909,0.903878,1.988960,2.037757,2.025899,0.742549,0.748330,0.739656,0.742204,0.747677,0.739333
1754.5,1.200000,1.400000,1.396116,0.951906,0.903874,1.989050,2.037785,2.025858,0.742536,0.748305,0.739645,0.742192,0.747653,0.739325
1755.0,1.200000,1.400000,1.396132,0.951902,0.903870,1.989140,2.037812,2.025817,0.742523,0.748281,0.739633,0.742179,0.747630,0.739318
1755.5,1.200000,1.400000,1.396149,0.951899,0.903867,1.989229,2.037838,2.025775,0.742510,0.748257,0.739623,0.742166,0.747606,0.739312
1756.0,1.200000,1.400000,1.396165,0.951895,0.903863,1.989319,2.037864,2.025734,0.742498,0.748232,0.739612,0.742153,0.747583,0.739308
1756.5,1.200000,1.400000,1.396181,0.951892,0.903860,1.989407,2.037890,2.025692,0.742485,0.748208,0.739602,0.742141,0.747560,0.739304
1757.0,1.200000,1.400000,1.396196,0.951888,0.903856,1.989496,2.037916,2.025650,0.742472,0.748184,0.739593,0.742128,0.747536,0.739301
1757.5,1.200000,1.400000,1.396212,0.951885,0.903853,1.989584,2.037941,2.025608,0.742459,0.748160,0.739583,0.742115,0.747513,0.739299
1758.0,1.200000,1.400000,1.396228,0.951881,0.903850,1.989672,2.037966,2.025566,0.742446,0.748136,0.739574,0.742103,0.747490,0.739296
1758.5,1.200000,1.400000,1.396244,0.951878,0.903847,1.989759,2.037990,2.025524,0.742433,0.748112,0.739565,0.742090,0.747466,0.739294
1759.0,1.200000,1.400000,1.396259,0.951874,0.903845,1.989846,2.038015,2.025482,0.742421,0.748088,0.739556,0.742078,0.747443,0.739291
1759.5,1.200000,1.400000,1.396275,0.951871,0.903842,1.989932,2.038038,2.025439,0.742408,0.748064,0.739548,0.742065,0.747420,0.739289
1760.0,1.200000,1.400000,1.396291,0.951867,0.903839,1.990018,2.038062,2.025397,0.742395,0.748040,0.739539,0.742052,0.747397,0.739286
1760.5,1.200000,1.400000,1.396306,0.951864,0.903837,1.990104,2.038085,2.025354,0.742382,0.748016,0.739531,0.742040,0.747373,0.739283
1761.0,1.200000,1.400000,1.396321,0.951860,0.903835,1.990190,2.038108,2.025311,0.742369,0.747992,0.739523,0.742027,0.747350,0.739280
1761.5,1.200000,1.400000,1.396337,0.951857,0.903832,1.990275,2.038130,2.025268,0.742357,0.747968,0.739514,0.742015,0.747327,0.739277
1762.0,1.200000,1.400000,1.396352,0.951853,0.903830,1.990359,2.038152,2.025225,0.742344,0.747944,0.739506,0.742002,0.747304,0.739273
1762.5,1.200000,1.400000,1.396367,0.951850,0.903828,1.990444,2.038174,2.025182,0.742331,0.747920,0.739498,0.741990,0.747281,0.739269
1763.0,1.200000,1.400000,1.396382,0.951846,0.903826,1.990528,2.038195,2.025138,0.742318,0.747896,0.739490,0.741977,0.747258,0.739265
1763.5,1.200000,1.400000,1.396397,0.951843,0.903824,1.990611,2.038217,2.025095,0.742306,0.747873,0.739482,0.741965,0.747235,0.739260
1764.0,1.200000,1.400000,1.396412,0.951840,0.903823,1.990694,2.038237,2.025051,0.742293,0.747849,0.739474,0.741952,0.747212,0.739255
1764.5,1.200000,1.400000,1.396427,0.951836,0.903821,1.990777,2.038258,2.025007,0.742280,0.747825,0.739466,0.741940,0.747189,0.739249
1765.0,1.200000,1.400000,1.396442,0.951833,0.903819,1.990860,2.038278,2.024963,0.742267,0.747802,0.739458,0.741927,0.747166,0.739244
1765.5,1.200000,1.400000,1.396457,0.951829,0.903818,1.990942,2.038298,2.024919,0.742255,0.747778,0.739450,0.741915,0.747144,0.739238
1766.0,1.200000,1.400000,1.396472,0.951826,0.903816,1.991023,2.038317,2.024875,0.742242,0.747754,0.739443,0.741902,0.747121,0.739231
1766.5,1.200000,1.400000,1.396487,0.951823,0.903815,1.991105,2.038336,2.024831,0.742229,0.747731,0.739435,0.741890,0.747098,0.739225
1767.0,1.200000,1.400000,1.396501,0.951819,0.903813,1.991186,2.038355,2.024786,0.742217,0.747707,0.739427,0.741877,0.747075,0.739218
1767.5,1.200000,1.400000,1.396516,0.951816,0.903812,1.991266,2.038374,2.024742,0.742204,0.747684,0.739419,0.741865,0.747053,0.739211
1768.0,1.200000,1.400000,1.396530,0.951812,0.903811,1.991347,2.038392,2.024698,0.742191,0.747660,0.739411,0.741853,0.747030,0.739204
1768.5,1.200000,1.400000,1.396545,0.951809,0.903809,1.991427,2.038410,2.024653,0.742179,0.747637,0.739403,0.741840,0.747007,0.739196
1769.0,1.200000,1.400000,1.396559,0.951806,0.903808,1.991506,2.038427,2.024608,0.742166,0.747613,0.739395,0.741828,0.746985,0.739189
1769.5,1.200000,1.400000,1.396573,0.951802,0.903807,1.991585,2.038444,2.024564,0.742153,0.747590,0.739387,0.741816,0.746962,0.739181
1770.0,1.200000,1.400000,1.396588,0.951799,0.903806,1.991664,2.038461,2.024519,0.742141,0.747566,0.739379,0.741803,0.746940,0.739173
1770.5,1.200000,1.400000,1.396602,0.951796,0.903805,1.991743,2.038478,2.024474,0.742128,0.747543,0.739371,0.741791,0.746917,0.739166
1771.0,1.200000,1.400000,1.396616,0.951793,0.903804,1.991821,2.038494,2.024429,0.742116,0.747520,0.739363,0.741779,0.746895,0.739158
1771.5,1.200000,1.400000,1.396630,0.951789,0.903803,1.991899,2.038510,2.024384,0.742103,0.747497,0.739355,0.741766,0.746872,0.739150
1772.0,1.200000,1.400000,1.396644,0.951786,0.903802,1.991976,2.038525,2.024339,0.742090,0.747473,0.739347,0.741754,0.746850,0.739142
1772.5,1.200000,1.400000,1.396658,0.951783,0.903801,1.992053,2.038541,2.024294,0.742078,0.747450,0.739339,0.741742,0.746827,0.739134
1773.0,1.200000,1.400000,1.396672,0.951779,0.903800,1.992130,2.038556,2.024249,0.742065,0.747427,0.739332,0.741730,0.746805,0.739126
1773.5,1.200000,1.400000,1.396686,0.951776,0.903800,1.992206,2.038570,2.024204,0.742053,0.747404,0.739324,0.741717,0.746783,0.739117
1774.0,1.200000,1.400000,1.396700,0.951773,0.903799,1.992282,2.038585,2.024159,0.742040,0.747381,0.739316,0.741705,0.746761,0.739109
1774.5,1.200000,1.400000,1.396714,0.951770,0.903798,1.992358,2.038599,2.024114,0.742028,0.747358,0.739308,0.741693,0.746738,0.739101
1775.0,1.200000,1.400000,1.396727,0.951766,0.903797,1.992433,2.038613,2.024069,0.742015,0.747334,0.739300,0.741681,0.746716,0.739093
1775.5,1.200000,1.400000,1.396741,0.951763,0.903797,1.992508,2.038626,2.024024,0.742003,0.747311,0.739292,0.741669,0.746694,0.739085
1776.0,1.200000,1.400000,1.396755,0.951760,0.903796,1.992583,2.038639,2.023979,0.741990,0.747288,0.739284,0.741656,0.746672,0.739077
1776.5,1.200000,1.400000,1.396768,0.951757,0.903795,1.992657,2.038652,2.023933,0.741978,0.747266,0.739276,0.741644,0.746650,0.739070
1777.0,1.200000,1.400000,1.396782,0.951754,0.903795,1.992731,2.038665,2.023888,0.741965,0.747243,0.739269,0.741632,0.746628,0.739062
1777.5,1.200000,1.400000,1.396795,0.951750,0.903794,1.992805,2.038677,2.023843,0.741953,0.747220,0.739261,0.741620,0.746606,0.739054
1778.0,1.200000,1.400000,1.396808,0.951747,0.903794,1.992878,2.038689,2.023798,0.741941,0.747197,0.739253,0.741608,0.746584,0.739046
1778.5,1.200000,1.400000,1.396822,0.951744,0.903793,1.992951,2.038700,2.023752,0.741928,0.747174,0.739245,0.741596,0.746562,0.739039
1779.0,1.200000,1.400000,1.396835,0.951741,0.903793,1.993024,2.038712,2.023707,0.741916,0.747151,0.739237,0.741584,0.746540,0.739031
1779.5,1.200000,1.400000,1.396848,0.951738,0.903792,1.993096,2.038723,2.023662,0.741903,0.747128,0.739230,0.741572,0.746518,0.739024
1780.0,1.200000,1.400000,1.396861,0.951734,0.903792,1.993168,2.038733,2.023616,0.741891,0.747106,0.739222,0.741560,0.746496,0.739016
1780.5,1.200000,1.400000,1.396874,0.951731,0.903791,1.993240,2.038744,2.023571,0.741879,0.747083,0.739214,0.741548,0.746474,0.739009
1781.0,1.200000,1.400000,1.396887,0.951728,0.903791,1.993311,2.038754,2.023526,0.741866,0.747060,0.739207,0.741536,0.746452,0.739001
1781.5,1.200000,1.400000,1.396900,0.951725,0.903790,1.993382,2.038764,2.023481,0.741854,0.747038,0.739199,0.741524,0.746430,0.738994
1782.0,1.200000,1.400000,1.396913,0.951722,0.903790,1.993453,2.038774,2.023435,0.741842,0.747015,0.739191,0.741512,0.746409,0.738987
1782.5,1.200000,1.400000,1.396926,0.951719,0.903790,1.993523,2.038783,2.023390,0.741829,0.746993,0.739184,0.741500,0.746387,0.738980
1783.0,1.200000,1.400000,1.396939,0.951716,0.903789,1.993593,2.038792,2.023345,0.741817,0.746970,0.739176,0.741488,0.746365,0.738973
1783.5,1.200000,1.400000,1.396952,0.951713,0.903789,1.993662,2.038801,2.023299,0.741805,0.746948,0.739169,0.741476,0.746344,0.738966
1784.0,1.200000,1.400000,1.396964,0.951710,0.903789,1.993732,2.038809,2.023254,0.741793,0.746925,0.739161,0.741464,0.746322,0.738959
1784.5,1.200000,1.400000,1.396977,0.951706,0.903788,1.993801,2.038817,2.023209,0.741780,0.746903,0.739154,0.741452,0.746301,0.738952
1785.0,1.200000,1.400000,1.396990,0.951703,0.903788,1.993869,2.038825,2.023163,0.741768,0.746880,0.739146,0.741441,0.746279,0.738945
1785.5,1.200000,1.400000,1.397002,0.951700,0.903788,1.993938,2.038832,2.023118,0.741756,0.746858,0.739139,0.741429,0.746258,0.738938
1786.0,1.200000,1.400000,1.397015,0.951697,0.903788,1.994006,2.038840,2.023073,0.741744,0.746836,0.739131,0.741417,0.746236,0.738931
1786.5,1.200000,1.400000,1.397027,0.951694,0.903787,1.994073,2.038847,2.023028,0.741732,0.746813,0.739124,0.741405,0.746215,0.738924
1787.0,1.200000,1.400000,1.397039,0.951691,0.903787,1.994141,2.038853,2.022982,0.741719,0.746791,0.739117,0.741393,0.746193,0.738917
1787.5,1.200000,1.400000,1.397052,0.951688,0.903787,1.994208,2.038860,2.022937,0.741707,0.746769,0.739109,0.741382,0.746172,0.738910
1788.0,1.200000,1.400000,1.397064,0.951685,0.903787,1.994274,2.038866,2.022892,0.741695,0.746747,0.739102,0.741370,0.746151,0.738903
1788.5,1.200000,1.400000,1.397076,0.951682,0.903786,1.994341,2.038872,2.022847,0.741683,0.746724,0.739094,0.741358,0.746129,0.738895
1789.0,1.200000,1.400000,1.397088,0.951679,0.903786,1.994407,2.038878,2.022802,0.741671,0.746702,0.739087,0.741346,0.746108,0.738888
1789.5,1.200000,1.400000,1.397101,0.951676,0.903786,1.994473,2.038883,2.022757,0.741659,0.746680,0.739079,0.741335,0.746087,0.738881
1790.0,1.200000,1.400000,1.397113,0.951673,0.903786,1.994538,2.038888,2.022711,0.741647,0.746658,0.739072,0.741323,0.746066,0.738873
1790.5,1.200000,1.400000,1.397125,0.951670,0.903785,1.994603,2.038893,2.022666,0.741635,0.746636,0.739064,0.741311,0.746044,0.738866
1791.0,1.200000,1.400000,1.397137,0.951667,0.903785,1.994668,2.038897,2.022621,0.741623,0.746614,0.739057,0.741300,0.746023,0.738858
1791.5,1.200000,1.400000,1.397149,0.951664,0.903785,1.994732,2.038901,2.022576,0.741611,0.746592,0.739049,0.741288,0.746002,0.738851
1792.0,1.200000,1.400000,1.397160,0.951661,0.903785,1.994796,2.038905,2.022532,0.741599,0.746570,0.739042,0.741276,0.745981,0.738843
1792.5,1.200000,1.400000,1.397172,0.951658,0.903785,1.994860,2.038909,2.022487,0.741587,0.746548,0.739034,0.741265,0.745960,0.738836
1793.0,1.200000,1.400000,1.397184,0.951655,0.903785,1.994924,2.038913,2.022442,0.741575,0.746526,0.739027,0.741253,0.745939,0.738828
1793.5,1.200000,1.400000,1.397196,0.951653,0.903784,1.994987,2.038916,2.022397,0.741563,0.746504,0.739019,0.741242,0.745918,0.738821
1794.0,1.200000,1.400000,1.397207,0.951650,0.903784,1.995050,2.038919,2.022352,0.741551,0.746483,0.739012,0.741230,0.745897,0.738813
1794.5,1.200000,1.400000,1.397219,0.951647,0.903784,1.995113,2.038921,2.022307,0.741539,0.746461,0.739005,0.741219,0.745876,0.738806
1795.0,1.200000,1.400000,1.397231,0.951644,0.903784,1.995175,2.038924,2.022263,0.741527,0.746439,0.738997,0.741207,0.745856,0.738799
1795.5,1.200000,1.400000,1.397242,0.951641,0.903784,1.995237,2.038926,2.022218,0.741515,0.746417,0.738990,0.741196,0.745835,0.738791
1796.0,1.200000,1.400000,1.397254,0.951638,0.903784,1.995299,2.038928,2.022174,0.741503,0.746396,0.738982,0.741184,0.745814,0.738784
1796.5,1.200000,1.400000,1.397265,0.951635,0.903784,1.995360,2.038929,2.022129,0.741491,0.746374,0.738975,0.741173,0.745793,0.738777
1797.0,1.200000,1.400000,1.397277,0.951632,0.903784,1.995421,2.038931,2.022085,0.741479,0.746353,0.738968,0.741162,0.745773,0.738770
1797.5,1.200000,1.400000,1.397288,0.951629,0.903784,1.995482,2.038932,2.022040,0.741468,0.746331,0.738960,0.741150,0.745752,0.738763
1798.0,1.200000,1.400000,1.397299,0.951627,0.903783,1.995542,2.038933,2.021996,0.741456,0.746309,0.738953,0.741139,0.745731,0.738756
1798.5,1.200000,1.400000,1.397310,0.951624,0.903783,1.995603,2.038933,2.021951,0.741444,0.746288,0.738946,0.741127,0.745711,0.738749
1799.0,1.200000,1.400000,1.397322,0.951621,0.903783,1.995662,2.038933,2.021907,0.741432,0.746266,0.738938,0.741116,0.745690,0.738743
1799.5,1.200000,1.400000,1.397333,0.951618,0.903783,1.995722,2.038933,2.021863,0.741420,0.746245,0.738931,0.741105,0.745670,0.738736
1800.0,1.200000,1.400000,1.397344,0.951615,0.903783,1.995781,2.038933,2.021819,0.741409,0.746224,0.738924,0.741093,0.745649,0.738729
1800.5,1.200000,1.400000,1.397355,0.951612,0.903783,1.995840,2.038933,2.021775,0.741397,0.746202,0.738917,0.741082,0.745629,0.738723
1801.0,1.200000,1.400000,1.397366,0.951610,0.903783,1.995899,2.038932,2.021731,0.741385,0.746181,0.738910,0.741071,0.745608,0.738716
1801.5,1.200000,1.400000,1.397377,0.951607,0.903783,1.995957,2.038931,2.021686,0.741374,0.746160,0.738903,0.741060,0.745588,0.738710
1802.0,1.200000,1.400000,1.397388,0.951604,0.903783,1.996015,2.038930,2.021642,0.741362,0.746138,0.738896,0.741048,0.745567,0.738704
1802.5,1.200000,1.400000,1.397399,0.951601,0.903783,1.996073,2.038929,2.021598,0.741350,0.746117,0.738889,0.741037,0.745547,0.738697
1803.0,1.200000,1.400000,1.397410,0.951599,0.903783,1.996131,2.038927,2.021555,0.741339,0.746096,0.738882,0.741026,0.745527,0.738691
1803.5,1.200000,1.400000,1.397420,0.951596,0.903783,1.996188,2.038925,2.021511,0.741327,0.746075,0.738875,0.741015,0.745506,0.738685
1804.0,1.200000,1.400000,1.397431,0.951593,0.903783,1.996245,2.038923,2.021467,0.741315,0.746054,0.738868,0.741004,0.745486,0.738679
1804.5,1.200000,1.400000,1.397442,0.951590,0.903782,1.996302,2.038920,2.021423,0.741304,0.746033,0.738861,0.740993,0.745466,0.738673
1805.0,1.200000,1.400000,1.397453,0.951588,0.903782,1.996358,2.038918,2.021379,0.741292,0.746011,0.738854,0.740982,0.745446,0.738667
1805.5,1.200000,1.400000,1.397463,0.951585,0.903782,1.996414,2.038915,2.021336,0.741281,0.745990,0.738847,0.740970,0.745426,0.738661
1806.0,1.200000,1.400000,1.397474,0.951582,0.903782,1.996470,2.038912,2.021292,0.741269,0.745969,0.738840,0.740959,0.745406,0.738655
1806.5,1.200000,1.400000,1.397484,0.951579,0.903782,1.996525,2.038908,2.021248,0.741258,0.745948,0.738834,0.740948,0.745386,0.738649
1807.0,1.200000,1.400000,1.397495,0.951577,0.903782,1.996580,2.038905,2.021205,0.741246,0.745928,0.738827,0.740937,0.745366,0.738643
1807.5,1.200000,1.400000,1.397505,0.951574,0.903782,1.996635,2.038901,2.021161,0.741235,0.745907,0.738820,0.740926,0.745346,0.738637
1808.0,1.200000,1.400000,1.397516,0.951571,0.903782,1.996690,2.038897,2.021118,0.741223,0.745886,0.738813,0.740915,0.745326,0.738631
1808.5,1.200000,1.400000,1.397526,0.951569,0.903782,1.996744,2.038892,2.021074,0.741212,0.745865,0.738807,0.740904,0.745306,0.738625
1809.0,1.200000,1.400000,1.397536,0.951566,0.903782,1.996798,2.038888,2.021031,0.741200,0.745844,0.738800,0.740893,0.745286,0.738619
1809.5,1.200000,1.400000,1.397547,0.951563,0.903782,1.996852,2.038883,2.020988,0.741189,0.745823,0.738794,0.740882,0.745266,0.738614
1810.0,1.200000,1.400000,1.397557,0.951561,0.903782,1.996906,2.038878,2.020944,0.741177,0.745803,0.738787,0.740872,0.745246,0.738608
1810.5,1.200000,1.400000,1.397567,0.951558,0.903782,1.996959,2.038873,2.020901,0.741166,0.745782,0.738780,0.740861,0.745226,0.738602
1811.0,1.200000,1.400000,1.397577,0.951556,0.903782,1.997012,2.038867,2.020858,0.741155,0.745761,0.738774,0.740850,0.745207,0.738596
1811.5,1.200000,1.400000,1.397587,0.951553,0.903782,1.997065,2.038861,2.020815,0.741143,0.745741,0.738767,0.740839,0.745187,0.738591
1812.0,1.200000,1.400000,1.397597,0.951550,0.903782,1.997117,2.038855,2.020771,0.741132,0.745720,0.738761,0.740828,0.745167,0.738585
1812.5,1.200000,1.400000,1.397607,0.951548,0.903782,1.997169,2.038849,2.020728,0.741121,0.745700,0.738755,0.740817,0.745148,0.738579
1813.0,1.200000,1.400000,1.397617,0.951545,0.903782,1.997221,2.038843,2.020685,0.741110,0.745679,0.738748,0.740807,0.745128,0.738574
1813.5,1.200000,1.400000,1.397627,0.951543,0.903782,1.997273,2.038836,2.020642,0.741098,0.745659,0.738742,0.740796,0.745108,0.738568
1814.0,1.200000,1.400000,1.397637,0.951540,0.903782,1.997324,2.038829,2.020599,0.741087,0.745638,0.738735,0.740785,0.745089,0.738563
1814.5,1.200000,1.400000,1.397647,0.951537,0.903782,1.997375,2.038822,2.020556,0.741076,0.745618,0.738729,0.740774,0.745069,0.738557
1815.0,1.200000,1.400000,1.397657,0.951535,0.903782,1.997426,2.038815,2.020514,0.741065,0.745597,0.738723,0.740764,0.745050,0.738551
1815.5,1.200000,1.400000,1.397666,0.951532,0.903782,1.997476,2.038807,2.020471,0.741053,0.745577,0.738716,0.740753,0.745030,0.738546
1816.0,1.200000,1.400000,1.397676,0.951530,0.903782,1.997526,2.038800,2.020428,0.741042,0.745557,0.738710,0.740742,0.745011,0.738540
1816.5,1.200000,1.400000,1.397686,0.951527,0.903782,1.997576,2.038792,2.020385,0.741031,0.745536,0.738704,0.740732,0.744992,0.738535
1817.0,1.200000,1.400000,1.397695,0.951525,0.903782,1.997626,2.038783,2.020342,0.741020,0.745516,0.738698,0.740721,0.744972,0.738529
1817.5,1.200000,1.400000,1.397705,0.951522,0.903782,1.997675,2.038775,2.020300,0.741009,0.745496,0.738692,0.740710,0.744953,0.738524
1818.0,1.200000,1.400000,1.397715,0.951520,0.903782,1.997725,2.038766,2.020257,0.740998,0.745476,0.738685,0.740700,0.744934,0.738518
1818.5,1.200000,1.400000,1.397724,0.951517,0.903782,1.997774,2.038757,2.020215,0.740987,0.745456,0.738679,0.740689,0.744915,0.738513
1819.0,1.200000,1.400000,1.397734,0.951515,0.903782,1.997822,2.038748,2.020172,0.740976,0.745436,0.738673,0.740679,0.744895,0.738507
1819.5,1.200000,1.400000,1.397743,0.951512,0.903781,1.997871,2.038739,2.020129,0.740965,0.745415,0.738667,0.740668,0.744876,0.738502
1820.0,1.200000,1.400000,1.397752,0.951510,0.903781,1.997919,2.038730,2.020087,0.740954,0.745395,0.738661,0.740658,0.744857,0.738497
1820.5,1.200000,1.400000,1.397762,0.951507,0.903781,1.997966,2.038720,2.020045,0.740943,0.745375,0.738655,0.740647,0.744838,0.738491
1821.0,1.200000,1.400000,1.397771,0.951505,0.903781,1.998014,2.038710,2.020002,0.740932,0.745355,0.738649,0.740637,0.744819,0.738486
1821.5,1.200000,1.400000,1.397780,0.951503,0.903781,1.998061,2.038700,2.019960,0.740921,0.745336,0.738643,0.740626,0.744800,0.738481
1822.0,1.200000,1.400000,1.397790,0.951500,0.903781,1.998108,2.038690,2.019918,0.740910,0.745316,0.738637,0.740616,0.744781,0.738476
1822.5,1.200000,1.400000,1.397799,0.951498,0.903781,1.998155,2.038679,2.019875,0.740899,0.745296,0.738631,0.740606,0.744762,0.738470
1823.0,1.200000,1.400000,1.397808,0.951495,0.903781,1.998202,2.038668,2.019833,0.740888,0.745276,0.738625,0.740595,0.744743,0.738465
1823.5,1.200000,1.400000,1.397817,0.951493,0.903781,1.998248,2.038657,2.019791,0.740877,0.745256,0.738619,0.740585,0.744724,0.738460
1824.0,1.200000,1.400000,1.397826,0.951490,0.903781,1.998294,2.038646,2.019749,0.740866,0.745236,0.738614,0.740575,0.744705,0.738455
1824.5,1.200000,1.400000,1.397835,0.951488,0.903781,1.998340,2.038635,2.019707,0.740855,0.745217,0.738608,0.740564,0.744687,0.738450
1825.0,1.200000,1.400000,1.397844,0.951486,0.903781,1.998385,2.038623,2.019665,0.740845,0.745197,0.738602,0.740554,0.744668,0.738445
1825.5,1.200000,1.400000,1.397853,0.951483,0.903781,1.998431,2.038611,2.019623,0.740834,0.745177,0.738596,0.740544,0.744649,0.738440
1826.0,1.200000,1.400000,1.397862,0.951481,0.903781,1.998476,2.038599,2.019581,0.740823,0.745158,0.738591,0.740533,0.744630,0.738435
1826.5,1.200000,1.400000,1.397871,0.951479,0.903781,1.998521,2.038587,2.019539,0.740812,0.745138,0.738585,0.740523,0.744612,0.738430
1827.0,1.200000,1.400000,1.397880,0.951476,0.903781,1.998565,2.038575,2.019497,0.740802,0.745119,0.738579,0.740513,0.744593,0.738425
1827.5,1.200000,1.400000,1.397889,0.951474,0.903781,1.998609,2.038562,2.019455,0.740791,0.745099,0.738574,0.740503,0.744574,0.738420
1828.0,1.200000,1.400000,1.397898,0.951472,0.903781,1.998653,2.038549,2.019413,0.740780,0.745080,0.738568,0.740493,0.744556,0.738415
1828.5,1.200000,1.400000,1.397906,0.951469,0.903781,1.998697,2.038537,2.019372,0.740769,0.745060,0.738562,0.740483,0.744537,0.738410
1829.0,1.200000,1.400000,1.397915,0.951467,0.903781,1.998741,2.038523,2.019330,0.740759,0.745041,0.738557,0.740472,0.744519,0.738406
1829.5,1.200000,1.400000,1.397924,0.951465,0.903781,1.998784,2.038510,2.019288,0.740748,0.745021,0.738551,0.740462,0.744500,0.738401
1830.0,1.200000,1.400000,1.397933,0.951462,0.903781,1.998827,2.038496,2.019247,0.740738,0.745002,0.738546,0.740452,0.744482,0.738396
1830.5,1.200000,1.400000,1.397941,0.951460,0.903781,1.998870,2.038483,2.019205,0.740727,0.744983,0.738540,0.740442,0.744464,0.738391
1831.0,1.200000,1.400000,1.397950,0.951458,0.903781,1.998912,2.038469,2.019163,0.740716,0.744963,0.738535,0.740432,0.744445,0.738386
1831.5,1.200000,1.400000,1.397958,0.951456,0.903781,1.998955,2.038455,2.019122,0.740706,0.744944,0.738529,0.740422,0.744427,0.738381
1832.0,1.200000,1.400000,1.397967,0.951453,0.903781,1.998997,2.038440,2.019080,0.740695,0.744925,0.738524,0.740412,0.744409,0.738377
1832.5,1.200000,1.400000,1.397975,0.951451,0.903781,1.999039,2.038426,2.019039,0.740685,0.744906,0.738519,0.740402,0.744390,0.738372
1833.0,1.200000,1.400000,1.397984,0.951449,0.903781,1.999080,2.038411,2.018998,0.740674,0.744887,0.738513,0.740392,0.744372,0.738367
1833.5,1.200000,1.400000,1.397992,0.951447,0.903781,1.999121,2.038396,2.018956,0.740664,0.744867,0.738508,0.740382,0.744354,0.738362
1834.0,1.200000,1.400000,1.398000,0.951444,0.903753,1.999163,2.038381,2.018915,0.740653,0.744848,0.738495,0.740372,0.744336,0.738326
1834.5,1.200000,1.400000,1.398009,0.951442,0.903725,1.999203,2.038366,2.018874,0.740643,0.744829,0.738483,0.740363,0.744318,0.738293
1835.0,1.200000,1.400000,1.398017,0.951440,0.903699,1.999244,2.038350,2.018832,0.740633,0.744810,0.738470,0.740353,0.744300,0.738263
1835.5,1.200000,1.400000,1.398025,0.951438,0.903674,1.999285,2.038335,2.018791,0.740622,0.744791,0.738459,0.740343,0.744282,0.738236
1836.0,1.200000,1.400000,1.398034,0.951436,0.903649,1.999325,2.038319,2.018750,0.740612,0.744772,0.738447,0.740333,0.744264,0.738213
1836.5,1.200000,1.400000,1.398042,0.951433,0.903626,1.999365,2.038303,2.018709,0.740601,0.744754,0.738436,0.740323,0.744246,0.738191
1837.0,1.200000,1.400000,1.398050,0.951431,0.903604,1.999404,2.038286,2.018668,0.740591,0.744735,0.738425,0.740313,0.744228,0.738172
1837.5,1.200000,1.400000,1.398058,0.951429,0.903583,1.999444,2.038270,2.018627,0.740581,0.744716,0.738414,0.740304,0.744210,0.738155
1838.0,1.200000,1.400000,1.398066,0.951427,0.903562,1.999483,2.038253,2.018586,0.740571,0.744697,0.738404,0.740294,0.744192,0.738140
1838.5,1.200000,1.400000,1.398074,0.951425,0.903543,1.999522,2.038237,2.018545,0.740560,0.744678,0.738393,0.740284,0.744174,0.738127
1839.0,1.200000,1.400000,1.398082,0.951423,0.903524,1.999561,2.038220,2.018504,0.740550,0.744660,0.738383,0.740275,0.744156,0.738115
1839.5,1.200000,1.400000,1.398090,0.951421,0.903506,1.999599,2.038203,2.018464,0.740540,0.744641,0.738374,0.740265,0.744138,0.738104
1840.0,1.200000,1.400000,1.398098,0.951419,0.903489,1.999638,2.038185,2.018423,0.740530,0.744622,0.738364,0.740255,0.744121,0.738095
1840.5,1.200000,1.400000,1.398106,0.951416,0.903473,1.999676,2.038168,2.018382,0.740519,0.744604,0.738355,0.740246,0.744103,0.738086
1841.0,1.200000,1.400000,1.398114,0.951414,0.903457,1.999714,2.038150,2.018341,0.740509,0.744585,0.738346,0.740236,0.744085,0.738079
1841.5,1.200000,1.400000,1.398122,0.951412,0.903442,1.999751,2.038132,2.018301,0.740499,0.744566,0.738337,0.740226,0.744068,0.738072
1842.0,1.200000,1.400000,1.398130,0.951410,0.903427,1.999789,2.038114,2.018260,0.740489,0.744548,0.738328,0.740217,0.744050,0.738066
1842.5,1.200000,1.400000,1.398137,0.951408,0.903413,1.999826,2.038096,2.018220,0.740479,0.744529,0.738319,0.740207,0.744032,0.738060
1843.0,1.200000,1.400000,1.398145,0.951406,0.903400,1.999863,2.038078,2.018179,0.740469,0.744511,0.738311,0.740198,0.744015,0.738055
1843.5,1.200000,1.400000,1.398153,0.951404,0.903387,1.999900,2.038059,2.018139,0.740459,0.744493,0.738302,0.740188,0.743997,0.738051
1844.0,1.200000,1.400000,1.398161,0.951402,0.903375,1.999936,2.038041,2.018098,0.740449,0.744474,0.738294,0.740179,0.743980,0.738046
1844.5,1.200000,1.400000,1.398168,0.951400,0.903363,1.999972,2.038022,2.018058,0.740439,0.744456,0.738286,0.740169,0.743962,0.738042
1845.0,1.200000,1.400000,1.398176,0.951398,0.903352,2.000009,2.038003,2.018018,0.740429,0.744437,0.738279,0.740160,0.743945,0.738039
1845.5,1.200000,1.400000,1.398184,0.951396,0.903341,2.000044,2.037984,2.017977,0.740419,0.744419,0.738271,0.740151,0.743928,0.738035
1846.0,1.200000,1.400000,1.398191,0.951394,0.903331,2.000080,2.037964,2.017937,0.740409,0.744401,0.738263,0.740141,0.743910,0.738032
1846.5,1.200000,1.400000,1.398199,0.951392,0.903321,2.000115,2.037945,2.017897,0.740399,0.744383,0.738256,0.740132,0.743893,0.738029
1847.0,1.200000,1.400000,1.398206,0.951390,0.903312,2.000151,2.037925,2.017857,0.740389,0.744365,0.738249,0.740122,0.743876,0.738026
1847.5,1.200000,1.400000,1.398214,0.951388,0.903302,2.000186,2.037905,2.017817,0.740379,0.744346,0.738242,0.740113,0.743859,0.738023
1848.0,1.200000,1.400000,1.398221,0.951386,0.903294,2.000220,2.037885,2.017777,0.740369,0.744328,0.738235,0.740104,0.743841,0.738021
1848.5,1.200000,1.400000,1.398228,0.951384,0.903285,2.000255,2.037865,2.017737,0.740359,0.744310,0.738228,0.740095,0.743824,0.738018
1849.0,1.200000,1.400000,1.398236,0.951382,0.903277,2.000289,2.037845,2.017697,0.740350,0.744292,0.738221,0.740085,0.743807,0.738015
1849.5,1.200000,1.400000,1.398243,0.951380,0.903270,2.000323,2.037824,2.017657,0.740340,0.744274,0.738214,0.740076,0.743790,0.738012
1850.0,1.200000,1.400000,1.398251,0.951378,0.903262,2.000357,2.037804,2.017617,0.740330,0.744256,0.738207,0.740067,0.743773,0.738010
1850.5,1.200000,1.400000,1.398258,0.951376,0.903255,2.000391,2.037783,2.017577,0.740320,0.744238,0.738201,0.740058,0.743756,0.738007
1851.0,1.200000,1.400000,1.398265,0.951374,0.903249,2.000425,2.037762,2.017538,0.740311,0.744220,0.738195,0.740049,0.743739,0.738004
1851.5,1.200000,1.400000,1.398272,0.951372,0.903242,2.000458,2.037741,2.017498,0.740301,0.744202,0.738188,0.740039,0.743722,0.738002
1852.0,1.200000,1.400000,1.398280,0.951371,0.903236,2.000491,2.037719,2.017458,0.740291,0.744185,0.738182,0.740030,0.743705,0.737999
1852.5,1.200000,1.400000,1.398287,0.951369,0.903230,2.000524,2.037698,2.017419,0.740282,0.744167,0.738176,0.740021,0.743688,0.737996
1853.0,1.200000,1.400000,1.398294,0.951367,0.903224,2.000556,2.037676,2.017379,0.740272,0.744149,0.738170,0.740012,0.743671,0.737993
1853.5,1.200000,1.400000,1.398301,0.951365,0.903219,2.000589,2.037654,2.017340,0.740262,0.744131,0.738164,0.740003,0.743654,0.737990
1854.0,1.200000,1.400000,1.398308,0.951363,0.903214,2.000621,2.037633,2.017300,0.740253,0.744114,0.738158,0.739994,0.743638,0.737987
1854.5,1.200000,1.400000,1.398315,0.951361,0.903209,2.000653,2.037610,2.017261,0.740243,0.744096,0.738152,0.739985,0.743621,0.737984
1855.0,1.200000,1.400000,1.398322,0.951359,0.903204,2.000685,2.037588,2.017221,0.740233,0.744078,0.738146,0.739976,0.743604,0.737981
1855.5,1.200000,1.400000,1.398329,0.951358,0.903199,2.000717,2.037566,2.017182,0.740224,0.744061,0.738141,0.739967,0.743588,0.737978
1856.0,1.200000,1.400000,1.398336,0.951356,0.903195,2.000748,2.037543,2.017143,0.740214,0.744043,0.738135,0.739958,0.743571,0.737975
1856.5,1.200000,1.400000,1.398343,0.951354,0.903191,2.000779,2.037521,2.017104,0.740205,0.744026,0.738129,0.739949,0.743554,0.737972
1857.0,1.200000,1.400000,1.398350,0.951352,0.903187,2.000810,2.037498,2.017065,0.740195,0.744008,0.738124,0.739940,0.743538,0.737969
1857.5,1.200000,1.400000,1.398357,0.951350,0.903183,2.000841,2.037475,2.017025,0.740186,0.743991,0.738119,0.739931,0.743521,0.737966
1858.0,1.200000,1.400000,1.398364,0.951348,0.903179,2.000872,2.037452,2.016986,0.740177,0.743973,0.738113,0.739923,0.743505,0.737962
1858.5,1.200000,1.400000,1.398370,0.951347,0.903175,2.000902,2.037428,2.016947,0.740167,0.743956,0.738108,0.739914,0.743488,0.737959
1859.0,1.200000,1.400000,1.398377,0.951345,0.903172,2.000933,2.037405,2.016909,0.740158,0.743938,0.738103,0.739905,0.743472,0.737956
1859.5,1.200000,1.400000,1.398384,0.951343,0.903169,2.000963,2.037381,2.016870,0.740148,0.743921,0.738097,0.739896,0.743455,0.737952
1860.0,1.200000,1.400000,1.398391,0.951341,0.903166,2.000992,2.037358,2.016831,0.740139,0.743904,0.738092,0.739887,0.743439,0.737949
1860.5,1.200000,1.400000,1.398397,0.951340,0.903163,2.001022,2.037334,2.016792,0.740130,0.743887,0.738087,0.739879,0.743422,0.737946
1861.0,1.200000,1.400000,1.398404,0.951338,0.903160,2.001052,2.037310,2.016753,0.740120,0.743869,0.738082,0.739870,0.743406,0.737942
1861.5,1.200000,1.400000,1.398411,0.951336,0.903157,2.001081,2.037286,2.016715,0.740111,0.743852,0.738077,0.739861,0.743390,0.737939
1862.0,1.200000,1.400000,1.398417,0.951335,0.903154,2.001110,2.037261,2.016676,0.740102,0.743835,0.738072,0.739853,0.743374,0.737936
1862.5,1.200000,1.400000,1.398424,0.951333,0.903152,2.001139,2.037237,2.016637,0.740093,0.743818,0.738067,0.739844,0.743357,0.737932
1863.0,1.200000,1.400000,1.398431,0.951331,0.903149,2.001167,2.037212,2.016599,0.740083,0.743801,0.738062,0.739835,0.743341,0.737929
1863.5,1.200000,1.400000,1.398437,0.951329,0.903147,2.001196,2.037188,2.016560,0.740074,0.743784,0.738058,0.739827,0.743325,0.737925
1864.0,1.200000,1.400000,1.398444,0.951328,0.903145,2.001224,2.037163,2.016522,0.740065,0.743767,0.738053,0.739818,0.743309,0.737922
1864.5,1.200000,1.400000,1.398450,0.951326,0.903143,2.001252,2.037138,2.016484,0.740056,0.743750,0.738048,0.739810,0.743293,0.737919
1865.0,1.200000,1.400000,1.398457,0.951324,0.903141,2.001280,2.037113,2.016445,0.740047,0.743733,0.738044,0.739801,0.743277,0.737917
1865.5,1.200000,1.400000,1.398463,0.951323,0.903139,2.001308,2.037087,2.016407,0.740038,0.743716,0.738040,0.739792,0.743261,0.737916
1866.0,1.200000,1.400000,1.398469,0.951321,0.903137,2.001335,2.037062,2.016368,0.740029,0.743699,0.738036,0.739784,0.743245,0.737915
1866.5,1.200000,1.400000,1.398476,0.951319,0.903135,2.001363,2.037036,2.016330,0.740020,0.743682,0.738032,0.739775,0.743229,0.737914
1867.0,1.200000,1.400000,1.398482,0.951318,0.903133,2.001390,2.037011,2.016292,0.740011,0.743665,0.738028,0.739767,0.743213,0.737914
1867.5,1.200000,1.400000,1.398488,0.951316,0.903132,2.001417,2.036985,2.016253,0.740002,0.743649,0.738025,0.739759,0.743197,0.737913
1868.0,1.200000,1.400000,1.398495,0.951315,0.903130,2.001444,2.036959,2.016215,0.739993,0.743632,0.738021,0.739750,0.743181,0.737913
1868.5,1.200000,1.400000,1.398501,0.951313,0.903129,2.001470,2.036933,2.016177,0.739984,0.743615,0.738018,0.739742,0.743165,0.737912
1869.0,1.200000,1.400000,1.398507,0.951311,0.903127,2.001497,2.036907,2.016138,0.739975,0.743598,0.738014,0.739733,0.743150,0.737912
1869.5,1.200000,1.400000,1.398513,0.951310,0.903126,2.001523,2.036880,2.016100,0.739966,0.743582,0.738011,0.739725,0.743134,0.737911
1870.0,1.200000,1.400000,1.398520,0.951308,0.903124,2.001549,2.036854,2.016061,0.739957,0.743565,0.738008,0.739717,0.743118,0.737910
1870.5,1.200000,1.400000,1.398526,0.951307,0.903123,2.001575,2.036827,2.016023,0.739948,0.743549,0.738005,0.739708,0.743102,0.737910
1871.0,1.200000,1.400000,1.398532,0.951305,0.903122,2.001601,2.036800,2.015985,0.739939,0.743532,0.738002,0.739700,0.743087,0.737909
1871.5,1.200000,1.400000,1.398538,0.951304,0.903121,2.001626,2.036774,2.015946,0.739930,0.743515,0.737998,0.739692,0.743071,0.737908
1872.0,1.200000,1.400000,1.398544,0.951302,0.903120,2.001651,2.036747,2.015908,0.739921,0.743499,0.737995,0.739684,0.743056,0.737906
1872.5,1.200000,1.400000,1.398550,0.951301,0.903118,2.001677,2.036719,2.015870,0.739913,0.743483,0.737992,0.739675,0.743040,0.737905
1873.0,1.200000,1.400000,1.398556,0.951299,0.903117,2.001701,2.036692,2.015831,0.739904,0.743466,0.737989,0.739667,0.743025,0.737904
1873.5,1.200000,1.400000,1.398562,0.951297,0.903116,2.001726,2.036665,2.015793,0.739895,0.743450,0.737986,0.739659,0.743009,0.737902
1874.0,1.200000,1.400000,1.398568,0.951296,0.903115,2.001751,2.036637,2.015754,0.739886,0.743433,0.737983,0.739651,0.742994,0.737900
1874.5,1.200000,1.400000,1.398574,0.951295,0.903115,2.001775,2.036610,2.015716,0.739878,0.743417,0.737980,0.739643,0.742978,0.737898
1875.0,1.200000,1.400000,1.398580,0.951293,0.903114,2.001800,2.036582,2.015678,0.739869,0.743401,0.737977,0.739635,0.742963,0.737896
1875.5,1.200000,1.400000,1.398586,0.951292,0.903113,2.001824,2.036554,2.015639,0.739860,0.743385,0.737974,0.739627,0.742947,0.737894
1876.0,1.200000,1.400000,1.398592,0.951290,0.903112,2.001848,2.036526,2.015601,0.739852,0.743368,0.737971,0.739619,0.742932,0.737892
1876.5,1.200000,1.400000,1.398598,0.951289,0.903111,2.001871,2.036498,2.015563,0.739843,0.743352,0.737968,0.739611,0.742917,0.737889
1877.0,1.200000,1.400000,1.398604,0.951287,0.903111,2.001895,2.036470,2.015524,0.739834,0.743336,0.737965,0.739603,0.742902,0.737887
1877.5,1.200000,1.400000,1.398610,0.951286,0.903110,2.001918,2.036441,2.015486,0.739826,0.743320,0.737962,0.739595,0.742886,0.737884
1878.0,1.200000,1.400000,1.398615,0.951284,0.903109,2.001942,2.036413,2.015448,0.739817,0.743304,0.737959,0.739587,0.742871,0.737882
1878.5,1.200000,1.400000,1.398621,0.951283,0.903109,2.001965,2.036384,2.015410,0.739809,0.743288,0.737956,0.739579,0.742856,0.737879
1879.0,1.200000,1.400000,1.398627,0.951281,0.903108,2.001988,2.036356,2.015371,0.739800,0.743272,0.737953,0.739571,0.742841,0.737877
1879.5,1.200000,1.400000,1.398633,0.951280,0.903107,2.002010,2.036327,2.015333,0.739792,0.743256,0.737950,0.739563,0.742826,0.737874
1880.0,1.200000,1.400000,1.398638,0.951279,0.903107,2.002033,2.036298,2.015295,0.739783,0.743240,0.737948,0.739555,0.742811,0.737871
1880.5,1.200000,1.400000,1.398644,0.951277,0.903106,2.002055,2.036269,2.015257,0.739775,0.743224,0.737945,0.739547,0.742796,0.737868
1881.0,1.200000,1.400000,1.398650,0.951276,0.903106,2.002077,2.036240,2.015219,0.739766,0.743208,0.737942,0.739539,0.742781,0.737865
1881.5,1.200000,1.400000,1.398655,0.951275,0.903105,2.002099,2.036210,2.015181,0.739758,0.743192,0.737939,0.739531,0.742766,0.737863
1882.0,1.200000,1.400000,1.398661,0.951273,0.903105,2.002121,2.036181,2.015143,0.739750,0.743176,0.737936,0.739524,0.742751,0.737860
1882.5,1.200000,1.400000,1.398666,0.951272,0.903104,2.002143,2.036151,2.015105,0.739741,0.743161,0.737933,0.739516,0.742736,0.737857
1883.0,1.200000,1.400000,1.398672,0.951271,0.903104,2.002165,2.036122,2.015067,0.739733,0.743145,0.737930,0.739508,0.742721,0.737854
1883.5,1.200000,1.400000,1.398677,0.951269,0.903103,2.002186,2.036092,2.015029,0.739725,0.743129,0.737927,0.739500,0.742706,0.737851
1884.0,1.200000,1.400000,1.398683,0.951268,0.903103,2.002207,2.036062,2.014991,0.739716,0.743113,0.737924,0.739493,0.742691,0.737849
1884.5,1.200000,1.400000,1.398688,0.951267,0.903103,2.002228,2.036032,2.014953,0.739708,0.743098,0.737921,0.739485,0.742677,0.737846
1885.0,1.200000,1.400000,1.398694,0.951265,0.903102,2.002249,2.036002,2.014916,0.739700,0.743082,0.737919,0.739477,0.742662,0.737843
1885.5,1.200000,1.400000,1.398699,0.951264,0.903102,2.002270,2.035972,2.014878,0.739692,0.743067,0.737916,0.739470,0.742647,0.737840
1886.0,1.200000,1.400000,1.398705,0.951263,0.903101,2.002291,2.035942,2.014840,0.739683,0.743051,0.737913,0.739462,0.742632,0.737837
1886.5,1.200000,1.400000,1.398710,0.951261,0.903101,2.002311,2.035911,2.014802,0.739675,0.743035,0.737910,0.739454,0.742618,0.737835
1887.0,1.200000,1.400000,1.398716,0.951260,0.903101,2.002331,2.035881,2.014765,0.739667,0.743020,0.737907,0.739447,0.742603,0.737832
1887.5,1.200000,1.400000,1.398721,0.951259,0.903101,2.002351,2.035850,2.014727,0.739659,0.743005,0.737904,0.739439,0.742589,0.737829
1888.0,1.200000,1.400000,1.398726,0.951258,0.903100,2.002371,2.035819,2.014690,0.739651,0.742989,0.737902,0.739432,0.742574,0.737827
1888.5,1.200000,1.400000,1.398732,0.951256,0.903100,2.002391,2.035789,2.014652,0.739643,0.742974,0.737899,0.739424,0.742560,0.737824
1889.0,1.200000,1.400000,1.398737,0.951255,0.903100,2.002411,2.035758,2.014615,0.739635,0.742958,0.737896,0.739417,0.742545,0.737821
1889.5,1.200000,1.400000,1.398742,0.951254,0.903099,2.002430,2.035727,2.014578,0.739627,0.742943,0.737893,0.739409,0.742531,0.737819
1890.0,1.200000,1.400000,1.398747,0.951253,0.903099,2.002449,2.035696,2.014540,0.739619,0.742928,0.737890,0.739402,0.742516,0.737816
1890.5,1.200000,1.400000,1.398753,0.951252,0.903099,2.002469,2.035664,2.014503,0.739611,0.742912,0.737888,0.739395,0.742502,0.737814
1891.0,1.200000,1.400000,1.398758,0.951250,0.903099,2.002488,2.035633,2.014466,0.739603,0.742897,0.737885,0.739387,0.742487,0.737811
1891.5,1.200000,1.400000,1.398763,0.951249,0.903099,2.002507,2.035601,2.014429,0.739595,0.742882,0.737882,0.739380,0.742473,0.737809
1892.0,1.200000,1.400000,1.398768,0.951248,0.903098,2.002525,2.035570,2.014392,0.739587,0.742867,0.737880,0.739372,0.742459,0.737806
1892.5,1.200000,1.400000,1.398773,0.951247,0.903098,2.002544,2.035538,2.014354,0.739579,0.742852,0.737877,0.739365,0.742445,0.737804
1893.0,1.200000,1.400000,1.398778,0.951246,0.903098,2.002562,2.035507,2.014317,0.739571,0.742837,0.737874,0.739358,0.742430,0.737802
1893.5,1.200000,1.400000,1.398783,0.951244,0.903098,2.002580,2.035475,2.014281,0.739563,0.742822,0.737871,0.739350,0.742416,0.737799
1894.0,1.200000,1.400000,1.398788,0.951243,0.903098,2.002599,2.035443,2.014244,0.739555,0.742807,0.737869,0.739343,0.742402,0.737797
1894.5,1.200000,1.400000,1.398794,0.951242,0.903097,2.002617,2.035411,2.014207,0.739547,0.742792,0.737866,0.739336,0.742388,0.737794
1895.0,1.200000,1.400000,1.398799,0.951241,0.903097,2.002634,2.035379,2.014170,0.739539,0.742777,0.737864,0.739329,0.742374,0.737792
1895.5,1.200000,1.400000,1.398804,0.951240,0.903097,2.002652,2.035346,2.014133,0.739532,0.742762,0.737861,0.739321,0.742360,0.737790
1896.0,1.200000,1.400000,1.398809,0.951239,0.903097,2.002670,2.035314,2.014097,0.739524,0.742747,0.737858,0.739314,0.742346,0.737787
1896.5,1.200000,1.400000,1.398814,0.951238,0.903097,2.002687,2.035282,2.014060,0.739516,0.742732,0.737856,0.739307,0.742332,0.737785
1897.0,1.200000,1.400000,1.398818,0.951237,0.903097,2.002704,2.035249,2.014023,0.739508,0.742717,0.737853,0.739300,0.742318,0.737783
1897.5,1.200000,1.400000,1.398823,0.951236,0.903097,2.002721,2.035216,2.013987,0.739501,0.742702,0.737850,0.739293,0.742304,0.737780
1898.0,1.200000,1.400000,1.398828,0.951235,0.903096,2.002738,2.035184,2.013950,0.739493,0.742687,0.737848,0.739286,0.742290,0.737778
1898.5,1.200000,1.400000,1.398833,0.951233,0.903096,2.002755,2.035151,2.013914,0.739485,0.742673,0.737845,0.739279,0.742276,0.737775
1899.0,1.200000,1.400000,1.398838,0.951232,0.903096,2.002772,2.035118,2.013878,0.739478,0.742658,0.737843,0.739272,0.742262,0.737772
1899.5,1.200000,1.400000,1.398843,0.951231,0.903096,2.002788,2.035085,2.013842,0.739470,0.742643,0.737840,0.739265,0.742248,0.737770
1900.0,1.200000,1.400000,1.398848,0.951230,0.903096,2.002804,2.035052,2.013805,0.739463,0.742629,0.737837,0.739258,0.742234,0.737767
1900.5,1.200000,1.400000,1.398852,0.951229,0.903096,2.002821,2.035019,2.013769,0.739455,0.742614,0.737835,0.739251,0.742221,0.737765
1901.0,1.200000,1.400000,1.398857,0.951228,0.903096,2.002837,2.034986,2.013733,0.739447,0.742599,0.737832,0.739244,0.742207,0.737762
1901.5,1.200000,1.400000,1.398862,0.951227,0.903096,2.002853,2.034952,2.013697,0.739440,0.742585,0.737829,0.739237,0.742193,0.737759
1902.0,1.200000,1.400000,1.398867,0.951226,0.903096,2.002868,2.034919,2.013661,0.739432,0.742570,0.737827,0.739230,0.742180,0.737757
1902.5,1.200000,1.400000,1.398871,0.951225,0.903096,2.002884,2.034885,2.013625,0.739425,0.742556,0.737824,0.739223,0.742166,0.737754
1903.0,1.200000,1.400000,1.398876,0.951224,0.903095,2.002900,2.034852,2.013590,0.739417,0.742541,0.737821,0.739216,0.742152,0.737752
1903.5,1.200000,1.400000,1.398881,0.951223,0.903095,2.002915,2.034818,2.013554,0.739410,0.742527,0.737819,0.739209,0.742139,0.737749
1904.0,1.200000,1.400000,1.398886,0.951222,0.903095,2.002930,2.034784,2.013518,0.739403,0.742513,0.737816,0.739202,0.742125,0.737747
1904.5,1.200000,1.400000,1.398890,0.951221,0.903095,2.002945,2.034750,2.013483,0.739395,0.742498,0.737814,0.739195,0.742112,0.737744
1905.0,1.200000,1.400000,1.398895,0.951221,0.903095,2.002960,2.034716,2.013447,0.739388,0.742484,0.737811,0.739189,0.742098,0.737742
1905.5,1.200000,1.400000,1.398899,0.951220,0.903095,2.002975,2.034682,2.013412,0.739380,0.742470,0.737809,0.739182,0.742085,0.737739
1906.0,1.200000,1.400000,1.398904,0.951219,0.903095,2.002990,2.034648,2.013376,0.739373,0.742455,0.737806,0.739175,0.742071,0.737737
1906.5,1.200000,1.400000,1.398909,0.951218,0.903095,2.003004,2.034614,2.013341,0.739366,0.742441,0.737803,0.739168,0.742058,0.737734
1907.0,1.200000,1.400000,1.398913,0.951217,0.903095,2.003019,2.034580,2.013306,0.739358,0.742427,0.737801,0.739162,0.742045,0.737732
1907.5,1.200000,1.400000,1.398918,0.951216,0.903095,2.003033,2.034545,2.013271,0.739351,0.742413,0.737798,0.739155,0.742031,0.737730
1908.0,1.200000,1.400000,1.398922,0.951215,0.903095,2.003047,2.034511,2.013236,0.739344,0.742399,0.737796,0.739148,0.742018,0.737728
1908.5,1.200000,1.400000,1.398927,0.951214,0.903095,2.003061,2.034476,2.013201,0.739337,0.742385,0.737793,0.739142,0.742005,0.737725
1909.0,1.200000,1.400000,1.398931,0.951213,0.903095,2.003075,2.034442,2.013166,0.739330,0.742371,0.737791,0.739135,0.741992,0.737723
1909.5,1.200000,1.400000,1.398936,0.951212,0.903095,2.003089,2.034407,2.013131,0.739322,0.742356,0.737788,0.739128,0.741978,0.737721
1910.0,1.200000,1.400000,1.398940,0.951212,0.903095,2.003102,2.034372,2.013096,0.739315,0.742342,0.737786,0.739122,0.741965,0.737719
1910.5,1.200000,1.400000,1.398944,0.951211,0.903095,2.003116,2.034338,2.013061,0.739308,0.742328,0.737783,0.739115,0.741952,0.737717
1911.0,1.200000,1.400000,1.398949,0.951210,0.903095,2.003129,2.034303,2.013026,0.739301,0.742315,0.737781,0.739109,0.741939,0.737714
1911.5,1.200000,1.400000,1.398953,0.951209,0.903094,2.003143,2.034268,2.012992,0.739294,0.742301,0.737779,0.739102,0.741926,0.737712
1912.0,1.200000,1.400000,1.398958,0.951208,0.903094,2.003156,2.034233,2.012957,0.739287,0.742287,0.737776,0.739096,0.741913,0.737710
1912.5,1.200000,1.400000,1.398962,0.951207,0.903094,2.003169,2.034197,2.012923,0.739280,0.742273,0.737774,0.739089,0.741900,0.737708
1913.0,1.200000,1.400000,1.398966,0.951207,0.903094,2.003182,2.034162,2.012888,0.739273,0.742259,0.737771,0.739083,0.741887,0.737706
1913.5,1.200000,1.400000,1.398971,0.951206,0.903094,2.003194,2.034127,2.012854,0.739266,0.742245,0.737769,0.739076,0.741874,0.737704
1914.0,1.200000,1.400000,1.398975,0.951205,0.903094,2.003207,2.034091,2.012820,0.739259,0.742232,0.737767,0.739070,0.741861,0.737702
1914.5,1.200000,1.400000,1.398979,0.951204,0.903094,2.003219,2.034056,2.012786,0.739252,0.742218,0.737764,0.739063,0.741848,0.737700
1915.0,1.200000,1.400000,1.398983,0.951204,0.903094,2.003232,2.034020,2.012751,0.739245,0.742204,0.737762,0.739057,0.741835,0.737699
1915.5,1.200000,1.400000,1.398988,0.951203,0.903094,2.003244,2.033985,2.012717,0.739238,0.742190,0.737760,0.739051,0.741822,0.737697
1916.0,1.200000,1.400000,1.398992,0.951202,0.903094,2.003256,2.033949,2.012683,0.739231,0.742177,0.737758,0.739044,0.741810,0.737695
1916.5,1.200000,1.400000,1.398996,0.951201,0.903094,2.003268,2.033913,2.012649,0.739224,0.742163,0.737755,0.739038,0.741797,0.737693
1917.0,1.200000,1.400000,1.399000,0.951201,0.903094,2.003280,2.033878,2.012615,0.739217,0.742150,0.737753,0.739032,0.741784,0.737691
1917.5,1.200000,1.400000,1.399004,0.951200,0.903094,2.003292,2.033842,2.012582,0.739210,0.742136,0.737751,0.739025,0.741771,0.737689
1918.0,1.200000,1.400000,1.399009,0.951199,0.903094,2.003303,2.033806,2.012548,0.739203,0.742123,0.737749,0.739019,0.741759,0.737687
1918.5,1.200000,1.400000,1.399013,0.951198,0.903094,2.003315,2.033770,2.012514,0.739197,0.742109,0.737746,0.739013,0.741746,0.737685
1919.0,1.200000,1.400000,1.399017,0.951198,0.903094,2.003326,2.033734,2.012481,0.739190,0.742096,0.737744,0.739007,0.741733,0.737684
1919.5,1.200000,1.400000,1.399021,0.951197,0.903094,2.003337,2.033697,2.012447,0.739183,0.742082,0.737742,0.739000,0.741721,0.737682
1920.0,1.200000,1.400000,1.399025,0.951196,0.903094,2.003349,2.033661,2.012414,0.739176,0.742069,0.737740,0.738994,0.741708,0.737680
1920.5,1.200000,1.400000,1.399029,0.951196,0.903094,2.003360,2.033625,2.012380,0.739170,0.742055,0.737738,0.738988,0.741696,0.737678
1921.0,1.200000,1.400000,1.399033,0.951195,0.903094,2.003371,2.033589,2.012347,0.739163,0.742042,0.737735,0.738982,0.741683,0.737677
1921.5,1.200000,1.400000,1.399037,0.951194,0.903094,2.003381,2.033552,2.012313,0.739156,0.742029,0.737733,0.738976,0.741671,0.737675
1922.0,1.200000,1.400000,1.399041,0.951194,0.903094,2.003392,2.033516,2.012280,0.739150,0.742016,0.737731,0.738970,0.741658,0.737673
1922.5,1.200000,1.400000,1.399045,0.951193,0.903094,2.003403,2.033479,2.012247,0.739143,0.742002,0.737729,0.738964,0.741646,0.737671
1923.0,1.200000,1.400000,1.399049,0.951193,0.903094,2.003413,2.033442,2.012214,0.739136,0.741989,0.737727,0.738958,0.741633,0.737670
1923.5,1.200000,1.400000,1.399053,0.951192,0.903094,2.003423,2.033406,2.012181,0.739130,0.741976,0.737725,0.738952,0.741621,0.737668
1924.0,1.200000,1.400000,1.399057,0.951191,0.903094,2.003434,2.033369,2.012148,0.739123,0.741963,0.737723,0.738946,0.741609,0.737666
1924.5,1.200000,1.400000,1.399061,0.951191,0.903094,2.003444,2.033332,2.012115,0.739117,0.741950,0.737721,0.738940,0.741597,0.737664
1925.0,1.200000,1.400000,1.399065,0.951190,0.903094,2.003454,2.033295,2.012082,0.739110,0.741937,0.737719,0.738934,0.741584,0.737663
1925.5,1.200000,1.400000,1.399069,0.951190,0.903094,2.003463,2.033258,2.012049,0.739104,0.741924,0.737717,0.738928,0.741572,0.737661
1926.0,1.200000,1.400000,1.399073,0.951189,0.903094,2.003473,2.033221,2.012017,0.739097,0.741911,0.737715,0.738922,0.741560,0.737659
1926.5,1.200000,1.400000,1.399076,0.951188,0.903094,2.003483,2.033184,2.011984,0.739091,0.741898,0.737713,0.738916,0.741548,0.737658
1927.0,1.200000,1.400000,1.399080,0.951188,0.903094,2.003492,2.033147,2.011951,0.739084,0.741885,0.737711,0.738910,0.741535,0.737656
1927.5,1.200000,1.400000,1.399084,0.951187,0.903094,2.003502,2.033110,2.011919,0.739078,0.741872,0.737709,0.738904,0.741523,0.737654
1928.0,1.200000,1.400000,1.399088,0.951187,0.903094,2.003511,2.033072,2.011886,0.739071,0.741859,0.737707,0.738898,0.741511,0.737653
1928.5,1.200000,1.400000,1.399092,0.951186,0.903094,2.003520,2.033035,2.011854,0.739065,0.741846,0.737705,0.738892,0.741499,0.737651
1929.0,1.200000,1.400000,1.399096,0.951186,0.903094,2.003529,2.032998,2.011822,0.739059,0.741833,0.737703,0.738887,0.741487,0.737649
1929.5,1.200000,1.400000,1.399099,0.951185,0.903094,2.003538,2.032960,2.011789,0.739052,0.741820,0.737701,0.738881,0.741475,0.737648
1930.0,1.200000,1.400000,1.399103,0.951185,0.903094,2.003547,2.032923,2.011757,0.739046,0.741807,0.737699,0.738875,0.741463,0.737646
1930.5,1.200000,1.400000,1.399107,0.951184,0.903094,2.003556,2.032885,2.011725,0.739040,0.741795,0.737697,0.738869,0.741451,0.737645
1931.0,1.200000,1.400000,1.399111,0.951184,0.903094,2.003565,2.032848,2.011693,0.739033,0.741782,0.737695,0.738863,0.741439,0.737643
1931.5,1.200000,1.400000,1.399114,0.951183,0.903094,2.003573,2.032810,2.011661,0.739027,0.741769,0.737693,0.738858,0.741427,0.737642
1932.0,1.200000,1.400000,1.399118,0.951183,0.903094,2.003582,2.032772,2.011629,0.739021,0.741757,0.737691,0.738852,0.741416,0.737640
1932.5,1.200000,1.400000,1.399122,0.951182,0.903094,2.003590,2.032734,2.011597,0.739015,0.741744,0.737690,0.738846,0.741404,0.737639
1933.0,1.200000,1.400000,1.399125,0.951182,0.903094,2.003598,2.032697,2.011565,0.739008,0.741731,0.737688,0.738841,0.741392,0.737637
1933.5,1.200000,1.400000,1.399129,0.951182,0.903094,2.003606,2.032659,2.011533,0.739002,0.741719,0.737686,0.738835,0.741380,0.737636
1934.0,1.200000,1.400000,1.399133,0.951181,0.903094,2.003614,2.032621,2.011501,0.738996,0.741706,0.737684,0.738829,0.741368,0.737634
1934.5,1.200000,1.400000,1.399136,0.951181,0.903094,2.003622,2.032583,2.011470,0.738990,0.741694,0.737682,0.738824,0.741357,0.737633
1935.0,1.200000,1.400000,1.399140,0.951180,0.903094,2.003630,2.032545,2.011438,0.738984,0.741681,0.737680,0.738818,0.741345,0.737631
1935.5,1.200000,1.400000,1.399143,0.951180,0.903094,2.003638,2.032507,2.011407,0.738978,0.741669,0.737679,0.738813,0.741333,0.737630
1936.0,1.200000,1.400000,1.399147,0.951180,0.903094,2.003645,2.032468,2.011375,0.738972,0.741656,0.737677,0.738807,0.741322,0.737628
1936.5,1.200000,1.400000,1.399150,0.951179,0.903094,2.003653,2.032430,2.011344,0.738966,0.741644,0.737675,0.738802,0.741310,0.737627
1937.0,1.200000,1.400000,1.399154,0.951179,0.903094,2.003660,2.032392,2.011312,0.738960,0.741632,0.737673,0.738796,0.741299,0.737626
1937.5,1.200000,1.400000,1.399158,0.951178,0.903094,2.003668,2.032354,2.011281,0.738954,0.741619,0.737672,0.738791,0.741287,0.737624
1938.0,1.200000,1.400000,1.399161,0.951178,0.903094,2.003675,2.032315,2.011250,0.738948,0.741607,0.737670,0.738785,0.741276,0.737623
1938.5,1.200000,1.400000,1.399165,0.951178,0.903094,2.003682,2.032277,2.011218,0.738942,0.741595,0.737668,0.738780,0.741264,0.737622
1939.0,1.200000,1.400000,1.399168,0.951177,0.903094,2.003689,2.032238,2.011187,0.738936,0.741582,0.737667,0.738774,0.741253,0.737620
1939.5,1.200000,1.400000,1.399171,0.951177,0.903094,2.003696,2.032200,2.011156,0.738930,0.741570,0.737665,0.738769,0.741241,0.737619
1940.0,1.200000,1.400000,1.399175,0.951177,0.903094,2.003703,2.032161,2.011125,0.738924,0.741558,0.737663,0.738764,0.741230,0.737617
1940.5,1.200000,1.400000,1.399178,0.951176,0.903094,2.003709,2.032123,2.011094,0.738918,0.741546,0.737662,0.738758,0.741218,0.737616
1941.0,1.200000,1.400000,1.399182,0.951176,0.903094,2.003716,2.032084,2.011063,0.738912,0.741534,0.737660,0.738753,0.741207,0.737615
1941.5,1.200000,1.400000,1.399185,0.951176,0.903094,2.003723,2.032045,2.011033,0.738906,0.741522,0.737658,0.738748,0.741196,0.737613
1942.0,1.200000,1.400000,1.399189,0.951176,0.903094,2.003729,2.032007,2.011002,0.738900,0.741510,0.737657,0.738742,0.741184,0.737612
1942.5,1.200000,1.400000,1.399192,0.951175,0.903094,2.003735,2.031968,2.010971,0.738894,0.741498,0.737655,0.738737,0.741173,0.737611
1943.0,1.200000,1.400000,1.399195,0.951175,0.903094,2.003741,2.031929,2.010940,0.738889,0.741486,0.737653,0.738732,0.741162,0.737610
1943.5,1.200000,1.400000,1.399199,0.951175,0.903094,2.003748,2.031890,2.010910,0.738883,0.741474,0.737652,0.738727,0.741151,0.737608
1944.0,1.200000,1.400000,1.399202,0.951174,0.903094,2.003754,2.031851,2.010879,0.738877,0.741462,0.737650,0.738721,0.741140,0.737607
1944.5,1.200000,1.400000,1.399205,0.951174,0.903094,2.003760,2.031812,2.010849,0.738871,0.741450,0.737649,0.738716,0.741128,0.737606
1945.0,1.200000,1.400000,1.399209,0.951174,0.903094,2.003765,2.031773,2.010818,0.738866,0.741438,0.737647,0.738711,0.741117,0.737604
1945.5,1.200000,1.400000,1.399212,0.951174,0.903094,2.003771,2.031734,2.010788,0.738860,0.741426,0.737646,0.738706,0.741106,0.737603
1946.0,1.200000,1.400000,1.399215,0.951174,0.903094,2.003777,2.031695,2.010758,0.738854,0.741414,0.737644,0.738701,0.741095,0.737602
1946.5,1.200000,1.400000,1.399219,0.951173,0.903094,2.003782,2.031656,2.010727,0.738849,0.741402,0.737643,0.738696,0.741084,0.737601
1947.0,1.200000,1.400000,1.399222,0.951173,0.903094,2.003788,2.031617,2.010697,0.738843,0.741391,0.737641,0.738690,0.741073,0.737599
1947.5,1.200000,1.400000,1.399225,0.951173,0.903094,2.003793,2.031577,2.010667,0.738837,0.741379,0.737640,0.738685,0.741062,0.737598
1948.0,1.200000,1.400000,1.399228,0.951173,0.903094,2.003799,2.031538,2.010637,0.738832,0.741367,0.737638,0.738680,0.741051,0.737597
1948.5,1.200000,1.400000,1.399231,0.951173,0.903094,2.003804,2.031499,2.010607,0.738826,0.741355,0.737637,0.738675,0.741040,0.737596
1949.0,1.200000,1.400000,1.399235,0.951172,0.903094,2.003809,2.031459,2.010577,0.738821,0.741344,0.737635,0.738670,0.741029,0.737594
1949.5,1.200000,1.400000,1.399238,0.951172,0.903094,2.003814,2.031420,2.010547,0.738815,0.741332,0.737634,0.738665,0.741019,0.737593
1950.0,1.200000,1.400000,1.399241,0.951172,0.903094,2.003819,2.031381,2.010517,0.738810,0.741320,0.737632,0.738660,0.741008,0.737592
1950.5,1.200000,1.400000,1.399244,0.951172,0.903094,2.003824,2.031341,2.010487,0.738804,0.741309,0.737631,0.738655,0.740997,0.737591
1951.0,1.200000,1.400000,1.399247,0.951172,0.903094,2.003829,2.031302,2.010458,0.738799,0.741297,0.737629,0.738650,0.740986,0.737590
1951.5,1.200000,1.400000,1.399250,0.951172,0.903094,2.003833,2.031262,2.010428,0.738793,0.741286,0.737628,0.738645,0.740975,0.737588
1952.0,1.200000,1.400000,1.399254,0.951172,0.903094,2.003838,2.031222,2.010398,0.738788,0.741274,0.737626,0.738640,0.740965,0.737587
1952.5,1.200000,1.400000,1.399257,0.951172,0.903094,2.003842,2.031183,2.010369,0.738782,0.741263,0.737625,0.738635,0.740954,0.737586
1953.0,1.200000,1.400000,1.399260,0.951171,0.903094,2.003847,2.031143,2.010339,0.738777,0.741251,0.737623,0.738631,0.740943,0.737585
1953.5,1.200000,1.400000,1.399263,0.951171,0.903094,2.003851,2.031103,2.010310,0.738771,0.741240,0.737622,0.738626,0.740933,0.737584
1954.0,1.200000,1.400000,1.399266,0.951171,0.903094,2.003855,2.031064,2.010281,0.738766,0.741229,0.737621,0.738621,0.740922,0.737583
1954.5,1.200000,1.400000,1.399269,0.951171,0.903094,2.003859,2.031024,2.010251,0.738761,0.741217,0.737619,0.738616,0.740911,0.737582
1955.0,1.200000,1.400000,1.399272,0.951171,0.903094,2.003864,2.030984,2.010222,0.738755,0.741206,0.737618,0.738611,0.740901,0.737580
1955.5,1.200000,1.400000,1.399275,0.951171,0.903094,2.003868,2.030944,2.010193,0.738750,0.741195,0.737617,0.738606,0.740890,0.737579
1956.0,1.200000,1.400000,1.399278,0.951171,0.903094,2.003871,2.030904,2.010164,0.738745,0.741183,0.737615,0.738602,0.740880,0.737578
1956.5,1.200000,1.400000,1.399281,0.951171,0.903094,2.003875,2.030865,2.010135,0.738740,0.741172,0.737614,0.738597,0.740869,0.737577
1957.0,1.200000,1.400000,1.399284,0.951171,0.903094,2.003879,2.030825,2.010106,0.738734,0.741161,0.737613,0.738592,0.740859,0.737576
1957.5,1.200000,1.400000,1.399287,0.951171,0.903094,2.003883,2.030785,2.010077,0.738729,0.741150,0.737611,0.738587,0.740848,0.737575
1958.0,1.200000,1.400000,1.399290,0.951171,0.903094,2.003886,2.030745,2.010048,0.738724,0.741139,0.737610,0.738583,0.740838,0.737574
1958.5,1.200000,1.400000,1.399293,0.951171,0.903094,2.003890,2.030705,2.010019,0.738719,0.741127,0.737609,0.738578,0.740828,0.737573
1959.0,1.200000,1.400000,1.399296,0.951171,0.903094,2.003893,2.030664,2.009990,0.738714,0.741116,0.737607,0.738573,0.740817,0.737572
1959.5,1.200000,1.400000,1.399299,0.951171,0.903094,2.003896,2.030624,2.009961,0.738708,0.741105,0.737606,0.738569,0.740807,0.737571
1960.0,1.200000,1.400000,1.399302,0.951171,0.903094,2.003900,2.030584,2.009933,0.738703,0.741094,0.737605,0.738564,0.740797,0.737570
1960.5,1.200000,1.400000,1.399305,0.951171,0.903094,2.003903,2.030544,2.009904,0.738698,0.741083,0.737604,0.738560,0.740786,0.737569
1961.0,1.200000,1.400000,1.399308,0.951171,0.903094,2.003906,2.030504,2.009876,0.738693,0.741072,0.737602,0.738555,0.740776,0.737568
1961.5,1.200000,1.400000,1.399311,0.951171,0.903094,2.003909,2.030464,2.009847,0.738688,0.741061,0.737601,0.738550,0.740766,0.737567
1962.0,1.200000,1.400000,1.399313,0.951171,0.903094,2.003912,2.030423,2.009819,0.738683,0.741050,0.737600,0.738546,0.740756,0.737566
1962.5,1.200000,1.400000,1.399316,0.951171,0.903094,2.003915,2.030383,2.009790,0.738678,0.741039,0.737599,0.738541,0.740746,0.737565
1963.0,1.200000,1.400000,1.399319,0.951171,0.903094,2.003918,2.030343,2.009762,0.738673,0.741029,0.737597,0.738537,0.740735,0.737564
1963.5,1.200000,1.400000,1.399322,0.951172,0.903094,2.003920,2.030302,2.009734,0.738668,0.741018,0.737596,0.738532,0.740725,0.737563
1964.0,1.200000,1.400000,1.399325,0.951172,0.903094,2.003923,2.030262,2.009705,0.738663,0.741007,0.737595,0.738528,0.740715,0.737562
1964.5,1.200000,1.400000,1.399328,0.951172,0.903094,2.003925,2.030222,2.009677,0.738658,0.740996,0.737594,0.738523,0.740705,0.737561
1965.0,1.200000,1.400000,1.399330,0.951172,0.903094,2.003928,2.030181,2.009649,0.738653,0.740985,0.737592,0.738519,0.740695,0.737560
1965.5,1.200000,1.400000,1.399333,0.951172,0.903094,2.003930,2.030141,2.009621,0.738648,0.740975,0.737591,0.738514,0.740685,0.737559
1966.0,1.200000,1.400000,1.399336,0.951172,0.903094,2.003933,2.030100,2.009593,0.738643,0.740964,0.737590,0.738510,0.740675,0.737558
1966.5,1.200000,1.400000,1.399339,0.951172,0.903094,2.003935,2.030060,2.009565,0.738638,0.740953,0.737589,0.738506,0.740665,0.737557
1967.0,1.200000,1.400000,1.399341,0.951172,0.903094,2.003937,2.030019,2.009537,0.738633,0.740943,0.737588,0.738501,0.740655,0.737556
1967.5,1.200000,1.400000,1.399344,0.951173,0.903094,2.003939,2.029978,2.009510,0.738628,0.740932,0.737587,0.738497,0.740645,0.737555
1968.0,1.200000,1.400000,1.399347,0.951173,0.903094,2.003941,2.029938,2.009482,0.738624,0.740921,0.737586,0.738493,0.740635,0.737554
1968.5,1.200000,1.400000,1.399350,0.951173,0.903094,2.003943,2.029897,2.009454,0.738619,0.740911,0.737584,0.738488,0.740626,0.737553
1969.0,1.200000,1.400000,1.399352,0.951173,0.903094,2.003945,2.029857,2.009427,0.738614,0.740900,0.737583,0.738484,0.740616,0.737552
1969.5,1.200000,1.400000,1.399355,0.951173,0.903094,2.003947,2.029816,2.009399,0.738609,0.740890,0.737582,0.738480,0.740606,0.737552
1970.0,1.200000,1.400000,1.399358,0.951173,0.903094,2.003949,2.029775,2.009371,0.738604,0.740879,0.737581,0.738475,0.740596,0.737551
1970.5,1.200000,1.400000,1.399360,0.951174,0.903094,2.003950,2.029735,2.009344,0.738600,0.740869,0.737580,0.738471,0.740586,0.737550
1971.0,1.200000,1.400000,1.399363,0.951174,0.903094,2.003952,2.029694,2.009317,0.738595,0.740858,0.737579,0.738467,0.740577,0.737549
1971.5,1.200000,1.400000,1.399366,0.951174,0.903094,2.003953,2.029653,2.009289,0.738590,0.740848,0.737578,0.738463,0.740567,0.737548
1972.0,1.200000,1.400000,1.399368,0.951174,0.903094,2.003955,2.029612,2.009262,0.738586,0.740837,0.737577,0.738459,0.740557,0.737547
1972.5,1.200000,1.400000,1.399371,0.951175,0.903094,2.003956,2.029571,2.009235,0.738581,0.740827,0.737576,0.738454,0.740548,0.737546
1973.0,1.200000,1.400000,1.399374,0.951175,0.903094,2.003958,2.029531,2.009208,0.738576,0.740817,0.737575,0.738450,0.740538,0.737546
1973.5,1.200000,1.400000,1.399376,0.951175,0.903094,2.003959,2.029490,2.009180,0.738572,0.740806,0.737574,0.738446,0.740529,0.737545
1974.0,1.200000,1.400000,1.399379,0.951175,0.903094,2.003960,2.029449,2.009153,0.738567,0.740796,0.737573,0.738442,0.740519,0.737544
1974.5,1.200000,1.400000,1.399381,0.951176,0.903094,2.003961,2.029408,2.009126,0.738562,0.740786,0.737572,0.738438,0.740509,0.737543
1975.0,1.200000,1.400000,1.399384,0.951176,0.903094,2.003962,2.029367,2.009099,0.738558,0.740776,0.737571,0.738434,0.740500,0.737542
1975.5,1.200000,1.400000,1.399387,0.951176,0.903094,2.003963,2.029326,2.009073,0.738553,0.740765,0.737570,0.738430,0.740490,0.737542
1976.0,1.200000,1.400000,1.399389,0.951177,0.903094,2.003964,2.029285,2.009046,0.738549,0.740755,0.737568,0.738426,0.740481,0.737541
1976.5,1.200000,1.400000,1.399392,0.951177,0.903094,2.003965,2.029244,2.009019,0.738544,0.740745,0.737568,0.738422,0.740472,0.737540
1977.0,1.200000,1.400000,1.399394,0.951177,0.903094,2.003966,2.029203,2.008992,0.738540,0.740735,0.737567,0.738417,0.740462,0.737539
1977.5,1.200000,1.400000,1.399397,0.951177,0.903094,2.003966,2.029162,2.008966,0.738535,0.740725,0.737566,0.738413,0.740453,0.737539
1978.0,1.200000,1.400000,1.399399,0.951178,0.903094,2.003967,2.029121,2.008939,0.738531,0.740715,0.737565,0.738409,0.740443,0.737538
1978.5,1.200000,1.400000,1.399402,0.951178,0.903094,2.003968,2.029080,2.008912,0.738526,0.740705,0.737564,0.738406,0.740434,0.737537
1979.0,1.200000,1.400000,1.399404,0.951179,0.903094,2.003968,2.029039,2.008886,0.738522,0.740695,0.737563,0.738402,0.740425,0.737536
1979.5,1.200000,1.400000,1.399407,0.951179,0.903094,2.003969,2.028998,2.008859,0.738517,0.740685,0.737562,0.738398,0.740415,0.737536
1980.0,1.200000,1.400000,1.399409,0.951179,0.903094,2.003969,2.028957,2.008833,0.738513,0.740675,0.737561,0.738394,0.740406,0.737535
1980.5,1.200000,1.400000,1.399412,0.951180,0.903094,2.003969,2.028916,2.008807,0.738509,0.740665,0.737560,0.738390,0.740397,0.737534
1981.0,1.200000,1.400000,1.399414,0.951180,0.903094,2.003969,2.028875,2.008780,0.738504,0.740655,0.737559,0.738386,0.740388,0.737533
1981.5,1.200000,1.400000,1.399417,0.951180,0.903094,2.003970,2.028834,2.008754,0.738500,0.740645,0.737558,0.738382,0.740379,0.737533
1982.0,1.200000,1.400000,1.399419,0.951181,0.903094,2.003970,2.028793,2.008728,0.738496,0.740635,0.737557,0.738378,0.740369,0.737532
1982.5,1.200000,1.400000,1.399421,0.951181,0.903094,2.003970,2.028751,2.008702,0.738491,0.740625,0.737556,0.738374,0.740360,0.737531
1983.0,1.200000,1.400000,1.399424,0.951182,0.903094,2.003970,2.028710,2.008676,0.738487,0.740616,0.737555,0.738371,0.740351,0.737531
1983.5,1.200000,1.400000,1.399426,0.951182,0.903094,2.003970,2.028669,2.008650,0.738483,0.740606,0.737554,0.738367,0.740342,0.737530
1984.0,1.200000,1.400000,1.399429,0.951183,0.903094,2.003970,2.028628,2.008624,0.738478,0.740596,0.737554,0.738363,0.740333,0.737529
1984.5,1.200000,1.400000,1.399431,0.951183,0.903094,2.003970,2.028587,2.008598,0.738474,0.740586,0.737553,0.738359,0.740324,0.737529
1985.0,1.200000,1.400000,1.399433,0.951183,0.903094,2.003969,2.028545,2.008572,0.738470,0.740577,0.737552,0.738355,0.740315,0.737528
1985.5,1.200000,1.400000,1.399436,0.951184,0.903094,2.003969,2.028504,2.008546,0.738466,0.740567,0.737551,0.738352,0.740306,0.737527
1986.0,1.200000,1.400000,1.399438,0.951184,0.903094,2.003969,2.028463,2.008521,0.738462,0.740557,0.737550,0.738348,0.740297,0.737527
1986.5,1.200000,1.400000,1.399440,0.951185,0.903094,2.003968,2.028421,2.008495,0.738457,0.740548,0.737549,0.738344,0.740288,0.737526
1987.0,1.200000,1.400000,1.399443,0.951185,0.903094,2.003968,2.028380,2.008469,0.738453,0.740538,0.737548,0.738341,0.740279,0.737526
1987.5,1.200000,1.400000,1.399445,0.951186,0.903094,2.003967,2.028339,2.008444,0.738449,0.740529,0.737548,0.738337,0.740270,0.737525
1988.0,1.200000,1.400000,1.399447,0.951186,0.903094,2.003967,2.028298,2.008418,0.738445,0.740519,0.737547,0.738333,0.740261,0.737524
1988.5,1.200000,1.400000,1.399450,0.951187,0.903094,2.003966,2.028256,2.008393,0.738441,0.740509,0.737546,0.738330,0.740253,0.737524
1989.0,1.200000,1.400000,1.399452,0.951187,0.903094,2.003965,2.028215,2.008368,0.738437,0.740500,0.737545,0.738326,0.740244,0.737523
1989.5,1.200000,1.400000,1.399454,0.951188,0.903094,2.003965,2.028174,2.008342,0.738433,0.740490,0.737544,0.738322,0.740235,0.737523
1990.0,1.200000,1.400000,1.399457,0.951188,0.903094,2.003964,2.028132,2.008317,0.738429,0.740481,0.737544,0.738319,0.740226,0.737522
1990.5,1.200000,1.400000,1.399459,0.951189,0.903094,2.003963,2.028091,2.008292,0.738425,0.740472,0.737543,0.738315,0.740217,0.737521
1991.0,1.200000,1.400000,1.399461,0.951190,0.903094,2.003962,2.028049,2.008267,0.738421,0.740462,0.737542,0.738312,0.740209,0.737521
1991.5,1.200000,1.400000,1.399463,0.951190,0.903094,2.003961,2.028008,2.008241,0.738417,0.740453,0.737541,0.738308,0.740200,0.737520
1992.0,1.200000,1.400000,1.399466,0.951191,0.903094,2.003960,2.027967,2.008216,0.738413,0.740444,0.737541,0.738305,0.740191,0.737520
1992.5,1.200000,1.400000,1.399468,0.951191,0.903094,2.003959,2.027925,2.008191,0.738409,0.740434,0.737540,0.738301,0.740183,0.737519
1993.0,1.200000,1.400000,1.399470,0.951192,0.903094,2.003958,2.027884,2.008166,0.738405,0.740425,0.737539,0.738298,0.740174,0.737519
1993.5,1.200000,1.400000,1.399472,0.951192,0.903094,2.003956,2.027843,2.008142,0.738401,0.740416,0.737538,0.738294,0.740166,0.737518
1994.0,1.200000,1.400000,1.399474,0.951193,0.903094,2.003955,2.027801,2.008117,0.738397,0.740406,0.737538,0.738291,0.740157,0.737518
1994.5,1.200000,1.400000,1.399477,0.951194,0.903094,2.003954,2.027760,2.008092,0.738393,0.740397,0.737537,0.738287,0.740148,0.737517
1995.0,1.200000,1.400000,1.399479,0.951194,0.903094,2.003952,2.027718,2.008067,0.738389,0.740388,0.737536,0.738284,0.740140,0.737517
1995.5,1.200000,1.400000,1.399481,0.951195,0.903094,2.003951,2.027677,2.008042,0.738385,0.740379,0.737536,0.738280,0.740131,0.737516
1996.0,1.200000,1.400000,1.399483,0.951196,0.903094,2.003950,2.027635,2.008018,0.738381,0.740370,0.737535,0.738277,0.740123,0.737516
1996.5,1.200000,1.400000,1.399485,0.951196,0.903094,2.003948,2.027594,2.007993,0.738378,0.740361,0.737534,0.738274,0.740114,0.737515
1997.0,1.200000,1.400000,1.399487,0.951197,0.903094,2.003946,2.027552,2.007969,0.738374,0.740351,0.737534,0.738270,0.740106,0.737515
1997.5,1.200000,1.400000,1.399490,0.951198,0.903094,2.003945,2.027511,2.007944,0.738370,0.740342,0.737533,0.738267,0.740098,0.737514
1998.0,1.200000,1.400000,1.399492,0.951198,0.903094,2.003943,2.027469,2.007920,0.738366,0.740333,0.737532,0.738263,0.740089,0.737514
1998.5,1.200000,1.400000,1.399494,0.951199,0.903094,2.003941,2.027428,2.007895,0.738362,0.740324,0.737532,0.738260,0.740081,0.737513
1999.0,1.200000,1.400000,1.399496,0.951200,0.903094,2.003940,2.027386,2.007871,0.738359,0.740315,0.737531,0.738257,0.740073,0.737513
1999.5,1.200000,1.400000,1.399498,0.951200,0.903094,2.003938,2.027345,2.007847,0.738355,0.740306,0.737530,0.738254,0.740064,0.737512
2000.0,1.200000,1.400000,1.399500,0.951201,0.903094,2.003936,2.027304,2.007823,0.738351,0.740297,0.737530,0.738250,0.740056,0.737512
2000.5,1.200000,1.400000,1.399502,0.951202,0.903094,2.003934,2.027262,2.007799,0.738348,0.740288,0.737529,0.738247,0.740048,0.737512
2001.0,1.200000,1.400000,1.399504,0.951202,0.903094,2.003932,2.027221,2.007774,0.738344,0.740280,0.737528,0.738244,0.740039,0.737511
2001.5,1.200000,1.400000,1.399506,0.951203,0.903094,2.003930,2.027179,2.007750,0.738340,0.740271,0.737528,0.738241,0.740031,0.737511
2002.0,1.200000,1.400000,1.399508,0.951204,0.903094,2.003928,2.027138,2.007726,0.738337,0.740262,0.737527,0.738237,0.740023,0.737510
2002.5,1.200000,1.400000,1.399510,0.951205,0.903094,2.003926,2.027096,2.007702,0.738333,0.740253,0.737527,0.738234,0.740015,0.737510
2003.0,1.200000,1.400000,1.399512,0.951205,0.903094,2.003923,2.027055,2.007679,0.738329,0.740244,0.737526,0.738231,0.740007,0.737509
2003.5,1.200000,1.400000,1.399514,0.951206,0.903094,2.003921,2.027013,2.007655,0.738326,0.740235,0.737525,0.738228,0.739999,0.737509
2004.0,1.200000,1.400000,1.399517,0.951207,0.903094,2.003919,2.026971,2.007631,0.738322,0.740227,0.737525,0.738225,0.739991,0.737509
2004.5,1.200000,1.400000,1.399519,0.951208,0.903094,2.003917,2.026930,2.007607,0.738319,0.740218,0.737524,0.738221,0.739982,0.737508
2005.0,1.200000,1.400000,1.399521,0.951208,0.903094,2.003914,2.026888,2.007583,0.738315,0.740209,0.737524,0.738218,0.739974,0.737508
2005.5,1.200000,1.400000,1.399523,0.951209,0.903094,2.003912,2.026847,2.007560,0.738311,0.740201,0.737523,0.738215,0.739966,0.737508
2006.0,1.200000,1.400000,1.399525,0.951210,0.903094,2.003909,2.026805,2.007536,0.738308,0.740192,0.737523,0.738212,0.739958,0.737507
2006.5,1.200000,1.400000,1.399526,0.951211,0.903094,2.003907,2.026764,2.007513,0.738304,0.740183,0.737522,0.738209,0.739950,0.737507
2007.0,1.200000,1.400000,1.399528,0.951212,0.903094,2.003904,2.026722,2.007489,0.738301,0.740175,0.737522,0.738206,0.739942,0.737506
2007.5,1.200000,1.400000,1.399530,0.951212,0.903094,2.003902,2.026681,2.007466,0.738297,0.740166,0.737521,0.738203,0.739934,0.737506
2008.0,1.200000,1.400000,1.399532,0.951213,0.903094,2.003899,2.026639,2.007442,0.738294,0.740158,0.737520,0.738200,0.739927,0.737506
2008.5,1.200000,1.400000,1.399534,0.951214,0.903094,2.003896,2.026598,2.007419,0.738291,0.740149,0.737520,0.738197,0.739919,0.737505
2009.0,1.200000,1.400000,1.399536,0.951215,0.903094,2.003894,2.026556,2.007396,0.738287,0.740140,0.737519,0.738194,0.739911,0.737505
2009.5,1.200000,1.400000,1.399538,0.951216,0.903094,2.003891,2.026515,2.007373,0.738284,0.740132,0.737519,0.738191,0.739903,0.737505
2010.0,1.200000,1.400000,1.399540,0.951217,0.903094,2.003888,2.026473,2.007350,0.738280,0.740124,0.737518,0.738188,0.739895,0.737504
2010.5,1.200000,1.400000,1.399542,0.951218,0.903094,2.003885,2.026432,2.007326,0.738277,0.740115,0.737518,0.738185,0.739887,0.737504
2011.0,1.200000,1.400000,1.399544,0.951218,0.903094,2.003882,2.026390,2.007303,0.738274,0.740107,0.737517,0.738182,0.739880,0.737504
2011.5,1.200000,1.400000,1.399546,0.951219,0.903094,2.003879,2.026349,2.007280,0.738270,0.740098,0.737517,0.738179,0.739872,0.737504
2012.0,1.200000,1.400000,1.399548,0.951220,0.903094,2.003876,2.026307,2.007257,0.738267,0.740090,0.737517,0.738176,0.739864,0.737503
2012.5,1.200000,1.400000,1.399550,0.951221,0.903094,2.003873,2.026266,2.007234,0.738264,0.740082,0.737516,0.738173,0.739856,0.737503
2013.0,1.200000,1.400000,1.399552,0.951222,0.903094,2.003870,2.026224,2.007212,0.738260,0.740073,0.737516,0.738170,0.739849,0.737503
2013.5,1.200000,1.400000,1.399553,0.951223,0.903094,2.003867,2.026183,2.007189,0.738257,0.740065,0.737515,0.738168,0.739841,0.737502
2014.0,1.200000,1.400000,1.399555,0.951224,0.903094,2.003864,2.026141,2.007166,0.738254,0.740057,0.737515,0.738165,0.739833,0.737502
2014.5,1.200000,1.400000,1.399557,0.951225,0.903094,2.003861,2.026100,2.007143,0.738250,0.740048,0.737514,0.738162,0.739826,0.737502
2015.0,1.200000,1.400000,1.399559,0.951226,0.903094,2.003857,2.026058,2.007121,0.738247,0.740040,0.737514,0.738159,0.739818,0.737502
2015.5,1.200000,1.400000,1.399561,0.951227,0.903094,2.003854,2.026017,2.007098,0.738244,0.740032,0.737513,0.738156,0.739811,0.737501
2016.0,1.200000,1.400000,1.399563,0.951228,0.903094,2.003851,2.025975,2.007076,0.738241,0.740024,0.737513,0.738153,0.739803,0.737501
2016.5,1.200000,1.400000,1.399564,0.951229,0.903094,2.003847,2.025934,2.007053,0.738238,0.740016,0.737513,0.738151,0.739795,0.737501
2017.0,1.200000,1.400000,1.399566,0.951230,0.903094,2.003844,2.025892,2.007031,0.738234,0.740008,0.737512,0.738148,0.739788,0.737501
2017.5,1.200000,1.400000,1.399568,0.951231,0.903094,2.003841,2.025851,2.007008,0.738231,0.739999,0.737512,0.738145,0.739780,0.737500
2018.0,1.200000,1.400000,1.399570,0.951232,0.903094,2.003837,2.025810,2.006986,0.738228,0.739991,0.737511,0.738142,0.739773,0.737500
2018.5,1.200000,1.400000,1.399572,0.951233,0.903094,2.003834,2.025768,2.006964,0.738225,0.739983,0.737511,0.738140,0.739766,0.737500
2019.0,1.200000,1.400000,1.399573,0.951234,0.903094,2.003830,2.025727,2.006941,0.738222,0.739975,0.737511,0.738137,0.739758,0.737500
2019.5,1.200000,1.400000,1.399575,0.951235,0.903094,2.003826,2.025685,2.006919,0.738219,0.739967,0.737510,0.738134,0.739751,0.737500
2020.0,1.200000,1.400000,1.399577,0.951236,0.903094,2.003823,2.025644,2.006897,0.738216,0.739959,0.737510,0.738132,0.739743,0.737499
2020.5,1.200000,1.400000,1.399579,0.951237,0.903094,2.003819,2.025602,2.006875,0.738213,0.739951,0.737510,0.738129,0.739736,0.737499
2021.0,1.200000,1.400000,1.399580,0.951238,0.903094,2.003815,2.025561,2.006853,0.738210,0.739943,0.737509,0.738126,0.739729,0.737499
2021.5,1.200000,1.400000,1.399582,0.951239,0.903094,2.003812,2.025520,2.006831,0.738206,0.739935,0.737509,0.738124,0.739721,0.737499
2022.0,1.200000,1.400000,1.399584,0.951240,0.903094,2.003808,2.025478,2.006809,0.738203,0.739927,0.737508,0.738121,0.739714,0.737499
2022.5,1.200000,1.400000,1.399586,0.951241,0.903094,2.003804,2.025437,2.006787,0.738200,0.739920,0.737508,0.738118,0.739707,0.737498
2023.0,1.200000,1.400000,1.399587,0.951242,0.903094,2.003800,2.025395,2.006765,0.738197,0.739912,0.737508,0.738116,0.739700,0.737498
2023.5,1.200000,1.400000,1.399589,0.951243,0.903094,2.003796,2.025354,2.006743,0.738194,0.739904,0.737508,0.738113,0.739692,0.737498
2024.0,1.200000,1.400000,1.399591,0.951244,0.903094,2.003792,2.025313,2.006722,0.738192,0.739896,0.737507,0.738111,0.739685,0.737498
2024.5,1.200000,1.400000,1.399593,0.951245,0.903094,2.003788,2.025271,2.006700,0.738189,0.739888,0.737507,0.738108,0.739678,0.737498
2025.0,1.200000,1.400000,1.399594,0.951246,0.903094,2.003784,2.025230,2.006678,0.738186,0.739880,0.737507,0.738106,0.739671,0.737498
2025.5,1.200000,1.400000,1.399596,0.951247,0.903094,2.003780,2.025189,2.006657,0.738183,0.739873,0.737506,0.738103,0.739664,0.737498
2026.0,1.200000,1.400000,1.399598,0.951249,0.903094,2.003776,2.025147,2.006635,0.738180,0.739865,0.737506,0.738101,0.739656,0.737497
2026.5,1.200000,1.400000,1.399599,0.951250,0.903094,2.003772,2.025106,2.006613,0.738177,0.739857,0.737506,0.738098,0.739649,0.737497
2027.0,1.200000,1.400000,1.399601,0.951251,0.903094,2.003768,2.025065,2.006592,0.738174,0.739850,0.737505,0.738096,0.739642,0.737497
2027.5,1.200000,1.400000,1.399603,0.951252,0.903094,2.003764,2.025023,2.006571,0.738171,0.739842,0.737505,0.738093,0.739635,0.737497
2028.0,1.200000,1.400000,1.399604,0.951253,0.903094,2.003759,2.024982,2.006549,0.738168,0.739834,0.737505,0.738091,0.739628,0.737497
2028.5,1.200000,1.400000,1.399606,0.951254,0.903094,2.003755,2.024941,2.006528,0.738165,0.739827,0.737505,0.738088,0.739621,0.737497
2029.0,1.200000,1.400000,1.399608,0.951255,0.903150,2.003751,2.024900,2.006507,0.738163,0.739819,0.737519,0.738086,0.739614,0.737560
2029.5,1.200000,1.400000,1.399609,0.951257,0.903204,2.003746,2.024858,2.006485,0.738160,0.739812,0.737533,0.738083,0.739607,0.737615
2030.0,1.200000,1.400000,1.399611,0.951258,0.903256,2.003742,2.024817,2.006464,0.738157,0.739804,0.737546,0.738081,0.739600,0.737664
2030.5,1.200000,1.400000,1.399612,0.951259,0.903305,2.003738,2.024776,2.006443,0.738154,0.739797,0.737559,0.738079,0.739593,0.737707
2031.0,1.200000,1.400000,1.399614,0.951260,0.903353,2.003733,2.024735,2.006422,0.738152,0.739789,0.737571,0.738076,0.739586,0.737745
2031.5,1.200000,1.400000,1.399616,0.951261,0.903398,2.003729,2.024693,2.006401,0.738149,0.739782,0.737582,0.738074,0.739580,0.737777
2032.0,1.200000,1.400000,1.399617,0.951263,0.903442,2.003724,2.024652,2.006380,0.738146,0.739774,0.737593,0.738071,0.739573,0.737806
2032.5,1.200000,1.400000,1.399619,0.951264,0.903484,2.003720,2.024611,2.006359,0.738143,0.739767,0.737604,0.738069,0.739566,0.737830
2033.0,1.200000,1.400000,1.399620,0.951265,0.903524,2.003715,2.024570,2.006338,0.738141,0.739759,0.737614,0.738067,0.739559,0.737850
2033.5,1.200000,1.400000,1.399622,0.951266,0.903562,2.003711,2.024529,2.006317,0.738138,0.739752,0.737624,0.738064,0.739552,0.737868
2034.0,1.200000,1.400000,1.399624,0.951268,0.903599,2.003706,2.024488,2.006297,0.738135,0.739744,0.737633,0.738062,0.739545,0.737882
2034.5,1.200000,1.400000,1.399625,0.951269,0.903634,2.003702,2.024446,2.006276,0.738133,0.739737,0.737642,0.738060,0.739539,0.737894
2035.0,1.200000,1.400000,1.399627,0.951270,0.903668,2.003697,2.024405,2.006255,0.738130,0.739730,0.737651,0.738058,0.739532,0.737904
2035.5,1.200000,1.400000,1.399628,0.951271,0.903701,2.003692,2.024364,2.006235,0.738127,0.739722,0.737659,0.738055,0.739525,0.737912
2036.0,1.200000,1.400000,1.399630,0.951273,0.903732,2.003687,2.024323,2.006214,0.738125,0.739715,0.737667,0.738053,0.739519,0.737918
2036.5,1.200000,1.400000,1.399631,0.951274,0.903761,2.003683,2.024282,2.006193,0.738122,0.739708,0.737675,0.738051,0.739512,0.737922
2037.0,1.200000,1.400000,1.399633,0.951275,0.903790,2.003678,2.024241,2.006173,0.738119,0.739701,0.737682,0.738049,0.739505,0.737925
2037.5,1.200000,1.400000,1.399634,0.951276,0.903817,2.003673,2.024200,2.006153,0.738117,0.739693,0.737689,0.738046,0.739499,0.737927
2038.0,1.200000,1.400000,1.399636,0.951278,0.903843,2.003668,2.024159,2.006132,0.738114,0.739686,0.737696,0.738044,0.739492,0.737928
2038.5,1.200000,1.400000,1.399638,0.951279,0.903868,2.003663,2.024118,2.006112,0.738112,0.739679,0.737702,0.738042,0.739485,0.737929
2039.0,1.200000,1.400000,1.399639,0.951280,0.903893,2.003658,2.024077,2.006091,0.738109,0.739672,0.737708,0.738040,0.739479,0.737928
2039.5,1.200000,1.400000,1.399641,0.951282,0.903916,2.003653,2.024036,2.006071,0.738107,0.739665,0.737714,0.738038,0.739472,0.737927
2040.0,1.200000,1.400000,1.399642,0.951283,0.903938,2.003648,2.023995,2.006051,0.738104,0.739658,0.737719,0.738036,0.739466,0.737926
2040.5,1.200000,1.400000,1.399644,0.951284,0.903959,2.003644,2.023954,2.006031,0.738102,0.739651,0.737725,0.738034,0.739459,0.737924
2041.0,1.200000,1.400000,1.399645,0.951286,0.903979,2.003638,2.023913,2.006011,0.738099,0.739644,0.737730,0.738031,0.739453,0.737922
2041.5,1.200000,1.400000,1.399646,0.951287,0.903999,2.003633,2.023872,2.005991,0.738097,0.739637,0.737735,0.738029,0.739446,0.737919
2042.0,1.200000,1.400000,1.399648,0.951288,0.904017,2.003628,2.023831,2.005971,0.738094,0.739630,0.737740,0.738027,0.739440,0.737917
2042.5,1.200000,1.400000,1.399649,0.951290,0.904035,2.003623,2.023790,2.005951,0.738092,0.739623,0.737744,0.738025,0.739433,0.737914
2043.0,1.200000,1.400000,1.399651,0.951291,0.904052,2.003618,2.023749,2.005931,0.738089,0.739616,0.737749,0.738023,0.739427,0.737911
2043.5,1.200000,1.400000,1.399652,0.951293,0.904069,2.003613,2.023709,2.005911,0.738087,0.739609,0.737753,0.738021,0.739421,0.737908
2044.0,1.200000,1.400000,1.399654,0.951294,0.904084,2.003608,2.023668,2.005891,0.738085,0.739602,0.737757,0.738019,0.739414,0.737905
2044.5,1.200000,1.400000,1.399655,0.951295,0.904099,2.003603,2.023627,2.005871,0.738082,0.739595,0.737761,0.738017,0.739408,0.737902
2045.0,1.200000,1.400000,1.399657,0.951297,0.904114,2.003597,2.023586,2.005851,0.738080,0.739588,0.737764,0.738015,0.739401,0.737900
2045.5,1.200000,1.400000,1.399658,0.951298,0.904128,2.003592,2.023545,2.005832,0.738077,0.739581,0.737768,0.738013,0.739395,0.737897
2046.0,1.200000,1.400000,1.399660,0.951300,0.904141,2.003587,2.023504,2.005812,0.738075,0.739574,0.737771,0.738011,0.739389,0.737894
2046.5,1.200000,1.400000,1.399661,0.951301,0.904154,2.003582,2.023464,2.005792,0.738073,0.739567,0.737774,0.738009,0.739383,0.737891
2047.0,1.200000,1.400000,1.399662,0.951302,0.904166,2.003576,2.023423,2.005773,0.738070,0.739560,0.737777,0.738007,0.739376,0.737889
2047.5,1.200000,1.400000,1.399664,0.951304,0.904177,2.003571,2.023382,2.005753,0.738068,0.739554,0.737780,0.738005,0.739370,0.737887
2048.0,1.200000,1.400000,1.399665,0.951305,0.904189,2.003565,2.023342,2.005734,0.738066,0.739547,0.737783,0.738003,0.739364,0.737884
2048.5,1.200000,1.400000,1.399667,0.951307,0.904199,2.003560,2.023301,2.005714,0.738064,0.739540,0.737786,0.738001,0.739358,0.737882
2049.0,1.200000,1.400000,1.399668,0.951308,0.904210,2.003555,2.023260,2.005695,0.738061,0.739533,0.737789,0.737999,0.739352,0.737880
2049.5,1.200000,1.400000,1.399669,0.951310,0.904219,2.003549,2.023220,2.005676,0.738059,0.739527,0.737791,0.737997,0.739345,0.737878
2050.0,1.200000,1.400000,1.399671,0.951311,0.904229,2.003544,2.023179,2.005656,0.738057,0.739520,0.737794,0.737995,0.739339,0.737876
2050.5,1.200000,1.400000,1.399672,0.951313,0.904238,2.003538,2.023138,2.005637,0.738055,0.739513,0.737796,0.737994,0.739333,0.737874
2051.0,1.200000,1.400000,1.399673,0.951314,0.904246,2.003533,2.023098,2.005618,0.738052,0.739507,0.737798,0.737992,0.739327,0.737873
2051.5,1.200000,1.400000,1.399675,0.951316,0.904255,2.003527,2.023057,2.005599,0.738050,0.739500,0.737800,0.737990,0.739321,0.737871
2052.0,1.200000,1.400000,1.399676,0.951317,0.904263,2.003522,2.023017,2.005580,0.738048,0.739493,0.737802,0.737988,0.739315,0.737870
2052.5,1.200000,1.400000,1.399678,0.951319,0.904270,2.003516,2.022976,2.005561,0.738046,0.739487,0.737804,0.737986,0.739309,0.737868
2053.0,1.200000,1.400000,1.399679,0.951320,0.904278,2.003510,2.022936,2.005542,0.738044,0.739480,0.737806,0.737984,0.739303,0.737867
2053.5,1.200000,1.400000,1.399680,0.951322,0.904285,2.003505,2.022895,2.005523,0.738041,0.739474,0.737808,0.737983,0.739297,0.737866
2054.0,1.200000,1.400000,1.399682,0.951323,0.904291,2.003499,2.022855,2.005504,0.738039,0.739467,0.737810,0.737981,0.739291,0.737865
2054.5,1.200000,1.400000,1.399683,0.951325,0.904298,2.003493,2.022814,2.005485,0.738037,0.739461,0.737811,0.737979,0.739285,0.737864
2055.0,1.200000,1.400000,1.399684,0.951326,0.904304,2.003488,2.022774,2.005466,0.738035,0.739454,0.737813,0.737977,0.739279,0.737863
2055.5,1.200000,1.400000,1.399686,0.951328,0.904310,2.003482,2.022733,2.005447,0.738033,0.739448,0.737815,0.737975,0.739273,0.737862
2056.0,1.200000,1.400000,1.399687,0.951330,0.904316,2.003476,2.022693,2.005428,0.738031,0.739441,0.737816,0.737974,0.739267,0.737862
2056.5,1.200000,1.400000,1.399688,0.951331,0.904321,2.003470,2.022653,2.005410,0.738029,0.739435,0.737817,0.737972,0.739261,0.737861
2057.0,1.200000,1.400000,1.399689,0.951333,0.904326,2.003465,2.022612,2.005391,0.738027,0.739428,0.737819,0.737970,0.739255,0.737861
2057.5,1.200000,1.400000,1.399691,0.951334,0.904331,2.003459,2.022572,2.005372,0.738025,0.739422,0.737820,0.737969,0.739250,0.737860
2058.0,1.200000,1.400000,1.399692,0.951336,0.904336,2.003453,2.022532,2.005354,0.738023,0.739416,0.737821,0.737967,0.739244,0.737860
2058.5,1.200000,1.400000,1.399693,0.951337,0.904340,2.003447,2.022492,2.005335,0.738021,0.739409,0.737823,0.737965,0.739238,0.737859
2059.0,1.200000,1.400000,1.399695,0.951339,0.904345,2.003441,2.022451,2.005317,0.738019,0.739403,0.737824,0.737963,0.739232,0.737859
2059.5,1.200000,1.400000,1.399696,0.951341,0.904349,2.003435,2.022411,2.005299,0.738017,0.739397,0.737825,0.737962,0.739226,0.737857
2060.0,1.200000,1.400000,1.399697,0.951342,0.904353,2.003429,2.022371,2.005280,0.738015,0.739390,0.737825,0.737960,0.739221,0.737854
2060.5,1.200000,1.400000,1.399698,0.951344,0.904357,2.003424,2.022331,2.005262,0.738013,0.739384,0.737825,0.737958,0.739215,0.737849
2061.0,1.200000,1.400000,1.399700,0.951346,0.904361,2.003418,2.022291,2.005244,0.738011,0.739378,0.737825,0.737957,0.739209,0.737844
2061.5,1.200000,1.400000,1.399701,0.951347,0.904364,2.003412,2.022250,2.005226,0.738009,0.739372,0.737825,0.737955,0.739203,0.737839
2062.0,1.200000,1.400000,1.399702,0.951349,0.904368,2.003406,2.022210,2.005208,0.738007,0.739365,0.737824,0.737954,0.739198,0.737833
2062.5,1.200000,1.400000,1.399703,0.951351,0.904371,2.003400,2.022170,2.005191,0.738005,0.739359,0.737823,0.737952,0.739192,0.737827
2063.0,1.200000,1.400000,1.399705,0.951352,0.904374,2.003394,2.022130,2.005173,0.738003,0.739353,0.737822,0.737950,0.739186,0.737821
2063.5,1.200000,1.400000,1.399706,0.951354,0.904377,2.003388,2.022090,2.005156,0.738001,0.739347,0.737821,0.737949,0.739181,0.737816
2064.0,1.200000,1.400000,1.399707,0.951356,0.904380,2.003382,2.022050,2.005139,0.737999,0.739341,0.737820,0.737947,0.739175,0.737810
2064.5,1.200000,1.400000,1.399708,0.951357,0.904383,2.003375,2.022010,2.005122,0.737997,0.739335,0.737818,0.737946,0.739170,0.737804
2065.0,1.200000,1.400000,1.399709,0.951359,0.904385,2.003369,2.021970,2.005105,0.737995,0.739329,0.737817,0.737944,0.739164,0.737799
2065.5,1.200000,1.400000,1.399711,0.951361,0.904388,2.003363,2.021930,2.005088,0.737994,0.739323,0.737816,0.737943,0.739159,0.737794
2066.0,1.200000,1.400000,1.399712,0.951362,0.904390,2.003357,2.021890,2.005072,0.737992,0.739317,0.737814,0.737941,0.739153,0.737789
2066.5,1.200000,1.400000,1.399713,0.951364,0.904392,2.003351,2.021850,2.005056,0.737990,0.739311,0.737813,0.737940,0.739147,0.737785
2067.0,1.200000,1.400000,1.399714,0.951366,0.904395,2.003345,2.021811,2.005039,0.737988,0.739305,0.737811,0.737938,0.739142,0.737780
2067.5,1.200000,1.400000,1.399715,0.951368,0.904397,2.003339,2.021771,2.005023,0.737986,0.739299,0.737810,0.737937,0.739137,0.737777
2068.0,1.200000,1.400000,1.399717,0.951369,0.904399,2.003332,2.021731,2.005007,0.737984,0.739293,0.737808,0.737935,0.739131,0.737773
2068.5,1.200000,1.400000,1.399718,0.951371,0.904401,2.003326,2.021691,2.004992,0.737983,0.739287,0.737807,0.737934,0.739126,0.737770
2069.0,1.200000,1.400000,1.399719,0.951373,0.904403,2.003320,2.021651,2.004976,0.737981,0.739281,0.737805,0.737932,0.739120,0.737767
2069.5,1.200000,1.400000,1.399720,0.951375,0.904404,2.003314,2.021612,2.004960,0.737979,0.739275,0.737804,0.737931,0.739115,0.737765
2070.0,1.200000,1.400000,1.399721,0.951376,0.904406,2.003308,2.021572,2.004945,0.737977,0.739269,0.737803,0.737929,0.739109,0.737762
2070.5,1.200000,1.400000,1.399723,0.951378,0.904408,2.003301,2.021532,2.004930,0.737976,0.739263,0.737801,0.737928,0.739104,0.737760
2071.0,1.200000,1.400000,1.399724,0.951380,0.904409,2.003295,2.021493,2.004915,0.737974,0.739257,0.737800,0.737927,0.739099,0.737758
2071.5,1.200000,1.400000,1.399725,0.951382,0.904411,2.003289,2.021453,2.004900,0.737972,0.739251,0.737798,0.737925,0.739093,0.737757
2072.0,1.200000,1.400000,1.399726,0.951383,0.904412,2.003282,2.021413,2.004885,0.737970,0.739245,0.737797,0.737924,0.739088,0.737755
2072.5,1.200000,1.400000,1.399727,0.951385,0.904414,2.003276,2.021374,2.004870,0.737969,0.739240,0.737796,0.737922,0.739083,0.737754
2073.0,1.200000,1.400000,1.399728,0.951387,0.904415,2.003270,2.021334,2.004855,0.737967,0.739234,0.737795,0.737921,0.739077,0.737753
2073.5,1.200000,1.400000,1.399729,0.951389,0.904416,2.003263,2.021295,2.004840,0.737965,0.739228,0.737793,0.737920,0.739072,0.737752
2074.0,1.200000,1.400000,1.399731,0.951391,0.904418,2.003257,2.021255,2.004826,0.737964,0.739222,0.737792,0.737918,0.739067,0.737752
2074.5,1.200000,1.400000,1.399732,0.951393,0.904419,2.003251,2.021216,2.004811,0.737962,0.739217,0.737791,0.737917,0.739062,0.737751
2075.0,1.200000,1.400000,1.399733,0.951394,0.904420,2.003244,2.021176,2.004797,0.737961,0.739211,0.737790,0.737916,0.739057,0.737750
2075.5,1.200000,1.400000,1.399734,0.951396,0.904421,2.003238,2.021137,2.004783,0.737959,0.739205,0.737788,0.737914,0.739051,0.737750
2076.0,1.200000,1.400000,1.399735,0.951398,0.904422,2.003231,2.021098,2.004769,0.737957,0.739200,0.737787,0.737913,0.739046,0.737750
2076.5,1.200000,1.400000,1.399736,0.951400,0.904423,2.003225,2.021058,2.004755,0.737956,0.739194,0.737786,0.737912,0.739041,0.737749
2077.0,1.200000,1.400000,1.399737,0.951402,0.904424,2.003218,2.021019,2.004740,0.737954,0.739188,0.737785,0.737910,0.739036,0.737749
2077.5,1.200000,1.400000,1.399738,0.951404,0.904425,2.003212,2.020980,2.004727,0.737953,0.739183,0.737784,0.737909,0.739031,0.737749
2078.0,1.200000,1.400000,1.399739,0.951406,0.904426,2.003205,2.020940,2.004713,0.737951,0.739177,0.737783,0.737908,0.739026,0.737748
2078.5,1.200000,1.400000,1.399740,0.951407,0.904427,2.003199,2.020901,2.004699,0.737949,0.739171,0.737782,0.737907,0.739021,0.737748
2079.0,1.200000,1.400000,1.399742,0.951409,0.904427,2.003192,2.020862,2.004685,0.737948,0.739166,0.737781,0.737905,0.739016,0.737748
2079.5,1.200000,1.400000,1.399743,0.951411,0.904428,2.003186,2.020823,2.004671,0.737946,0.739160,0.737780,0.737904,0.739010,0.737748
2080.0,1.200000,1.400000,1.399744,0.951413,0.904429,2.003179,2.020783,2.004658,0.737945,0.739155,0.737779,0.737903,0.739005,0.737748
2080.5,1.200000,1.400000,1.399745,0.951415,0.904430,2.003173,2.020744,2.004644,0.737943,0.739149,0.737778,0.737902,0.739000,0.737748
2081.0,1.200000,1.400000,1.399746,0.951417,0.904430,2.003166,2.020705,2.004631,0.737942,0.739144,0.737777,0.737901,0.738995,0.737747
2081.5,1.200000,1.400000,1.399747,0.951419,0.904431,2.003160,2.020666,2.004617,0.737940,0.739138,0.737776,0.737899,0.738990,0.737747
2082.0,1.200000,1.400000,1.399748,0.951421,0.904431,2.003153,2.020627,2.004604,0.737939,0.739133,0.737775,0.737898,0.738986,0.737747
2082.5,1.200000,1.400000,1.399749,0.951423,0.904432,2.003146,2.020588,2.004591,0.737937,0.739127,0.737775,0.737897,0.738981,0.737747
2083.0,1.200000,1.400000,1.399750,0.951425,0.904433,2.003140,2.020549,2.004577,0.737936,0.739122,0.737774,0.737896,0.738976,0.737747
2083.5,1.200000,1.400000,1.399751,0.951427,0.904336,2.003133,2.020510,2.004564,0.737934,0.739117,0.737748,0.737895,0.738971,0.737638
2084.0,1.200000,1.400000,1.399752,0.951429,0.904243,2.003127,2.020471,2.004551,0.737933,0.739111,0.737723,0.737894,0.738966,0.737541
2084.5,1.200000,1.400000,1.399753,0.951431,0.904155,2.003120,2.020432,2.004538,0.737932,0.739106,0.737699,0.737892,0.738961,0.737456
2085.0,1.200000,1.400000,1.399754,0.951432,0.904070,2.003113,2.020393,2.004525,0.737930,0.739101,0.737675,0.737891,0.738956,0.737382
2085.5,1.200000,1.400000,1.399755,0.951434,0.903988,2.003107,2.020355,2.004512,0.737929,0.739095,0.737653,0.737890,0.738951,0.737317
2086.0,1.200000,1.400000,1.399756,0.951436,0.903910,2.003100,2.020316,2.004499,0.737927,0.739090,0.737632,0.737889,0.738946,0.737260
2086.5,1.200000,1.400000,1.399757,0.951438,0.903835,2.003093,2.020277,2.004486,0.737926,0.739085,0.737612,0.737888,0.738942,0.737211
2087.0,1.200000,1.400000,1.399758,0.951440,0.903763,2.003087,2.020238,2.004473,0.737925,0.739079,0.737592,0.737887,0.738937,0.737169
2087.5,1.200000,1.400000,1.399759,0.951442,0.903695,2.003080,2.020200,2.004460,0.737923,0.739074,0.737573,0.737886,0.738932,0.737133
2088.0,1.200000,1.400000,1.399760,0.951444,0.903629,2.003073,2.020161,2.004447,0.737922,0.739069,0.737555,0.737885,0.738927,0.737102
2088.5,1.200000,1.400000,1.399761,0.951446,0.903566,2.003066,2.020122,2.004435,0.737921,0.739064,0.737538,0.737884,0.738923,0.737077
2089.0,1.200000,1.400000,1.399762,0.951448,0.903505,2.003060,2.020084,2.004422,0.737919,0.739059,0.737522,0.737883,0.738918,0.737056
2089.5,1.200000,1.400000,1.399763,0.951451,0.903447,2.003053,2.020045,2.004409,0.737918,0.739053,0.737506,0.737882,0.738913,0.737038
2090.0,1.200000,1.400000,1.399764,0.951453,0.903392,2.003046,2.020006,2.004397,0.737917,0.739048,0.737490,0.737881,0.738908,0.737025
2090.5,1.200000,1.400000,1.399765,0.951455,0.903338,2.003039,2.019968,2.004384,0.737915,0.739043,0.737476,0.737880,0.738904,0.737014
2091.0,1.200000,1.400000,1.399766,0.951457,0.903287,2.003033,2.019929,2.004371,0.737914,0.739038,0.737462,0.737879,0.738899,0.737006
2091.5,1.200000,1.400000,1.399767,0.951459,0.903239,2.003026,2.019891,2.004359,0.737913,0.739033,0.737448,0.737878,0.738894,0.737000
2092.0,1.200000,1.400000,1.399768,0.951461,0.903192,2.003019,2.019853,2.004346,0.737912,0.739028,0.737435,0.737877,0.738890,0.736996
2092.5,1.200000,1.400000,1.399769,0.951463,0.903147,2.003012,2.019814,2.004334,0.737910,0.739023,0.737423,0.737876,0.738885,0.736994
2093.0,1.200000,1.400000,1.399770,0.951465,0.903104,2.003006,2.019776,2.004321,0.737909,0.739018,0.737411,0.737875,0.738881,0.736994
2093.5,1.200000,1.400000,1.399771,0.951467,0.903062,2.002999,2.019737,2.004309,0.737908,0.739012,0.737400,0.737874,0.738876,0.736995
2094.0,1.200000,1.400000,1.399772,0.951469,0.903023,2.002992,2.019699,2.004297,0.737907,0.739007,0.737389,0.737873,0.738871,0.736997
2094.5,1.200000,1.400000,1.399773,0.951471,0.902985,2.002985,2.019661,2.004284,0.737905,0.739002,0.737379,0.737872,0.738867,0.737000
2095.0,1.200000,1.400000,1.399774,0.951473,0.902949,2.002978,2.019623,2.004272,0.737904,0.738997,0.737369,0.737871,0.738862,0.737004
2095.5,1.200000,1.400000,1.399775,0.951475,0.902914,2.002971,2.019584,2.004260,0.737903,0.738992,0.737360,0.737870,0.738858,0.737008
2096.0,1.200000,1.400000,1.399776,0.951477,0.902881,2.002965,2.019546,2.004247,0.737902,0.738988,0.737350,0.737869,0.738853,0.737013
2096.5,1.200000,1.400000,1.399777,0.951480,0.902849,2.002958,2.019508,2.004235,0.737901,0.738983,0.737342,0.737868,0.738849,0.737018
2097.0,1.200000,1.400000,1.399778,0.951482,0.902818,2.002951,2.019470,2.004223,0.737900,0.738978,0.737334,0.737867,0.738844,0.737023
2097.5,1.200000,1.400000,1.399779,0.951484,0.902789,2.002944,2.019432,2.004210,0.737898,0.738973,0.737326,0.737867,0.738840,0.737028
2098.0,1.200000,1.400000,1.399779,0.951486,0.902761,2.002937,2.019394,2.004198,0.737897,0.738968,0.737318,0.737866,0.738836,0.737034
2098.5,1.200000,1.400000,1.399780,0.951488,0.902734,2.002930,2.019356,2.004186,0.737896,0.738963,0.737311,0.737865,0.738831,0.737040
2099.0,1.200000,1.400000,1.399781,0.951490,0.902708,2.002923,2.019318,2.004173,0.737895,0.738958,0.737304,0.737864,0.738827,0.737045
2099.5,1.200000,1.400000,1.399782,0.951492,0.902683,2.002916,2.019280,2.004161,0.737894,0.738953,0.737297,0.737863,0.738822,0.737051
2100.0,1.200000,1.400000,1.399783,0.951495,0.902659,2.002909,2.019242,2.004149,0.737893,0.738948,0.737291,0.737862,0.738818,0.737056
2100.5,1.200000,1.400000,1.399784,0.951497,0.902637,2.002903,2.019204,2.004137,0.737892,0.738944,0.737285,0.737861,0.738814,0.737061
2101.0,1.200000,1.400000,1.399785,0.951499,0.902615,2.002896,2.019166,2.004125,0.737891,0.738939,0.737279,0.737861,0.738809,0.737066
2101.5,1.200000,1.400000,1.399786,0.951501,0.902594,2.002889,2.019129,2.004112,0.737890,0.738934,0.737273,0.737860,0.738805,0.737071
2102.0,1.200000,1.400000,1.399787,0.951503,0.902574,2.002882,2.019091,2.004100,0.737888,0.738929,0.737268,0.737859,0.738801,0.737076
2102.5,1.200000,1.400000,1.399788,0.951505,0.902555,2.002875,2.019053,2.004088,0.737887,0.738925,0.737263,0.737858,0.738796,0.737080
2103.0,1.200000,1.400000,1.399788,0.951508,0.902536,2.002868,2.019015,2.004076,0.737886,0.738920,0.737258,0.737857,0.738792,0.737084
2103.5,1.200000,1.400000,1.399789,0.951510,0.902519,2.002861,2.018978,2.004064,0.737885,0.738915,0.737253,0.737857,0.738788,0.737088
2104.0,1.200000,1.400000,1.399790,0.951512,0.902502,2.002854,2.018940,2.004051,0.737884,0.738911,0.737248,0.737856,0.738784,0.737092
2104.5,1.200000,1.400000,1.399791,0.951514,0.902486,2.002847,2.018902,2.004039,0.737883,0.738906,0.737244,0.737855,0.738779,0.737095
2105.0,1.200000,1.400000,1.399792,0.951517,0.902470,2.002840,2.018865,2.004027,0.737882,0.738901,0.737240,0.737854,0.738775,0.737099
2105.5,1.200000,1.400000,1.399793,0.951519,0.902455,2.002833,2.018827,2.004015,0.737881,0.738897,0.737236,0.737854,0.738771,0.737102
2106.0,1.200000,1.400000,1.399794,0.951521,0.902441,2.002826,2.018790,2.004003,0.737880,0.738892,0.737232,0.737853,0.738767,0.737105
2106.5,1.200000,1.400000,1.399795,0.951523,0.902427,2.002819,2.018752,2.003991,0.737879,0.738887,0.737228,0.737852,0.738763,0.737107
2107.0,1.200000,1.400000,1.399795,0.951525,0.902414,2.002812,2.018715,2.003979,0.737878,0.738883,0.737225,0.737852,0.738759,0.737110
2107.5,1.200000,1.400000,1.399796,0.951528,0.902402,2.002805,2.018677,2.003966,0.737877,0.738878,0.737221,0.737851,0.738754,0.737112
2108.0,1.200000,1.400000,1.399797,0.951530,0.902390,2.002798,2.018640,2.003954,0.737876,0.738874,0.737218,0.737850,0.738750,0.737114
2108.5,1.200000,1.400000,1.399798,0.951532,0.902378,2.002791,2.018603,2.003942,0.737876,0.738869,0.737215,0.737849,0.738746,0.737116
2109.0,1.200000,1.400000,1.399799,0.951535,0.902367,2.002784,2.018565,2.003930,0.737875,0.738865,0.737212,0.737849,0.738742,0.737118
2109.5,1.200000,1.400000,1.399800,0.951537,0.902357,2.002777,2.018528,2.003918,0.737874,0.738860,0.737209,0.737848,0.738738,0.737120
2110.0,1.200000,1.400000,1.399800,0.951539,0.902347,2.002770,2.018491,2.003906,0.737873,0.738856,0.737206,0.737847,0.738734,0.737121
2110.5,1.200000,1.400000,1.399801,0.951541,0.902337,2.002763,2.018454,2.003894,0.737872,0.738851,0.737204,0.737847,0.738730,0.737122
2111.0,1.200000,1.400000,1.399802,0.951544,0.902328,2.002756,2.018417,2.003882,0.737871,0.738847,0.737201,0.737846,0.738726,0.737124
2111.5,1.200000,1.400000,1.399803,0.951546,0.902319,2.002749,2.018380,2.003870,0.737870,0.738842,0.737199,0.737846,0.738722,0.737125
2112.0,1.200000,1.400000,1.399804,0.951548,0.902310,2.002742,2.018342,2.003858,0.737869,0.738838,0.737196,0.737845,0.738718,0.737126
2112.5,1.200000,1.400000,1.399805,0.951551,0.902302,2.002735,2.018305,2.003846,0.737868,0.738833,0.737194,0.737844,0.738714,0.737127
2113.0,1.200000,1.400000,1.399805,0.951553,0.902294,2.002728,2.018268,2.003834,0.737868,0.738829,0.737192,0.737844,0.738710,0.737128
2113.5,1.200000,1.400000,1.399806,0.951555,0.902287,2.002721,2.018231,2.003822,0.737867,0.738825,0.737190,0.737843,0.738706,0.737129
2114.0,1.200000,1.400000,1.399807,0.951558,0.902279,2.002714,2.018195,2.003810,0.737866,0.738820,0.737188,0.737842,0.738702,0.737132
2114.5,1.200000,1.400000,1.399808,0.951560,0.902273,2.002707,2.018158,2.003798,0.737865,0.738816,0.737188,0.737842,0.738698,0.737138
2115.0,1.200000,1.400000,1.399809,0.951562,0.902266,2.002700,2.018121,2.003786,0.737864,0.738812,0.737188,0.737841,0.738694,0.737146
2115.5,1.200000,1.400000,1.399809,0.951565,0.902260,2.002693,2.018084,2.003774,0.737863,0.738807,0.737188,0.737841,0.738690,0.737154
2116.0,1.200000,1.400000,1.399810,0.951567,0.902254,2.002686,2.018047,2.003761,0.737863,0.738803,0.737189,0.737840,0.738686,0.737164
2116.5,1.200000,1.400000,1.399811,0.951569,0.902248,2.002679,2.018010,2.003749,0.737862,0.738799,0.737190,0.737840,0.738683,0.737174
2117.0,1.200000,1.400000,1.399812,0.951572,0.902242,2.002672,2.017974,2.003736,0.737861,0.738794,0.737192,0.737839,0.738679,0.737185
2117.5,1.200000,1.400000,1.399813,0.951574,0.902237,2.002664,2.017937,2.003723,0.737860,0.738790,0.737193,0.737839,0.738675,0.737195
2118.0,1.200000,1.400000,1.399813,0.951576,0.902232,2.002657,2.017900,2.003710,0.737859,0.738786,0.737195,0.737838,0.738671,0.737206
2118.5,1.200000,1.400000,1.399814,0.951579,0.902227,2.002650,2.017864,2.003696,0.737859,0.738782,0.737197,0.737838,0.738667,0.737216
2119.0,1.200000,1.400000,1.399815,0.951581,0.902222,2.002643,2.017827,2.003683,0.737858,0.738777,0.737200,0.737837,0.738664,0.737226
2119.5,1.200000,1.400000,1.399816,0.951584,0.902218,2.002636,2.017791,2.003669,0.737857,0.738773,0.737202,0.737837,0.738660,0.737236
2120.0,1.200000,1.400000,1.399816,0.951586,0.902213,2.002629,2.017754,2.003655,0.737856,0.738769,0.737205,0.737836,0.738656,0.737245
2120.5,1.200000,1.400000,1.399817,0.951588,0.902209,2.002622,2.017718,2.003641,0.737856,0.738765,0.737207,0.737836,0.738652,0.737253
2121.0,1.200000,1.400000,1.399818,0.951591,0.902205,2.002615,2.017681,2.003627,0.737855,0.738761,0.737210,0.737835,0.738649,0.737261
2121.5,1.200000,1.400000,1.399819,0.951593,0.902201,2.002608,2.017645,2.003613,0.737854,0.738757,0.737213,0.737835,0.738645,0.737269
2122.0,1.200000,1.400000,1.399820,0.951596,0.902198,2.002601,2.017608,2.003598,0.737854,0.738753,0.737215,0.737834,0.738641,0.737276
2122.5,1.200000,1.400000,1.399820,0.951598,0.902194,2.002594,2.017572,2.003583,0.737853,0.738748,0.737218,0.737834,0.738637,0.737282
2123.0,1.200000,1.400000,1.399821,0.951601,0.902191,2.002587,2.017536,2.003568,0.737852,0.738744,0.737221,0.737833,0.738634,0.737288
2123.5,1.200000,1.400000,1.399822,0.951603,0.902188,2.002580,2.017500,2.003554,0.737852,0.738740,0.737224,0.737833,0.738630,0.737294
2124.0,1.200000,1.400000,1.399823,0.951605,0.902184,2.002573,2.017463,2.003538,0.737851,0.738736,0.737226,0.737832,0.738626,0.737299
2124.5,1.200000,1.400000,1.399823,0.951608,0.902182,2.002565,2.017427,2.003523,0.737850,0.738732,0.737229,0.737832,0.738623,0.737303
2125.0,1.200000,1.400000,1.399824,0.951610,0.902179,2.002558,2.017391,2.003508,0.737850,0.738728,0.737232,0.737831,0.738619,0.737307
2125.5,1.200000,1.400000,1.399825,0.951613,0.902176,2.002551,2.017355,2.003492,0.737849,0.738724,0.737234,0.737831,0.738616,0.737311
2126.0,1.200000,1.400000,1.399825,0.951615,0.902173,2.002544,2.017319,2.003477,0.737848,0.738720,0.737237,0.737831,0.738612,0.737314
2126.5,1.200000,1.400000,1.399826,0.951618,0.902171,2.002537,2.017283,2.003461,0.737848,0.738716,0.737239,0.737830,0.738608,0.737317
2127.0,1.200000,1.400000,1.399827,0.951620,0.902169,2.002530,2.017247,2.003445,0.737847,0.738712,0.737242,0.737830,0.738605,0.737319
2127.5,1.200000,1.400000,1.399828,0.951623,0.902166,2.002523,2.017211,2.003430,0.737847,0.738708,0.737244,0.737830,0.738601,0.737322
2128.0,1.200000,1.400000,1.399828,0.951625,0.902164,2.002516,2.017175,2.003414,0.737846,0.738704,0.737247,0.737829,0.738598,0.737324
2128.5,1.200000,1.400000,1.399829,0.951628,0.902162,2.002509,2.017139,2.003398,0.737845,0.738700,0.737249,0.737829,0.738594,0.737325
2129.0,1.200000,1.400000,1.399830,0.951630,0.902160,2.002502,2.017104,2.003382,0.737845,0.738697,0.737251,0.737828,0.738591,0.737327
2129.5,1.200000,1.400000,1.399830,0.951633,0.902158,2.002495,2.017068,2.003366,0.737844,0.738693,0.737254,0.737828,0.738587,0.737328
2130.0,1.200000,1.400000,1.399831,0.951635,0.902156,2.002488,2.017032,2.003349,0.737844,0.738689,0.737256,0.737828,0.738584,0.737330
2130.5,1.200000,1.400000,1.399832,0.951638,0.902154,2.002480,2.016996,2.003333,0.737843,0.738685,0.737258,0.737827,0.738580,0.737331
2131.0,1.200000,1.400000,1.399833,0.951640,0.902153,2.002473,2.016961,2.003317,0.737843,0.738681,0.737261,0.737827,0.738577,0.737332
2131.5,1.200000,1.400000,1.399833,0.951643,0.902151,2.002466,2.016925,2.003301,0.737842,0.738677,0.737263,0.737827,0.738573,0.737333
2132.0,1.200000,1.400000,1.399834,0.951645,0.902150,2.002459,2.016889,2.003284,0.737841,0.738673,0.737265,0.737826,0.738570,0.737334
2132.5,1.200000,1.400000,1.399835,0.951648,0.902148,2.002452,2.016854,2.003268,0.737841,0.738670,0.737267,0.737826,0.738567,0.737335
2133.0,1.200000,1.400000,1.399835,0.951650,0.902147,2.002445,2.016818,2.003252,0.737840,0.738666,0.737269,0.737826,0.738563,0.737336
2133.5,1.200000,1.400000,1.399836,0.951653,0.902145,2.002438,2.016783,2.003235,0.737840,0.738662,0.737271,0.737826,0.738560,0.737337
2134.0,1.200000,1.400000,1.399837,0.951656,0.902144,2.002431,2.016747,2.003219,0.737839,0.738658,0.737273,0.737825,0.738557,0.737337
2134.5,1.200000,1.400000,1.399837,0.951658,0.902143,2.002424,2.016712,2.003202,0.737839,0.738655,0.737275,0.737825,0.738553,0.737338
2135.0,1.200000,1.400000,1.399838,0.951661,0.902141,2.002417,2.016677,2.003186,0.737838,0.738651,0.737277,0.737825,0.738550,0.737339
2135.5,1.200000,1.400000,1.399839,0.951663,0.902140,2.002410,2.016641,2.003169,0.737838,0.738647,0.737279,0.737824,0.738546,0.737340
2136.0,1.200000,1.400000,1.399839,0.951666,0.902139,2.002403,2.016606,2.003153,0.737838,0.738643,0.737281,0.737824,0.738543,0.737341
2136.5,1.200000,1.400000,1.399840,0.951668,0.902138,2.002395,2.016571,2.003136,0.737837,0.738640,0.737283,0.737824,0.738540,0.737342
2137.0,1.200000,1.400000,1.399841,0.951671,0.902137,2.002388,2.016536,2.003120,0.737837,0.738636,0.737285,0.737824,0.738537,0.737343
2137.5,1.200000,1.400000,1.399841,0.951674,0.902136,2.002381,2.016501,2.003104,0.737836,0.738632,0.737287,0.737824,0.738533,0.737344
2138.0,1.200000,1.400000,1.399842,0.951676,0.902135,2.002374,2.016465,2.003087,0.737836,0.738629,0.737289,0.737823,0.738530,0.737345
2138.5,1.200000,1.400000,1.399843,0.951679,0.902134,2.002367,2.016430,2.003071,0.737835,0.738625,0.737291,0.737823,0.738527,0.737346
2139.0,1.200000,1.400000,1.399843,0.951681,0.902133,2.002360,2.016395,2.003054,0.737835,0.738622,0.737293,0.737823,0.738524,0.737348
2139.5,1.200000,1.400000,1.399844,0.951684,0.902133,2.002353,2.016360,2.003038,0.737834,0.738618,0.737295,0.737823,0.738520,0.737349
2140.0,1.200000,1.400000,1.399845,0.951687,0.902132,2.002346,2.016325,2.003021,0.737834,0.738614,0.737297,0.737822,0.738517,0.737350
2140.5,1.200000,1.400000,1.399845,0.951689,0.902131,2.002339,2.016290,2.003005,0.737834,0.738611,0.737298,0.737822,0.738514,0.737352
2141.0,1.200000,1.400000,1.399846,0.951692,0.902130,2.002332,2.016256,2.002988,0.737833,0.738607,0.737300,0.737822,0.738511,0.737353
2141.5,1.200000,1.400000,1.399847,0.951694,0.902130,2.002325,2.016221,2.002972,0.737833,0.738604,0.737302,0.737822,0.738508,0.737354
2142.0,1.200000,1.400000,1.399847,0.951697,0.902129,2.002318,2.016186,2.002955,0.737833,0.738600,0.737304,0.737822,0.738504,0.737356
2142.5,1.200000,1.400000,1.399848,0.951700,0.902128,2.002311,2.016151,2.002939,0.737832,0.738597,0.737306,0.737822,0.738501,0.737357
2143.0,1.200000,1.400000,1.399849,0.951702,0.902128,2.002304,2.016116,2.002923,0.737832,0.738593,0.737308,0.737821,0.738498,0.737359
2143.5,1.200000,1.400000,1.399849,0.951705,0.902127,2.002297,2.016082,2.002906,0.737831,0.738590,0.737310,0.737821,0.738495,0.737361
2144.0,1.200000,1.400000,1.399850,0.951708,0.902127,2.002290,2.016047,2.002890,0.737831,0.738586,0.737312,0.737821,0.738492,0.737362
2144.5,1.200000,1.400000,1.399850,0.951710,0.902126,2.002283,2.016013,2.002874,0.737831,0.738583,0.737313,0.737821,0.738489,0.737364
2145.0,1.200000,1.400000,1.399851,0.951713,0.902126,2.002276,2.015978,2.002857,0.737830,0.738579,0.737315,0.737821,0.738486,0.737365
2145.5,1.200000,1.400000,1.399852,0.951716,0.902125,2.002268,2.015943,2.002841,0.737830,0.738576,0.737317,0.737821,0.738483,0.737367
2146.0,1.200000,1.400000,1.399852,0.951718,0.902125,2.002261,2.015909,2.002825,0.737830,0.738572,0.737319,0.737821,0.738480,0.737368
2146.5,1.200000,1.400000,1.399853,0.951721,0.902124,2.002254,2.015875,2.002809,0.737830,0.738569,0.737320,0.737820,0.738477,0.737369
2147.0,1.200000,1.400000,1.399854,0.951724,0.902124,2.002247,2.015840,2.002792,0.737829,0.738566,0.737322,0.737820,0.738474,0.737370
2147.5,1.200000,1.400000,1.399854,0.951726,0.902123,2.002240,2.015806,2.002776,0.737829,0.738562,0.737324,0.737820,0.738471,0.737371
2148.0,1.200000,1.400000,1.399855,0.951729,0.902123,2.002233,2.015771,2.002760,0.737829,0.738559,0.737325,0.737820,0.738468,0.737371
2148.5,1.200000,1.400000,1.399855,0.951732,0.902123,2.002226,2.015737,2.002744,0.737828,0.738556,0.737327,0.737820,0.738465,0.737372
2149.0,1.200000,1.400000,1.399856,0.951735,0.902189,2.002219,2.015703,2.002728,0.737828,0.738552,0.737345,0.737820,0.738462,0.737446
2149.5,1.200000,1.400000,1.399857,0.951737,0.902252,2.002212,2.015669,2.002712,0.737828,0.738549,0.737363,0.737820,0.738459,0.737512
2150.0,1.200000,1.400000,1.399857,0.951740,0.902312,2.002205,2.015635,2.002697,0.737828,0.738546,0.737381,0.737820,0.738456,0.737571
2150.5,1.200000,1.400000,1.399858,0.951743,0.902370,2.002198,2.015600,2.002681,0.737827,0.738542,0.737397,0.737820,0.738453,0.737621
2151.0,1.200000,1.400000,1.399858,0.951745,0.902426,2.002191,2.015566,2.002665,0.737827,0.738539,0.737413,0.737820,0.738450,0.737666
2151.5,1.200000,1.400000,1.399859,0.951748,0.902480,2.002184,2.015532,2.002649,0.737827,0.738536,0.737428,0.737820,0.738447,0.737705
2152.0,1.200000,1.400000,1.399860,0.951751,0.902531,2.002177,2.015498,2.002634,0.737827,0.738532,0.737443,0.737820,0.738444,0.737738
2152.5,1.200000,1.400000,1.399860,0.951754,0.902580,2.002170,2.015464,2.002618,0.737826,0.738529,0.737457,0.737820,0.738441,0.737767
2153.0,1.200000,1.400000,1.399861,0.951756,0.902627,2.002163,2.015430,2.002603,0.737826,0.738526,0.737470,0.737820,0.738438,0.737791
2153.5,1.200000,1.400000,1.399861,0.951759,0.902672,2.002156,2.015397,2.002587,0.737826,0.738523,0.737483,0.737820,0.738436,0.737812
2154.0,1.200000,1.400000,1.399862,0.951762,0.902715,2.002149,2.015363,2.002572,0.737826,0.738520,0.737495,0.737820,0.738433,0.737829
2154.5,1.200000,1.400000,1.399862,0.951765,0.902756,2.002142,2.015329,2.002557,0.737826,0.738516,0.737507,0.737820,0.738430,0.737844
2155.0,1.200000,1.400000,1.399863,0.951767,0.902796,2.002136,2.015295,2.002542,0.737825,0.738513,0.737519,0.737820,0.738427,0.737855
2155.5,1.200000,1.400000,1.399864,0.951770,0.902834,2.002129,2.015262,2.002526,0.737825,0.738510,0.737530,0.737820,0.738424,0.737865
2156.0,1.200000,1.400000,1.399864,0.951773,0.902870,2.002122,2.015228,2.002511,0.737825,0.738507,0.737540,0.737820,0.738421,0.737873
2156.5,1.200000,1.400000,1.399865,0.951776,0.902905,2.002115,2.015194,2.002496,0.737825,0.738504,0.737550,0.737820,0.738419,0.737879
2157.0,1.200000,1.400000,1.399865,0.951779,0.902938,2.002108,2.015161,2.002482,0.737825,0.738501,0.737560,0.737820,0.738416,0.737883
2157.5,1.200000,1.400000,1.399866,0.951781,0.902970,2.002101,2.015127,2.002467,0.737825,0.738498,0.737570,0.737820,0.738413,0.737886
2158.0,1.200000,1.400000,1.399866,0.951784,0.903001,2.002094,2.015094,2.002452,0.737824,0.738494,0.737579,0.737820,0.738410,0.737888
2158.5,1.200000,1.400000,1.399867,0.951787,0.903030,2.002087,2.015060,2.002437,0.737824,0.738491,0.737588,0.737820,0.738408,0.737889
2159.0,1.200000,1.400000,1.399867,0.951790,0.903058,2.002080,2.015027,2.002423,0.737824,0.738488,0.737596,0.737820,0.738405,0.737890
2159.5,1.200000,1.400000,1.399868,0.951793,0.903085,2.002073,2.014993,2.002408,0.737824,0.738485,0.737604,0.737820,0.738402,0.737890
2160.0,1.200000,1.400000,1.399869,0.951795,0.903111,2.002066,2.014960,2.002394,0.737824,0.738482,0.737612,0.737820,0.738400,0.737889
2160.5,1.200000,1.400000,1.399869,0.951798,0.903136,2.002059,2.014927,2.002379,0.737824,0.738479,0.737620,0.737820,0.738397,0.737888
2161.0,1.200000,1.400000,1.399870,0.951801,0.903160,2.002052,2.014893,2.002365,0.737824,0.738476,0.737627,0.737820,0.738394,0.737886
2161.5,1.200000,1.400000,1.399870,0.951804,0.903183,2.002045,2.014860,2.002350,0.737824,0.738473,0.737634,0.737820,0.738392,0.737885
2162.0,1.200000,1.400000,1.399871,0.951807,0.903205,2.002039,2.014827,2.002336,0.737823,0.738470,0.737641,0.737820,0.738389,0.737883
2162.5,1.200000,1.400000,1.399871,0.951810,0.903225,2.002032,2.014794,2.002322,0.737823,0.738467,0.737648,0.737820,0.738386,0.737881
2163.0,1.200000,1.400000,1.399872,0.951812,0.903245,2.002025,2.014761,2.002308,0.737823,0.738464,0.737654,0.737820,0.738384,0.737879
2163.5,1.200000,1.400000,1.399872,0.951815,0.903265,2.002018,2.014728,2.002294,0.737823,0.738461,0.737660,0.737820,0.738381,0.737877
2164.0,1.200000,1.400000,1.399873,0.951818,0.903283,2.002011,2.014695,2.002280,0.737823,0.738458,0.737666,0.737821,0.738378,0.737875
2164.5,1.200000,1.400000,1.399873,0.951821,0.903301,2.002004,2.014662,2.002266,0.737823,0.738455,0.737672,0.737821,0.738376,0.737873
2165.0,1.200000,1.400000,1.399874,0.951824,0.903318,2.001997,2.014629,2.002252,0.737823,0.738452,0.737678,0.737821,0.738373,0.737871
2165.5,1.200000,1.400000,1.399874,0.951827,0.903334,2.001990,2.014596,2.002238,0.737823,0.738450,0.737683,0.737821,0.738371,0.737869
2166.0,1.200000,1.400000,1.399875,0.951830,0.903349,2.001984,2.014563,2.002224,0.737823,0.738447,0.737688,0.737821,0.738368,0.737867
2166.5,1.200000,1.400000,1.399876,0.951832,0.903364,2.001977,2.014530,2.002211,0.737823,0.738444,0.737694,0.737821,0.738366,0.737865
2167.0,1.200000,1.400000,1.399876,0.951835,0.903379,2.001970,2.014498,2.002197,0.737823,0.738441,0.737699,0.737821,0.738363,0.737864
2167.5,1.200000,1.400000,1.399877,0.951838,0.903392,2.001963,2.014465,2.002183,0.737823,0.738438,0.737703,0.737821,0.738361,0.737862
2168.0,1.200000,1.400000,1.399877,0.951841,0.903405,2.001956,2.014432,2.002170,0.737823,0.738435,0.737708,0.737822,0.738358,0.737861
2168.5,1.200000,1.400000,1.399878,0.951844,0.903418,2.001949,2.014400,2.002156,0.737823,0.738432,0.737713,0.737822,0.738356,0.737860
2169.0,1.200000,1.400000,1.399878,0.951847,0.903430,2.001943,2.014367,2.002143,0.737823,0.738430,0.737717,0.737822,0.738353,0.737859
2169.5,1.200000,1.400000,1.399879,0.951850,0.903441,2.001936,2.014335,2.002129,0.737823,0.738427,0.737721,0.737822,0.738351,0.737858
2170.0,1.200000,1.400000,1.399879,0.951853,0.903452,2.001929,2.014302,2.002116,0.737823,0.738424,0.737725,0.737822,0.738348,0.737857
2170.5,1.200000,1.400000,1.399880,0.951856,0.903463,2.001922,2.014270,2.002103,0.737823,0.738421,0.737729,0.737822,0.738346,0.737856
2171.0,1.200000,1.400000,1.399880,0.951858,0.903473,2.001915,2.014237,2.002089,0.737823,0.738418,0.737733,0.737823,0.738343,0.737855
2171.5,1.200000,1.400000,1.399881,0.951861,0.903483,2.001909,2.014205,2.002076,0.737823,0.738416,0.737737,0.737823,0.738341,0.737855
2172.0,1.200000,1.400000,1.399881,0.951864,0.903492,2.001902,2.014173,2.002063,0.737823,0.738413,0.737741,0.737823,0.738338,0.737855
2172.5,1.200000,1.400000,1.399882,0.951867,0.903501,2.001895,2.014140,2.002050,0.737823,0.738410,0.737744,0.737823,0.738336,0.737854
2173.0,1.200000,1.400000,1.399882,0.951870,0.903510,2.001888,2.014108,2.002037,0.737823,0.738407,0.737748,0.737823,0.738334,0.737854
2173.5,1.200000,1.400000,1.399883,0.951873,0.903518,2.001881,2.014076,2.002024,0.737823,0.738405,0.737751,0.737824,0.738331,0.737854
2174.0,1.200000,1.400000,1.399883,0.951876,0.903526,2.001875,2.014044,2.002011,0.737823,0.738402,0.737755,0.737824,0.738329,0.737854
2174.5,1.200000,1.400000,1.399884,0.951879,0.903533,2.001868,2.014012,2.001998,0.737823,0.738399,0.737758,0.737824,0.738326,0.737854
2175.0,1.200000,1.400000,1.399884,0.951882,0.903541,2.001861,2.013979,2.001985,0.737823,0.738397,0.737761,0.737824,0.738324,0.737855
2175.5,1.200000,1.400000,1.399885,0.951885,0.903547,2.001854,2.013947,2.001972,0.737823,0.738394,0.737764,0.737825,0.738322,0.737855
2176.0,1.200000,1.400000,1.399885,0.951888,0.903554,2.001848,2.013915,2.001959,0.737823,0.738391,0.737767,0.737825,0.738319,0.737855
2176.5,1.200000,1.400000,1.399886,0.951891,0.903560,2.001841,2.013883,2.001947,0.737823,0.738389,0.737770,0.737825,0.738317,0.737856
2177.0,1.200000,1.400000,1.399886,0.951894,0.903567,2.001834,2.013852,2.001934,0.737824,0.738386,0.737773,0.737825,0.738315,0.737856
2177.5,1.200000,1.400000,1.399886,0.951897,0.903572,2.001828,2.013820,2.001921,0.737824,0.738384,0.737776,0.737825,0.738312,0.737857
2178.0,1.200000,1.400000,1.399887,0.951900,0.903578,2.001821,2.013788,2.001909,0.737824,0.738381,0.737779,0.737826,0.738310,0.737857
2178.5,1.200000,1.400000,1.399887,0.951903,0.903583,2.001814,2.013756,2.001896,0.737824,0.738378,0.737782,0.737826,0.738308,0.737858
2179.0,1.200000,1.400000,1.399888,0.951906,0.903588,2.001808,2.013724,2.001884,0.737824,0.738376,0.737784,0.737826,0.738306,0.737859
2179.5,1.200000,1.400000,1.399888,0.951909,0.903593,2.001801,2.013693,2.001871,0.737824,0.738373,0.737786,0.737827,0.738303,0.737858
2180.0,1.200000,1.400000,1.399889,0.951912,0.903598,2.001794,2.013661,2.001859,0.737824,0.738371,0.737788,0.737827,0.738301,0.737855
2180.5,1.200000,1.400000,1.399889,0.951915,0.903603,2.001788,2.013629,2.001847,0.737824,0.738368,0.737789,0.737827,0.738299,0.737852
2181.0,1.200000,1.400000,1.399890,0.951918,0.903607,2.001781,2.013598,2.001835,0.737824,0.738366,0.737791,0.737827,0.738297,0.737847
2181.5,1.200000,1.400000,1.399890,0.951921,0.903611,2.001774,2.013566,2.001823,0.737825,0.738363,0.737791,0.737828,0.738295,0.737842
2182.0,1.200000,1.400000,1.399891,0.951924,0.903615,2.001768,2.013535,2.001811,0.737825,0.738361,0.737792,0.737828,0.738292,0.737837
2182.5,1.200000,1.400000,1.399891,0.951927,0.903619,2.001761,2.013503,2.001800,0.737825,0.738358,0.737792,0.737828,0.738290,0.737831
2183.0,1.200000,1.400000,1.399892,0.951930,0.903623,2.001754,2.013472,2.001789,0.737825,0.738356,0.737792,0.737829,0.738288,0.737826
2183.5,1.200000,1.400000,1.399892,0.951933,0.903626,2.001748,2.013441,2.001777,0.737825,0.738353,0.737792,0.737829,0.738286,0.737820
2184.0,1.200000,1.400000,1.399892,0.951936,0.903629,2.001741,2.013409,2.001766,0.737825,0.738351,0.737792,0.737829,0.738284,0.737814
2184.5,1.200000,1.400000,1.399893,0.951939,0.903633,2.001734,2.013378,2.001756,0.737826,0.738348,0.737792,0.737830,0.738282,0.737809
2185.0,1.200000,1.400000,1.399893,0.951942,0.903636,2.001728,2.013347,2.001745,0.737826,0.738346,0.737792,0.737830,0.738279,0.737804
2185.5,1.200000,1.400000,1.399894,0.951945,0.903646,2.001721,2.013316,2.001734,0.737826,0.738343,0.737793,0.737830,0.738277,0.737807
2186.0,1.200000,1.400000,1.399894,0.951948,0.903655,2.001715,2.013285,2.001724,0.737826,0.738341,0.737794,0.737831,0.738275,0.737810
2186.5,1.200000,1.400000,1.399895,0.951951,0.903664,2.001708,2.013253,2.001714,0.737826,0.738338,0.737796,0.737831,0.738273,0.737812
2187.0,1.200000,1.400000,1.399895,0.951954,0.903673,2.001702,2.013222,2.001704,0.737826,0.738336,0.737797,0.737831,0.738271,0.737814
2187.5,1.200000,1.400000,1.399896,0.951957,0.903681,2.001695,2.013191,2.001694,0.737827,0.738334,0.737798,0.737832,0.738269,0.737815
2188.0,1.200000,1.400000,1.399896,0.951960,0.903689,2.001688,2.013160,2.001684,0.737827,0.738331,0.737799,0.737832,0.738267,0.737817
2188.5,1.200000,1.400000,1.399896,0.951963,0.903697,2.001682,2.013130,2.001675,0.737827,0.738329,0.737800,0.737832,0.738265,0.737818
2189.0,1.200000,1.400000,1.399897,0.951966,0.903704,2.001675,2.013099,2.001666,0.737827,0.738327,0.737801,0.737833,0.738263,0.737819
2189.5,1.200000,1.400000,1.399897,0.951969,0.903711,2.001669,2.013068,2.001656,0.737828,0.738324,0.737802,0.737833,0.738261,0.737819
2190.0,1.200000,1.400000,1.399898,0.951972,0.903718,2.001662,2.013037,2.001647,0.737828,0.738322,0.737802,0.737833,0.738259,0.737820
2190.5,1.200000,1.400000,1.399898,0.951975,0.903724,2.001656,2.013006,2.001638,0.737828,0.738320,0.737803,0.737834,0.738257,0.737821
2191.0,1.200000,1.400000,1.399899,0.951978,0.903731,2.001649,2.012976,2.001629,0.737828,0.738317,0.737804,0.737834,0.738255,0.737821
2191.5,1.200000,1.400000,1.399899,0.951981,0.903737,2.001643,2.012945,2.001620,0.737829,0.738315,0.737805,0.737835,0.738253,0.737822
2192.0,1.200000,1.400000,1.399899,0.951984,0.903742,2.001636,2.012914,2.001612,0.737829,0.738313,0.737806,0.737835,0.738251,0.737823
2192.5,1.200000,1.400000,1.399900,0.951987,0.903748,2.001630,2.012884,2.001603,0.737829,0.738310,0.737806,0.737835,0.738249,0.737823
2193.0,1.200000,1.400000,1.399900,0.951991,0.903753,2.001623,2.012853,2.001595,0.737829,0.738308,0.737807,0.737836,0.738247,0.737824
2193.5,1.200000,1.400000,1.399901,0.951994,0.903758,2.001617,2.012823,2.001587,0.737830,0.738306,0.737808,0.737836,0.738245,0.737824
2194.0,1.200000,1.400000,1.399901,0.951997,0.903763,2.001611,2.012792,2.001578,0.737830,0.738304,0.737808,0.737837,0.738243,0.737825
2194.5,1.200000,1.400000,1.399901,0.952000,0.903767,2.001604,2.012762,2.001570,0.737830,0.738301,0.737809,0.737837,0.738241,0.737825
2195.0,1.200000,1.400000,1.399902,0.952003,0.903772,2.001598,2.012731,2.001562,0.737830,0.738299,0.737810,0.737837,0.738239,0.737826
2195.5,1.200000,1.400000,1.399902,0.952006,0.903776,2.001591,2.012701,2.001554,0.737831,0.738297,0.737810,0.737838,0.738237,0.737826
2196.0,1.200000,1.400000,1.399903,0.952009,0.903780,2.001585,2.012671,2.001546,0.737831,0.738295,0.737811,0.737838,0.738235,0.737827
2196.5,1.200000,1.400000,1.399903,0.952012,0.903784,2.001578,2.012641,2.001539,0.737831,0.738293,0.737812,0.737839,0.738233,0.737827
2197.0,1.200000,1.400000,1.399904,0.952015,0.903788,2.001572,2.012610,2.001531,0.737832,0.738291,0.737812,0.737839,0.738231,0.737828
2197.5,1.200000,1.400000,1.399904,0.952018,0.903791,2.001566,2.012580,2.001523,0.737832,0.738288,0.737813,0.737840,0.738229,0.737828
2198.0,1.200000,1.400000,1.399904,0.952022,0.903795,2.001559,2.012550,2.001516,0.737832,0.738286,0.737813,0.737840,0.738228,0.737829
2198.5,1.200000,1.400000,1.399905,0.952025,0.903798,2.001553,2.012520,2.001508,0.737833,0.738284,0.737814,0.737840,0.738226,0.737829
2199.0,1.200000,1.400000,1.399905,0.952028,0.903801,2.001547,2.012490,2.001501,0.737833,0.738282,0.737815,0.737841,0.738224,0.737830
2199.5,1.200000,1.400000,1.399906,0.952031,0.903804,2.001540,2.012460,2.001493,0.737833,0.738280,0.737815,0.737841,0.738222,0.737830
2200.0,1.200000,1.400000,1.399906,0.952034,0.903807,2.001534,2.012430,2.001486,0.737834,0.738278,0.737816,0.737842,0.738220,0.737831
2200.5,1.200000,1.400000,1.399906,0.952037,0.903810,2.001527,2.012400,2.001479,0.737834,0.738276,0.737816,0.737842,0.738218,0.737831
2201.0,1.200000,1.400000,1.399907,0.952040,0.903812,2.001521,2.012371,2.001472,0.737834,0.738274,0.737817,0.737843,0.738217,0.737832
2201.5,1.200000,1.400000,1.399907,0.952044,0.903815,2.001515,2.012341,2.001465,0.737835,0.738271,0.737817,0.737843,0.738215,0.737832
2202.0,1.200000,1.400000,1.399907,0.952047,0.903817,2.001509,2.012311,2.001457,0.737835,0.738269,0.737818,0.737844,0.738213,0.737833
2202.5,1.200000,1.400000,1.399908,0.952050,0.903819,2.001502,2.012281,2.001450,0.737835,0.738267,0.737819,0.737844,0.738211,0.737833
2203.0,1.200000,1.400000,1.399908,0.952053,0.903822,2.001496,2.012252,2.001443,0.737836,0.738265,0.737819,0.737845,0.738209,0.737833
2203.5,1.200000,1.400000,1.399909,0.952056,0.903824,2.001490,2.012222,2.001437,0.737836,0.738263,0.737820,0.737845,0.738208,0.737834
2204.0,1.200000,1.400000,1.399909,0.952059,0.903826,2.001483,2.012192,2.001430,0.737836,0.738261,0.737820,0.737846,0.738206,0.737834
2204.5,1.200000,1.400000,1.399909,0.952062,0.903828,2.001477,2.012163,2.001423,0.737837,0.738259,0.737821,0.737846,0.738204,0.737835
2205.0,1.200000,1.400000,1.399910,0.952066,0.903830,2.001471,2.012133,2.001416,0.737837,0.738257,0.737821,0.737847,0.738202,0.737835
2205.5,1.200000,1.400000,1.399910,0.952069,0.903832,2.001465,2.012104,2.001409,0.737837,0.738255,0.737822,0.737847,0.738201,0.737835
2206.0,1.200000,1.400000,1.399911,0.952072,0.903833,2.001458,2.012074,2.001403,0.737838,0.738253,0.737822,0.737848,0.738199,0.737836
2206.5,1.200000,1.400000,1.399911,0.952075,0.903835,2.001452,2.012045,2.001396,0.737838,0.738251,0.737823,0.737848,0.738197,0.737836
2207.0,1.200000,1.400000,1.399911,0.952078,0.903837,2.001446,2.012016,2.001389,0.737839,0.738249,0.737823,0.737849,0.738196,0.737836
2207.5,1.200000,1.400000,1.399912,0.952081,0.903838,2.001440,2.011986,2.001383,0.737839,0.738247,0.737824,0.737849,0.738194,0.737837
2208.0,1.200000,1.400000,1.399912,0.952085,0.903840,2.001434,2.011957,2.001376,0.737839,0.738245,0.737824,0.737850,0.738192,0.737837
2208.5,1.200000,1.400000,1.399912,0.952088,0.903841,2.001427,2.011928,2.001370,0.737840,0.738243,0.737825,0.737850,0.738191,0.737837
2209.0,1.200000,1.400000,1.399913,0.952091,0.903842,2.001421,2.011899,2.001363,0.737840,0.738241,0.737825,0.737851,0.738189,0.737837
2209.5,1.200000,1.400000,1.399913,0.952094,0.903844,2.001415,2.011870,2.001357,0.737841,0.738240,0.737825,0.737851,0.738187,0.737838
2210.0,1.200000,1.400000,1.399913,0.952097,0.903845,2.001409,2.011841,2.001351,0.737841,0.738238,0.737826,0.737852,0.738186,0.737838
2210.5,1.200000,1.400000,1.399914,0.952101,0.903846,2.001403,2.011812,2.001344,0.737842,0.738236,0.737826,0.737852,0.738184,0.737838
2211.0,1.200000,1.400000,1.399914,0.952104,0.903847,2.001397,2.011783,2.001338,0.737842,0.738234,0.737827,0.737853,0.738182,0.737839
2211.5,1.200000,1.400000,1.399915,0.952107,0.903848,2.001390,2.011754,2.001332,0.737842,0.738232,0.737827,0.737854,0.738181,0.737840
2212.0,1.200000,1.400000,1.399915,0.952110,0.903849,2.001384,2.011725,2.001325,0.737843,0.738230,0.737828,0.737854,0.738179,0.737840
2212.5,1.200000,1.400000,1.399915,0.952113,0.903850,2.001378,2.011696,2.001319,0.737843,0.738228,0.737828,0.737855,0.738178,0.737841
2213.0,1.200000,1.400000,1.399916,0.952117,0.903851,2.001372,2.011667,2.001313,0.737844,0.738226,0.737829,0.737855,0.738176,0.737842
2213.5,1.200000,1.400000,1.399916,0.952120,0.903852,2.001366,2.011638,2.001307,0.737844,0.738225,0.737830,0.737856,0.738175,0.737843
2214.0,1.200000,1.400000,1.399916,0.952123,0.903853,2.001360,2.011610,2.001301,0.737845,0.738223,0.737830,0.737856,0.738173,0.737844
2214.5,1.200000,1.400000,1.399917,0.952126,0.903854,2.001354,2.011581,2.001294,0.737845,0.738221,0.737831,0.737857,0.738171,0.737845
2215.0,1.200000,1.400000,1.399917,0.952130,0.903855,2.001348,2.011552,2.001288,0.737846,0.738219,0.737832,0.737858,0.738170,0.737847
2215.5,1.200000,1.400000,1.399917,0.952133,0.903855,2.001342,2.011524,2.001282,0.737846,0.738217,0.737832,0.737858,0.738168,0.737848
2216.0,1.200000,1.400000,1.399918,0.952136,0.903856,2.001336,2.011495,2.001276,0.737847,0.738216,0.737833,0.737859,0.738167,0.737849
2216.5,1.200000,1.400000,1.399918,0.952139,0.903834,2.001330,2.011467,2.001270,0.737847,0.738214,0.737828,0.737859,0.738165,0.737825
2217.0,1.200000,1.400000,1.399918,0.952142,0.903813,2.001324,2.011438,2.001264,0.737848,0.738212,0.737823,0.737860,0.738164,0.737803
2217.5,1.200000,1.400000,1.399919,0.952146,0.903792,2.001318,2.011410,2.001257,0.737848,0.738210,0.737818,0.737861,0.738162,0.737784
2218.0,1.200000,1.400000,1.399919,0.952149,0.903773,2.001312,2.011382,2.001251,0.737849,0.738209,0.737813,0.737861,0.738161,0.737767
2218.5,1.200000,1.400000,1.399919,0.952152,0.903754,2.001306,2.011353,2.001245,0.737849,0.738207,0.737809,0.737862,0.738159,0.737753
2219.0,1.200000,1.400000,1.399920,0.952155,0.903737,2.001300,2.011325,2.001239,0.737849,0.738205,0.737805,0.737862,0.738158,0.737740
2219.5,1.200000,1.400000,1.399920,0.952159,0.903719,2.001294,2.011297,2.001233,0.737850,0.738203,0.737801,0.737863,0.738156,0.737730
2220.0,1.200000,1.400000,1.399920,0.952162,0.903662,2.001288,2.011269,2.001227,0.737851,0.738202,0.737786,0.737864,0.738155,0.737674
2220.5,1.200000,1.400000,1.399921,0.952165,0.903606,2.001282,2.011240,2.001221,0.737851,0.738200,0.737773,0.737864,0.738153,0.737626
2221.0,1.200000,1.400000,1.399921,0.952168,0.903553,2.001276,2.011212,2.001215,0.737852,0.738198,0.737759,0.737865,0.738152,0.737583
2221.5,1.200000,1.400000,1.399921,0.952172,0.903503,2.001270,2.011184,2.001209,0.737852,0.738197,0.737747,0.737865,0.738151,0.737546
2222.0,1.200000,1.400000,1.399922,0.952175,0.903454,2.001264,2.011156,2.001203,0.737853,0.738195,0.737734,0.737866,0.738149,0.737514
2222.5,1.200000,1.400000,1.399922,0.952178,0.903407,2.001258,2.011128,2.001197,0.737853,0.738193,0.737723,0.737867,0.738148,0.737487
2223.0,1.200000,1.400000,1.399922,0.952181,0.903363,2.001252,2.011100,2.001191,0.737854,0.738192,0.737712,0.737867,0.738146,0.737464
2223.5,1.200000,1.400000,1.399923,0.952185,0.903320,2.001246,2.011072,2.001185,0.737854,0.738190,0.737701,0.737868,0.738145,0.737444
2224.0,1.200000,1.400000,1.399923,0.952188,0.903279,2.001240,2.011045,2.001179,0.737855,0.738188,0.737691,0.737869,0.738144,0.737428
2224.5,1.200000,1.400000,1.399923,0.952191,0.903239,2.001234,2.011017,2.001173,0.737855,0.738187,0.737681,0.737869,0.738142,0.737414
2225.0,1.200000,1.400000,1.399924,0.952195,0.903202,2.001229,2.010989,2.001167,0.737856,0.738185,0.737672,0.737870,0.738141,0.737403
2225.5,1.200000,1.400000,1.399924,0.952198,0.903166,2.001223,2.010961,2.001161,0.737856,0.738183,0.737663,0.737871,0.738140,0.737394
2226.0,1.200000,1.400000,1.399924,0.952201,0.903131,2.001217,2.010934,2.001156,0.737857,0.738182,0.737654,0.737871,0.738138,0.737388
2226.5,1.200000,1.400000,1.399925,0.952204,0.903098,2.001211,2.010906,2.001150,0.737857,0.738180,0.737646,0.737872,0.738137,0.737383
2227.0,1.200000,1.400000,1.399925,0.952208,0.903066,2.001205,2.010878,2.001144,0.737858,0.738179,0.737639,0.737873,0.738136,0.737379
2227.5,1.200000,1.400000,1.399925,0.952211,0.903036,2.001199,2.010851,2.001138,0.737859,0.738177,0.737631,0.737873,0.738134,0.737377
2228.0,1.200000,1.400000,1.399926,0.952214,0.903006,2.001194,2.010823,2.001132,0.737859,0.738176,0.737624,0.737874,0.738133,0.737376
2228.5,1.200000,1.400000,1.399926,0.952218,0.902978,2.001188,2.010796,2.001126,0.737860,0.738174,0.737617,0.737875,0.738132,0.737376
2229.0,1.200000,1.400000,1.399926,0.952221,0.902952,2.001182,2.010768,2.001121,0.737860,0.738172,0.737611,0.737875,0.738130,0.737376
2229.5,1.200000,1.400000,1.399926,0.952224,0.902926,2.001176,2.010741,2.001115,0.737861,0.738171,0.737605,0.737876,0.738129,0.737378
2230.0,1.200000,1.400000,1.399927,0.952227,0.902901,2.001170,2.010714,2.001109,0.737861,0.738169,0.737599,0.737877,0.738128,0.737380
2230.5,1.200000,1.400000,1.399927,0.952231,0.902878,2.001165,2.010686,2.001103,0.737862,0.738168,0.737593,0.737877,0.738126,0.737382
2231.0,1.200000,1.400000,1.399927,0.952234,0.902855,2.001159,2.010659,2.001097,0.737863,0.738166,0.737588,0.737878,0.738125,0.737385
2231.5,1.200000,1.400000,1.399928,0.952237,0.902833,2.001153,2.010632,2.001092,0.737863,0.738165,0.737583,0.737879,0.738124,0.737388
2232.0,1.200000,1.400000,1.399928,0.952241,0.902813,2.001148,2.010605,2.001086,0.737864,0.738163,0.737578,0.737879,0.738123,0.737392
2232.5,1.200000,1.400000,1.399928,0.952244,0.902793,2.001142,2.010578,2.001080,0.737864,0.738162,0.737573,0.737880,0.738121,0.737395
2233.0,1.200000,1.400000,1.399929,0.952247,0.902774,2.001136,2.010551,2.001075,0.737865,0.738160,0.737569,0.737881,0.738120,0.737399
2233.5,1.200000,1.400000,1.399929,0.952251,0.902755,2.001130,2.010524,2.001069,0.737866,0.738159,0.737565,0.737882,0.738119,0.737403
2234.0,1.200000,1.400000,1.399929,0.952254,0.902738,2.001125,2.010497,2.001063,0.737866,0.738157,0.737561,0.737882,0.738118,0.737406
2234.5,1.200000,1.400000,1.399929,0.952257,0.902721,2.001119,2.010470,2.001058,0.737867,0.738156,0.737557,0.737883,0.738117,0.737410
2235.0,1.200000,1.400000,1.399930,0.952261,0.902705,2.001113,2.010443,2.001052,0.737868,0.738155,0.737553,0.737884,0.738115,0.737414
2235.5,1.200000,1.400000,1.399930,0.952264,0.902689,2.001108,2.010416,2.001046,0.737868,0.738153,0.737550,0.737884,0.738114,0.737418
2236.0,1.200000,1.400000,1.399930,0.952267,0.902675,2.001102,2.010389,2.001041,0.737869,0.738152,0.737547,0.737885,0.738113,0.737421
2236.5,1.200000,1.400000,1.399931,0.952271,0.902660,2.001097,2.010362,2.001035,0.737869,0.738150,0.737543,0.737886,0.738112,0.737425
2237.0,1.200000,1.400000,1.399931,0.952274,0.902647,2.001091,2.010336,2.001029,0.737870,0.738149,0.737540,0.737887,0.738111,0.737428
2237.5,1.200000,1.400000,1.399931,0.952277,0.902634,2.001085,2.010309,2.001024,0.737871,0.738148,0.737538,0.737887,0.738109,0.737432
2238.0,1.200000,1.400000,1.399931,0.952281,0.902621,2.001080,2.010282,2.001018,0.737871,0.738146,0.737535,0.737888,0.738108,0.737435
2238.5,1.200000,1.400000,1.399932,0.952284,0.902609,2.001074,2.010256,2.001013,0.737872,0.738145,0.737532,0.737889,0.738107,0.737438
2239.0,1.200000,1.400000,1.399932,0.952287,0.902598,2.001069,2.010229,2.001007,0.737873,0.738143,0.737530,0.737889,0.738106,0.737441
2239.5,1.200000,1.400000,1.399932,0.952291,0.902535,2.001063,2.010203,2.001002,0.737873,0.738142,0.737514,0.737890,0.738105,0.737386
2240.0,1.200000,1.400000,1.399933,0.952294,0.902449,2.001057,2.010176,2.000996,0.737874,0.738141,0.737492,0.737891,0.738104,0.737308
2240.5,1.200000,1.400000,1.399933,0.952297,0.902366,2.001052,2.010150,2.000990,0.737875,0.738139,0.737472,0.737892,0.738103,0.737240
2241.0,1.200000,1.400000,1.399933,0.952301,0.902287,2.001046,2.010123,2.000985,0.737875,0.738138,0.737452,0.737892,0.738102,0.737181
2241.5,1.200000,1.400000,1.399933,0.952304,0.902211,2.001041,2.010097,2.000979,0.737876,0.738137,0.737432,0.737893,0.738100,0.737129
2242.0,1.200000,1.400000,1.399934,0.952307,0.902139,2.001035,2.010071,2.000974,0.737877,0.738135,0.737414,0.737894,0.738099,0.737084
2242.5,1.200000,1.400000,1.399934,0.952311,0.902069,2.001030,2.010044,2.000968,0.737877,0.738134,0.737397,0.737895,0.738098,0.737045
2243.0,1.200000,1.400000,1.399934,0.952314,0.902002,2.001024,2.010018,2.000963,0.737878,0.738133,0.737380,0.737895,0.738097,0.737012
2243.5,1.200000,1.400000,1.399935,0.952317,0.901938,2.001019,2.009992,2.000957,0.737879,0.738132,0.737364,0.737896,0.738096,0.736984
2244.0,1.200000,1.400000,1.399935,0.952321,0.901877,2.001013,2.009966,2.000952,0.737879,0.738130,0.737349,0.737897,0.738095,0.736960
2244.5,1.200000,1.400000,1.399935,0.952324,0.901818,2.001008,2.009940,2.000947,0.737880,0.738129,0.737334,0.737898,0.738094,0.736941
2245.0,1.200000,1.400000,1.399935,0.952327,0.901762,2.001003,2.009914,2.000941,0.737881,0.738128,0.737320,0.737899,0.738093,0.736925
2245.5,1.200000,1.400000,1.399936,0.952331,0.901708,2.000997,2.009888,2.000936,0.737881,0.738126,0.737306,0.737899,0.738092,0.736912
2246.0,1.200000,1.400000,1.399936,0.952334,0.901657,2.000992,2.009862,2.000930,0.737882,0.738125,0.737294,0.737900,0.738091,0.736902
2246.5,1.200000,1.400000,1.399936,0.952337,0.901607,2.000986,2.009836,2.000925,0.737883,0.738124,0.737281,0.737901,0.738090,0.736894
2247.0,1.200000,1.400000,1.399936,0.952341,0.901560,2.000981,2.009810,2.000920,0.737883,0.738123,0.737270,0.737902,0.738089,0.736890
2247.5,1.200000,1.400000,1.399937,0.952344,0.901514,2.000976,2.009784,2.000914,0.737884,0.738121,0.737259,0.737902,0.738088,0.736887
2248.0,1.200000,1.400000,1.399937,0.952348,0.901471,2.000970,2.009758,2.000909,0.737885,0.738120,0.737248,0.737903,0.738087,0.736887
2248.5,1.200000,1.400000,1.399937,0.952351,0.901429,2.000965,2.009733,2.000903,0.737885,0.738119,0.737239,0.737904,0.738086,0.736888
2249.0,1.200000,1.400000,1.399938,0.952354,0.901389,2.000959,2.009707,2.000898,0.737886,0.738118,0.737229,0.737905,0.738085,0.736890
2249.5,1.200000,1.400000,1.399938,0.952358,0.901350,2.000954,2.009681,2.000892,0.737887,0.738117,0.737221,0.737906,0.738084,0.736894
2250.0,1.200000,1.400000,1.399938,0.952361,0.901314,2.000949,2.009656,2.000887,0.737888,0.738115,0.737212,0.737906,0.738083,0.736899
2250.5,1.200000,1.400000,1.399938,0.952364,0.901278,2.000943,2.009630,2.000881,0.737888,0.738114,0.737205,0.737907,0.738082,0.736905
2251.0,1.200000,1.400000,1.399939,0.952368,0.901245,2.000938,2.009604,2.000875,0.737889,0.738113,0.737198,0.737908,0.738081,0.736913
2251.5,1.200000,1.400000,1.399939,0.952371,0.901212,2.000933,2.009579,2.000870,0.737890,0.738112,0.737192,0.737909,0.738080,0.736922
2252.0,1.200000,1.400000,1.399939,0.952375,0.901181,2.000928,2.009554,2.000864,0.737891,0.738111,0.737186,0.737910,0.738079,0.736932
2252.5,1.200000,1.400000,1.399939,0.952378,0.901152,2.000922,2.009528,2.000858,0.737891,0.738110,0.737181,0.737910,0.738078,0.736943
2253.0,1.200000,1.400000,1.399940,0.952381,0.901123,2.000917,2.009503,2.000852,0.737892,0.738109,0.737176,0.737911,0.738077,0.736954
2253.5,1.200000,1.400000,1.399940,0.952385,0.901096,2.000912,2.009477,2.000845,0.737893,0.738107,0.737172,0.737912,0.738076,0.736965
2254.0,1.200000,1.400000,1.399940,0.952388,0.901070,2.000907,2.009452,2.000839,0.737893,0.738106,0.737168,0.737913,0.738075,0.736976
2254.5,1.200000,1.400000,1.399940,0.952392,0.901045,2.000901,2.009427,2.000833,0.737894,0.738105,0.737164,0.737914,0.738075,0.736987
2255.0,1.200000,1.400000,1.399941,0.952395,0.901021,2.000896,2.009402,2.000826,0.737895,0.738104,0.737161,0.737914,0.738074,0.736998
2255.5,1.200000,1.400000,1.399941,0.952398,0.900998,2.000891,2.009377,2.000820,0.737896,0.738103,0.737158,0.737915,0.738073,0.737008
2256.0,1.200000,1.400000,1.399941,0.952402,0.900976,2.000886,2.009352,2.000813,0.737896,0.738102,0.737155,0.737916,0.738072,0.737018
2256.5,1.200000,1.400000,1.399941,0.952405,0.900954,2.000881,2.009326,2.000806,0.737897,0.738101,0.737153,0.737917,0.738071,0.737028
2257.0,1.200000,1.400000,1.399942,0.952408,0.900934,2.000875,2.009301,2.000799,0.737898,0.738100,0.737151,0.737918,0.738070,0.737037
2257.5,1.200000,1.400000,1.399942,0.952412,0.900915,2.000870,2.009276,2.000792,0.737899,0.738099,0.737149,0.737919,0.738069,0.737046
2258.0,1.200000,1.400000,1.399942,0.952415,0.900896,2.000865,2.009252,2.000785,0.737899,0.738098,0.737147,0.737919,0.738068,0.737054
2258.5,1.200000,1.400000,1.399942,0.952419,0.900878,2.000860,2.009227,2.000777,0.737900,0.738097,0.737145,0.737920,0.738068,0.737062
2259.0,1.200000,1.400000,1.399943,0.952422,0.900861,2.000855,2.009202,2.000770,0.737901,0.738095,0.737144,0.737921,0.738067,0.737069
2259.5,1.200000,1.400000,1.399943,0.952425,0.900845,2.000850,2.009177,2.000763,0.737902,0.738094,0.737142,0.737922,0.738066,0.737076
2260.0,1.200000,1.400000,1.399943,0.952429,0.900829,2.000845,2.009152,2.000755,0.737903,0.738093,0.737141,0.737923,0.738065,0.737083
2260.5,1.200000,1.400000,1.399943,0.952432,0.900814,2.000839,2.009127,2.000748,0.737903,0.738092,0.737140,0.737924,0.738064,0.737089
2261.0,1.200000,1.400000,1.399943,0.952436,0.900800,2.000834,2.009103,2.000740,0.737904,0.738091,0.737139,0.737924,0.738063,0.737094
2261.5,1.200000,1.400000,1.399944,0.952439,0.900786,2.000829,2.009078,2.000732,0.737905,0.738090,0.737138,0.737925,0.738063,0.737100
2262.0,1.200000,1.400000,1.399944,0.952443,0.900773,2.000824,2.009054,2.000724,0.737906,0.738089,0.737138,0.737926,0.738062,0.737105
2262.5,1.200000,1.400000,1.399944,0.952446,0.900760,2.000819,2.009029,2.000717,0.737906,0.738088,0.737137,0.737927,0.738061,0.737109
2263.0,1.200000,1.400000,1.399944,0.952449,0.900748,2.000814,2.009005,2.000709,0.737907,0.738087,0.737137,0.737928,0.738060,0.737113
2263.5,1.200000,1.400000,1.399945,0.952453,0.900736,2.000809,2.008980,2.000701,0.737908,0.738086,0.737136,0.737929,0.738060,0.737117
2264.0,1.200000,1.400000,1.399945,0.952456,0.900725,2.000804,2.008956,2.000693,0.737909,0.738085,0.737136,0.737930,0.738059,0.737121
2264.5,1.200000,1.400000,1.399945,0.952460,0.900714,2.000799,2.008931,2.000685,0.737910,0.738084,0.737136,0.737930,0.738058,0.737125
2265.0,1.200000,1.400000,1.399945,0.952463,0.900704,2.000794,2.008907,2.000676,0.737910,0.738084,0.737136,0.737931,0.738057,0.737128
2265.5,1.200000,1.400000,1.399946,0.952466,0.900694,2.000789,2.008883,2.000668,0.737911,0.738083,0.737136,0.737932,0.738057,0.737131
2266.0,1.200000,1.400000,1.399946,0.952470,0.900685,2.000784,2.008858,2.000660,0.737912,0.738082,0.737136,0.737933,0.738056,0.737134
2266.5,1.200000,1.400000,1.399946,0.952473,0.900676,2.000779,2.008834,2.000652,0.737913,0.738081,0.737136,0.737934,0.738055,0.737137
2267.0,1.200000,1.400000,1.399946,0.952477,0.900667,2.000774,2.008810,2.000644,0.737914,0.738080,0.737136,0.737935,0.738054,0.737139
2267.5,1.200000,1.400000,1.399946,0.952480,0.900659,2.000769,2.008786,2.000635,0.737914,0.738079,0.737136,0.737936,0.738054,0.737142
2268.0,1.200000,1.400000,1.399947,0.952484,0.900651,2.000764,2.008762,2.000627,0.737915,0.738078,0.737136,0.737937,0.738053,0.737144
2268.5,1.200000,1.400000,1.399947,0.952487,0.900643,2.000759,2.008738,2.000619,0.737916,0.738077,0.737137,0.737937,0.738052,0.737146
2269.0,1.200000,1.400000,1.399947,0.952490,0.900636,2.000755,2.008714,2.000610,0.737917,0.738076,0.737137,0.737938,0.738051,0.737148
2269.5,1.200000,1.400000,1.399947,0.952494,0.900629,2.000750,2.008690,2.000602,0.737918,0.738075,0.737138,0.737939,0.738051,0.737150
2270.0,1.200000,1.400000,1.399948,0.952497,0.900622,2.000745,2.008666,2.000594,0.737918,0.738074,0.737138,0.737940,0.738050,0.737154
2270.5,1.200000,1.400000,1.399948,0.952501,0.900616,2.000740,2.008642,2.000585,0.737919,0.738074,0.737140,0.737941,0.738049,0.737159
2271.0,1.200000,1.400000,1.399948,0.952504,0.900561,2.000735,2.008618,2.000576,0.737920,0.738073,0.737129,0.737942,0.738049,0.737112
2271.5,1.200000,1.400000,1.399948,0.952507,0.900508,2.000730,2.008594,2.000568,0.737921,0.738072,0.737119,0.737943,0.738048,0.737071
2272.0,1.200000,1.400000,1.399948,0.952511,0.900457,2.000725,2.008570,2.000559,0.737922,0.738071,0.737110,0.737944,0.738047,0.737037
2272.5,1.200000,1.400000,1.399949,0.952514,0.900409,2.000720,2.008547,2.000550,0.737923,0.738070,0.737101,0.737945,0.738047,0.737009
2273.0,1.200000,1.400000,1.399949,0.952518,0.900302,2.000716,2.008523,2.000541,0.737923,0.738069,0.737078,0.737945,0.738046,0.736919
2273.5,1.200000,1.400000,1.399949,0.952521,0.900201,2.000711,2.008499,2.000531,0.737924,0.738068,0.737057,0.737946,0.738045,0.736842
2274.0,1.200000,1.400000,1.399949,0.952525,0.900103,2.000706,2.008476,2.000522,0.737925,0.738068,0.737036,0.737947,0.738045,0.736775
2274.5,1.200000,1.400000,1.399949,0.952528,0.900010,2.000701,2.008452,2.000512,0.737926,0.738067,0.737017,0.737948,0.738044,0.736719
2275.0,1.200000,1.400000,1.399950,0.952531,0.899920,2.000697,2.008429,2.000502,0.737927,0.738066,0.736998,0.737949,0.738044,0.736671
2275.5,1.200000,1.400000,1.399950,0.952535,0.899835,2.000692,2.008405,2.000492,0.737928,0.738065,0.736981,0.737950,0.738043,0.736630
2276.0,1.200000,1.400000,1.399950,0.952538,0.899752,2.000687,2.008382,2.000482,0.737928,0.738064,0.736965,0.737951,0.738042,0.736597
2276.5,1.200000,1.400000,1.399950,0.952542,0.899674,2.000682,2.008359,2.000472,0.737929,0.738064,0.736949,0.737952,0.738042,0.736569
2277.0,1.200000,1.400000,1.399951,0.952545,0.899598,2.000678,2.008335,2.000462,0.737930,0.738063,0.736935,0.737953,0.738041,0.736547
2277.5,1.200000,1.400000,1.399951,0.952549,0.899526,2.000673,2.008312,2.000451,0.737931,0.738062,0.736921,0.737954,0.738041,0.736530
2278.0,1.200000,1.400000,1.399951,0.952552,0.899456,2.000668,2.008289,2.000440,0.737932,0.738061,0.736908,0.737954,0.738040,0.736516
2278.5,1.200000,1.400000,1.399951,0.952555,0.899390,2.000663,2.008265,2.000430,0.737933,0.738060,0.736895,0.737955,0.738039,0.736507
2279.0,1.200000,1.400000,1.399951,0.952559,0.899326,2.000659,2.008242,2.000419,0.737934,0.738060,0.736884,0.737956,0.738039,0.736500
2279.5,1.200000,1.400000,1.399952,0.952562,0.899265,2.000654,2.008219,2.000408,0.737934,0.738059,0.736873,0.737957,0.738038,0.736496
2280.0,1.200000,1.400000,1.399952,0.952566,0.899207,2.000649,2.008196,2.000396,0.737935,0.738058,0.736862,0.737958,0.738038,0.736494
2280.5,1.200000,1.400000,1.399952,0.952569,0.899151,2.000645,2.008173,2.000385,0.737936,0.738057,0.736853,0.737959,0.738037,0.736494
2281.0,1.200000,1.400000,1.399952,0.952573,0.899097,2.000640,2.008150,2.000374,0.737937,0.738057,0.736843,0.737960,0.738037,0.736496
2281.5,1.200000,1.400000,1.399952,0.952576,0.899046,2.000636,2.008127,2.000362,0.737938,0.738056,0.736834,0.737961,0.738036,0.736499
2282.0,1.200000,1.400000,1.399953,0.952580,0.898996,2.000631,2.008104,2.000351,0.737939,0.738055,0.736826,0.737962,0.738035,0.736503
2282.5,1.200000,1.400000,1.399953,0.952583,0.898949,2.000626,2.008081,2.000339,0.737940,0.738055,0.736818,0.737963,0.738035,0.736508
2283.0,1.200000,1.400000,1.399953,0.952586,0.898904,2.000622,2.008058,2.000328,0.737941,0.738054,0.736811,0.737964,0.738034,0.736514
2283.5,1.200000,1.400000,1.399953,0.952590,0.898860,2.000617,2.008035,2.000316,0.737941,0.738053,0.736804,0.737965,0.738034,0.736520
2284.0,1.200000,1.400000,1.399953,0.952593,0.898819,2.000613,2.008013,2.000304,0.737942,0.738053,0.736797,0.737966,0.738033,0.736527
2284.5,1.200000,1.400000,1.399954,0.952597,0.898779,2.000608,2.007990,2.000292,0.737943,0.738052,0.736791,0.737966,0.738033,0.736534
2285.0,1.200000,1.400000,1.399954,0.952600,0.898741,2.000603,2.007967,2.000281,0.737944,0.738051,0.736785,0.737967,0.738032,0.736541
2285.5,1.200000,1.400000,1.399954,0.952604,0.898704,2.000599,2.007945,2.000269,0.737945,0.738050,0.736779,0.737968,0.738032,0.736548
2286.0,1.200000,1.400000,1.399954,0.952607,0.898669,2.000594,2.007922,2.000257,0.737946,0.738050,0.736774,0.737969,0.738031,0.736555
2286.5,1.200000,1.400000,1.399954,0.952610,0.898635,2.000590,2.007900,2.000245,0.737947,0.738049,0.736769,0.737970,0.738031,0.736562
2287.0,1.200000,1.400000,1.399954,0.952614,0.898603,2.000585,2.007877,2.000233,0.737948,0.738049,0.736764,0.737971,0.738030,0.736570
2287.5,1.200000,1.400000,1.399955,0.952617,0.898572,2.000581,2.007855,2.000221,0.737949,0.738048,0.736760,0.737972,0.738030,0.736577
2288.0,1.200000,1.400000,1.399955,0.952621,0.898542,2.000576,2.007832,2.000209,0.737949,0.738047,0.736756,0.737973,0.738029,0.736584
2288.5,1.200000,1.400000,1.399955,0.952624,0.898514,2.000572,2.007810,2.000197,0.737950,0.738047,0.736752,0.737974,0.738029,0.736591
2289.0,1.200000,1.400000,1.399955,0.952628,0.898487,2.000568,2.007787,2.000185,0.737951,0.738046,0.736748,0.737975,0.738029,0.736598
2289.5,1.200000,1.400000,1.399955,0.952631,0.898461,2.000563,2.007765,2.000173,0.737952,0.738045,0.736745,0.737976,0.738028,0.736604
2290.0,1.200000,1.400000,1.399956,0.952635,0.898436,2.000559,2.007743,2.000161,0.737953,0.738045,0.736742,0.737977,0.738028,0.736611
2290.5,1.200000,1.400000,1.399956,0.952638,0.898412,2.000554,2.007721,2.000149,0.737954,0.738044,0.736739,0.737978,0.738027,0.736617
2291.0,1.200000,1.400000,1.399956,0.952641,0.898389,2.000550,2.007698,2.000137,0.737955,0.738044,0.736736,0.737979,0.738027,0.736624
2291.5,1.200000,1.400000,1.399956,0.952645,0.898367,2.000545,2.007676,2.000125,0.737956,0.738043,0.736734,0.737980,0.738026,0.736630
2292.0,1.200000,1.400000,1.399956,0.952648,0.898346,2.000541,2.007654,2.000113,0.737957,0.738042,0.736731,0.737981,0.738026,0.736636
2292.5,1.200000,1.400000,1.399957,0.952652,0.898326,2.000537,2.007632,2.000102,0.737958,0.738042,0.736729,0.737982,0.738026,0.736642
2293.0,1.200000,1.400000,1.399957,0.952655,0.898306,2.000532,2.007610,2.000090,0.737958,0.738041,0.736728,0.737983,0.738025,0.736647
2293.5,1.200000,1.400000,1.399957,0.952659,0.898288,2.000528,2.007588,2.000078,0.737959,0.738041,0.736726,0.737984,0.738025,0.736653
2294.0,1.200000,1.400000,1.399957,0.952662,0.898270,2.000524,2.007566,2.000066,0.737960,0.738040,0.736724,0.737984,0.738024,0.736658
2294.5,1.200000,1.400000,1.399957,0.952666,0.898253,2.000519,2.007544,2.000054,0.737961,0.738040,0.736723,0.737985,0.738024,0.736663
2295.0,1.200000,1.400000,1.399957,0.952669,0.898237,2.000515,2.007522,2.000042,0.737962,0.738039,0.736722,0.737986,0.738024,0.736669
2295.5,1.200000,1.400000,1.399958,0.952672,0.898221,2.000511,2.007500,2.000031,0.737963,0.738038,0.736721,0.737987,0.738023,0.736674
2296.0,1.200000,1.400000,1.399958,0.952676,0.898206,2.000506,2.007479,2.000019,0.737964,0.738038,0.736720,0.737988,0.738023,0.736678
2296.5,1.200000,1.400000,1.399958,0.952679,0.898192,2.000502,2.007457,2.000007,0.737965,0.738037,0.736720,0.737989,0.738022,0.736683
2297.0,1.200000,1.400000,1.399958,0.952683,0.898178,2.000498,2.007435,1.999996,0.737966,0.738037,0.736719,0.737990,0.738022,0.736688
2297.5,1.200000,1.400000,1.399958,0.952686,0.898165,2.000494,2.007414,1.999984,0.737967,0.738036,0.736719,0.737991,0.738022,0.736693
2298.0,1.200000,1.400000,1.399958,0.952690,0.898152,2.000489,2.007392,1.999972,0.737968,0.738036,0.736718,0.737992,0.738021,0.736697
2298.5,1.200000,1.400000,1.399959,0.952693,0.898140,2.000485,2.007370,1.999961,0.737969,0.738035,0.736718,0.737993,0.738021,0.736701
2299.0,1.200000,1.400000,1.399959,0.952696,0.898129,2.000481,2.007349,1.999949,0.737970,0.738035,0.736718,0.737994,0.738021,0.736706
2299.5,1.200000,1.400000,1.399959,0.952700,0.898117,2.000477,2.007327,1.999938,0.737970,0.738034,0.736718,0.737995,0.738020,0.736710
2300.0,1.200000,1.400000,1.399959,0.952703,0.898107,2.000472,2.007306,1.999926,0.737971,0.738034,0.736719,0.737996,0.738020,0.736714
2300.5,1.200000,1.400000,1.399959,0.952707,0.898097,2.000468,2.007284,1.999915,0.737972,0.738033,0.736719,0.737997,0.738020,0.736718
2301.0,1.200000,1.400000,1.399960,0.952710,0.898087,2.000464,2.007263,1.999904,0.737973,0.738033,0.736719,0.737998,0.738019,0.736722
2301.5,1.200000,1.400000,1.399960,0.952714,0.898077,2.000460,2.007242,1.999892,0.737974,0.738032,0.736720,0.737999,0.738019,0.736727
2302.0,1.200000,1.400000,1.399960,0.952717,0.898068,2.000456,2.007220,1.999881,0.737975,0.738032,0.736721,0.738000,0.738019,0.736733
2302.5,1.200000,1.400000,1.399960,0.952721,0.898060,2.000452,2.007199,1.999869,0.737976,0.738031,0.736723,0.738001,0.738018,0.736740
2303.0,1.200000,1.400000,1.399960,0.952724,0.898052,2.000447,2.007178,1.999858,0.737977,0.738031,0.736725,0.738002,0.738018,0.736747
2303.5,1.200000,1.400000,1.399960,0.952727,0.898044,2.000443,2.007157,1.999846,0.737978,0.738031,0.736727,0.738003,0.738018,0.736756
2304.0,1.200000,1.400000,1.399961,0.952731,0.898036,2.000439,2.007136,1.999835,0.737979,0.738030,0.736730,0.738004,0.738018,0.736767
2304.5,1.200000,1.400000,1.399961,0.952734,0.898029,2.000435,2.007114,1.999823,0.737980,0.738030,0.736733,0.738005,0.738017,0.736779
2305.0,1.200000,1.400000,1.399961,0.952738,0.898022,2.000431,2.007093,1.999811,0.737981,0.738029,0.736737,0.738006,0.738017,0.736791
2305.5,1.200000,1.400000,1.399961,0.952741,0.898015,2.000427,2.007072,1.999799,0.737982,0.738029,0.736741,0.738007,0.738017,0.736804
2306.0,1.200000,1.400000,1.399961,0.952745,0.898009,2.000423,2.007051,1.999787,0.737983,0.738028,0.736745,0.738008,0.738016,0.736817
2306.5,1.200000,1.400000,1.399961,0.952748,0.898003,2.000419,2.007030,1.999774,0.737984,0.738028,0.736750,0.738009,0.738016,0.736830
2307.0,1.200000,1.400000,1.399961,0.952751,0.897997,2.000415,2.007010,1.999762,0.737985,0.738028,0.736755,0.738010,0.738016,0.736843
2307.5,1.200000,1.400000,1.399962,0.952755,0.897991,2.000411,2.006989,1.999749,0.737986,0.738027,0.736760,0.738011,0.738016,0.736856
2308.0,1.200000,1.400000,1.399962,0.952758,0.897986,2.000407,2.006968,1.999736,0.737987,0.738027,0.736765,0.738012,0.738015,0.736868
2308.5,1.200000,1.400000,1.399962,0.952762,0.897981,2.000403,2.006947,1.999723,0.737987,0.738026,0.736770,0.738013,0.738015,0.736880
2309.0,1.200000,1.400000,1.399962,0.952765,0.897976,2.000399,2.006926,1.999710,0.737988,0.738026,0.736775,0.738014,0.738015,0.736891
2309.5,1.200000,1.400000,1.399962,0.952769,0.897971,2.000395,2.006906,1.999697,0.737989,0.738026,0.736780,0.738015,0.738015,0.736901
2310.0,1.200000,1.400000,1.399962,0.952772,0.897966,2.000391,2.006885,1.999684,0.737990,0.738025,0.736785,0.738016,0.738014,0.736911
2310.5,1.200000,1.400000,1.399963,0.952775,0.897962,2.000387,2.006864,1.999670,0.737991,0.738025,0.736791,0.738017,0.738014,0.736921
2311.0,1.200000,1.400000,1.399963,0.952779,0.897958,2.000383,2.006844,1.999656,0.737992,0.738024,0.736796,0.738018,0.738014,0.736930
2311.5,1.200000,1.400000,1.399963,0.952782,0.897954,2.000379,2.006823,1.999643,0.737993,0.738024,0.736801,0.738019,0.738014,0.736938
2312.0,1.200000,1.400000,1.399963,0.952786,0.897950,2.000375,2.006803,1.999629,0.737994,0.738024,0.736807,0.738020,0.738014,0.736946
2312.5,1.200000,1.400000,1.399963,0.952789,0.897946,2.000371,2.006782,1.999615,0.737995,0.738023,0.736812,0.738021,0.738013,0.736953
2313.0,1.200000,1.400000,1.399963,0.952792,0.897943,2.000367,2.006762,1.999601,0.737996,0.738023,0.736817,0.738022,0.738013,0.736960
2313.5,1.200000,1.400000,1.399964,0.952796,0.897939,2.000363,2.006741,1.999587,0.737997,0.738023,0.736822,0.738023,0.738013,0.736967
2314.0,1.200000,1.400000,1.399964,0.952799,0.897936,2.000359,2.006721,1.999573,0.737998,0.738022,0.736828,0.738024,0.738013,0.736973
2314.5,1.200000,1.400000,1.399964,0.952803,0.897933,2.000355,2.006701,1.999558,0.737999,0.738022,0.736833,0.738025,0.738013,0.736978
2315.0,1.200000,1.400000,1.399964,0.952806,0.897930,2.000351,2.006681,1.999544,0.738000,0.738022,0.736838,0.738026,0.738012,0.736984
2315.5,1.200000,1.400000,1.399964,0.952810,0.897927,2.000348,2.006660,1.999529,0.738001,0.738021,0.736843,0.738027,0.738012,0.736989
2316.0,1.200000,1.400000,1.399964,0.952813,0.897924,2.000344,2.006640,1.999515,0.738002,0.738021,0.736848,0.738028,0.738012,0.736994
2316.5,1.200000,1.400000,1.399964,0.952816,0.897922,2.000340,2.006620,1.999500,0.738003,0.738021,0.736853,0.738029,0.738012,0.736998
2317.0,1.200000,1.400000,1.399965,0.952820,0.897919,2.000336,2.006600,1.999486,0.738004,0.738020,0.736858,0.738030,0.738012,0.737003
2317.5,1.200000,1.400000,1.399965,0.952823,0.897917,2.000332,2.006580,1.999471,0.738005,0.738020,0.736863,0.738031,0.738012,0.737007
2318.0,1.200000,1.400000,1.399965,0.952827,0.897915,2.000328,2.006560,1.999457,0.738006,0.738020,0.736868,0.738032,0.738012,0.737011
2318.5,1.200000,1.400000,1.399965,0.952830,0.897912,2.000325,2.006540,1.999442,0.738007,0.738020,0.736873,0.738033,0.738011,0.737015
2319.0,1.200000,1.400000,1.399965,0.952833,0.897910,2.000321,2.006520,1.999427,0.738008,0.738019,0.736877,0.738034,0.738011,0.737019
2319.5,1.200000,1.400000,1.399965,0.952837,0.897908,2.000317,2.006500,1.999413,0.738009,0.738019,0.736882,0.738035,0.738011,0.737022
2320.0,1.200000,1.400000,1.399965,0.952840,0.897906,2.000313,2.006480,1.999398,0.738010,0.738019,0.736887,0.738036,0.738011,0.737026
2320.5,1.200000,1.400000,1.399966,0.952844,0.897904,2.000310,2.006460,1.999383,0.738011,0.738018,0.736892,0.738037,0.738011,0.737030
2321.0,1.200000,1.400000,1.399966,0.952847,0.897903,2.000306,2.006440,1.999368,0.738012,0.738018,0.736896,0.738038,0.738011,0.737033
2321.5,1.200000,1.400000,1.399966,0.952850,0.897901,2.000302,2.006421,1.999354,0.738013,0.738018,0.736901,0.738039,0.738011,0.737037
2322.0,1.200000,1.400000,1.399966,0.952854,0.897899,2.000298,2.006401,1.999339,0.738014,0.738018,0.736906,0.738040,0.738010,0.737040
2322.5,1.200000,1.400000,1.399966,0.952857,0.897898,2.000295,2.006381,1.999324,0.738015,0.738017,0.736910,0.738041,0.738010,0.737044
2323.0,1.200000,1.400000,1.399966,0.952861,0.897896,2.000291,2.006362,1.999309,0.738016,0.738017,0.736915,0.738042,0.738010,0.737047
2323.5,1.200000,1.400000,1.399966,0.952864,0.897895,2.000287,2.006342,1.999294,0.738017,0.738017,0.736920,0.738043,0.738010,0.737051
2324.0,1.200000,1.400000,1.399967,0.952867,0.897893,2.000284,2.006322,1.999280,0.738018,0.738017,0.736924,0.738044,0.738010,0.737054
2324.5,1.200000,1.400000,1.399967,0.952871,0.897892,2.000280,2.006303,1.999265,0.738019,0.738017,0.736929,0.738045,0.738010,0.737058
2325.0,1.200000,1.400000,1.399967,0.952874,0.897891,2.000276,2.006283,1.999250,0.738020,0.738016,0.736933,0.738046,0.738010,0.737061
2325.5,1.200000,1.400000,1.399967,0.952878,0.897890,2.000273,2.006264,1.999236,0.738021,0.738016,0.736938,0.738047,0.738010,0.737065
2326.0,1.200000,1.400000,1.399967,0.952881,0.897888,2.000269,2.006244,1.999221,0.738022,0.738016,0.736942,0.738048,0.738010,0.737069
2326.5,1.200000,1.400000,1.399967,0.952884,0.897887,2.000265,2.006225,1.999206,0.738023,0.738016,0.736947,0.738049,0.738010,0.737072
2327.0,1.200000,1.400000,1.399967,0.952888,0.897886,2.000262,2.006206,1.999192,0.738024,0.738016,0.736951,0.738050,0.738010,0.737076
2327.5,1.200000,1.400000,1.399968,0.952891,0.897885,2.000258,2.006186,1.999177,0.738025,0.738015,0.736956,0.738051,0.738010,0.737080
2328.0,1.200000,1.400000,1.399968,0.952895,0.897884,2.000255,2.006167,1.999162,0.738026,0.738015,0.736960,0.738052,0.738009,0.737083
2328.5,1.200000,1.400000,1.399968,0.952898,0.897883,2.000251,2.006148,1.999148,0.738027,0.738015,0.736965,0.738053,0.738009,0.737087
2329.0,1.200000,1.400000,1.399968,0.952901,0.897882,2.000247,2.006129,1.999133,0.738028,0.738015,0.736969,0.738054,0.738009,0.737091
2329.5,1.200000,1.400000,1.399968,0.952905,0.897861,2.000244,2.006110,1.999119,0.738029,0.738015,0.736968,0.738055,0.738009,0.737072
2330.0,1.200000,1.400000,1.399968,0.952908,0.897841,2.000240,2.006091,1.999104,0.738030,0.738014,0.736968,0.738056,0.738009,0.737055
2330.5,1.200000,1.400000,1.399968,0.952911,0.897821,2.000237,2.006071,1.999090,0.738031,0.738014,0.736967,0.738057,0.738009,0.737041
2331.0,1.200000,1.400000,1.399968,0.952915,0.897802,2.000233,2.006052,1.999076,0.738032,0.738014,0.736967,0.738058,0.738009,0.737030
2331.5,1.200000,1.400000,1.399969,0.952918,0.897784,2.000230,2.006033,1.999061,0.738033,0.738014,0.736967,0.738059,0.738009,0.737020
2332.0,1.200000,1.400000,1.399969,0.952922,0.897767,2.000226,2.006014,1.999047,0.738034,0.738014,0.736967,0.738060,0.738009,0.737012
2332.5,1.200000,1.400000,1.399969,0.952925,0.897751,2.000223,2.005996,1.999033,0.738035,0.738014,0.736967,0.738061,0.738009,0.737005
2333.0,1.200000,1.400000,1.399969,0.952928,0.897735,2.000219,2.005977,1.999019,0.738036,0.738013,0.736967,0.738062,0.738009,0.737000
2333.5,1.200000,1.400000,1.399969,0.952932,0.897720,2.000216,2.005958,1.999004,0.738037,0.738013,0.736968,0.738063,0.738009,0.736997
2334.0,1.200000,1.400000,1.399969,0.952935,0.897705,2.000212,2.005939,1.998990,0.738038,0.738013,0.736968,0.738064,0.738009,0.736994
2334.5,1.200000,1.400000,1.399969,0.952938,0.897691,2.000209,2.005920,1.998976,0.738039,0.738013,0.736969,0.738065,0.738009,0.736992
2335.0,1.200000,1.400000,1.399970,0.952942,0.897678,2.000206,2.005902,1.998962,0.738040,0.738013,0.736970,0.738066,0.738009,0.736991
2335.5,1.200000,1.400000,1.399970,0.952945,0.897665,2.000202,2.005883,1.998948,0.738041,0.738013,0.736971,0.738067,0.738009,0.736991
2336.0,1.200000,1.400000,1.399970,0.952949,0.897653,2.000199,2.005864,1.998934,0.738042,0.738013,0.736972,0.738069,0.738009,0.736991
2336.5,1.200000,1.400000,1.399970,0.952952,0.897641,2.000195,2.005846,1.998921,0.738043,0.738013,0.736973,0.738070,0.738009,0.736992
2337.0,1.200000,1.400000,1.399970,0.952955,0.897630,2.000192,2.005827,1.998907,0.738044,0.738013,0.736974,0.738071,0.738009,0.736993
2337.5,1.200000,1.400000,1.399970,0.952959,0.897619,2.000189,2.005808,1.998893,0.738045,0.738012,0.736975,0.738072,0.738009,0.736994
2338.0,1.200000,1.400000,1.399970,0.952962,0.897609,2.000185,2.005790,1.998880,0.738046,0.738012,0.736976,0.738073,0.738009,0.736996
2338.5,1.200000,1.400000,1.399970,0.952965,0.897599,2.000182,2.005771,1.998866,0.738047,0.738012,0.736978,0.738074,0.738009,0.736998
2339.0,1.200000,1.400000,1.399971,0.952969,0.897590,2.000178,2.005753,1.998853,0.738048,0.738012,0.736979,0.738075,0.738009,0.737000
2339.5,1.200000,1.400000,1.399971,0.952972,0.897580,2.000175,2.005735,1.998839,0.738049,0.738012,0.736980,0.738076,0.738009,0.737003
2340.0,1.200000,1.400000,1.399971,0.952975,0.897572,2.000172,2.005716,1.998826,0.738050,0.738012,0.736982,0.738077,0.738009,0.737006
2340.5,1.200000,1.400000,1.399971,0.952979,0.897563,2.000168,2.005698,1.998813,0.738051,0.738012,0.736983,0.738078,0.738009,0.737009
2341.0,1.200000,1.400000,1.399971,0.952982,0.897555,2.000165,2.005680,1.998800,0.738052,0.738012,0.736985,0.738079,0.738009,0.737012
2341.5,1.200000,1.400000,1.399971,0.952985,0.897548,2.000162,2.005661,1.998787,0.738053,0.738012,0.736986,0.738080,0.738010,0.737015
2342.0,1.200000,1.400000,1.399971,0.952989,0.897540,2.000159,2.005643,1.998774,0.738054,0.738012,0.736988,0.738081,0.738010,0.737018
2342.5,1.200000,1.400000,1.399971,0.952992,0.897533,2.000155,2.005625,1.998761,0.738055,0.738012,0.736990,0.738082,0.738010,0.737021
2343.0,1.200000,1.400000,1.399971,0.952995,0.897527,2.000152,2.005607,1.998748,0.738056,0.738012,0.736992,0.738083,0.738010,0.737025
2343.5,1.200000,1.400000,1.399972,0.952999,0.897520,2.000149,2.005589,1.998736,0.738057,0.738012,0.736993,0.738084,0.738010,0.737028
2344.0,1.200000,1.400000,1.399972,0.953002,0.897514,2.000146,2.005571,1.998723,0.738058,0.738012,0.736995,0.738085,0.738010,0.737032
2344.5,1.200000,1.400000,1.399972,0.953005,0.897508,2.000142,2.005553,1.998711,0.738059,0.738011,0.736997,0.738086,0.738010,0.737036
2345.0,1.200000,1.400000,1.399972,0.953009,0.897502,2.000139,2.005535,1.998698,0.738060,0.738011,0.736999,0.738087,0.738010,0.737040
2345.5,1.200000,1.400000,1.399972,0.953012,0.897497,2.000136,2.005517,1.998686,0.738061,0.738011,0.737001,0.738088,0.738010,0.737043
2346.0,1.200000,1.400000,1.399972,0.953015,0.897492,2.000133,2.005499,1.998674,0.738062,0.738011,0.737003,0.738089,0.738010,0.737047
2346.5,1.200000,1.400000,1.399972,0.953019,0.897487,2.000129,2.005481,1.998662,0.738063,0.738011,0.737005,0.738090,0.738010,0.737051
2347.0,1.200000,1.400000,1.399972,0.953022,0.897482,2.000126,2.005463,1.998650,0.738064,0.738011,0.737008,0.738091,0.738010,0.737055
2347.5,1.200000,1.400000,1.399973,0.953025,0.897477,2.000123,2.005445,1.998638,0.738065,0.738011,0.737010,0.738092,0.738010,0.737059
2348.0,1.200000,1.400000,1.399973,0.953028,0.897473,2.000120,2.005428,1.998626,0.738066,0.738011,0.737012,0.738093,0.738011,0.737063
2348.5,1.200000,1.400000,1.399973,0.953032,0.897469,2.000117,2.005410,1.998614,0.738067,0.738011,0.737014,0.738094,0.738011,0.737067
2349.0,1.200000,1.400000,1.399973,0.953035,0.897464,2.000114,2.005392,1.998603,0.738068,0.738011,0.737017,0.738095,0.738011,0.737071
2349.5,1.200000,1.400000,1.399973,0.953038,0.897461,2.000111,2.005375,1.998591,0.738069,0.738011,0.737019,0.738096,0.738011,0.737075
2350.0,1.200000,1.400000,1.399973,0.953042,0.897457,2.000107,2.005357,1.998579,0.738070,0.738011,0.737022,0.738097,0.738011,0.737079
2350.5,1.200000,1.400000,1.399973,0.953045,0.897453,2.000104,2.005339,1.998568,0.738071,0.738011,0.737024,0.738098,0.738011,0.737083
2351.0,1.200000,1.400000,1.399973,0.953048,0.897488,2.000101,2.005322,1.998557,0.738072,0.738011,0.737037,0.738099,0.738011,0.737130
2351.5,1.200000,1.400000,1.399973,0.953052,0.897521,2.000098,2.005304,1.998545,0.738073,0.738011,0.737049,0.738100,0.738011,0.737171
2352.0,1.200000,1.400000,1.399974,0.953055,0.897553,2.000095,2.005287,1.998534,0.738074,0.738011,0.737060,0.738101,0.738012,0.737208
2352.5,1.200000,1.400000,1.399974,0.953058,0.897583,2.000092,2.005270,1.998523,0.738075,0.738011,0.737072,0.738102,0.738012,0.737241
2353.0,1.200000,1.400000,1.399974,0.953061,0.897613,2.000089,2.005252,1.998512,0.738076,0.738011,0.737083,0.738104,0.738012,0.737271
2353.5,1.200000,1.400000,1.399974,0.953065,0.897641,2.000086,2.005235,1.998501,0.738077,0.738011,0.737093,0.738105,0.738012,0.737297
2354.0,1.200000,1.400000,1.399974,0.953068,0.897667,2.000083,2.005217,1.998490,0.738078,0.738012,0.737104,0.738106,0.738012,0.737319
2354.5,1.200000,1.400000,1.399974,0.953071,0.897693,2.000080,2.005200,1.998479,0.738079,0.738012,0.737114,0.738107,0.738012,0.737340
2355.0,1.200000,1.400000,1.399974,0.953075,0.897718,2.000077,2.005183,1.998469,0.738080,0.738012,0.737124,0.738108,0.738012,0.737357
2355.5,1.200000,1.400000,1.399974,0.953078,0.897741,2.000074,2.005166,1.998458,0.738081,0.738012,0.737133,0.738109,0.738013,0.737373
2356.0,1.200000,1.400000,1.399974,0.953081,0.897764,2.000071,2.005149,1.998447,0.738082,0.738012,0.737143,0.738110,0.738013,0.737387
2356.5,1.200000,1.400000,1.399975,0.953084,0.897786,2.000068,2.005131,1.998437,0.738083,0.738012,0.737152,0.738111,0.738013,0.737398
2357.0,1.200000,1.400000,1.399975,0.953088,0.897806,2.000065,2.005114,1.998426,0.738084,0.738012,0.737160,0.738112,0.738013,0.737409
2357.5,1.200000,1.400000,1.399975,0.953091,0.897826,2.000062,2.005097,1.998416,0.738085,0.738012,0.737169,0.738113,0.738013,0.737418
2358.0,1.200000,1.400000,1.399975,0.953094,0.897845,2.000059,2.005080,1.998406,0.738087,0.738012,0.737177,0.738114,0.738013,0.737425
2358.5,1.200000,1.400000,1.399975,0.953097,0.897864,2.000056,2.005063,1.998396,0.738088,0.738012,0.737185,0.738115,0.738014,0.737432
2359.0,1.200000,1.400000,1.399975,0.953101,0.897881,2.000053,2.005046,1.998385,0.738089,0.738012,0.737193,0.738116,0.738014,0.737438
2359.5,1.200000,1.400000,1.399975,0.953104,0.897898,2.000050,2.005029,1.998375,0.738090,0.738012,0.737201,0.738117,0.738014,0.737443
2360.0,1.200000,1.400000,1.399975,0.953107,0.897914,2.000047,2.005013,1.998365,0.738091,0.738012,0.737209,0.738118,0.738014,0.737448
2360.5,1.200000,1.400000,1.399975,0.953110,0.897929,2.000044,2.004996,1.998355,0.738092,0.738012,0.737217,0.738119,0.738014,0.737452
2361.0,1.200000,1.400000,1.399975,0.953114,0.897944,2.000041,2.004979,1.998345,0.738093,0.738012,0.737224,0.738120,0.738015,0.737457
2361.5,1.200000,1.400000,1.399976,0.953117,0.897958,2.000039,2.004962,1.998335,0.738094,0.738013,0.737232,0.738121,0.738015,0.737462
2362.0,1.200000,1.400000,1.399976,0.953120,0.897972,2.000036,2.004945,1.998325,0.738095,0.738013,0.737239,0.738122,0.738015,0.737466
2362.5,1.200000,1.400000,1.399976,0.953123,0.897985,2.000033,2.004929,1.998316,0.738096,0.738013,0.737246,0.738123,0.738015,0.737470
2363.0,1.200000,1.400000,1.399976,0.953127,0.897997,2.000030,2.004912,1.998306,0.738097,0.738013,0.737254,0.738124,0.738015,0.737474
2363.5,1.200000,1.400000,1.399976,0.953130,0.898009,2.000027,2.004895,1.998296,0.738098,0.738013,0.737261,0.738125,0.738016,0.737478
2364.0,1.200000,1.400000,1.399976,0.953133,0.898021,2.000024,2.004879,1.998286,0.738099,0.738013,0.737268,0.738126,0.738016,0.737482
2364.5,1.200000,1.400000,1.399976,0.953136,0.898032,2.000021,2.004862,1.998276,0.738100,0.738013,0.737275,0.738127,0.738016,0.737485
2365.0,1.200000,1.400000,1.399976,0.953139,0.898042,2.000019,2.004846,1.998267,0.738101,0.738013,0.737282,0.738128,0.738016,0.737489
2365.5,1.200000,1.400000,1.399976,0.953143,0.898052,2.000016,2.004829,1.998257,0.738102,0.738013,0.737288,0.738129,0.738016,0.737492
2366.0,1.200000,1.400000,1.399976,0.953146,0.898062,2.000013,2.004813,1.998247,0.738103,0.738014,0.737295,0.738130,0.738017,0.737495
2366.5,1.200000,1.400000,1.399977,0.953149,0.898071,2.000010,2.004796,1.998238,0.738104,0.738014,0.737301,0.738131,0.738017,0.737498
2367.0,1.200000,1.400000,1.399977,0.953152,0.898080,2.000008,2.004780,1.998228,0.738105,0.738014,0.737308,0.738132,0.738017,0.737501
2367.5,1.200000,1.400000,1.399977,0.953155,0.898089,2.000005,2.004764,1.998218,0.738106,0.738014,0.737314,0.738133,0.738017,0.737504
2368.0,1.200000,1.400000,1.399977,0.953159,0.898097,2.000002,2.004747,1.998209,0.738107,0.738014,0.737320,0.738134,0.738018,0.737507
2368.5,1.200000,1.400000,1.399977,0.953162,0.898105,1.999999,2.004731,1.998199,0.738108,0.738014,0.737327,0.738135,0.738018,0.737510
2369.0,1.200000,1.400000,1.399977,0.953165,0.898112,1.999997,2.004715,1.998190,0.738109,0.738014,0.737333,0.738136,0.738018,0.737513
2369.5,1.200000,1.400000,1.399977,0.953168,0.898119,1.999994,2.004698,1.998180,0.738110,0.738015,0.737339,0.738137,0.738018,0.737515
2370.0,1.200000,1.400000,1.399977,0.953171,0.898126,1.999991,2.004682,1.998171,0.738111,0.738015,0.737344,0.738139,0.738019,0.737518
2370.5,1.200000,1.400000,1.399977,0.953175,0.898133,1.999988,2.004666,1.998161,0.738112,0.738015,0.737350,0.738140,0.738019,0.737521
2371.0,1.200000,1.400000,1.399977,0.953178,0.898139,1.999986,2.004650,1.998152,0.738113,0.738015,0.737356,0.738141,0.738019,0.737524
2371.5,1.200000,1.400000,1.399978,0.953181,0.898145,1.999983,2.004634,1.998142,0.738114,0.738015,0.737362,0.738142,0.738019,0.737526
2372.0,1.200000,1.400000,1.399978,0.953184,0.898151,1.999980,2.004618,1.998133,0.738115,0.738015,0.737367,0.738143,0.738020,0.737529
2372.5,1.200000,1.400000,1.399978,0.953187,0.898156,1.999978,2.004602,1.998124,0.738116,0.738016,0.737373,0.738144,0.738020,0.737532
2373.0,1.200000,1.400000,1.399978,0.953190,0.898162,1.999975,2.004586,1.998114,0.738117,0.738016,0.737378,0.738145,0.738020,0.737534
2373.5,1.200000,1.400000,1.399978,0.953194,0.898167,1.999972,2.004570,1.998105,0.738118,0.738016,0.737383,0.738146,0.738020,0.737537
2374.0,1.200000,1.400000,1.399978,0.953197,0.898172,1.999970,2.004554,1.998096,0.738119,0.738016,0.737389,0.738147,0.738021,0.737540
2374.5,1.200000,1.400000,1.399978,0.953200,0.898176,1.999967,2.004538,1.998087,0.738120,0.738016,0.737394,0.738148,0.738021,0.737543
2375.0,1.200000,1.400000,1.399978,0.953203,0.898181,1.999965,2.004523,1.998077,0.738121,0.738017,0.737399,0.738149,0.738021,0.737546
2375.5,1.200000,1.400000,1.399978,0.953206,0.898185,1.999962,2.004507,1.998068,0.738122,0.738017,0.737404,0.738150,0.738022,0.737548
2376.0,1.200000,1.400000,1.399978,0.953209,0.898189,1.999959,2.004491,1.998059,0.738123,0.738017,0.737409,0.738151,0.738022,0.737551
2376.5,1.200000,1.400000,1.399978,0.953212,0.898193,1.999957,2.004475,1.998050,0.738124,0.738017,0.737414,0.738152,0.738022,0.737554
2377.0,1.200000,1.400000,1.399979,0.953216,0.898197,1.999954,2.004460,1.998041,0.738125,0.738017,0.737419,0.738153,0.738022,0.737557
2377.5,1.200000,1.400000,1.399979,0.953219,0.898201,1.999952,2.004444,1.998032,0.738127,0.738018,0.737424,0.738154,0.738023,0.737560
2378.0,1.200000,1.400000,1.399979,0.953222,0.898204,1.999949,2.004428,1.998023,0.738128,0.738018,0.737428,0.738155,0.738023,0.737563
2378.5,1.200000,1.400000,1.399979,0.953225,0.898208,1.999947,2.004413,1.998014,0.738129,0.738018,0.737433,0.738156,0.738023,0.737566
2379.0,1.200000,1.400000,1.399979,0.953228,0.898211,1.999944,2.004397,1.998005,0.738130,0.738018,0.737438,0.738157,0.738024,0.737569
2379.5,1.200000,1.400000,1.399979,0.953231,0.898214,1.999942,2.004382,1.997996,0.738131,0.738018,0.737442,0.738158,0.738024,0.737572
2380.0,1.200000,1.400000,1.399979,0.953234,0.898217,1.999939,2.004366,1.997987,0.738132,0.738019,0.737447,0.738159,0.738024,0.737575
2380.5,1.200000,1.400000,1.399979,0.953237,0.898220,1.999936,2.004351,1.997979,0.738133,0.738019,0.737451,0.738160,0.738025,0.737578
2381.0,1.200000,1.400000,1.399979,0.953241,0.898222,1.999934,2.004335,1.997970,0.738134,0.738019,0.737456,0.738161,0.738025,0.737581
2381.5,1.200000,1.400000,1.399979,0.953244,0.898225,1.999932,2.004320,1.997961,0.738135,0.738019,0.737460,0.738162,0.738025,0.737582
2382.0,1.200000,1.400000,1.399979,0.953247,0.898227,1.999929,2.004305,1.997953,0.738136,0.738020,0.737464,0.738163,0.738026,0.737584
2382.5,1.200000,1.400000,1.399980,0.953250,0.898230,1.999927,2.004289,1.997944,0.738137,0.738020,0.737468,0.738164,0.738026,0.737584
2383.0,1.200000,1.400000,1.399980,0.953253,0.898232,1.999924,2.004274,1.997936,0.738138,0.738020,0.737471,0.738165,0.738026,0.737584
2383.5,1.200000,1.400000,1.399980,0.953256,0.898234,1.999922,2.004259,1.997928,0.738139,0.738020,0.737475,0.738166,0.738027,0.737583
2384.0,1.200000,1.400000,1.399980,0.953259,0.898236,1.999919,2.004244,1.997920,0.738140,0.738021,0.737478,0.738167,0.738027,0.737583
2384.5,1.200000,1.400000,1.399980,0.953262,0.898238,1.999917,2.004228,1.997911,0.738141,0.738021,0.737481,0.738168,0.738027,0.737582
2385.0,1.200000,1.400000,1.399980,0.953265,0.898240,1.999914,2.004213,1.997904,0.738142,0.738021,0.737484,0.738169,0.738028,0.737581
2385.5,1.200000,1.400000,1.399980,0.953268,0.898242,1.999912,2.004198,1.997896,0.738143,0.738021,0.737487,0.738170,0.738028,0.737580
2386.0,1.200000,1.400000,1.399980,0.953271,0.898244,1.999910,2.004183,1.997888,0.738144,0.738022,0.737489,0.738171,0.738028,0.737580
2386.5,1.200000,1.400000,1.399980,0.953274,0.898245,1.999907,2.004168,1.997881,0.738145,0.738022,0.737492,0.738172,0.738029,0.737579
2387.0,1.200000,1.400000,1.399980,0.953278,0.898247,1.999905,2.004153,1.997873,0.738146,0.738022,0.737495,0.738173,0.738029,0.737579
2387.5,1.200000,1.400000,1.399980,0.953281,0.898249,1.999902,2.004138,1.997866,0.738147,0.738022,0.737497,0.738174,0.738029,0.737578
2388.0,1.200000,1.400000,1.399980,0.953284,0.898250,1.999900,2.004123,1.997859,0.738148,0.738023,0.737500,0.738175,0.738030,0.737578
2388.5,1.200000,1.400000,1.399981,0.953287,0.898251,1.999898,2.004108,1.997852,0.738149,0.738023,0.737502,0.738176,0.738030,0.737578
2389.0,1.200000,1.400000,1.399981,0.953290,0.898253,1.999895,2.004093,1.997845,0.738150,0.738023,0.737505,0.738177,0.738030,0.737579
2389.5,1.200000,1.400000,1.399981,0.953293,0.898254,1.999893,2.004079,1.997838,0.738151,0.738024,0.737507,0.738178,0.738031,0.737579
2390.0,1.200000,1.400000,1.399981,0.953296,0.898255,1.999891,2.004064,1.997831,0.738152,0.738024,0.737510,0.738179,0.738031,0.737580
2390.5,1.200000,1.400000,1.399981,0.953299,0.898257,1.999888,2.004049,1.997825,0.738153,0.738024,0.737512,0.738180,0.738031,0.737581
2391.0,1.200000,1.400000,1.399981,0.953302,0.898258,1.999886,2.004034,1.997818,0.738154,0.738024,0.737515,0.738181,0.738032,0.737582
2391.5,1.200000,1.400000,1.399981,0.953305,0.898259,1.999884,2.004020,1.997812,0.738155,0.738025,0.737517,0.738182,0.738032,0.737584
2392.0,1.200000,1.400000,1.399981,0.953308,0.898260,1.999882,2.004005,1.997805,0.738156,0.738025,0.737520,0.738183,0.738033,0.737585
2392.5,1.200000,1.400000,1.399981,0.953311,0.898261,1.999879,2.003990,1.997799,0.738157,0.738025,0.737522,0.738184,0.738033,0.737587
2393.0,1.200000,1.400000,1.399981,0.953314,0.898262,1.999877,2.003976,1.997793,0.738158,0.738026,0.737524,0.738185,0.738033,0.737588
2393.5,1.200000,1.400000,1.399981,0.953317,0.898263,1.999875,2.003961,1.997787,0.738159,0.738026,0.737527,0.738186,0.738034,0.737590
2394.0,1.200000,1.400000,1.399981,0.953320,0.898264,1.999872,2.003947,1.997781,0.738160,0.738026,0.737529,0.738187,0.738034,0.737592
2394.5,1.200000,1.400000,1.399981,0.953323,0.898265,1.999870,2.003932,1.997775,0.738161,0.738026,0.737532,0.738188,0.738034,0.737594
2395.0,1.200000,1.400000,1.399982,0.953326,0.898265,1.999868,2.003918,1.997770,0.738162,0.738027,0.737534,0.738189,0.738035,0.737596
2395.5,1.200000,1.400000,1.399982,0.953329,0.898266,1.999866,2.003903,1.997764,0.738163,0.738027,0.737536,0.738190,0.738035,0.737598
2396.0,1.200000,1.400000,1.399982,0.953332,0.898267,1.999864,2.003889,1.997759,0.738164,0.738027,0.737539,0.738191,0.738036,0.737601
2396.5,1.200000,1.400000,1.399982,0.953335,0.898268,1.999861,2.003875,1.997753,0.738165,0.738028,0.737541,0.738192,0.738036,0.737603
2397.0,1.200000,1.400000,1.399982,0.953338,0.898268,1.999859,2.003860,1.997748,0.738166,0.738028,0.737544,0.738193,0.738036,0.737605
2397.5,1.200000,1.400000,1.399982,0.953341,0.898269,1.999857,2.003846,1.997743,0.738167,0.738028,0.737546,0.738194,0.738037,0.737608
2398.0,1.200000,1.400000,1.399982,0.953344,0.898270,1.999855,2.003832,1.997738,0.738168,0.738029,0.737549,0.738195,0.738037,0.737610
2398.5,1.200000,1.400000,1.399982,0.953347,0.898270,1.999853,2.003817,1.997732,0.738169,0.738029,0.737551,0.738196,0.738038,0.737612
2399.0,1.200000,1.400000,1.399982,0.953350,0.898271,1.999851,2.003803,1.997727,0.738170,0.738029,0.737553,0.738197,0.738038,0.737615
2399.5,1.200000,1.400000,1.399982,0.953353,0.898271,1.999848,2.003789,1.997723,0.738171,0.738030,0.737556,0.738198,0.738038,0.737617
