time_s,q_in_norm,cod_in_norm,load_disturbance_mgL,do_cascade,do_feedforward_cascade,air_sp_cascade,air_sp_feedforward_cascade,air_flow_cascade,air_flow_feedforward_cascade,blower_u_cascade,blower_u_feedforward_cascade,feedforward_air_base
0.0,1.000000,1.000000,-0.000000,2.000000,2.000000,0.500000,0.500000,0.500000,0.500000,0.500000,0.500000,0.500000
0.5,1.000000,1.000000,-0.000000,2.000000,2.000000,0.500000,0.500000,0.500000,0.500000,0.500000,0.500000,0.500000
1.0,1.000000,1.000000,-0.000000,2.000000,2.000000,0.500000,0.500000,0.500000,0.500000,0.500000,0.500000,0.500000
1.5,1.000000,1.000000,-0.000000,2.000000,2.000000,0.500000,0.500000,0.500000,0.500000,0.500000,0.500000,0.500000
2.0,1.000000,1.000000,-0.000000,2.000000,2.000000,0.500000,0.500000,0.500000,0.500000,0.500000,0.500000,0.500000
2.5,1.000000,1.000000,-0.000000,2.000000,2.000000,0.500000,0.500000,0.500000,0.500000,0.500000,0.500000,0.500000
3.0,1.000000,1.000000,-0.000000,2.000000,2.000000,0.500000,0.500000,0.500000,0.500000,0.500000,0.500000,0.500000
3.5,1.000000,1.000000,-0.000000,2.000000,2.000000,0.500000,0.500000,0.500000,0.500000,0.500000,0.500000,0.500000
4.0,1.000000,1.000000,-0.000000,2.000000,2.000000,0.500000,0.500000,0.500000,0.500000,0.500000,0.500000,0.500000
4.5,1.000000,1.000000,-0.000000,2.000000,2.000000,0.500000,0.500000,0.500000,0.500000,0.500000,0.500000,0.500000
5.0,1.000000,1.000000,-0.000000,2.000000,2.000000,0.500000,0.500000,0.500000,0.500000,0.500000,0.500000,0.500000
5.5,1.000000,1.000000,-0.000000,2.000000,2.000000,0.500000,0.500000,0.500000,0.500000,0.500000,0.500000,0.500000
6.0,1.000000,1.000000,-0.000000,2.000000,2.000000,0.500000,0.500000,0.500000,0.500000,0.500000,0.500000,0.500000
6.5,1.000000,1.000000,-0.000000,2.000000,2.000000,0.500000,0.500000,0.500000,0.500000,0.500000,0.500000,0.500000
7.0,1.000000,1.000000,-0.000000,2.000000,2.000000,0.500000,0.500000,0.500000,0.500000,0.500000,0.500000,0.500000
7.5,1.000000,1.000000,-0.000000,2.000000,2.000000,0.500000,0.500000,0.500000,0.500000,0.500000,0.500000,0.500000
8.0,1.000000,1.000000,-0.000000,2.000000,2.000000,0.500000,0.500000,0.500000,0.500000,0.500000,0.500000,0.500000
8.5,1.000000,1.000000,-0.000000,2.000000,2.000000,0.500000,0.500000,0.500000,0.500000,0.500000,0.500000,0.500000
9.0,1.000000,1.000000,-0.000000,2.000000,2.000000,0.500000,0.500000,0.500000,0.500000,0.500000,0.500000,0.500000
9.5,1.000000,1.000000,-0.000000,2.000000,2.000000,0.500000,0.500000,0.500000,0.500000,0.500000,0.500000,0.500000
10.0,1.000000,1.000000,-0.000000,2.000000,2.000000,0.500000,0.500000,0.500000,0.500000,0.500000,0.500000,0.500000
10.5,1.000000,1.000000,-0.000000,2.000000,2.000000,0.500000,0.500000,0.500000,0.500000,0.500000,0.500000,0.500000
11.0,1.000000,1.000000,-0.000000,2.000000,2.000000,0.500000,0.500000,0.500000,0.500000,0.500000,0.500000,0.500000
11.5,1.000000,1.000000,-0.000000,2.000000,2.000000,0.500000,0.500000,0.500000,0.500000,0.500000,0.500000,0.500000
12.0,1.000000,1.000000,-0.000000,2.000000,2.000000,0.500000,0.500000,0.500000,0.500000,0.500000,0.500000,0.500000
12.5,1.000000,1.000000,-0.000000,2.000000,2.000000,0.500000,0.500000,0.500000,0.500000,0.500000,0.500000,0.500000
13.0,1.000000,1.000000,-0.000000,2.000000,2.000000,0.500000,0.500000,0.500000,0.500000,0.500000,0.500000,0.500000
13.5,1.000000,1.000000,-0.000000,2.000000,2.000000,0.500000,0.500000,0.500000,0.500000,0.500000,0.500000,0.500000
14.0,1.000000,1.000000,-0.000000,2.000000,2.000000,0.500000,0.500000,0.500000,0.500000,0.500000,0.500000,0.500000
14.5,1.000000,1.000000,-0.000000,2.000000,2.000000,0.500000,0.500000,0.500000,0.500000,0.500000,0.500000,0.500000
15.0,1.000000,1.000000,-0.000000,2.000000,2.000000,0.500000,0.500000,0.500000,0.500000,0.500000,0.500000,0.500000
15.5,1.000000,1.000000,-0.000000,2.000000,2.000000,0.500000,0.500000,0.500000,0.500000,0.500000,0.500000,0.500000
16.0,1.000000,1.000000,-0.000000,2.000000,2.000000,0.500000,0.500000,0.500000,0.500000,0.500000,0.500000,0.500000
16.5,1.000000,1.000000,-0.000000,2.000000,2.000000,0.500000,0.500000,0.500000,0.500000,0.500000,0.500000,0.500000
17.0,1.000000,1.000000,-0.000000,2.000000,2.000000,0.500000,0.500000,0.500000,0.500000,0.500000,0.500000,0.500000
17.5,1.000000,1.000000,-0.000000,2.000000,2.000000,0.500000,0.500000,0.500000,0.500000,0.500000,0.500000,0.500000
18.0,1.000000,1.000000,-0.000000,2.000000,2.000000,0.500000,0.500000,0.500000,0.500000,0.500000,0.500000,0.500000
18.5,1.000000,1.000000,-0.000000,2.000000,2.000000,0.500000,0.500000,0.500000,0.500000,0.500000,0.500000,0.500000
19.0,1.000000,1.000000,-0.000000,2.000000,2.000000,0.500000,0.500000,0.500000,0.500000,0.500000,0.500000,0.500000
19.5,1.000000,1.000000,-0.000000,2.000000,2.000000,0.500000,0.500000,0.500000,0.500000,0.500000,0.500000,0.500000
20.0,1.000000,1.000000,-0.000000,2.000000,2.000000,0.500000,0.500000,0.500000,0.500000,0.500000,0.500000,0.500000
20.5,1.000000,1.000000,-0.000000,2.000000,2.000000,0.500000,0.500000,0.500000,0.500000,0.500000,0.500000,0.500000
21.0,1.000000,1.000000,-0.000000,2.000000,2.000000,0.500000,0.500000,0.500000,0.500000,0.500000,0.500000,0.500000
21.5,1.000000,1.000000,-0.000000,2.000000,2.000000,0.500000,0.500000,0.500000,0.500000,0.500000,0.500000,0.500000
22.0,1.000000,1.000000,-0.000000,2.000000,2.000000,0.500000,0.500000,0.500000,0.500000,0.500000,0.500000,0.500000
22.5,1.000000,1.000000,-0.000000,2.000000,2.000000,0.500000,0.500000,0.500000,0.500000,0.500000,0.500000,0.500000
23.0,1.000000,1.000000,-0.000000,2.000000,2.000000,0.500000,0.500000,0.500000,0.500000,0.500000,0.500000,0.500000
23.5,1.000000,1.000000,-0.000000,2.000000,2.000000,0.500000,0.500000,0.500000,0.500000,0.500000,0.500000,0.500000
24.0,1.000000,1.000000,-0.000000,2.000000,2.000000,0.500000,0.500000,0.500000,0.500000,0.500000,0.500000,0.500000
24.5,1.000000,1.000000,-0.000000,2.000000,2.000000,0.500000,0.500000,0.500000,0.500000,0.500000,0.500000,0.500000
25.0,1.000000,1.000000,-0.000000,2.000000,2.000000,0.500000,0.500000,0.500000,0.500000,0.500000,0.500000,0.500000
25.5,1.000000,1.000000,-0.000000,2.000000,2.000000,0.500000,0.500000,0.500000,0.500000,0.500000,0.500000,0.500000
26.0,1.000000,1.000000,-0.000000,2.000000,2.000000,0.500000,0.500000,0.500000,0.500000,0.500000,0.500000,0.500000
26.5,1.000000,1.000000,-0.000000,2.000000,2.000000,0.500000,0.500000,0.500000,0.500000,0.500000,0.500000,0.500000
27.0,1.000000,1.000000,-0.000000,2.000000,2.000000,0.500000,0.500000,0.500000,0.500000,0.500000,0.500000,0.500000
27.5,1.000000,1.000000,-0.000000,2.000000,2.000000,0.500000,0.500000,0.500000,0.500000,0.500000,0.500000,0.500000
28.0,1.000000,1.000000,-0.000000,2.000000,2.000000,0.500000,0.500000,0.500000,0.500000,0.500000,0.500000,0.500000
28.5,1.000000,1.000000,-0.000000,2.000000,2.000000,0.500000,0.500000,0.500000,0.500000,0.500000,0.500000,0.500000
29.0,1.000000,1.000000,-0.000000,2.000000,2.000000,0.500000,0.500000,0.500000,0.500000,0.500000,0.500000,0.500000
29.5,1.000000,1.000000,-0.000000,2.000000,2.000000,0.500000,0.500000,0.500000,0.500000,0.500000,0.500000,0.500000
30.0,1.000000,1.000000,-0.000000,2.000000,2.000000,0.500000,0.500000,0.500000,0.500000,0.500000,0.500000,0.500000
30.5,1.000000,1.000000,-0.000000,2.000000,2.000000,0.500000,0.500000,0.500000,0.500000,0.500000,0.500000,0.500000
31.0,1.000000,1.000000,-0.000000,2.000000,2.000000,0.500000,0.500000,0.500000,0.500000,0.500000,0.500000,0.500000
31.5,1.000000,1.000000,-0.000000,2.000000,2.000000,0.500000,0.500000,0.500000,0.500000,0.500000,0.500000,0.500000
32.0,1.000000,1.000000,-0.000000,2.000000,2.000000,0.500000,0.500000,0.500000,0.500000,0.500000,0.500000,0.500000
32.5,1.000000,1.000000,-0.000000,2.000000,2.000000,0.500000,0.500000,0.500000,0.500000,0.500000,0.500000,0.500000
33.0,1.000000,1.000000,-0.000000,2.000000,2.000000,0.500000,0.500000,0.500000,0.500000,0.500000,0.500000,0.500000
33.5,1.000000,1.000000,-0.000000,2.000000,2.000000,0.500000,0.500000,0.500000,0.500000,0.500000,0.500000,0.500000
34.0,1.000000,1.000000,-0.000000,2.000000,2.000000,0.500000,0.500000,0.500000,0.500000,0.500000,0.500000,0.500000
34.5,1.000000,1.000000,-0.000000,2.000000,2.000000,0.500000,0.500000,0.500000,0.500000,0.500000,0.500000,0.500000
35.0,1.000000,1.000000,-0.000000,2.000000,2.000000,0.500000,0.500000,0.500000,0.500000,0.500000,0.500000,0.500000
35.5,1.000000,1.000000,-0.000000,2.000000,2.000000,0.500000,0.500000,0.500000,0.500000,0.500000,0.500000,0.500000
36.0,1.000000,1.000000,-0.000000,2.000000,2.000000,0.500000,0.500000,0.500000,0.500000,0.500000,0.500000,0.500000
36.5,1.000000,1.000000,-0.000000,2.000000,2.000000,0.500000,0.500000,0.500000,0.500000,0.500000,0.500000,0.500000
37.0,1.000000,1.000000,-0.000000,2.000000,2.000000,0.500000,0.500000,0.500000,0.500000,0.500000,0.500000,0.500000
37.5,1.000000,1.000000,-0.000000,2.000000,2.000000,0.500000,0.500000,0.500000,0.500000,0.500000,0.500000,0.500000
38.0,1.000000,1.000000,-0.000000,2.000000,2.000000,0.500000,0.500000,0.500000,0.500000,0.500000,0.500000,0.500000
38.5,1.000000,1.000000,-0.000000,2.000000,2.000000,0.500000,0.500000,0.500000,0.500000,0.500000,0.500000,0.500000
39.0,1.000000,1.000000,-0.000000,2.000000,2.000000,0.500000,0.500000,0.500000,0.500000,0.500000,0.500000,0.500000
39.5,1.000000,1.000000,-0.000000,2.000000,2.000000,0.500000,0.500000,0.500000,0.500000,0.500000,0.500000,0.500000
40.0,1.000000,1.000000,-0.000000,2.000000,2.000000,0.500000,0.500000,0.500000,0.500000,0.500000,0.500000,0.500000
40.5,1.000000,1.000000,-0.000000,2.000000,2.000000,0.500000,0.500000,0.500000,0.500000,0.500000,0.500000,0.500000
41.0,1.000000,1.000000,-0.000000,2.000000,2.000000,0.500000,0.500000,0.500000,0.500000,0.500000,0.500000,0.500000
41.5,1.000000,1.000000,-0.000000,2.000000,2.000000,0.500000,0.500000,0.500000,0.500000,0.500000,0.500000,0.500000
42.0,1.000000,1.000000,-0.000000,2.000000,2.000000,0.500000,0.500000,0.500000,0.500000,0.500000,0.500000,0.500000
42.5,1.000000,1.000000,-0.000000,2.000000,2.000000,0.500000,0.500000,0.500000,0.500000,0.500000,0.500000,0.500000
43.0,1.000000,1.000000,-0.000000,2.000000,2.000000,0.500000,0.500000,0.500000,0.500000,0.500000,0.500000,0.500000
43.5,1.000000,1.000000,-0.000000,2.000000,2.000000,0.500000,0.500000,0.500000,0.500000,0.500000,0.500000,0.500000
44.0,1.000000,1.000000,-0.000000,2.000000,2.000000,0.500000,0.500000,0.500000,0.500000,0.500000,0.500000,0.500000
44.5,1.000000,1.000000,-0.000000,2.000000,2.000000,0.500000,0.500000,0.500000,0.500000,0.500000,0.500000,0.500000
45.0,1.000000,1.000000,-0.000000,2.000000,2.000000,0.500000,0.500000,0.500000,0.500000,0.500000,0.500000,0.500000
45.5,1.000000,1.000000,-0.000000,2.000000,2.000000,0.500000,0.500000,0.500000,0.500000,0.500000,0.500000,0.500000
46.0,1.000000,1.000000,-0.000000,2.000000,2.000000,0.500000,0.500000,0.500000,0.500000,0.500000,0.500000,0.500000
46.5,1.000000,1.000000,-0.000000,2.000000,2.000000,0.500000,0.500000,0.500000,0.500000,0.500000,0.500000,0.500000
47.0,1.000000,1.000000,-0.000000,2.000000,2.000000,0.500000,0.500000,0.500000,0.500000,0.500000,0.500000,0.500000
47.5,1.000000,1.000000,-0.000000,2.000000,2.000000,0.500000,0.500000,0.500000,0.500000,0.500000,0.500000,0.500000
48.0,1.000000,1.000000,-0.000000,2.000000,2.000000,0.500000,0.500000,0.500000,0.500000,0.500000,0.500000,0.500000
48.5,1.000000,1.000000,-0.000000,2.000000,2.000000,0.500000,0.500000,0.500000,0.500000,0.500000,0.500000,0.500000
49.0,1.000000,1.000000,-0.000000,2.000000,2.000000,0.500000,0.500000,0.500000,0.500000,0.500000,0.500000,0.500000
49.5,1.000000,1.000000,-0.000000,2.000000,2.000000,0.500000,0.500000,0.500000,0.500000,0.500000,0.500000,0.500000
50.0,1.000000,1.000000,-0.000000,2.000000,2.000000,0.500000,0.500000,0.500000,0.500000,0.500000,0.500000,0.500000
50.5,1.000000,1.000000,-0.000000,2.000000,2.000000,0.500000,0.500000,0.500000,0.500000,0.500000,0.500000,0.500000
51.0,1.000000,1.000000,-0.000000,2.000000,2.000000,0.500000,0.500000,0.500000,0.500000,0.500000,0.500000,0.500000
51.5,1.000000,1.000000,-0.000000,2.000000,2.000000,0.500000,0.500000,0.500000,0.500000,0.500000,0.500000,0.500000
52.0,1.000000,1.000000,-0.000000,2.000000,2.000000,0.500000,0.500000,0.500000,0.500000,0.500000,0.500000,0.500000
52.5,1.000000,1.000000,-0.000000,2.000000,2.000000,0.500000,0.500000,0.500000,0.500000,0.500000,0.500000,0.500000
53.0,1.000000,1.000000,-0.000000,2.000000,2.000000,0.500000,0.500000,0.500000,0.500000,0.500000,0.500000,0.500000
53.5,1.000000,1.000000,-0.000000,2.000000,2.000000,0.500000,0.500000,0.500000,0.500000,0.500000,0.500000,0.500000
54.0,1.000000,1.000000,-0.000000,2.000000,2.000000,0.500000,0.500000,0.500000,0.500000,0.500000,0.500000,0.500000
54.5,1.000000,1.000000,-0.000000,2.000000,2.000000,0.500000,0.500000,0.500000,0.500000,0.500000,0.500000,0.500000
55.0,1.000000,1.000000,-0.000000,2.000000,2.000000,0.500000,0.500000,0.500000,0.500000,0.500000,0.500000,0.500000
55.5,1.000000,1.000000,-0.000000,2.000000,2.000000,0.500000,0.500000,0.500000,0.500000,0.500000,0.500000,0.500000
56.0,1.000000,1.000000,-0.000000,2.000000,2.000000,0.500000,0.500000,0.500000,0.500000,0.500000,0.500000,0.500000
56.5,1.000000,1.000000,-0.000000,2.000000,2.000000,0.500000,0.500000,0.500000,0.500000,0.500000,0.500000,0.500000
57.0,1.000000,1.000000,-0.000000,2.000000,2.000000,0.500000,0.500000,0.500000,0.500000,0.500000,0.500000,0.500000
57.5,1.000000,1.000000,-0.000000,2.000000,2.000000,0.500000,0.500000,0.500000,0.500000,0.500000,0.500000,0.500000
58.0,1.000000,1.000000,-0.000000,2.000000,2.000000,0.500000,0.500000,0.500000,0.500000,0.500000,0.500000,0.500000
58.5,1.000000,1.000000,-0.000000,2.000000,2.000000,0.500000,0.500000,0.500000,0.500000,0.500000,0.500000,0.500000
59.0,1.000000,1.000000,-0.000000,2.000000,2.000000,0.500000,0.500000,0.500000,0.500000,0.500000,0.500000,0.500000
59.5,1.000000,1.000000,-0.000000,2.000000,2.000000,0.500000,0.500000,0.500000,0.500000,0.500000,0.500000,0.500000
60.0,1.000000,1.000000,-0.000000,2.000000,2.000000,0.500000,0.500000,0.500000,0.500000,0.500000,0.500000,0.500000
60.5,1.000000,1.000000,-0.000000,2.000000,2.000000,0.500000,0.500000,0.500000,0.500000,0.500000,0.500000,0.500000
61.0,1.000000,1.000000,-0.000000,2.000000,2.000000,0.500000,0.500000,0.500000,0.500000,0.500000,0.500000,0.500000
61.5,1.000000,1.000000,-0.000000,2.000000,2.000000,0.500000,0.500000,0.500000,0.500000,0.500000,0.500000,0.500000
62.0,1.000000,1.000000,-0.000000,2.000000,2.000000,0.500000,0.500000,0.500000,0.500000,0.500000,0.500000,0.500000
62.5,1.000000,1.000000,-0.000000,2.000000,2.000000,0.500000,0.500000,0.500000,0.500000,0.500000,0.500000,0.500000
63.0,1.000000,1.000000,-0.000000,2.000000,2.000000,0.500000,0.500000,0.500000,0.500000,0.500000,0.500000,0.500000
63.5,1.000000,1.000000,-0.000000,2.000000,2.000000,0.500000,0.500000,0.500000,0.500000,0.500000,0.500000,0.500000
64.0,1.000000,1.000000,-0.000000,2.000000,2.000000,0.500000,0.500000,0.500000,0.500000,0.500000,0.500000,0.500000
64.5,1.000000,1.000000,-0.000000,2.000000,2.000000,0.500000,0.500000,0.500000,0.500000,0.500000,0.500000,0.500000
65.0,1.000000,1.000000,-0.000000,2.000000,2.000000,0.500000,0.500000,0.500000,0.500000,0.500000,0.500000,0.500000
65.5,1.000000,1.000000,-0.000000,2.000000,2.000000,0.500000,0.500000,0.500000,0.500000,0.500000,0.500000,0.500000
66.0,1.000000,1.000000,-0.000000,2.000000,2.000000,0.500000,0.500000,0.500000,0.500000,0.500000,0.500000,0.500000
66.5,1.000000,1.000000,-0.000000,2.000000,2.000000,0.500000,0.500000,0.500000,0.500000,0.500000,0.500000,0.500000
67.0,1.000000,1.000000,-0.000000,2.000000,2.000000,0.500000,0.500000,0.500000,0.500000,0.500000,0.500000,0.500000
67.5,1.000000,1.000000,-0.000000,2.000000,2.000000,0.500000,0.500000,0.500000,0.500000,0.500000,0.500000,0.500000
68.0,1.000000,1.000000,-0.000000,2.000000,2.000000,0.500000,0.500000,0.500000,0.500000,0.500000,0.500000,0.500000
68.5,1.000000,1.000000,-0.000000,2.000000,2.000000,0.500000,0.500000,0.500000,0.500000,0.500000,0.500000,0.500000
69.0,1.000000,1.000000,-0.000000,2.000000,2.000000,0.500000,0.500000,0.500000,0.500000,0.500000,0.500000,0.500000
69.5,1.000000,1.000000,-0.000000,2.000000,2.000000,0.500000,0.500000,0.500000,0.500000,0.500000,0.500000,0.500000
70.0,1.000000,1.000000,-0.000000,2.000000,2.000000,0.500000,0.500000,0.500000,0.500000,0.500000,0.500000,0.500000
70.5,1.000000,1.000000,-0.000000,2.000000,2.000000,0.500000,0.500000,0.500000,0.500000,0.500000,0.500000,0.500000
71.0,1.000000,1.000000,-0.000000,2.000000,2.000000,0.500000,0.500000,0.500000,0.500000,0.500000,0.500000,0.500000
71.5,1.000000,1.000000,-0.000000,2.000000,2.000000,0.500000,0.500000,0.500000,0.500000,0.500000,0.500000,0.500000
72.0,1.000000,1.000000,-0.000000,2.000000,2.000000,0.500000,0.500000,0.500000,0.500000,0.500000,0.500000,0.500000
72.5,1.000000,1.000000,-0.000000,2.000000,2.000000,0.500000,0.500000,0.500000,0.500000,0.500000,0.500000,0.500000
73.0,1.000000,1.000000,-0.000000,2.000000,2.000000,0.500000,0.500000,0.500000,0.500000,0.500000,0.500000,0.500000
73.5,1.000000,1.000000,-0.000000,2.000000,2.000000,0.500000,0.500000,0.500000,0.500000,0.500000,0.500000,0.500000
74.0,1.000000,1.000000,-0.000000,2.000000,2.000000,0.500000,0.500000,0.500000,0.500000,0.500000,0.500000,0.500000
74.5,1.000000,1.000000,-0.000000,2.000000,2.000000,0.500000,0.500000,0.500000,0.500000,0.500000,0.500000,0.500000
75.0,1.000000,1.000000,-0.000000,2.000000,2.000000,0.500000,0.500000,0.500000,0.500000,0.500000,0.500000,0.500000
75.5,1.000000,1.000000,-0.000000,2.000000,2.000000,0.500000,0.500000,0.500000,0.500000,0.500000,0.500000,0.500000
76.0,1.000000,1.000000,-0.000000,2.000000,2.000000,0.500000,0.500000,0.500000,0.500000,0.500000,0.500000,0.500000
76.5,1.000000,1.000000,-0.000000,2.000000,2.000000,0.500000,0.500000,0.500000,0.500000,0.500000,0.500000,0.500000
77.0,1.000000,1.000000,-0.000000,2.000000,2.000000,0.500000,0.500000,0.500000,0.500000,0.500000,0.500000,0.500000
77.5,1.000000,1.000000,-0.000000,2.000000,2.000000,0.500000,0.500000,0.500000,0.500000,0.500000,0.500000,0.500000
78.0,1.000000,1.000000,-0.000000,2.000000,2.000000,0.500000,0.500000,0.500000,0.500000,0.500000,0.500000,0.500000
78.5,1.000000,1.000000,-0.000000,2.000000,2.000000,0.500000,0.500000,0.500000,0.500000,0.500000,0.500000,0.500000
79.0,1.000000,1.000000,-0.000000,2.000000,2.000000,0.500000,0.500000,0.500000,0.500000,0.500000,0.500000,0.500000
79.5,1.000000,1.000000,-0.000000,2.000000,2.000000,0.500000,0.500000,0.500000,0.500000,0.500000,0.500000,0.500000
80.0,1.000000,1.000000,-0.000000,2.000000,2.000000,0.500000,0.500000,0.500000,0.500000,0.500000,0.500000,0.500000
80.5,1.000000,1.000000,-0.000000,2.000000,2.000000,0.500000,0.500000,0.500000,0.500000,0.500000,0.500000,0.500000
81.0,1.000000,1.000000,-0.000000,2.000000,2.000000,0.500000,0.500000,0.500000,0.500000,0.500000,0.500000,0.500000
81.5,1.000000,1.000000,-0.000000,2.000000,2.000000,0.500000,0.500000,0.500000,0.500000,0.500000,0.500000,0.500000
82.0,1.000000,1.000000,-0.000000,2.000000,2.000000,0.500000,0.500000,0.500000,0.500000,0.500000,0.500000,0.500000
82.5,1.000000,1.000000,-0.000000,2.000000,2.000000,0.500000,0.500000,0.500000,0.500000,0.500000,0.500000,0.500000
83.0,1.000000,1.000000,-0.000000,2.000000,2.000000,0.500000,0.500000,0.500000,0.500000,0.500000,0.500000,0.500000
83.5,1.000000,1.000000,-0.000000,2.000000,2.000000,0.500000,0.500000,0.500000,0.500000,0.500000,0.500000,0.500000
84.0,1.000000,1.000000,-0.000000,2.000000,2.000000,0.500000,0.500000,0.500000,0.500000,0.500000,0.500000,0.500000
84.5,1.000000,1.000000,-0.000000,2.000000,2.000000,0.500000,0.500000,0.500000,0.500000,0.500000,0.500000,0.500000
85.0,1.000000,1.000000,-0.000000,2.000000,2.000000,0.500000,0.500000,0.500000,0.500000,0.500000,0.500000,0.500000
85.5,1.000000,1.000000,-0.000000,2.000000,2.000000,0.500000,0.500000,0.500000,0.500000,0.500000,0.500000,0.500000
86.0,1.000000,1.000000,-0.000000,2.000000,2.000000,0.500000,0.500000,0.500000,0.500000,0.500000,0.500000,0.500000
86.5,1.000000,1.000000,-0.000000,2.000000,2.000000,0.500000,0.500000,0.500000,0.500000,0.500000,0.500000,0.500000
87.0,1.000000,1.000000,-0.000000,2.000000,2.000000,0.500000,0.500000,0.500000,0.500000,0.500000,0.500000,0.500000
87.5,1.000000,1.000000,-0.000000,2.000000,2.000000,0.500000,0.500000,0.500000,0.500000,0.500000,0.500000,0.500000
88.0,1.000000,1.000000,-0.000000,2.000000,2.000000,0.500000,0.500000,0.500000,0.500000,0.500000,0.500000,0.500000
88.5,1.000000,1.000000,-0.000000,2.000000,2.000000,0.500000,0.500000,0.500000,0.500000,0.500000,0.500000,0.500000
89.0,1.000000,1.000000,-0.000000,2.000000,2.000000,0.500000,0.500000,0.500000,0.500000,0.500000,0.500000,0.500000
89.5,1.000000,1.000000,-0.000000,2.000000,2.000000,0.500000,0.500000,0.500000,0.500000,0.500000,0.500000,0.500000
90.0,1.000000,1.000000,-0.000000,2.000000,2.000000,0.500000,0.500000,0.500000,0.500000,0.500000,0.500000,0.500000
90.5,1.000000,1.000000,-0.000000,2.000000,2.000000,0.500000,0.500000,0.500000,0.500000,0.500000,0.500000,0.500000
91.0,1.000000,1.000000,-0.000000,2.000000,2.000000,0.500000,0.500000,0.500000,0.500000,0.500000,0.500000,0.500000
91.5,1.000000,1.000000,-0.000000,2.000000,2.000000,0.500000,0.500000,0.500000,0.500000,0.500000,0.500000,0.500000
92.0,1.000000,1.000000,-0.000000,2.000000,2.000000,0.500000,0.500000,0.500000,0.500000,0.500000,0.500000,0.500000
92.5,1.000000,1.000000,-0.000000,2.000000,2.000000,0.500000,0.500000,0.500000,0.500000,0.500000,0.500000,0.500000
93.0,1.000000,1.000000,-0.000000,2.000000,2.000000,0.500000,0.500000,0.500000,0.500000,0.500000,0.500000,0.500000
93.5,1.000000,1.000000,-0.000000,2.000000,2.000000,0.500000,0.500000,0.500000,0.500000,0.500000,0.500000,0.500000
94.0,1.000000,1.000000,-0.000000,2.000000,2.000000,0.500000,0.500000,0.500000,0.500000,0.500000,0.500000,0.500000
94.5,1.000000,1.000000,-0.000000,2.000000,2.000000,0.500000,0.500000,0.500000,0.500000,0.500000,0.500000,0.500000
95.0,1.000000,1.000000,-0.000000,2.000000,2.000000,0.500000,0.500000,0.500000,0.500000,0.500000,0.500000,0.500000
95.5,1.000000,1.000000,-0.000000,2.000000,2.000000,0.500000,0.500000,0.500000,0.500000,0.500000,0.500000,0.500000
96.0,1.000000,1.000000,-0.000000,2.000000,2.000000,0.500000,0.500000,0.500000,0.500000,0.500000,0.500000,0.500000
96.5,1.000000,1.000000,-0.000000,2.000000,2.000000,0.500000,0.500000,0.500000,0.500000,0.500000,0.500000,0.500000
97.0,1.000000,1.000000,-0.000000,2.000000,2.000000,0.500000,0.500000,0.500000,0.500000,0.500000,0.500000,0.500000
97.5,1.000000,1.000000,-0.000000,2.000000,2.000000,0.500000,0.500000,0.500000,0.500000,0.500000,0.500000,0.500000
98.0,1.000000,1.000000,-0.000000,2.000000,2.000000,0.500000,0.500000,0.500000,0.500000,0.500000,0.500000,0.500000
98.5,1.000000,1.000000,-0.000000,2.000000,2.000000,0.500000,0.500000,0.500000,0.500000,0.500000,0.500000,0.500000
99.0,1.000000,1.000000,-0.000000,2.000000,2.000000,0.500000,0.500000,0.500000,0.500000,0.500000,0.500000,0.500000
99.5,1.000000,1.000000,-0.000000,2.000000,2.000000,0.500000,0.500000,0.500000,0.500000,0.500000,0.500000,0.500000
100.0,1.000000,1.000000,-0.000000,2.000000,2.000000,0.500000,0.500000,0.500000,0.500000,0.500000,0.500000,0.500000
100.5,1.000000,1.000000,-0.000000,2.000000,2.000000,0.500000,0.500000,0.500000,0.500000,0.500000,0.500000,0.500000
101.0,1.000000,1.000000,-0.000000,2.000000,2.000000,0.500000,0.500000,0.500000,0.500000,0.500000,0.500000,0.500000
101.5,1.000000,1.000000,-0.000000,2.000000,2.000000,0.500000,0.500000,0.500000,0.500000,0.500000,0.500000,0.500000
102.0,1.000000,1.000000,-0.000000,2.000000,2.000000,0.500000,0.500000,0.500000,0.500000,0.500000,0.500000,0.500000
102.5,1.000000,1.000000,-0.000000,2.000000,2.000000,0.500000,0.500000,0.500000,0.500000,0.500000,0.500000,0.500000
103.0,1.000000,1.000000,-0.000000,2.000000,2.000000,0.500000,0.500000,0.500000,0.500000,0.500000,0.500000,0.500000
103.5,1.000000,1.000000,-0.000000,2.000000,2.000000,0.500000,0.500000,0.500000,0.500000,0.500000,0.500000,0.500000
104.0,1.000000,1.000000,-0.000000,2.000000,2.000000,0.500000,0.500000,0.500000,0.500000,0.500000,0.500000,0.500000
104.5,1.000000,1.000000,-0.000000,2.000000,2.000000,0.500000,0.500000,0.500000,0.500000,0.500000,0.500000,0.500000
105.0,1.000000,1.000000,-0.000000,2.000000,2.000000,0.500000,0.500000,0.500000,0.500000,0.500000,0.500000,0.500000
105.5,1.000000,1.000000,-0.000000,2.000000,2.000000,0.500000,0.500000,0.500000,0.500000,0.500000,0.500000,0.500000
106.0,1.000000,1.000000,-0.000000,2.000000,2.000000,0.500000,0.500000,0.500000,0.500000,0.500000,0.500000,0.500000
106.5,1.000000,1.000000,-0.000000,2.000000,2.000000,0.500000,0.500000,0.500000,0.500000,0.500000,0.500000,0.500000
107.0,1.000000,1.000000,-0.000000,2.000000,2.000000,0.500000,0.500000,0.500000,0.500000,0.500000,0.500000,0.500000
107.5,1.000000,1.000000,-0.000000,2.000000,2.000000,0.500000,0.500000,0.500000,0.500000,0.500000,0.500000,0.500000
108.0,1.000000,1.000000,-0.000000,2.000000,2.000000,0.500000,0.500000,0.500000,0.500000,0.500000,0.500000,0.500000
108.5,1.000000,1.000000,-0.000000,2.000000,2.000000,0.500000,0.500000,0.500000,0.500000,0.500000,0.500000,0.500000
109.0,1.000000,1.000000,-0.000000,2.000000,2.000000,0.500000,0.500000,0.500000,0.500000,0.500000,0.500000,0.500000
109.5,1.000000,1.000000,-0.000000,2.000000,2.000000,0.500000,0.500000,0.500000,0.500000,0.500000,0.500000,0.500000
110.0,1.000000,1.000000,-0.000000,2.000000,2.000000,0.500000,0.500000,0.500000,0.500000,0.500000,0.500000,0.500000
110.5,1.000000,1.000000,-0.000000,2.000000,2.000000,0.500000,0.500000,0.500000,0.500000,0.500000,0.500000,0.500000
111.0,1.000000,1.000000,-0.000000,2.000000,2.000000,0.500000,0.500000,0.500000,0.500000,0.500000,0.500000,0.500000
111.5,1.000000,1.000000,-0.000000,2.000000,2.000000,0.500000,0.500000,0.500000,0.500000,0.500000,0.500000,0.500000
112.0,1.000000,1.000000,-0.000000,2.000000,2.000000,0.500000,0.500000,0.500000,0.500000,0.500000,0.500000,0.500000
112.5,1.000000,1.000000,-0.000000,2.000000,2.000000,0.500000,0.500000,0.500000,0.500000,0.500000,0.500000,0.500000
113.0,1.000000,1.000000,-0.000000,2.000000,2.000000,0.500000,0.500000,0.500000,0.500000,0.500000,0.500000,0.500000
113.5,1.000000,1.000000,-0.000000,2.000000,2.000000,0.500000,0.500000,0.500000,0.500000,0.500000,0.500000,0.500000
114.0,1.000000,1.000000,-0.000000,2.000000,2.000000,0.500000,0.500000,0.500000,0.500000,0.500000,0.500000,0.500000
114.5,1.000000,1.000000,-0.000000,2.000000,2.000000,0.500000,0.500000,0.500000,0.500000,0.500000,0.500000,0.500000
115.0,1.000000,1.000000,-0.000000,2.000000,2.000000,0.500000,0.500000,0.500000,0.500000,0.500000,0.500000,0.500000
115.5,1.000000,1.000000,-0.000000,2.000000,2.000000,0.500000,0.500000,0.500000,0.500000,0.500000,0.500000,0.500000
116.0,1.000000,1.000000,-0.000000,2.000000,2.000000,0.500000,0.500000,0.500000,0.500000,0.500000,0.500000,0.500000
116.5,1.000000,1.000000,-0.000000,2.000000,2.000000,0.500000,0.500000,0.500000,0.500000,0.500000,0.500000,0.500000
117.0,1.000000,1.000000,-0.000000,2.000000,2.000000,0.500000,0.500000,0.500000,0.500000,0.500000,0.500000,0.500000
117.5,1.000000,1.000000,-0.000000,2.000000,2.000000,0.500000,0.500000,0.500000,0.500000,0.500000,0.500000,0.500000
118.0,1.000000,1.000000,-0.000000,2.000000,2.000000,0.500000,0.500000,0.500000,0.500000,0.500000,0.500000,0.500000
118.5,1.000000,1.000000,-0.000000,2.000000,2.000000,0.500000,0.500000,0.500000,0.500000,0.500000,0.500000,0.500000
119.0,1.000000,1.000000,-0.000000,2.000000,2.000000,0.500000,0.500000,0.500000,0.500000,0.500000,0.500000,0.500000
119.5,1.000000,1.000000,-0.000000,2.000000,2.000000,0.500000,0.500000,0.500000,0.500000,0.500000,0.500000,0.500000
120.0,1.000000,1.000000,-0.000000,2.000000,2.000000,0.500000,0.500000,0.500000,0.500000,0.500000,0.500000,0.500000
120.5,1.000000,1.000000,-0.000000,2.000000,2.000000,0.500000,0.500000,0.500000,0.500000,0.500000,0.500000,0.500000
121.0,1.000000,1.000000,-0.000000,2.000000,2.000000,0.500000,0.500000,0.500000,0.500000,0.500000,0.500000,0.500000
121.5,1.000000,1.000000,-0.000000,2.000000,2.000000,0.500000,0.500000,0.500000,0.500000,0.500000,0.500000,0.500000
122.0,1.000000,1.000000,-0.000000,2.000000,2.000000,0.500000,0.500000,0.500000,0.500000,0.500000,0.500000,0.500000
122.5,1.000000,1.000000,-0.000000,2.000000,2.000000,0.500000,0.500000,0.500000,0.500000,0.500000,0.500000,0.500000
123.0,1.000000,1.000000,-0.000000,2.000000,2.000000,0.500000,0.500000,0.500000,0.500000,0.500000,0.500000,0.500000
123.5,1.000000,1.000000,-0.000000,2.000000,2.000000,0.500000,0.500000,0.500000,0.500000,0.500000,0.500000,0.500000
124.0,1.000000,1.000000,-0.000000,2.000000,2.000000,0.500000,0.500000,0.500000,0.500000,0.500000,0.500000,0.500000
124.5,1.000000,1.000000,-0.000000,2.000000,2.000000,0.500000,0.500000,0.500000,0.500000,0.500000,0.500000,0.500000
125.0,1.000000,1.000000,-0.000000,2.000000,2.000000,0.500000,0.500000,0.500000,0.500000,0.500000,0.500000,0.500000
125.5,1.000000,1.000000,-0.000000,2.000000,2.000000,0.500000,0.500000,0.500000,0.500000,0.500000,0.500000,0.500000
126.0,1.000000,1.000000,-0.000000,2.000000,2.000000,0.500000,0.500000,0.500000,0.500000,0.500000,0.500000,0.500000
126.5,1.000000,1.000000,-0.000000,2.000000,2.000000,0.500000,0.500000,0.500000,0.500000,0.500000,0.500000,0.500000
127.0,1.000000,1.000000,-0.000000,2.000000,2.000000,0.500000,0.500000,0.500000,0.500000,0.500000,0.500000,0.500000
127.5,1.000000,1.000000,-0.000000,2.000000,2.000000,0.500000,0.500000,0.500000,0.500000,0.500000,0.500000,0.500000
128.0,1.000000,1.000000,-0.000000,2.000000,2.000000,0.500000,0.500000,0.500000,0.500000,0.500000,0.500000,0.500000
128.5,1.000000,1.000000,-0.000000,2.000000,2.000000,0.500000,0.500000,0.500000,0.500000,0.500000,0.500000,0.500000
129.0,1.000000,1.000000,-0.000000,2.000000,2.000000,0.500000,0.500000,0.500000,0.500000,0.500000,0.500000,0.500000
129.5,1.000000,1.000000,-0.000000,2.000000,2.000000,0.500000,0.500000,0.500000,0.500000,0.500000,0.500000,0.500000
130.0,1.000000,1.000000,-0.000000,2.000000,2.000000,0.500000,0.500000,0.500000,0.500000,0.500000,0.500000,0.500000
130.5,1.000000,1.000000,-0.000000,2.000000,2.000000,0.500000,0.500000,0.500000,0.500000,0.500000,0.500000,0.500000
131.0,1.000000,1.000000,-0.000000,2.000000,2.000000,0.500000,0.500000,0.500000,0.500000,0.500000,0.500000,0.500000
131.5,1.000000,1.000000,-0.000000,2.000000,2.000000,0.500000,0.500000,0.500000,0.500000,0.500000,0.500000,0.500000
132.0,1.000000,1.000000,-0.000000,2.000000,2.000000,0.500000,0.500000,0.500000,0.500000,0.500000,0.500000,0.500000
132.5,1.000000,1.000000,-0.000000,2.000000,2.000000,0.500000,0.500000,0.500000,0.500000,0.500000,0.500000,0.500000
133.0,1.000000,1.000000,-0.000000,2.000000,2.000000,0.500000,0.500000,0.500000,0.500000,0.500000,0.500000,0.500000
133.5,1.000000,1.000000,-0.000000,2.000000,2.000000,0.500000,0.500000,0.500000,0.500000,0.500000,0.500000,0.500000
134.0,1.000000,1.000000,-0.000000,2.000000,2.000000,0.500000,0.500000,0.500000,0.500000,0.500000,0.500000,0.500000
134.5,1.000000,1.000000,-0.000000,2.000000,2.000000,0.500000,0.500000,0.500000,0.500000,0.500000,0.500000,0.500000
135.0,1.000000,1.000000,-0.000000,2.000000,2.000000,0.500000,0.500000,0.500000,0.500000,0.500000,0.500000,0.500000
135.5,1.000000,1.000000,-0.000000,2.000000,2.000000,0.500000,0.500000,0.500000,0.500000,0.500000,0.500000,0.500000
136.0,1.000000,1.000000,-0.000000,2.000000,2.000000,0.500000,0.500000,0.500000,0.500000,0.500000,0.500000,0.500000
136.5,1.000000,1.000000,-0.000000,2.000000,2.000000,0.500000,0.500000,0.500000,0.500000,0.500000,0.500000,0.500000
137.0,1.000000,1.000000,-0.000000,2.000000,2.000000,0.500000,0.500000,0.500000,0.500000,0.500000,0.500000,0.500000
137.5,1.000000,1.000000,-0.000000,2.000000,2.000000,0.500000,0.500000,0.500000,0.500000,0.500000,0.500000,0.500000
138.0,1.000000,1.000000,-0.000000,2.000000,2.000000,0.500000,0.500000,0.500000,0.500000,0.500000,0.500000,0.500000
138.5,1.000000,1.000000,-0.000000,2.000000,2.000000,0.500000,0.500000,0.500000,0.500000,0.500000,0.500000,0.500000
139.0,1.000000,1.000000,-0.000000,2.000000,2.000000,0.500000,0.500000,0.500000,0.500000,0.500000,0.500000,0.500000
139.5,1.000000,1.000000,-0.000000,2.000000,2.000000,0.500000,0.500000,0.500000,0.500000,0.500000,0.500000,0.500000
140.0,1.000000,1.000000,-0.000000,2.000000,2.000000,0.500000,0.500000,0.500000,0.500000,0.500000,0.500000,0.500000
140.5,1.000000,1.000000,-0.000000,2.000000,2.000000,0.500000,0.500000,0.500000,0.500000,0.500000,0.500000,0.500000
141.0,1.000000,1.000000,-0.000000,2.000000,2.000000,0.500000,0.500000,0.500000,0.500000,0.500000,0.500000,0.500000
141.5,1.000000,1.000000,-0.000000,2.000000,2.000000,0.500000,0.500000,0.500000,0.500000,0.500000,0.500000,0.500000
142.0,1.000000,1.000000,-0.000000,2.000000,2.000000,0.500000,0.500000,0.500000,0.500000,0.500000,0.500000,0.500000
142.5,1.000000,1.000000,-0.000000,2.000000,2.000000,0.500000,0.500000,0.500000,0.500000,0.500000,0.500000,0.500000
143.0,1.000000,1.000000,-0.000000,2.000000,2.000000,0.500000,0.500000,0.500000,0.500000,0.500000,0.500000,0.500000
143.5,1.000000,1.000000,-0.000000,2.000000,2.000000,0.500000,0.500000,0.500000,0.500000,0.500000,0.500000,0.500000
144.0,1.000000,1.000000,-0.000000,2.000000,2.000000,0.500000,0.500000,0.500000,0.500000,0.500000,0.500000,0.500000
144.5,1.000000,1.000000,-0.000000,2.000000,2.000000,0.500000,0.500000,0.500000,0.500000,0.500000,0.500000,0.500000
145.0,1.000000,1.000000,-0.000000,2.000000,2.000000,0.500000,0.500000,0.500000,0.500000,0.500000,0.500000,0.500000
145.5,1.000000,1.000000,-0.000000,2.000000,2.000000,0.500000,0.500000,0.500000,0.500000,0.500000,0.500000,0.500000
146.0,1.000000,1.000000,-0.000000,2.000000,2.000000,0.500000,0.500000,0.500000,0.500000,0.500000,0.500000,0.500000
146.5,1.000000,1.000000,-0.000000,2.000000,2.000000,0.500000,0.500000,0.500000,0.500000,0.500000,0.500000,0.500000
147.0,1.000000,1.000000,-0.000000,2.000000,2.000000,0.500000,0.500000,0.500000,0.500000,0.500000,0.500000,0.500000
147.5,1.000000,1.000000,-0.000000,2.000000,2.000000,0.500000,0.500000,0.500000,0.500000,0.500000,0.500000,0.500000
148.0,1.000000,1.000000,-0.000000,2.000000,2.000000,0.500000,0.500000,0.500000,0.500000,0.500000,0.500000,0.500000
148.5,1.000000,1.000000,-0.000000,2.000000,2.000000,0.500000,0.500000,0.500000,0.500000,0.500000,0.500000,0.500000
149.0,1.000000,1.000000,-0.000000,2.000000,2.000000,0.500000,0.500000,0.500000,0.500000,0.500000,0.500000,0.500000
149.5,1.000000,1.000000,-0.000000,2.000000,2.000000,0.500000,0.500000,0.500000,0.500000,0.500000,0.500000,0.500000
150.0,1.000000,1.000000,-0.000000,2.000000,2.000000,0.500000,0.500000,0.500000,0.500000,0.500000,0.500000,0.500000
150.5,1.000000,1.000000,-0.000000,2.000000,2.000000,0.500000,0.500000,0.500000,0.500000,0.500000,0.500000,0.500000
151.0,1.000000,1.000000,-0.000000,2.000000,2.000000,0.500000,0.500000,0.500000,0.500000,0.500000,0.500000,0.500000
151.5,1.000000,1.000000,-0.000000,2.000000,2.000000,0.500000,0.500000,0.500000,0.500000,0.500000,0.500000,0.500000
152.0,1.000000,1.000000,-0.000000,2.000000,2.000000,0.500000,0.500000,0.500000,0.500000,0.500000,0.500000,0.500000
152.5,1.000000,1.000000,-0.000000,2.000000,2.000000,0.500000,0.500000,0.500000,0.500000,0.500000,0.500000,0.500000
153.0,1.000000,1.000000,-0.000000,2.000000,2.000000,0.500000,0.500000,0.500000,0.500000,0.500000,0.500000,0.500000
153.5,1.000000,1.000000,-0.000000,2.000000,2.000000,0.500000,0.500000,0.500000,0.500000,0.500000,0.500000,0.500000
154.0,1.000000,1.000000,-0.000000,2.000000,2.000000,0.500000,0.500000,0.500000,0.500000,0.500000,0.500000,0.500000
154.5,1.000000,1.000000,-0.000000,2.000000,2.000000,0.500000,0.500000,0.500000,0.500000,0.500000,0.500000,0.500000
155.0,1.000000,1.000000,-0.000000,2.000000,2.000000,0.500000,0.500000,0.500000,0.500000,0.500000,0.500000,0.500000
155.5,1.000000,1.000000,-0.000000,2.000000,2.000000,0.500000,0.500000,0.500000,0.500000,0.500000,0.500000,0.500000
156.0,1.000000,1.000000,-0.000000,2.000000,2.000000,0.500000,0.500000,0.500000,0.500000,0.500000,0.500000,0.500000
156.5,1.000000,1.000000,-0.000000,2.000000,2.000000,0.500000,0.500000,0.500000,0.500000,0.500000,0.500000,0.500000
157.0,1.000000,1.000000,-0.000000,2.000000,2.000000,0.500000,0.500000,0.500000,0.500000,0.500000,0.500000,0.500000
157.5,1.000000,1.000000,-0.000000,2.000000,2.000000,0.500000,0.500000,0.500000,0.500000,0.500000,0.500000,0.500000
158.0,1.000000,1.000000,-0.000000,2.000000,2.000000,0.500000,0.500000,0.500000,0.500000,0.500000,0.500000,0.500000
158.5,1.000000,1.000000,-0.000000,2.000000,2.000000,0.500000,0.500000,0.500000,0.500000,0.500000,0.500000,0.500000
159.0,1.000000,1.000000,-0.000000,2.000000,2.000000,0.500000,0.500000,0.500000,0.500000,0.500000,0.500000,0.500000
159.5,1.000000,1.000000,-0.000000,2.000000,2.000000,0.500000,0.500000,0.500000,0.500000,0.500000,0.500000,0.500000
160.0,1.000000,1.000000,-0.000000,2.000000,2.000000,0.500000,0.500000,0.500000,0.500000,0.500000,0.500000,0.500000
160.5,1.000000,1.000000,-0.000000,2.000000,2.000000,0.500000,0.500000,0.500000,0.500000,0.500000,0.500000,0.500000
161.0,1.000000,1.000000,-0.000000,2.000000,2.000000,0.500000,0.500000,0.500000,0.500000,0.500000,0.500000,0.500000
161.5,1.000000,1.000000,-0.000000,2.000000,2.000000,0.500000,0.500000,0.500000,0.500000,0.500000,0.500000,0.500000
162.0,1.000000,1.000000,-0.000000,2.000000,2.000000,0.500000,0.500000,0.500000,0.500000,0.500000,0.500000,0.500000
162.5,1.000000,1.000000,-0.000000,2.000000,2.000000,0.500000,0.500000,0.500000,0.500000,0.500000,0.500000,0.500000
163.0,1.000000,1.000000,-0.000000,2.000000,2.000000,0.500000,0.500000,0.500000,0.500000,0.500000,0.500000,0.500000
163.5,1.000000,1.000000,-0.000000,2.000000,2.000000,0.500000,0.500000,0.500000,0.500000,0.500000,0.500000,0.500000
164.0,1.000000,1.000000,-0.000000,2.000000,2.000000,0.500000,0.500000,0.500000,0.500000,0.500000,0.500000,0.500000
164.5,1.000000,1.000000,-0.000000,2.000000,2.000000,0.500000,0.500000,0.500000,0.500000,0.500000,0.500000,0.500000
165.0,1.000000,1.000000,-0.000000,2.000000,2.000000,0.500000,0.500000,0.500000,0.500000,0.500000,0.500000,0.500000
165.5,1.000000,1.000000,-0.000000,2.000000,2.000000,0.500000,0.500000,0.500000,0.500000,0.500000,0.500000,0.500000
166.0,1.000000,1.000000,-0.000000,2.000000,2.000000,0.500000,0.500000,0.500000,0.500000,0.500000,0.500000,0.500000
166.5,1.000000,1.000000,-0.000000,2.000000,2.000000,0.500000,0.500000,0.500000,0.500000,0.500000,0.500000,0.500000
167.0,1.000000,1.000000,-0.000000,2.000000,2.000000,0.500000,0.500000,0.500000,0.500000,0.500000,0.500000,0.500000
167.5,1.000000,1.000000,-0.000000,2.000000,2.000000,0.500000,0.500000,0.500000,0.500000,0.500000,0.500000,0.500000
168.0,1.000000,1.000000,-0.000000,2.000000,2.000000,0.500000,0.500000,0.500000,0.500000,0.500000,0.500000,0.500000
168.5,1.000000,1.000000,-0.000000,2.000000,2.000000,0.500000,0.500000,0.500000,0.500000,0.500000,0.500000,0.500000
169.0,1.000000,1.000000,-0.000000,2.000000,2.000000,0.500000,0.500000,0.500000,0.500000,0.500000,0.500000,0.500000
169.5,1.000000,1.000000,-0.000000,2.000000,2.000000,0.500000,0.500000,0.500000,0.500000,0.500000,0.500000,0.500000
170.0,1.000000,1.000000,-0.000000,2.000000,2.000000,0.500000,0.500000,0.500000,0.500000,0.500000,0.500000,0.500000
170.5,1.000000,1.000000,-0.000000,2.000000,2.000000,0.500000,0.500000,0.500000,0.500000,0.500000,0.500000,0.500000
171.0,1.000000,1.000000,-0.000000,2.000000,2.000000,0.500000,0.500000,0.500000,0.500000,0.500000,0.500000,0.500000
171.5,1.000000,1.000000,-0.000000,2.000000,2.000000,0.500000,0.500000,0.500000,0.500000,0.500000,0.500000,0.500000
172.0,1.000000,1.000000,-0.000000,2.000000,2.000000,0.500000,0.500000,0.500000,0.500000,0.500000,0.500000,0.500000
172.5,1.000000,1.000000,-0.000000,2.000000,2.000000,0.500000,0.500000,0.500000,0.500000,0.500000,0.500000,0.500000
173.0,1.000000,1.000000,-0.000000,2.000000,2.000000,0.500000,0.500000,0.500000,0.500000,0.500000,0.500000,0.500000
173.5,1.000000,1.000000,-0.000000,2.000000,2.000000,0.500000,0.500000,0.500000,0.500000,0.500000,0.500000,0.500000
174.0,1.000000,1.000000,-0.000000,2.000000,2.000000,0.500000,0.500000,0.500000,0.500000,0.500000,0.500000,0.500000
174.5,1.000000,1.000000,-0.000000,2.000000,2.000000,0.500000,0.500000,0.500000,0.500000,0.500000,0.500000,0.500000
175.0,1.000000,1.000000,-0.000000,2.000000,2.000000,0.500000,0.500000,0.500000,0.500000,0.500000,0.500000,0.500000
175.5,1.000000,1.000000,-0.000000,2.000000,2.000000,0.500000,0.500000,0.500000,0.500000,0.500000,0.500000,0.500000
176.0,1.000000,1.000000,-0.000000,2.000000,2.000000,0.500000,0.500000,0.500000,0.500000,0.500000,0.500000,0.500000
176.5,1.000000,1.000000,-0.000000,2.000000,2.000000,0.500000,0.500000,0.500000,0.500000,0.500000,0.500000,0.500000
177.0,1.000000,1.000000,-0.000000,2.000000,2.000000,0.500000,0.500000,0.500000,0.500000,0.500000,0.500000,0.500000
177.5,1.000000,1.000000,-0.000000,2.000000,2.000000,0.500000,0.500000,0.500000,0.500000,0.500000,0.500000,0.500000
178.0,1.000000,1.000000,-0.000000,2.000000,2.000000,0.500000,0.500000,0.500000,0.500000,0.500000,0.500000,0.500000
178.5,1.000000,1.000000,-0.000000,2.000000,2.000000,0.500000,0.500000,0.500000,0.500000,0.500000,0.500000,0.500000
179.0,1.000000,1.000000,-0.000000,2.000000,2.000000,0.500000,0.500000,0.500000,0.500000,0.500000,0.500000,0.500000
179.5,1.000000,1.000000,-0.000000,2.000000,2.000000,0.500000,0.500000,0.500000,0.500000,0.500000,0.500000,0.500000
180.0,1.000000,1.000000,-0.000000,2.000000,2.000000,0.500000,0.500000,0.500000,0.500000,0.500000,0.500000,0.500000
180.5,1.000000,1.000000,-0.000000,2.000000,2.000000,0.500000,0.500000,0.500000,0.500000,0.500000,0.500000,0.500000
181.0,1.000000,1.000000,-0.000000,2.000000,2.000000,0.500000,0.500000,0.500000,0.500000,0.500000,0.500000,0.500000
181.5,1.000000,1.000000,-0.000000,2.000000,2.000000,0.500000,0.500000,0.500000,0.500000,0.500000,0.500000,0.500000
182.0,1.000000,1.000000,-0.000000,2.000000,2.000000,0.500000,0.500000,0.500000,0.500000,0.500000,0.500000,0.500000
182.5,1.000000,1.000000,-0.000000,2.000000,2.000000,0.500000,0.500000,0.500000,0.500000,0.500000,0.500000,0.500000
183.0,1.000000,1.000000,-0.000000,2.000000,2.000000,0.500000,0.500000,0.500000,0.500000,0.500000,0.500000,0.500000
183.5,1.000000,1.000000,-0.000000,2.000000,2.000000,0.500000,0.500000,0.500000,0.500000,0.500000,0.500000,0.500000
184.0,1.000000,1.000000,-0.000000,2.000000,2.000000,0.500000,0.500000,0.500000,0.500000,0.500000,0.500000,0.500000
184.5,1.000000,1.000000,-0.000000,2.000000,2.000000,0.500000,0.500000,0.500000,0.500000,0.500000,0.500000,0.500000
185.0,1.000000,1.000000,-0.000000,2.000000,2.000000,0.500000,0.500000,0.500000,0.500000,0.500000,0.500000,0.500000
185.5,1.000000,1.000000,-0.000000,2.000000,2.000000,0.500000,0.500000,0.500000,0.500000,0.500000,0.500000,0.500000
186.0,1.000000,1.000000,-0.000000,2.000000,2.000000,0.500000,0.500000,0.500000,0.500000,0.500000,0.500000,0.500000
186.5,1.000000,1.000000,-0.000000,2.000000,2.000000,0.500000,0.500000,0.500000,0.500000,0.500000,0.500000,0.500000
187.0,1.000000,1.000000,-0.000000,2.000000,2.000000,0.500000,0.500000,0.500000,0.500000,0.500000,0.500000,0.500000
187.5,1.000000,1.000000,-0.000000,2.000000,2.000000,0.500000,0.500000,0.500000,0.500000,0.500000,0.500000,0.500000
188.0,1.000000,1.000000,-0.000000,2.000000,2.000000,0.500000,0.500000,0.500000,0.500000,0.500000,0.500000,0.500000
188.5,1.000000,1.000000,-0.000000,2.000000,2.000000,0.500000,0.500000,0.500000,0.500000,0.500000,0.500000,0.500000
189.0,1.000000,1.000000,-0.000000,2.000000,2.000000,0.500000,0.500000,0.500000,0.500000,0.500000,0.500000,0.500000
189.5,1.000000,1.000000,-0.000000,2.000000,2.000000,0.500000,0.500000,0.500000,0.500000,0.500000,0.500000,0.500000
190.0,1.000000,1.000000,-0.000000,2.000000,2.000000,0.500000,0.500000,0.500000,0.500000,0.500000,0.500000,0.500000
190.5,1.000000,1.000000,-0.000000,2.000000,2.000000,0.500000,0.500000,0.500000,0.500000,0.500000,0.500000,0.500000
191.0,1.000000,1.000000,-0.000000,2.000000,2.000000,0.500000,0.500000,0.500000,0.500000,0.500000,0.500000,0.500000
191.5,1.000000,1.000000,-0.000000,2.000000,2.000000,0.500000,0.500000,0.500000,0.500000,0.500000,0.500000,0.500000
192.0,1.000000,1.000000,-0.000000,2.000000,2.000000,0.500000,0.500000,0.500000,0.500000,0.500000,0.500000,0.500000
192.5,1.000000,1.000000,-0.000000,2.000000,2.000000,0.500000,0.500000,0.500000,0.500000,0.500000,0.500000,0.500000
193.0,1.000000,1.000000,-0.000000,2.000000,2.000000,0.500000,0.500000,0.500000,0.500000,0.500000,0.500000,0.500000
193.5,1.000000,1.000000,-0.000000,2.000000,2.000000,0.500000,0.500000,0.500000,0.500000,0.500000,0.500000,0.500000
194.0,1.000000,1.000000,-0.000000,2.000000,2.000000,0.500000,0.500000,0.500000,0.500000,0.500000,0.500000,0.500000
194.5,1.000000,1.000000,-0.000000,2.000000,2.000000,0.500000,0.500000,0.500000,0.500000,0.500000,0.500000,0.500000
195.0,1.000000,1.000000,-0.000000,2.000000,2.000000,0.500000,0.500000,0.500000,0.500000,0.500000,0.500000,0.500000
195.5,1.000000,1.000000,-0.000000,2.000000,2.000000,0.500000,0.500000,0.500000,0.500000,0.500000,0.500000,0.500000
196.0,1.000000,1.000000,-0.000000,2.000000,2.000000,0.500000,0.500000,0.500000,0.500000,0.500000,0.500000,0.500000
196.5,1.000000,1.000000,-0.000000,2.000000,2.000000,0.500000,0.500000,0.500000,0.500000,0.500000,0.500000,0.500000
197.0,1.000000,1.000000,-0.000000,2.000000,2.000000,0.500000,0.500000,0.500000,0.500000,0.500000,0.500000,0.500000
197.5,1.000000,1.000000,-0.000000,2.000000,2.000000,0.500000,0.500000,0.500000,0.500000,0.500000,0.500000,0.500000
198.0,1.000000,1.000000,-0.000000,2.000000,2.000000,0.500000,0.500000,0.500000,0.500000,0.500000,0.500000,0.500000
198.5,1.000000,1.000000,-0.000000,2.000000,2.000000,0.500000,0.500000,0.500000,0.500000,0.500000,0.500000,0.500000
199.0,1.000000,1.000000,-0.000000,2.000000,2.000000,0.500000,0.500000,0.500000,0.500000,0.500000,0.500000,0.500000
199.5,1.000000,1.000000,-0.000000,2.000000,2.000000,0.500000,0.500000,0.500000,0.500000,0.500000,0.500000,0.500000
200.0,1.000000,1.000000,-0.000000,2.000000,2.000000,0.500000,0.500000,0.500000,0.500000,0.500000,0.500000,0.500000
200.5,1.000000,1.000000,-0.000000,2.000000,2.000000,0.500000,0.500000,0.500000,0.500000,0.500000,0.500000,0.500000
201.0,1.000000,1.000000,-0.000000,2.000000,2.000000,0.500000,0.500000,0.500000,0.500000,0.500000,0.500000,0.500000
201.5,1.000000,1.000000,-0.000000,2.000000,2.000000,0.500000,0.500000,0.500000,0.500000,0.500000,0.500000,0.500000
202.0,1.000000,1.000000,-0.000000,2.000000,2.000000,0.500000,0.500000,0.500000,0.500000,0.500000,0.500000,0.500000
202.5,1.000000,1.000000,-0.000000,2.000000,2.000000,0.500000,0.500000,0.500000,0.500000,0.500000,0.500000,0.500000
203.0,1.000000,1.000000,-0.000000,2.000000,2.000000,0.500000,0.500000,0.500000,0.500000,0.500000,0.500000,0.500000
203.5,1.000000,1.000000,-0.000000,2.000000,2.000000,0.500000,0.500000,0.500000,0.500000,0.500000,0.500000,0.500000
204.0,1.000000,1.000000,-0.000000,2.000000,2.000000,0.500000,0.500000,0.500000,0.500000,0.500000,0.500000,0.500000
204.5,1.000000,1.000000,-0.000000,2.000000,2.000000,0.500000,0.500000,0.500000,0.500000,0.500000,0.500000,0.500000
205.0,1.000000,1.000000,-0.000000,2.000000,2.000000,0.500000,0.500000,0.500000,0.500000,0.500000,0.500000,0.500000
205.5,1.000000,1.000000,-0.000000,2.000000,2.000000,0.500000,0.500000,0.500000,0.500000,0.500000,0.500000,0.500000
206.0,1.000000,1.000000,-0.000000,2.000000,2.000000,0.500000,0.500000,0.500000,0.500000,0.500000,0.500000,0.500000
206.5,1.000000,1.000000,-0.000000,2.000000,2.000000,0.500000,0.500000,0.500000,0.500000,0.500000,0.500000,0.500000
207.0,1.000000,1.000000,-0.000000,2.000000,2.000000,0.500000,0.500000,0.500000,0.500000,0.500000,0.500000,0.500000
207.5,1.000000,1.000000,-0.000000,2.000000,2.000000,0.500000,0.500000,0.500000,0.500000,0.500000,0.500000,0.500000
208.0,1.000000,1.000000,-0.000000,2.000000,2.000000,0.500000,0.500000,0.500000,0.500000,0.500000,0.500000,0.500000
208.5,1.000000,1.000000,-0.000000,2.000000,2.000000,0.500000,0.500000,0.500000,0.500000,0.500000,0.500000,0.500000
209.0,1.000000,1.000000,-0.000000,2.000000,2.000000,0.500000,0.500000,0.500000,0.500000,0.500000,0.500000,0.500000
209.5,1.000000,1.000000,-0.000000,2.000000,2.000000,0.500000,0.500000,0.500000,0.500000,0.500000,0.500000,0.500000
210.0,1.000000,1.000000,-0.000000,2.000000,2.000000,0.500000,0.500000,0.500000,0.500000,0.500000,0.500000,0.500000
210.5,1.000000,1.000000,-0.000000,2.000000,2.000000,0.500000,0.500000,0.500000,0.500000,0.500000,0.500000,0.500000
211.0,1.000000,1.000000,-0.000000,2.000000,2.000000,0.500000,0.500000,0.500000,0.500000,0.500000,0.500000,0.500000
211.5,1.000000,1.000000,-0.000000,2.000000,2.000000,0.500000,0.500000,0.500000,0.500000,0.500000,0.500000,0.500000
212.0,1.000000,1.000000,-0.000000,2.000000,2.000000,0.500000,0.500000,0.500000,0.500000,0.500000,0.500000,0.500000
212.5,1.000000,1.000000,-0.000000,2.000000,2.000000,0.500000,0.500000,0.500000,0.500000,0.500000,0.500000,0.500000
213.0,1.000000,1.000000,-0.000000,2.000000,2.000000,0.500000,0.500000,0.500000,0.500000,0.500000,0.500000,0.500000
213.5,1.000000,1.000000,-0.000000,2.000000,2.000000,0.500000,0.500000,0.500000,0.500000,0.500000,0.500000,0.500000
214.0,1.000000,1.000000,-0.000000,2.000000,2.000000,0.500000,0.500000,0.500000,0.500000,0.500000,0.500000,0.500000
214.5,1.000000,1.000000,-0.000000,2.000000,2.000000,0.500000,0.500000,0.500000,0.500000,0.500000,0.500000,0.500000
215.0,1.000000,1.000000,-0.000000,2.000000,2.000000,0.500000,0.500000,0.500000,0.500000,0.500000,0.500000,0.500000
215.5,1.000000,1.000000,-0.000000,2.000000,2.000000,0.500000,0.500000,0.500000,0.500000,0.500000,0.500000,0.500000
216.0,1.000000,1.000000,-0.000000,2.000000,2.000000,0.500000,0.500000,0.500000,0.500000,0.500000,0.500000,0.500000
216.5,1.000000,1.000000,-0.000000,2.000000,2.000000,0.500000,0.500000,0.500000,0.500000,0.500000,0.500000,0.500000
217.0,1.000000,1.000000,-0.000000,2.000000,2.000000,0.500000,0.500000,0.500000,0.500000,0.500000,0.500000,0.500000
217.5,1.000000,1.000000,-0.000000,2.000000,2.000000,0.500000,0.500000,0.500000,0.500000,0.500000,0.500000,0.500000
218.0,1.000000,1.000000,-0.000000,2.000000,2.000000,0.500000,0.500000,0.500000,0.500000,0.500000,0.500000,0.500000
218.5,1.000000,1.000000,-0.000000,2.000000,2.000000,0.500000,0.500000,0.500000,0.500000,0.500000,0.500000,0.500000
219.0,1.000000,1.000000,-0.000000,2.000000,2.000000,0.500000,0.500000,0.500000,0.500000,0.500000,0.500000,0.500000
219.5,1.000000,1.000000,-0.000000,2.000000,2.000000,0.500000,0.500000,0.500000,0.500000,0.500000,0.500000,0.500000
220.0,1.000000,1.000000,-0.000000,2.000000,2.000000,0.500000,0.500000,0.500000,0.500000,0.500000,0.500000,0.500000
220.5,1.000000,1.000000,-0.000000,2.000000,2.000000,0.500000,0.500000,0.500000,0.500000,0.500000,0.500000,0.500000
221.0,1.000000,1.000000,-0.000000,2.000000,2.000000,0.500000,0.500000,0.500000,0.500000,0.500000,0.500000,0.500000
221.5,1.000000,1.000000,-0.000000,2.000000,2.000000,0.500000,0.500000,0.500000,0.500000,0.500000,0.500000,0.500000
222.0,1.000000,1.000000,-0.000000,2.000000,2.000000,0.500000,0.500000,0.500000,0.500000,0.500000,0.500000,0.500000
222.5,1.000000,1.000000,-0.000000,2.000000,2.000000,0.500000,0.500000,0.500000,0.500000,0.500000,0.500000,0.500000
223.0,1.000000,1.000000,-0.000000,2.000000,2.000000,0.500000,0.500000,0.500000,0.500000,0.500000,0.500000,0.500000
223.5,1.000000,1.000000,-0.000000,2.000000,2.000000,0.500000,0.500000,0.500000,0.500000,0.500000,0.500000,0.500000
224.0,1.000000,1.000000,-0.000000,2.000000,2.000000,0.500000,0.500000,0.500000,0.500000,0.500000,0.500000,0.500000
224.5,1.000000,1.000000,-0.000000,2.000000,2.000000,0.500000,0.500000,0.500000,0.500000,0.500000,0.500000,0.500000
225.0,1.000000,1.000000,-0.000000,2.000000,2.000000,0.500000,0.500000,0.500000,0.500000,0.500000,0.500000,0.500000
225.5,1.000000,1.000000,-0.000000,2.000000,2.000000,0.500000,0.500000,0.500000,0.500000,0.500000,0.500000,0.500000
226.0,1.000000,1.000000,-0.000000,2.000000,2.000000,0.500000,0.500000,0.500000,0.500000,0.500000,0.500000,0.500000
226.5,1.000000,1.000000,-0.000000,2.000000,2.000000,0.500000,0.500000,0.500000,0.500000,0.500000,0.500000,0.500000
227.0,1.000000,1.000000,-0.000000,2.000000,2.000000,0.500000,0.500000,0.500000,0.500000,0.500000,0.500000,0.500000
227.5,1.000000,1.000000,-0.000000,2.000000,2.000000,0.500000,0.500000,0.500000,0.500000,0.500000,0.500000,0.500000
228.0,1.000000,1.000000,-0.000000,2.000000,2.000000,0.500000,0.500000,0.500000,0.500000,0.500000,0.500000,0.500000
228.5,1.000000,1.000000,-0.000000,2.000000,2.000000,0.500000,0.500000,0.500000,0.500000,0.500000,0.500000,0.500000
229.0,1.000000,1.000000,-0.000000,2.000000,2.000000,0.500000,0.500000,0.500000,0.500000,0.500000,0.500000,0.500000
229.5,1.000000,1.000000,-0.000000,2.000000,2.000000,0.500000,0.500000,0.500000,0.500000,0.500000,0.500000,0.500000
230.0,1.000000,1.000000,-0.000000,2.000000,2.000000,0.500000,0.500000,0.500000,0.500000,0.500000,0.500000,0.500000
230.5,1.000000,1.000000,-0.000000,2.000000,2.000000,0.500000,0.500000,0.500000,0.500000,0.500000,0.500000,0.500000
231.0,1.000000,1.000000,-0.000000,2.000000,2.000000,0.500000,0.500000,0.500000,0.500000,0.500000,0.500000,0.500000
231.5,1.000000,1.000000,-0.000000,2.000000,2.000000,0.500000,0.500000,0.500000,0.500000,0.500000,0.500000,0.500000
232.0,1.000000,1.000000,-0.000000,2.000000,2.000000,0.500000,0.500000,0.500000,0.500000,0.500000,0.500000,0.500000
232.5,1.000000,1.000000,-0.000000,2.000000,2.000000,0.500000,0.500000,0.500000,0.500000,0.500000,0.500000,0.500000
233.0,1.000000,1.000000,-0.000000,2.000000,2.000000,0.500000,0.500000,0.500000,0.500000,0.500000,0.500000,0.500000
233.5,1.000000,1.000000,-0.000000,2.000000,2.000000,0.500000,0.500000,0.500000,0.500000,0.500000,0.500000,0.500000
234.0,1.000000,1.000000,-0.000000,2.000000,2.000000,0.500000,0.500000,0.500000,0.500000,0.500000,0.500000,0.500000
234.5,1.000000,1.000000,-0.000000,2.000000,2.000000,0.500000,0.500000,0.500000,0.500000,0.500000,0.500000,0.500000
235.0,1.000000,1.000000,-0.000000,2.000000,2.000000,0.500000,0.500000,0.500000,0.500000,0.500000,0.500000,0.500000
235.5,1.000000,1.000000,-0.000000,2.000000,2.000000,0.500000,0.500000,0.500000,0.500000,0.500000,0.500000,0.500000
236.0,1.000000,1.000000,-0.000000,2.000000,2.000000,0.500000,0.500000,0.500000,0.500000,0.500000,0.500000,0.500000
236.5,1.000000,1.000000,-0.000000,2.000000,2.000000,0.500000,0.500000,0.500000,0.500000,0.500000,0.500000,0.500000
237.0,1.000000,1.000000,-0.000000,2.000000,2.000000,0.500000,0.500000,0.500000,0.500000,0.500000,0.500000,0.500000
237.5,1.000000,1.000000,-0.000000,2.000000,2.000000,0.500000,0.500000,0.500000,0.500000,0.500000,0.500000,0.500000
238.0,1.000000,1.000000,-0.000000,2.000000,2.000000,0.500000,0.500000,0.500000,0.500000,0.500000,0.500000,0.500000
238.5,1.000000,1.000000,-0.000000,2.000000,2.000000,0.500000,0.500000,0.500000,0.500000,0.500000,0.500000,0.500000
239.0,1.000000,1.000000,-0.000000,2.000000,2.000000,0.500000,0.500000,0.500000,0.500000,0.500000,0.500000,0.500000
239.5,1.000000,1.000000,-0.000000,2.000000,2.000000,0.500000,0.500000,0.500000,0.500000,0.500000,0.500000,0.500000
240.0,1.000000,1.000000,-0.000000,2.000000,2.000000,0.500000,0.500000,0.500000,0.500000,0.500000,0.500000,0.500000
240.5,1.000000,1.000000,-0.000000,2.000000,2.000000,0.500000,0.500000,0.500000,0.500000,0.500000,0.500000,0.500000
241.0,1.000000,1.000000,-0.000000,2.000000,2.000000,0.500000,0.500000,0.500000,0.500000,0.500000,0.500000,0.500000
241.5,1.000000,1.000000,-0.000000,2.000000,2.000000,0.500000,0.500000,0.500000,0.500000,0.500000,0.500000,0.500000
242.0,1.000000,1.000000,-0.000000,2.000000,2.000000,0.500000,0.500000,0.500000,0.500000,0.500000,0.500000,0.500000
242.5,1.000000,1.000000,-0.000000,2.000000,2.000000,0.500000,0.500000,0.500000,0.500000,0.500000,0.500000,0.500000
243.0,1.000000,1.000000,-0.000000,2.000000,2.000000,0.500000,0.500000,0.500000,0.500000,0.500000,0.500000,0.500000
243.5,1.000000,1.000000,-0.000000,2.000000,2.000000,0.500000,0.500000,0.500000,0.500000,0.500000,0.500000,0.500000
244.0,1.000000,1.000000,-0.000000,2.000000,2.000000,0.500000,0.500000,0.500000,0.500000,0.500000,0.500000,0.500000
244.5,1.000000,1.000000,-0.000000,2.000000,2.000000,0.500000,0.500000,0.500000,0.500000,0.500000,0.500000,0.500000
245.0,1.000000,1.000000,-0.000000,2.000000,2.000000,0.500000,0.500000,0.500000,0.500000,0.500000,0.500000,0.500000
245.5,1.000000,1.000000,-0.000000,2.000000,2.000000,0.500000,0.500000,0.500000,0.500000,0.500000,0.500000,0.500000
246.0,1.000000,1.000000,-0.000000,2.000000,2.000000,0.500000,0.500000,0.500000,0.500000,0.500000,0.500000,0.500000
246.5,1.000000,1.000000,-0.000000,2.000000,2.000000,0.500000,0.500000,0.500000,0.500000,0.500000,0.500000,0.500000
247.0,1.000000,1.000000,-0.000000,2.000000,2.000000,0.500000,0.500000,0.500000,0.500000,0.500000,0.500000,0.500000
247.5,1.000000,1.000000,-0.000000,2.000000,2.000000,0.500000,0.500000,0.500000,0.500000,0.500000,0.500000,0.500000
248.0,1.000000,1.000000,-0.000000,2.000000,2.000000,0.500000,0.500000,0.500000,0.500000,0.500000,0.500000,0.500000
248.5,1.000000,1.000000,-0.000000,2.000000,2.000000,0.500000,0.500000,0.500000,0.500000,0.500000,0.500000,0.500000
249.0,1.000000,1.000000,-0.000000,2.000000,2.000000,0.500000,0.500000,0.500000,0.500000,0.500000,0.500000,0.500000
249.5,1.000000,1.000000,-0.000000,2.000000,2.000000,0.500000,0.500000,0.500000,0.500000,0.500000,0.500000,0.500000
250.0,1.000000,1.000000,-0.000000,2.000000,2.000000,0.500000,0.500000,0.500000,0.500000,0.500000,0.500000,0.500000
250.5,1.000000,1.000000,-0.000000,2.000000,2.000000,0.500000,0.500000,0.500000,0.500000,0.500000,0.500000,0.500000
251.0,1.000000,1.000000,-0.000000,2.000000,2.000000,0.500000,0.500000,0.500000,0.500000,0.500000,0.500000,0.500000
251.5,1.000000,1.000000,-0.000000,2.000000,2.000000,0.500000,0.500000,0.500000,0.500000,0.500000,0.500000,0.500000
252.0,1.000000,1.000000,-0.000000,2.000000,2.000000,0.500000,0.500000,0.500000,0.500000,0.500000,0.500000,0.500000
252.5,1.000000,1.000000,-0.000000,2.000000,2.000000,0.500000,0.500000,0.500000,0.500000,0.500000,0.500000,0.500000
253.0,1.000000,1.000000,-0.000000,2.000000,2.000000,0.500000,0.500000,0.500000,0.500000,0.500000,0.500000,0.500000
253.5,1.000000,1.000000,-0.000000,2.000000,2.000000,0.500000,0.500000,0.500000,0.500000,0.500000,0.500000,0.500000
254.0,1.000000,1.000000,-0.000000,2.000000,2.000000,0.500000,0.500000,0.500000,0.500000,0.500000,0.500000,0.500000
254.5,1.000000,1.000000,-0.000000,2.000000,2.000000,0.500000,0.500000,0.500000,0.500000,0.500000,0.500000,0.500000
255.0,1.000000,1.000000,-0.000000,2.000000,2.000000,0.500000,0.500000,0.500000,0.500000,0.500000,0.500000,0.500000
255.5,1.000000,1.000000,-0.000000,2.000000,2.000000,0.500000,0.500000,0.500000,0.500000,0.500000,0.500000,0.500000
256.0,1.000000,1.000000,-0.000000,2.000000,2.000000,0.500000,0.500000,0.500000,0.500000,0.500000,0.500000,0.500000
256.5,1.000000,1.000000,-0.000000,2.000000,2.000000,0.500000,0.500000,0.500000,0.500000,0.500000,0.500000,0.500000
257.0,1.000000,1.000000,-0.000000,2.000000,2.000000,0.500000,0.500000,0.500000,0.500000,0.500000,0.500000,0.500000
257.5,1.000000,1.000000,-0.000000,2.000000,2.000000,0.500000,0.500000,0.500000,0.500000,0.500000,0.500000,0.500000
258.0,1.000000,1.000000,-0.000000,2.000000,2.000000,0.500000,0.500000,0.500000,0.500000,0.500000,0.500000,0.500000
258.5,1.000000,1.000000,-0.000000,2.000000,2.000000,0.500000,0.500000,0.500000,0.500000,0.500000,0.500000,0.500000
259.0,1.000000,1.000000,-0.000000,2.000000,2.000000,0.500000,0.500000,0.500000,0.500000,0.500000,0.500000,0.500000
259.5,1.000000,1.000000,-0.000000,2.000000,2.000000,0.500000,0.500000,0.500000,0.500000,0.500000,0.500000,0.500000
260.0,1.000000,1.000000,-0.000000,2.000000,2.000000,0.500000,0.500000,0.500000,0.500000,0.500000,0.500000,0.500000
260.5,1.000000,1.000000,-0.000000,2.000000,2.000000,0.500000,0.500000,0.500000,0.500000,0.500000,0.500000,0.500000
261.0,1.000000,1.000000,-0.000000,2.000000,2.000000,0.500000,0.500000,0.500000,0.500000,0.500000,0.500000,0.500000
261.5,1.000000,1.000000,-0.000000,2.000000,2.000000,0.500000,0.500000,0.500000,0.500000,0.500000,0.500000,0.500000
262.0,1.000000,1.000000,-0.000000,2.000000,2.000000,0.500000,0.500000,0.500000,0.500000,0.500000,0.500000,0.500000
262.5,1.000000,1.000000,-0.000000,2.000000,2.000000,0.500000,0.500000,0.500000,0.500000,0.500000,0.500000,0.500000
263.0,1.000000,1.000000,-0.000000,2.000000,2.000000,0.500000,0.500000,0.500000,0.500000,0.500000,0.500000,0.500000
263.5,1.000000,1.000000,-0.000000,2.000000,2.000000,0.500000,0.500000,0.500000,0.500000,0.500000,0.500000,0.500000
264.0,1.000000,1.000000,-0.000000,2.000000,2.000000,0.500000,0.500000,0.500000,0.500000,0.500000,0.500000,0.500000
264.5,1.000000,1.000000,-0.000000,2.000000,2.000000,0.500000,0.500000,0.500000,0.500000,0.500000,0.500000,0.500000
265.0,1.000000,1.000000,-0.000000,2.000000,2.000000,0.500000,0.500000,0.500000,0.500000,0.500000,0.500000,0.500000
265.5,1.000000,1.000000,-0.000000,2.000000,2.000000,0.500000,0.500000,0.500000,0.500000,0.500000,0.500000,0.500000
266.0,1.000000,1.000000,-0.000000,2.000000,2.000000,0.500000,0.500000,0.500000,0.500000,0.500000,0.500000,0.500000
266.5,1.000000,1.000000,-0.000000,2.000000,2.000000,0.500000,0.500000,0.500000,0.500000,0.500000,0.500000,0.500000
267.0,1.000000,1.000000,-0.000000,2.000000,2.000000,0.500000,0.500000,0.500000,0.500000,0.500000,0.500000,0.500000
267.5,1.000000,1.000000,-0.000000,2.000000,2.000000,0.500000,0.500000,0.500000,0.500000,0.500000,0.500000,0.500000
268.0,1.000000,1.000000,-0.000000,2.000000,2.000000,0.500000,0.500000,0.500000,0.500000,0.500000,0.500000,0.500000
268.5,1.000000,1.000000,-0.000000,2.000000,2.000000,0.500000,0.500000,0.500000,0.500000,0.500000,0.500000,0.500000
269.0,1.000000,1.000000,-0.000000,2.000000,2.000000,0.500000,0.500000,0.500000,0.500000,0.500000,0.500000,0.500000
269.5,1.000000,1.000000,-0.000000,2.000000,2.000000,0.500000,0.500000,0.500000,0.500000,0.500000,0.500000,0.500000
270.0,1.000000,1.000000,-0.000000,2.000000,2.000000,0.500000,0.500000,0.500000,0.500000,0.500000,0.500000,0.500000
270.5,1.000000,1.000000,-0.000000,2.000000,2.000000,0.500000,0.500000,0.500000,0.500000,0.500000,0.500000,0.500000
271.0,1.000000,1.000000,-0.000000,2.000000,2.000000,0.500000,0.500000,0.500000,0.500000,0.500000,0.500000,0.500000
271.5,1.000000,1.000000,-0.000000,2.000000,2.000000,0.500000,0.500000,0.500000,0.500000,0.500000,0.500000,0.500000
272.0,1.000000,1.000000,-0.000000,2.000000,2.000000,0.500000,0.500000,0.500000,0.500000,0.500000,0.500000,0.500000
272.5,1.000000,1.000000,-0.000000,2.000000,2.000000,0.500000,0.500000,0.500000,0.500000,0.500000,0.500000,0.500000
273.0,1.000000,1.000000,-0.000000,2.000000,2.000000,0.500000,0.500000,0.500000,0.500000,0.500000,0.500000,0.500000
273.5,1.000000,1.000000,-0.000000,2.000000,2.000000,0.500000,0.500000,0.500000,0.500000,0.500000,0.500000,0.500000
274.0,1.000000,1.000000,-0.000000,2.000000,2.000000,0.500000,0.500000,0.500000,0.500000,0.500000,0.500000,0.500000
274.5,1.000000,1.000000,-0.000000,2.000000,2.000000,0.500000,0.500000,0.500000,0.500000,0.500000,0.500000,0.500000
275.0,1.000000,1.000000,-0.000000,2.000000,2.000000,0.500000,0.500000,0.500000,0.500000,0.500000,0.500000,0.500000
275.5,1.000000,1.000000,-0.000000,2.000000,2.000000,0.500000,0.500000,0.500000,0.500000,0.500000,0.500000,0.500000
276.0,1.000000,1.000000,-0.000000,2.000000,2.000000,0.500000,0.500000,0.500000,0.500000,0.500000,0.500000,0.500000
276.5,1.000000,1.000000,-0.000000,2.000000,2.000000,0.500000,0.500000,0.500000,0.500000,0.500000,0.500000,0.500000
277.0,1.000000,1.000000,-0.000000,2.000000,2.000000,0.500000,0.500000,0.500000,0.500000,0.500000,0.500000,0.500000
277.5,1.000000,1.000000,-0.000000,2.000000,2.000000,0.500000,0.500000,0.500000,0.500000,0.500000,0.500000,0.500000
278.0,1.000000,1.000000,-0.000000,2.000000,2.000000,0.500000,0.500000,0.500000,0.500000,0.500000,0.500000,0.500000
278.5,1.000000,1.000000,-0.000000,2.000000,2.000000,0.500000,0.500000,0.500000,0.500000,0.500000,0.500000,0.500000
279.0,1.000000,1.000000,-0.000000,2.000000,2.000000,0.500000,0.500000,0.500000,0.500000,0.500000,0.500000,0.500000
279.5,1.000000,1.000000,-0.000000,2.000000,2.000000,0.500000,0.500000,0.500000,0.500000,0.500000,0.500000,0.500000
280.0,1.000000,1.000000,-0.000000,2.000000,2.000000,0.500000,0.500000,0.500000,0.500000,0.500000,0.500000,0.500000
280.5,1.000000,1.000000,-0.000000,2.000000,2.000000,0.500000,0.500000,0.500000,0.500000,0.500000,0.500000,0.500000
281.0,1.000000,1.000000,-0.000000,2.000000,2.000000,0.500000,0.500000,0.500000,0.500000,0.500000,0.500000,0.500000
281.5,1.000000,1.000000,-0.000000,2.000000,2.000000,0.500000,0.500000,0.500000,0.500000,0.500000,0.500000,0.500000
282.0,1.000000,1.000000,-0.000000,2.000000,2.000000,0.500000,0.500000,0.500000,0.500000,0.500000,0.500000,0.500000
282.5,1.000000,1.000000,-0.000000,2.000000,2.000000,0.500000,0.500000,0.500000,0.500000,0.500000,0.500000,0.500000
283.0,1.000000,1.000000,-0.000000,2.000000,2.000000,0.500000,0.500000,0.500000,0.500000,0.500000,0.500000,0.500000
283.5,1.000000,1.000000,-0.000000,2.000000,2.000000,0.500000,0.500000,0.500000,0.500000,0.500000,0.500000,0.500000
284.0,1.000000,1.000000,-0.000000,2.000000,2.000000,0.500000,0.500000,0.500000,0.500000,0.500000,0.500000,0.500000
284.5,1.000000,1.000000,-0.000000,2.000000,2.000000,0.500000,0.500000,0.500000,0.500000,0.500000,0.500000,0.500000
285.0,1.000000,1.000000,-0.000000,2.000000,2.000000,0.500000,0.500000,0.500000,0.500000,0.500000,0.500000,0.500000
285.5,1.000000,1.000000,-0.000000,2.000000,2.000000,0.500000,0.500000,0.500000,0.500000,0.500000,0.500000,0.500000
286.0,1.000000,1.000000,-0.000000,2.000000,2.000000,0.500000,0.500000,0.500000,0.500000,0.500000,0.500000,0.500000
286.5,1.000000,1.000000,-0.000000,2.000000,2.000000,0.500000,0.500000,0.500000,0.500000,0.500000,0.500000,0.500000
287.0,1.000000,1.000000,-0.000000,2.000000,2.000000,0.500000,0.500000,0.500000,0.500000,0.500000,0.500000,0.500000
287.5,1.000000,1.000000,-0.000000,2.000000,2.000000,0.500000,0.500000,0.500000,0.500000,0.500000,0.500000,0.500000
288.0,1.000000,1.000000,-0.000000,2.000000,2.000000,0.500000,0.500000,0.500000,0.500000,0.500000,0.500000,0.500000
288.5,1.000000,1.000000,-0.000000,2.000000,2.000000,0.500000,0.500000,0.500000,0.500000,0.500000,0.500000,0.500000
289.0,1.000000,1.000000,-0.000000,2.000000,2.000000,0.500000,0.500000,0.500000,0.500000,0.500000,0.500000,0.500000
289.5,1.000000,1.000000,-0.000000,2.000000,2.000000,0.500000,0.500000,0.500000,0.500000,0.500000,0.500000,0.500000
290.0,1.000000,1.000000,-0.000000,2.000000,2.000000,0.500000,0.500000,0.500000,0.500000,0.500000,0.500000,0.500000
290.5,1.000000,1.000000,-0.000000,2.000000,2.000000,0.500000,0.500000,0.500000,0.500000,0.500000,0.500000,0.500000
291.0,1.000000,1.000000,-0.000000,2.000000,2.000000,0.500000,0.500000,0.500000,0.500000,0.500000,0.500000,0.500000
291.5,1.000000,1.000000,-0.000000,2.000000,2.000000,0.500000,0.500000,0.500000,0.500000,0.500000,0.500000,0.500000
292.0,1.000000,1.000000,-0.000000,2.000000,2.000000,0.500000,0.500000,0.500000,0.500000,0.500000,0.500000,0.500000
292.5,1.000000,1.000000,-0.000000,2.000000,2.000000,0.500000,0.500000,0.500000,0.500000,0.500000,0.500000,0.500000
293.0,1.000000,1.000000,-0.000000,2.000000,2.000000,0.500000,0.500000,0.500000,0.500000,0.500000,0.500000,0.500000
293.5,1.000000,1.000000,-0.000000,2.000000,2.000000,0.500000,0.500000,0.500000,0.500000,0.500000,0.500000,0.500000
294.0,1.000000,1.000000,-0.000000,2.000000,2.000000,0.500000,0.500000,0.500000,0.500000,0.500000,0.500000,0.500000
294.5,1.000000,1.000000,-0.000000,2.000000,2.000000,0.500000,0.500000,0.500000,0.500000,0.500000,0.500000,0.500000
295.0,1.000000,1.000000,-0.000000,2.000000,2.000000,0.500000,0.500000,0.500000,0.500000,0.500000,0.500000,0.500000
295.5,1.000000,1.000000,-0.000000,2.000000,2.000000,0.500000,0.500000,0.500000,0.500000,0.500000,0.500000,0.500000
296.0,1.000000,1.000000,-0.000000,2.000000,2.000000,0.500000,0.500000,0.500000,0.500000,0.500000,0.500000,0.500000
296.5,1.000000,1.000000,-0.000000,2.000000,2.000000,0.500000,0.500000,0.500000,0.500000,0.500000,0.500000,0.500000
297.0,1.000000,1.000000,-0.000000,2.000000,2.000000,0.500000,0.500000,0.500000,0.500000,0.500000,0.500000,0.500000
297.5,1.000000,1.000000,-0.000000,2.000000,2.000000,0.500000,0.500000,0.500000,0.500000,0.500000,0.500000,0.500000
298.0,1.000000,1.000000,-0.000000,2.000000,2.000000,0.500000,0.500000,0.500000,0.500000,0.500000,0.500000,0.500000
298.5,1.000000,1.000000,-0.000000,2.000000,2.000000,0.500000,0.500000,0.500000,0.500000,0.500000,0.500000,0.500000
299.0,1.000000,1.000000,-0.000000,2.000000,2.000000,0.500000,0.500000,0.500000,0.500000,0.500000,0.500000,0.500000
299.5,1.000000,1.000000,-0.000000,2.000000,2.000000,0.500000,0.500000,0.500000,0.500000,0.500000,0.500000,0.500000
300.0,1.000000,1.000000,-0.000000,2.000000,2.000000,0.500000,0.500000,0.500000,0.500000,0.500000,0.500000,0.500000
300.5,1.000000,1.000000,-0.000000,2.000000,2.000000,0.500000,0.500000,0.500000,0.500000,0.500000,0.500000,0.500000
301.0,1.000000,1.000000,-0.000000,2.000000,2.000000,0.500000,0.500000,0.500000,0.500000,0.500000,0.500000,0.500000
301.5,1.000000,1.000000,-0.000000,2.000000,2.000000,0.500000,0.500000,0.500000,0.500000,0.500000,0.500000,0.500000
302.0,1.000000,1.000000,-0.000000,2.000000,2.000000,0.500000,0.500000,0.500000,0.500000,0.500000,0.500000,0.500000
302.5,1.000000,1.000000,-0.000000,2.000000,2.000000,0.500000,0.500000,0.500000,0.500000,0.500000,0.500000,0.500000
303.0,1.000000,1.000000,-0.000000,2.000000,2.000000,0.500000,0.500000,0.500000,0.500000,0.500000,0.500000,0.500000
303.5,1.000000,1.000000,-0.000000,2.000000,2.000000,0.500000,0.500000,0.500000,0.500000,0.500000,0.500000,0.500000
304.0,1.000000,1.000000,-0.000000,2.000000,2.000000,0.500000,0.500000,0.500000,0.500000,0.500000,0.500000,0.500000
304.5,1.000000,1.000000,-0.000000,2.000000,2.000000,0.500000,0.500000,0.500000,0.500000,0.500000,0.500000,0.500000
305.0,1.000000,1.000000,-0.000000,2.000000,2.000000,0.500000,0.500000,0.500000,0.500000,0.500000,0.500000,0.500000
305.5,1.000000,1.000000,-0.000000,2.000000,2.000000,0.500000,0.500000,0.500000,0.500000,0.500000,0.500000,0.500000
306.0,1.000000,1.000000,-0.000000,2.000000,2.000000,0.500000,0.500000,0.500000,0.500000,0.500000,0.500000,0.500000
306.5,1.000000,1.000000,-0.000000,2.000000,2.000000,0.500000,0.500000,0.500000,0.500000,0.500000,0.500000,0.500000
307.0,1.000000,1.000000,-0.000000,2.000000,2.000000,0.500000,0.500000,0.500000,0.500000,0.500000,0.500000,0.500000
307.5,1.000000,1.000000,-0.000000,2.000000,2.000000,0.500000,0.500000,0.500000,0.500000,0.500000,0.500000,0.500000
308.0,1.000000,1.000000,-0.000000,2.000000,2.000000,0.500000,0.500000,0.500000,0.500000,0.500000,0.500000,0.500000
308.5,1.000000,1.000000,-0.000000,2.000000,2.000000,0.500000,0.500000,0.500000,0.500000,0.500000,0.500000,0.500000
309.0,1.000000,1.000000,-0.000000,2.000000,2.000000,0.500000,0.500000,0.500000,0.500000,0.500000,0.500000,0.500000
309.5,1.000000,1.000000,-0.000000,2.000000,2.000000,0.500000,0.500000,0.500000,0.500000,0.500000,0.500000,0.500000
310.0,1.000000,1.000000,-0.000000,2.000000,2.000000,0.500000,0.500000,0.500000,0.500000,0.500000,0.500000,0.500000
310.5,1.000000,1.000000,-0.000000,2.000000,2.000000,0.500000,0.500000,0.500000,0.500000,0.500000,0.500000,0.500000
311.0,1.000000,1.000000,-0.000000,2.000000,2.000000,0.500000,0.500000,0.500000,0.500000,0.500000,0.500000,0.500000
311.5,1.000000,1.000000,-0.000000,2.000000,2.000000,0.500000,0.500000,0.500000,0.500000,0.500000,0.500000,0.500000
312.0,1.000000,1.000000,-0.000000,2.000000,2.000000,0.500000,0.500000,0.500000,0.500000,0.500000,0.500000,0.500000
312.5,1.000000,1.000000,-0.000000,2.000000,2.000000,0.500000,0.500000,0.500000,0.500000,0.500000,0.500000,0.500000
313.0,1.000000,1.000000,-0.000000,2.000000,2.000000,0.500000,0.500000,0.500000,0.500000,0.500000,0.500000,0.500000
313.5,1.000000,1.000000,-0.000000,2.000000,2.000000,0.500000,0.500000,0.500000,0.500000,0.500000,0.500000,0.500000
314.0,1.000000,1.000000,-0.000000,2.000000,2.000000,0.500000,0.500000,0.500000,0.500000,0.500000,0.500000,0.500000
314.5,1.000000,1.000000,-0.000000,2.000000,2.000000,0.500000,0.500000,0.500000,0.500000,0.500000,0.500000,0.500000
315.0,1.000000,1.000000,-0.000000,2.000000,2.000000,0.500000,0.500000,0.500000,0.500000,0.500000,0.500000,0.500000
315.5,1.000000,1.000000,-0.000000,2.000000,2.000000,0.500000,0.500000,0.500000,0.500000,0.500000,0.500000,0.500000
316.0,1.000000,1.000000,-0.000000,2.000000,2.000000,0.500000,0.500000,0.500000,0.500000,0.500000,0.500000,0.500000
316.5,1.000000,1.000000,-0.000000,2.000000,2.000000,0.500000,0.500000,0.500000,0.500000,0.500000,0.500000,0.500000
317.0,1.000000,1.000000,-0.000000,2.000000,2.000000,0.500000,0.500000,0.500000,0.500000,0.500000,0.500000,0.500000
317.5,1.000000,1.000000,-0.000000,2.000000,2.000000,0.500000,0.500000,0.500000,0.500000,0.500000,0.500000,0.500000
318.0,1.000000,1.000000,-0.000000,2.000000,2.000000,0.500000,0.500000,0.500000,0.500000,0.500000,0.500000,0.500000
318.5,1.000000,1.000000,-0.000000,2.000000,2.000000,0.500000,0.500000,0.500000,0.500000,0.500000,0.500000,0.500000
319.0,1.000000,1.000000,-0.000000,2.000000,2.000000,0.500000,0.500000,0.500000,0.500000,0.500000,0.500000,0.500000
319.5,1.000000,1.000000,-0.000000,2.000000,2.000000,0.500000,0.500000,0.500000,0.500000,0.500000,0.500000,0.500000
320.0,1.000000,1.000000,-0.000000,2.000000,2.000000,0.500000,0.500000,0.500000,0.500000,0.500000,0.500000,0.500000
320.5,1.000000,1.000000,-0.000000,2.000000,2.000000,0.500000,0.500000,0.500000,0.500000,0.500000,0.500000,0.500000
321.0,1.000000,1.000000,-0.000000,2.000000,2.000000,0.500000,0.500000,0.500000,0.500000,0.500000,0.500000,0.500000
321.5,1.000000,1.000000,-0.000000,2.000000,2.000000,0.500000,0.500000,0.500000,0.500000,0.500000,0.500000,0.500000
322.0,1.000000,1.000000,-0.000000,2.000000,2.000000,0.500000,0.500000,0.500000,0.500000,0.500000,0.500000,0.500000
322.5,1.000000,1.000000,-0.000000,2.000000,2.000000,0.500000,0.500000,0.500000,0.500000,0.500000,0.500000,0.500000
323.0,1.000000,1.000000,-0.000000,2.000000,2.000000,0.500000,0.500000,0.500000,0.500000,0.500000,0.500000,0.500000
323.5,1.000000,1.000000,-0.000000,2.000000,2.000000,0.500000,0.500000,0.500000,0.500000,0.500000,0.500000,0.500000
324.0,1.000000,1.000000,-0.000000,2.000000,2.000000,0.500000,0.500000,0.500000,0.500000,0.500000,0.500000,0.500000
324.5,1.000000,1.000000,-0.000000,2.000000,2.000000,0.500000,0.500000,0.500000,0.500000,0.500000,0.500000,0.500000
325.0,1.000000,1.000000,-0.000000,2.000000,2.000000,0.500000,0.500000,0.500000,0.500000,0.500000,0.500000,0.500000
325.5,1.000000,1.000000,-0.000000,2.000000,2.000000,0.500000,0.500000,0.500000,0.500000,0.500000,0.500000,0.500000
326.0,1.000000,1.000000,-0.000000,2.000000,2.000000,0.500000,0.500000,0.500000,0.500000,0.500000,0.500000,0.500000
326.5,1.000000,1.000000,-0.000000,2.000000,2.000000,0.500000,0.500000,0.500000,0.500000,0.500000,0.500000,0.500000
327.0,1.000000,1.000000,-0.000000,2.000000,2.000000,0.500000,0.500000,0.500000,0.500000,0.500000,0.500000,0.500000
327.5,1.000000,1.000000,-0.000000,2.000000,2.000000,0.500000,0.500000,0.500000,0.500000,0.500000,0.500000,0.500000
328.0,1.000000,1.000000,-0.000000,2.000000,2.000000,0.500000,0.500000,0.500000,0.500000,0.500000,0.500000,0.500000
328.5,1.000000,1.000000,-0.000000,2.000000,2.000000,0.500000,0.500000,0.500000,0.500000,0.500000,0.500000,0.500000
329.0,1.000000,1.000000,-0.000000,2.000000,2.000000,0.500000,0.500000,0.500000,0.500000,0.500000,0.500000,0.500000
329.5,1.000000,1.000000,-0.000000,2.000000,2.000000,0.500000,0.500000,0.500000,0.500000,0.500000,0.500000,0.500000
330.0,1.000000,1.000000,-0.000000,2.000000,2.000000,0.500000,0.500000,0.500000,0.500000,0.500000,0.500000,0.500000
330.5,1.000000,1.000000,-0.000000,2.000000,2.000000,0.500000,0.500000,0.500000,0.500000,0.500000,0.500000,0.500000
331.0,1.000000,1.000000,-0.000000,2.000000,2.000000,0.500000,0.500000,0.500000,0.500000,0.500000,0.500000,0.500000
331.5,1.000000,1.000000,-0.000000,2.000000,2.000000,0.500000,0.500000,0.500000,0.500000,0.500000,0.500000,0.500000
332.0,1.000000,1.000000,-0.000000,2.000000,2.000000,0.500000,0.500000,0.500000,0.500000,0.500000,0.500000,0.500000
332.5,1.000000,1.000000,-0.000000,2.000000,2.000000,0.500000,0.500000,0.500000,0.500000,0.500000,0.500000,0.500000
333.0,1.000000,1.000000,-0.000000,2.000000,2.000000,0.500000,0.500000,0.500000,0.500000,0.500000,0.500000,0.500000
333.5,1.000000,1.000000,-0.000000,2.000000,2.000000,0.500000,0.500000,0.500000,0.500000,0.500000,0.500000,0.500000
334.0,1.000000,1.000000,-0.000000,2.000000,2.000000,0.500000,0.500000,0.500000,0.500000,0.500000,0.500000,0.500000
334.5,1.000000,1.000000,-0.000000,2.000000,2.000000,0.500000,0.500000,0.500000,0.500000,0.500000,0.500000,0.500000
335.0,1.000000,1.000000,-0.000000,2.000000,2.000000,0.500000,0.500000,0.500000,0.500000,0.500000,0.500000,0.500000
335.5,1.000000,1.000000,-0.000000,2.000000,2.000000,0.500000,0.500000,0.500000,0.500000,0.500000,0.500000,0.500000
336.0,1.000000,1.000000,-0.000000,2.000000,2.000000,0.500000,0.500000,0.500000,0.500000,0.500000,0.500000,0.500000
336.5,1.000000,1.000000,-0.000000,2.000000,2.000000,0.500000,0.500000,0.500000,0.500000,0.500000,0.500000,0.500000
337.0,1.000000,1.000000,-0.000000,2.000000,2.000000,0.500000,0.500000,0.500000,0.500000,0.500000,0.500000,0.500000
337.5,1.000000,1.000000,-0.000000,2.000000,2.000000,0.500000,0.500000,0.500000,0.500000,0.500000,0.500000,0.500000
338.0,1.000000,1.000000,-0.000000,2.000000,2.000000,0.500000,0.500000,0.500000,0.500000,0.500000,0.500000,0.500000
338.5,1.000000,1.000000,-0.000000,2.000000,2.000000,0.500000,0.500000,0.500000,0.500000,0.500000,0.500000,0.500000
339.0,1.000000,1.000000,-0.000000,2.000000,2.000000,0.500000,0.500000,0.500000,0.500000,0.500000,0.500000,0.500000
339.5,1.000000,1.000000,-0.000000,2.000000,2.000000,0.500000,0.500000,0.500000,0.500000,0.500000,0.500000,0.500000
340.0,1.000000,1.000000,-0.000000,2.000000,2.000000,0.500000,0.500000,0.500000,0.500000,0.500000,0.500000,0.500000
340.5,1.000000,1.000000,-0.000000,2.000000,2.000000,0.500000,0.500000,0.500000,0.500000,0.500000,0.500000,0.500000
341.0,1.000000,1.000000,-0.000000,2.000000,2.000000,0.500000,0.500000,0.500000,0.500000,0.500000,0.500000,0.500000
341.5,1.000000,1.000000,-0.000000,2.000000,2.000000,0.500000,0.500000,0.500000,0.500000,0.500000,0.500000,0.500000
342.0,1.000000,1.000000,-0.000000,2.000000,2.000000,0.500000,0.500000,0.500000,0.500000,0.500000,0.500000,0.500000
342.5,1.000000,1.000000,-0.000000,2.000000,2.000000,0.500000,0.500000,0.500000,0.500000,0.500000,0.500000,0.500000
343.0,1.000000,1.000000,-0.000000,2.000000,2.000000,0.500000,0.500000,0.500000,0.500000,0.500000,0.500000,0.500000
343.5,1.000000,1.000000,-0.000000,2.000000,2.000000,0.500000,0.500000,0.500000,0.500000,0.500000,0.500000,0.500000
344.0,1.000000,1.000000,-0.000000,2.000000,2.000000,0.500000,0.500000,0.500000,0.500000,0.500000,0.500000,0.500000
344.5,1.000000,1.000000,-0.000000,2.000000,2.000000,0.500000,0.500000,0.500000,0.500000,0.500000,0.500000,0.500000
345.0,1.000000,1.000000,-0.000000,2.000000,2.000000,0.500000,0.500000,0.500000,0.500000,0.500000,0.500000,0.500000
345.5,1.000000,1.000000,-0.000000,2.000000,2.000000,0.500000,0.500000,0.500000,0.500000,0.500000,0.500000,0.500000
346.0,1.000000,1.000000,-0.000000,2.000000,2.000000,0.500000,0.500000,0.500000,0.500000,0.500000,0.500000,0.500000
346.5,1.000000,1.000000,-0.000000,2.000000,2.000000,0.500000,0.500000,0.500000,0.500000,0.500000,0.500000,0.500000
347.0,1.000000,1.000000,-0.000000,2.000000,2.000000,0.500000,0.500000,0.500000,0.500000,0.500000,0.500000,0.500000
347.5,1.000000,1.000000,-0.000000,2.000000,2.000000,0.500000,0.500000,0.500000,0.500000,0.500000,0.500000,0.500000
348.0,1.000000,1.000000,-0.000000,2.000000,2.000000,0.500000,0.500000,0.500000,0.500000,0.500000,0.500000,0.500000
348.5,1.000000,1.000000,-0.000000,2.000000,2.000000,0.500000,0.500000,0.500000,0.500000,0.500000,0.500000,0.500000
349.0,1.000000,1.000000,-0.000000,2.000000,2.000000,0.500000,0.500000,0.500000,0.500000,0.500000,0.500000,0.500000
349.5,1.000000,1.000000,-0.000000,2.000000,2.000000,0.500000,0.500000,0.500000,0.500000,0.500000,0.500000,0.500000
350.0,1.000000,1.000000,-0.000000,2.000000,2.000000,0.500000,0.500000,0.500000,0.500000,0.500000,0.500000,0.500000
350.5,1.000000,1.000000,-0.000000,2.000000,2.000000,0.500000,0.500000,0.500000,0.500000,0.500000,0.500000,0.500000
351.0,1.000000,1.000000,-0.000000,2.000000,2.000000,0.500000,0.500000,0.500000,0.500000,0.500000,0.500000,0.500000
351.5,1.000000,1.000000,-0.000000,2.000000,2.000000,0.500000,0.500000,0.500000,0.500000,0.500000,0.500000,0.500000
352.0,1.000000,1.000000,-0.000000,2.000000,2.000000,0.500000,0.500000,0.500000,0.500000,0.500000,0.500000,0.500000
352.5,1.000000,1.000000,-0.000000,2.000000,2.000000,0.500000,0.500000,0.500000,0.500000,0.500000,0.500000,0.500000
353.0,1.000000,1.000000,-0.000000,2.000000,2.000000,0.500000,0.500000,0.500000,0.500000,0.500000,0.500000,0.500000
353.5,1.000000,1.000000,-0.000000,2.000000,2.000000,0.500000,0.500000,0.500000,0.500000,0.500000,0.500000,0.500000
354.0,1.000000,1.000000,-0.000000,2.000000,2.000000,0.500000,0.500000,0.500000,0.500000,0.500000,0.500000,0.500000
354.5,1.000000,1.000000,-0.000000,2.000000,2.000000,0.500000,0.500000,0.500000,0.500000,0.500000,0.500000,0.500000
355.0,1.000000,1.000000,-0.000000,2.000000,2.000000,0.500000,0.500000,0.500000,0.500000,0.500000,0.500000,0.500000
355.5,1.000000,1.000000,-0.000000,2.000000,2.000000,0.500000,0.500000,0.500000,0.500000,0.500000,0.500000,0.500000
356.0,1.000000,1.000000,-0.000000,2.000000,2.000000,0.500000,0.500000,0.500000,0.500000,0.500000,0.500000,0.500000
356.5,1.000000,1.000000,-0.000000,2.000000,2.000000,0.500000,0.500000,0.500000,0.500000,0.500000,0.500000,0.500000
357.0,1.000000,1.000000,-0.000000,2.000000,2.000000,0.500000,0.500000,0.500000,0.500000,0.500000,0.500000,0.500000
357.5,1.000000,1.000000,-0.000000,2.000000,2.000000,0.500000,0.500000,0.500000,0.500000,0.500000,0.500000,0.500000
358.0,1.000000,1.000000,-0.000000,2.000000,2.000000,0.500000,0.500000,0.500000,0.500000,0.500000,0.500000,0.500000
358.5,1.000000,1.000000,-0.000000,2.000000,2.000000,0.500000,0.500000,0.500000,0.500000,0.500000,0.500000,0.500000
359.0,1.000000,1.000000,-0.000000,2.000000,2.000000,0.500000,0.500000,0.500000,0.500000,0.500000,0.500000,0.500000
359.5,1.000000,1.000000,-0.000000,2.000000,2.000000,0.500000,0.500000,0.500000,0.500000,0.500000,0.500000,0.500000
360.0,1.000000,1.000000,-0.000000,2.000000,2.000000,0.500000,0.500000,0.500000,0.500000,0.500000,0.500000,0.500000
360.5,1.000000,1.000000,-0.000000,2.000000,2.000000,0.500000,0.500000,0.500000,0.500000,0.500000,0.500000,0.500000
361.0,1.000000,1.000000,-0.000000,2.000000,2.000000,0.500000,0.500000,0.500000,0.500000,0.500000,0.500000,0.500000
361.5,1.000000,1.000000,-0.000000,2.000000,2.000000,0.500000,0.500000,0.500000,0.500000,0.500000,0.500000,0.500000
362.0,1.000000,1.000000,-0.000000,2.000000,2.000000,0.500000,0.500000,0.500000,0.500000,0.500000,0.500000,0.500000
362.5,1.000000,1.000000,-0.000000,2.000000,2.000000,0.500000,0.500000,0.500000,0.500000,0.500000,0.500000,0.500000
363.0,1.000000,1.000000,-0.000000,2.000000,2.000000,0.500000,0.500000,0.500000,0.500000,0.500000,0.500000,0.500000
363.5,1.000000,1.000000,-0.000000,2.000000,2.000000,0.500000,0.500000,0.500000,0.500000,0.500000,0.500000,0.500000
364.0,1.000000,1.000000,-0.000000,2.000000,2.000000,0.500000,0.500000,0.500000,0.500000,0.500000,0.500000,0.500000
364.5,1.000000,1.000000,-0.000000,2.000000,2.000000,0.500000,0.500000,0.500000,0.500000,0.500000,0.500000,0.500000
365.0,1.000000,1.000000,-0.000000,2.000000,2.000000,0.500000,0.500000,0.500000,0.500000,0.500000,0.500000,0.500000
365.5,1.000000,1.000000,-0.000000,2.000000,2.000000,0.500000,0.500000,0.500000,0.500000,0.500000,0.500000,0.500000
366.0,1.000000,1.000000,-0.000000,2.000000,2.000000,0.500000,0.500000,0.500000,0.500000,0.500000,0.500000,0.500000
366.5,1.000000,1.000000,-0.000000,2.000000,2.000000,0.500000,0.500000,0.500000,0.500000,0.500000,0.500000,0.500000
367.0,1.000000,1.000000,-0.000000,2.000000,2.000000,0.500000,0.500000,0.500000,0.500000,0.500000,0.500000,0.500000
367.5,1.000000,1.000000,-0.000000,2.000000,2.000000,0.500000,0.500000,0.500000,0.500000,0.500000,0.500000,0.500000
368.0,1.000000,1.000000,-0.000000,2.000000,2.000000,0.500000,0.500000,0.500000,0.500000,0.500000,0.500000,0.500000
368.5,1.000000,1.000000,-0.000000,2.000000,2.000000,0.500000,0.500000,0.500000,0.500000,0.500000,0.500000,0.500000
369.0,1.000000,1.000000,-0.000000,2.000000,2.000000,0.500000,0.500000,0.500000,0.500000,0.500000,0.500000,0.500000
369.5,1.000000,1.000000,-0.000000,2.000000,2.000000,0.500000,0.500000,0.500000,0.500000,0.500000,0.500000,0.500000
370.0,1.000000,1.000000,-0.000000,2.000000,2.000000,0.500000,0.500000,0.500000,0.500000,0.500000,0.500000,0.500000
370.5,1.000000,1.000000,-0.000000,2.000000,2.000000,0.500000,0.500000,0.500000,0.500000,0.500000,0.500000,0.500000
371.0,1.000000,1.000000,-0.000000,2.000000,2.000000,0.500000,0.500000,0.500000,0.500000,0.500000,0.500000,0.500000
371.5,1.000000,1.000000,-0.000000,2.000000,2.000000,0.500000,0.500000,0.500000,0.500000,0.500000,0.500000,0.500000
372.0,1.000000,1.000000,-0.000000,2.000000,2.000000,0.500000,0.500000,0.500000,0.500000,0.500000,0.500000,0.500000
372.5,1.000000,1.000000,-0.000000,2.000000,2.000000,0.500000,0.500000,0.500000,0.500000,0.500000,0.500000,0.500000
373.0,1.000000,1.000000,-0.000000,2.000000,2.000000,0.500000,0.500000,0.500000,0.500000,0.500000,0.500000,0.500000
373.5,1.000000,1.000000,-0.000000,2.000000,2.000000,0.500000,0.500000,0.500000,0.500000,0.500000,0.500000,0.500000
374.0,1.000000,1.000000,-0.000000,2.000000,2.000000,0.500000,0.500000,0.500000,0.500000,0.500000,0.500000,0.500000
374.5,1.000000,1.000000,-0.000000,2.000000,2.000000,0.500000,0.500000,0.500000,0.500000,0.500000,0.500000,0.500000
375.0,1.000000,1.000000,-0.000000,2.000000,2.000000,0.500000,0.500000,0.500000,0.500000,0.500000,0.500000,0.500000
375.5,1.000000,1.000000,-0.000000,2.000000,2.000000,0.500000,0.500000,0.500000,0.500000,0.500000,0.500000,0.500000
376.0,1.000000,1.000000,-0.000000,2.000000,2.000000,0.500000,0.500000,0.500000,0.500000,0.500000,0.500000,0.500000
376.5,1.000000,1.000000,-0.000000,2.000000,2.000000,0.500000,0.500000,0.500000,0.500000,0.500000,0.500000,0.500000
377.0,1.000000,1.000000,-0.000000,2.000000,2.000000,0.500000,0.500000,0.500000,0.500000,0.500000,0.500000,0.500000
377.5,1.000000,1.000000,-0.000000,2.000000,2.000000,0.500000,0.500000,0.500000,0.500000,0.500000,0.500000,0.500000
378.0,1.000000,1.000000,-0.000000,2.000000,2.000000,0.500000,0.500000,0.500000,0.500000,0.500000,0.500000,0.500000
378.5,1.000000,1.000000,-0.000000,2.000000,2.000000,0.500000,0.500000,0.500000,0.500000,0.500000,0.500000,0.500000
379.0,1.000000,1.000000,-0.000000,2.000000,2.000000,0.500000,0.500000,0.500000,0.500000,0.500000,0.500000,0.500000
379.5,1.000000,1.000000,-0.000000,2.000000,2.000000,0.500000,0.500000,0.500000,0.500000,0.500000,0.500000,0.500000
380.0,1.000000,1.000000,-0.000000,2.000000,2.000000,0.500000,0.500000,0.500000,0.500000,0.500000,0.500000,0.500000
380.5,1.000000,1.000000,-0.000000,2.000000,2.000000,0.500000,0.500000,0.500000,0.500000,0.500000,0.500000,0.500000
381.0,1.000000,1.000000,-0.000000,2.000000,2.000000,0.500000,0.500000,0.500000,0.500000,0.500000,0.500000,0.500000
381.5,1.000000,1.000000,-0.000000,2.000000,2.000000,0.500000,0.500000,0.500000,0.500000,0.500000,0.500000,0.500000
382.0,1.000000,1.000000,-0.000000,2.000000,2.000000,0.500000,0.500000,0.500000,0.500000,0.500000,0.500000,0.500000
382.5,1.000000,1.000000,-0.000000,2.000000,2.000000,0.500000,0.500000,0.500000,0.500000,0.500000,0.500000,0.500000
383.0,1.000000,1.000000,-0.000000,2.000000,2.000000,0.500000,0.500000,0.500000,0.500000,0.500000,0.500000,0.500000
383.5,1.000000,1.000000,-0.000000,2.000000,2.000000,0.500000,0.500000,0.500000,0.500000,0.500000,0.500000,0.500000
384.0,1.000000,1.000000,-0.000000,2.000000,2.000000,0.500000,0.500000,0.500000,0.500000,0.500000,0.500000,0.500000
384.5,1.000000,1.000000,-0.000000,2.000000,2.000000,0.500000,0.500000,0.500000,0.500000,0.500000,0.500000,0.500000
385.0,1.000000,1.000000,-0.000000,2.000000,2.000000,0.500000,0.500000,0.500000,0.500000,0.500000,0.500000,0.500000
385.5,1.000000,1.000000,-0.000000,2.000000,2.000000,0.500000,0.500000,0.500000,0.500000,0.500000,0.500000,0.500000
386.0,1.000000,1.000000,-0.000000,2.000000,2.000000,0.500000,0.500000,0.500000,0.500000,0.500000,0.500000,0.500000
386.5,1.000000,1.000000,-0.000000,2.000000,2.000000,0.500000,0.500000,0.500000,0.500000,0.500000,0.500000,0.500000
387.0,1.000000,1.000000,-0.000000,2.000000,2.000000,0.500000,0.500000,0.500000,0.500000,0.500000,0.500000,0.500000
387.5,1.000000,1.000000,-0.000000,2.000000,2.000000,0.500000,0.500000,0.500000,0.500000,0.500000,0.500000,0.500000
388.0,1.000000,1.000000,-0.000000,2.000000,2.000000,0.500000,0.500000,0.500000,0.500000,0.500000,0.500000,0.500000
388.5,1.000000,1.000000,-0.000000,2.000000,2.000000,0.500000,0.500000,0.500000,0.500000,0.500000,0.500000,0.500000
389.0,1.000000,1.000000,-0.000000,2.000000,2.000000,0.500000,0.500000,0.500000,0.500000,0.500000,0.500000,0.500000
389.5,1.000000,1.000000,-0.000000,2.000000,2.000000,0.500000,0.500000,0.500000,0.500000,0.500000,0.500000,0.500000
390.0,1.000000,1.000000,-0.000000,2.000000,2.000000,0.500000,0.500000,0.500000,0.500000,0.500000,0.500000,0.500000
390.5,1.000000,1.000000,-0.000000,2.000000,2.000000,0.500000,0.500000,0.500000,0.500000,0.500000,0.500000,0.500000
391.0,1.000000,1.000000,-0.000000,2.000000,2.000000,0.500000,0.500000,0.500000,0.500000,0.500000,0.500000,0.500000
391.5,1.000000,1.000000,-0.000000,2.000000,2.000000,0.500000,0.500000,0.500000,0.500000,0.500000,0.500000,0.500000
392.0,1.000000,1.000000,-0.000000,2.000000,2.000000,0.500000,0.500000,0.500000,0.500000,0.500000,0.500000,0.500000
392.5,1.000000,1.000000,-0.000000,2.000000,2.000000,0.500000,0.500000,0.500000,0.500000,0.500000,0.500000,0.500000
393.0,1.000000,1.000000,-0.000000,2.000000,2.000000,0.500000,0.500000,0.500000,0.500000,0.500000,0.500000,0.500000
393.5,1.000000,1.000000,-0.000000,2.000000,2.000000,0.500000,0.500000,0.500000,0.500000,0.500000,0.500000,0.500000
394.0,1.000000,1.000000,-0.000000,2.000000,2.000000,0.500000,0.500000,0.500000,0.500000,0.500000,0.500000,0.500000
394.5,1.000000,1.000000,-0.000000,2.000000,2.000000,0.500000,0.500000,0.500000,0.500000,0.500000,0.500000,0.500000
395.0,1.000000,1.000000,-0.000000,2.000000,2.000000,0.500000,0.500000,0.500000,0.500000,0.500000,0.500000,0.500000
395.5,1.000000,1.000000,-0.000000,2.000000,2.000000,0.500000,0.500000,0.500000,0.500000,0.500000,0.500000,0.500000
396.0,1.000000,1.000000,-0.000000,2.000000,2.000000,0.500000,0.500000,0.500000,0.500000,0.500000,0.500000,0.500000
396.5,1.000000,1.000000,-0.000000,2.000000,2.000000,0.500000,0.500000,0.500000,0.500000,0.500000,0.500000,0.500000
397.0,1.000000,1.000000,-0.000000,2.000000,2.000000,0.500000,0.500000,0.500000,0.500000,0.500000,0.500000,0.500000
397.5,1.000000,1.000000,-0.000000,2.000000,2.000000,0.500000,0.500000,0.500000,0.500000,0.500000,0.500000,0.500000
398.0,1.000000,1.000000,-0.000000,2.000000,2.000000,0.500000,0.500000,0.500000,0.500000,0.500000,0.500000,0.500000
398.5,1.000000,1.000000,-0.000000,2.000000,2.000000,0.500000,0.500000,0.500000,0.500000,0.500000,0.500000,0.500000
399.0,1.000000,1.000000,-0.000000,2.000000,2.000000,0.500000,0.500000,0.500000,0.500000,0.500000,0.500000,0.500000
399.5,1.000000,1.000000,-0.000000,2.000000,2.000000,0.500000,0.500000,0.500000,0.500000,0.500000,0.500000,0.500000
400.0,1.000000,1.000000,-0.000000,2.000000,2.000000,0.500000,0.500000,0.500000,0.500000,0.500000,0.500000,0.500000
400.5,1.000000,1.000000,-0.000000,2.000000,2.000000,0.500000,0.500000,0.500000,0.500000,0.500000,0.500000,0.500000
401.0,1.000000,1.000000,-0.000000,2.000000,2.000000,0.500000,0.500000,0.500000,0.500000,0.500000,0.500000,0.500000
401.5,1.000000,1.000000,-0.000000,2.000000,2.000000,0.500000,0.500000,0.500000,0.500000,0.500000,0.500000,0.500000
402.0,1.000000,1.000000,-0.000000,2.000000,2.000000,0.500000,0.500000,0.500000,0.500000,0.500000,0.500000,0.500000
402.5,1.000000,1.000000,-0.000000,2.000000,2.000000,0.500000,0.500000,0.500000,0.500000,0.500000,0.500000,0.500000
403.0,1.000000,1.000000,-0.000000,2.000000,2.000000,0.500000,0.500000,0.500000,0.500000,0.500000,0.500000,0.500000
403.5,1.000000,1.000000,-0.000000,2.000000,2.000000,0.500000,0.500000,0.500000,0.500000,0.500000,0.500000,0.500000
404.0,1.000000,1.000000,-0.000000,2.000000,2.000000,0.500000,0.500000,0.500000,0.500000,0.500000,0.500000,0.500000
404.5,1.000000,1.000000,-0.000000,2.000000,2.000000,0.500000,0.500000,0.500000,0.500000,0.500000,0.500000,0.500000
405.0,1.000000,1.000000,-0.000000,2.000000,2.000000,0.500000,0.500000,0.500000,0.500000,0.500000,0.500000,0.500000
405.5,1.000000,1.000000,-0.000000,2.000000,2.000000,0.500000,0.500000,0.500000,0.500000,0.500000,0.500000,0.500000
406.0,1.000000,1.000000,-0.000000,2.000000,2.000000,0.500000,0.500000,0.500000,0.500000,0.500000,0.500000,0.500000
406.5,1.000000,1.000000,-0.000000,2.000000,2.000000,0.500000,0.500000,0.500000,0.500000,0.500000,0.500000,0.500000
407.0,1.000000,1.000000,-0.000000,2.000000,2.000000,0.500000,0.500000,0.500000,0.500000,0.500000,0.500000,0.500000
407.5,1.000000,1.000000,-0.000000,2.000000,2.000000,0.500000,0.500000,0.500000,0.500000,0.500000,0.500000,0.500000
408.0,1.000000,1.000000,-0.000000,2.000000,2.000000,0.500000,0.500000,0.500000,0.500000,0.500000,0.500000,0.500000
408.5,1.000000,1.000000,-0.000000,2.000000,2.000000,0.500000,0.500000,0.500000,0.500000,0.500000,0.500000,0.500000
409.0,1.000000,1.000000,-0.000000,2.000000,2.000000,0.500000,0.500000,0.500000,0.500000,0.500000,0.500000,0.500000
409.5,1.000000,1.000000,-0.000000,2.000000,2.000000,0.500000,0.500000,0.500000,0.500000,0.500000,0.500000,0.500000
410.0,1.000000,1.000000,-0.000000,2.000000,2.000000,0.500000,0.500000,0.500000,0.500000,0.500000,0.500000,0.500000
410.5,1.000000,1.000000,-0.000000,2.000000,2.000000,0.500000,0.500000,0.500000,0.500000,0.500000,0.500000,0.500000
411.0,1.000000,1.000000,-0.000000,2.000000,2.000000,0.500000,0.500000,0.500000,0.500000,0.500000,0.500000,0.500000
411.5,1.000000,1.000000,-0.000000,2.000000,2.000000,0.500000,0.500000,0.500000,0.500000,0.500000,0.500000,0.500000
412.0,1.000000,1.000000,-0.000000,2.000000,2.000000,0.500000,0.500000,0.500000,0.500000,0.500000,0.500000,0.500000
412.5,1.000000,1.000000,-0.000000,2.000000,2.000000,0.500000,0.500000,0.500000,0.500000,0.500000,0.500000,0.500000
413.0,1.000000,1.000000,-0.000000,2.000000,2.000000,0.500000,0.500000,0.500000,0.500000,0.500000,0.500000,0.500000
413.5,1.000000,1.000000,-0.000000,2.000000,2.000000,0.500000,0.500000,0.500000,0.500000,0.500000,0.500000,0.500000
414.0,1.000000,1.000000,-0.000000,2.000000,2.000000,0.500000,0.500000,0.500000,0.500000,0.500000,0.500000,0.500000
414.5,1.000000,1.000000,-0.000000,2.000000,2.000000,0.500000,0.500000,0.500000,0.500000,0.500000,0.500000,0.500000
415.0,1.000000,1.000000,-0.000000,2.000000,2.000000,0.500000,0.500000,0.500000,0.500000,0.500000,0.500000,0.500000
415.5,1.000000,1.000000,-0.000000,2.000000,2.000000,0.500000,0.500000,0.500000,0.500000,0.500000,0.500000,0.500000
416.0,1.000000,1.000000,-0.000000,2.000000,2.000000,0.500000,0.500000,0.500000,0.500000,0.500000,0.500000,0.500000
416.5,1.000000,1.000000,-0.000000,2.000000,2.000000,0.500000,0.500000,0.500000,0.500000,0.500000,0.500000,0.500000
417.0,1.000000,1.000000,-0.000000,2.000000,2.000000,0.500000,0.500000,0.500000,0.500000,0.500000,0.500000,0.500000
417.5,1.000000,1.000000,-0.000000,2.000000,2.000000,0.500000,0.500000,0.500000,0.500000,0.500000,0.500000,0.500000
418.0,1.000000,1.000000,-0.000000,2.000000,2.000000,0.500000,0.500000,0.500000,0.500000,0.500000,0.500000,0.500000
418.5,1.000000,1.000000,-0.000000,2.000000,2.000000,0.500000,0.500000,0.500000,0.500000,0.500000,0.500000,0.500000
419.0,1.000000,1.000000,-0.000000,2.000000,2.000000,0.500000,0.500000,0.500000,0.500000,0.500000,0.500000,0.500000
419.5,1.000000,1.000000,-0.000000,2.000000,2.000000,0.500000,0.500000,0.500000,0.500000,0.500000,0.500000,0.500000
420.0,1.000000,1.000000,-0.000000,2.000000,2.000000,0.500000,0.500000,0.500000,0.500000,0.500000,0.500000,0.500000
420.5,1.000000,1.000000,-0.000000,2.000000,2.000000,0.500000,0.500000,0.500000,0.500000,0.500000,0.500000,0.500000
421.0,1.000000,1.000000,-0.000000,2.000000,2.000000,0.500000,0.500000,0.500000,0.500000,0.500000,0.500000,0.500000
421.5,1.000000,1.000000,-0.000000,2.000000,2.000000,0.500000,0.500000,0.500000,0.500000,0.500000,0.500000,0.500000
422.0,1.000000,1.000000,-0.000000,2.000000,2.000000,0.500000,0.500000,0.500000,0.500000,0.500000,0.500000,0.500000
422.5,1.000000,1.000000,-0.000000,2.000000,2.000000,0.500000,0.500000,0.500000,0.500000,0.500000,0.500000,0.500000
423.0,1.000000,1.000000,-0.000000,2.000000,2.000000,0.500000,0.500000,0.500000,0.500000,0.500000,0.500000,0.500000
423.5,1.000000,1.000000,-0.000000,2.000000,2.000000,0.500000,0.500000,0.500000,0.500000,0.500000,0.500000,0.500000
424.0,1.000000,1.000000,-0.000000,2.000000,2.000000,0.500000,0.500000,0.500000,0.500000,0.500000,0.500000,0.500000
424.5,1.000000,1.000000,-0.000000,2.000000,2.000000,0.500000,0.500000,0.500000,0.500000,0.500000,0.500000,0.500000
425.0,1.000000,1.000000,-0.000000,2.000000,2.000000,0.500000,0.500000,0.500000,0.500000,0.500000,0.500000,0.500000
425.5,1.000000,1.000000,-0.000000,2.000000,2.000000,0.500000,0.500000,0.500000,0.500000,0.500000,0.500000,0.500000
426.0,1.000000,1.000000,-0.000000,2.000000,2.000000,0.500000,0.500000,0.500000,0.500000,0.500000,0.500000,0.500000
426.5,1.000000,1.000000,-0.000000,2.000000,2.000000,0.500000,0.500000,0.500000,0.500000,0.500000,0.500000,0.500000
427.0,1.000000,1.000000,-0.000000,2.000000,2.000000,0.500000,0.500000,0.500000,0.500000,0.500000,0.500000,0.500000
427.5,1.000000,1.000000,-0.000000,2.000000,2.000000,0.500000,0.500000,0.500000,0.500000,0.500000,0.500000,0.500000
428.0,1.000000,1.000000,-0.000000,2.000000,2.000000,0.500000,0.500000,0.500000,0.500000,0.500000,0.500000,0.500000
428.5,1.000000,1.000000,-0.000000,2.000000,2.000000,0.500000,0.500000,0.500000,0.500000,0.500000,0.500000,0.500000
429.0,1.000000,1.000000,-0.000000,2.000000,2.000000,0.500000,0.500000,0.500000,0.500000,0.500000,0.500000,0.500000
429.5,1.000000,1.000000,-0.000000,2.000000,2.000000,0.500000,0.500000,0.500000,0.500000,0.500000,0.500000,0.500000
430.0,1.000000,1.000000,-0.000000,2.000000,2.000000,0.500000,0.500000,0.500000,0.500000,0.500000,0.500000,0.500000
430.5,1.000000,1.000000,-0.000000,2.000000,2.000000,0.500000,0.500000,0.500000,0.500000,0.500000,0.500000,0.500000
431.0,1.000000,1.000000,-0.000000,2.000000,2.000000,0.500000,0.500000,0.500000,0.500000,0.500000,0.500000,0.500000
431.5,1.000000,1.000000,-0.000000,2.000000,2.000000,0.500000,0.500000,0.500000,0.500000,0.500000,0.500000,0.500000
432.0,1.000000,1.000000,-0.000000,2.000000,2.000000,0.500000,0.500000,0.500000,0.500000,0.500000,0.500000,0.500000
432.5,1.000000,1.000000,-0.000000,2.000000,2.000000,0.500000,0.500000,0.500000,0.500000,0.500000,0.500000,0.500000
433.0,1.000000,1.000000,-0.000000,2.000000,2.000000,0.500000,0.500000,0.500000,0.500000,0.500000,0.500000,0.500000
433.5,1.000000,1.000000,-0.000000,2.000000,2.000000,0.500000,0.500000,0.500000,0.500000,0.500000,0.500000,0.500000
434.0,1.000000,1.000000,-0.000000,2.000000,2.000000,0.500000,0.500000,0.500000,0.500000,0.500000,0.500000,0.500000
434.5,1.000000,1.000000,-0.000000,2.000000,2.000000,0.500000,0.500000,0.500000,0.500000,0.500000,0.500000,0.500000
435.0,1.000000,1.000000,-0.000000,2.000000,2.000000,0.500000,0.500000,0.500000,0.500000,0.500000,0.500000,0.500000
435.5,1.000000,1.000000,-0.000000,2.000000,2.000000,0.500000,0.500000,0.500000,0.500000,0.500000,0.500000,0.500000
436.0,1.000000,1.000000,-0.000000,2.000000,2.000000,0.500000,0.500000,0.500000,0.500000,0.500000,0.500000,0.500000
436.5,1.000000,1.000000,-0.000000,2.000000,2.000000,0.500000,0.500000,0.500000,0.500000,0.500000,0.500000,0.500000
437.0,1.000000,1.000000,-0.000000,2.000000,2.000000,0.500000,0.500000,0.500000,0.500000,0.500000,0.500000,0.500000
437.5,1.000000,1.000000,-0.000000,2.000000,2.000000,0.500000,0.500000,0.500000,0.500000,0.500000,0.500000,0.500000
438.0,1.000000,1.000000,-0.000000,2.000000,2.000000,0.500000,0.500000,0.500000,0.500000,0.500000,0.500000,0.500000
438.5,1.000000,1.000000,-0.000000,2.000000,2.000000,0.500000,0.500000,0.500000,0.500000,0.500000,0.500000,0.500000
439.0,1.000000,1.000000,-0.000000,2.000000,2.000000,0.500000,0.500000,0.500000,0.500000,0.500000,0.500000,0.500000
439.5,1.000000,1.000000,-0.000000,2.000000,2.000000,0.500000,0.500000,0.500000,0.500000,0.500000,0.500000,0.500000
440.0,1.000000,1.000000,-0.000000,2.000000,2.000000,0.500000,0.500000,0.500000,0.500000,0.500000,0.500000,0.500000
440.5,1.000000,1.000000,-0.000000,2.000000,2.000000,0.500000,0.500000,0.500000,0.500000,0.500000,0.500000,0.500000
441.0,1.000000,1.000000,-0.000000,2.000000,2.000000,0.500000,0.500000,0.500000,0.500000,0.500000,0.500000,0.500000
441.5,1.000000,1.000000,-0.000000,2.000000,2.000000,0.500000,0.500000,0.500000,0.500000,0.500000,0.500000,0.500000
442.0,1.000000,1.000000,-0.000000,2.000000,2.000000,0.500000,0.500000,0.500000,0.500000,0.500000,0.500000,0.500000
442.5,1.000000,1.000000,-0.000000,2.000000,2.000000,0.500000,0.500000,0.500000,0.500000,0.500000,0.500000,0.500000
443.0,1.000000,1.000000,-0.000000,2.000000,2.000000,0.500000,0.500000,0.500000,0.500000,0.500000,0.500000,0.500000
443.5,1.000000,1.000000,-0.000000,2.000000,2.000000,0.500000,0.500000,0.500000,0.500000,0.500000,0.500000,0.500000
444.0,1.000000,1.000000,-0.000000,2.000000,2.000000,0.500000,0.500000,0.500000,0.500000,0.500000,0.500000,0.500000
444.5,1.000000,1.000000,-0.000000,2.000000,2.000000,0.500000,0.500000,0.500000,0.500000,0.500000,0.500000,0.500000
445.0,1.000000,1.000000,-0.000000,2.000000,2.000000,0.500000,0.500000,0.500000,0.500000,0.500000,0.500000,0.500000
445.5,1.000000,1.000000,-0.000000,2.000000,2.000000,0.500000,0.500000,0.500000,0.500000,0.500000,0.500000,0.500000
446.0,1.000000,1.000000,-0.000000,2.000000,2.000000,0.500000,0.500000,0.500000,0.500000,0.500000,0.500000,0.500000
446.5,1.000000,1.000000,-0.000000,2.000000,2.000000,0.500000,0.500000,0.500000,0.500000,0.500000,0.500000,0.500000
447.0,1.000000,1.000000,-0.000000,2.000000,2.000000,0.500000,0.500000,0.500000,0.500000,0.500000,0.500000,0.500000
447.5,1.000000,1.000000,-0.000000,2.000000,2.000000,0.500000,0.500000,0.500000,0.500000,0.500000,0.500000,0.500000
448.0,1.000000,1.000000,-0.000000,2.000000,2.000000,0.500000,0.500000,0.500000,0.500000,0.500000,0.500000,0.500000
448.5,1.000000,1.000000,-0.000000,2.000000,2.000000,0.500000,0.500000,0.500000,0.500000,0.500000,0.500000,0.500000
449.0,1.000000,1.000000,-0.000000,2.000000,2.000000,0.500000,0.500000,0.500000,0.500000,0.500000,0.500000,0.500000
449.5,1.000000,1.000000,-0.000000,2.000000,2.000000,0.500000,0.500000,0.500000,0.500000,0.500000,0.500000,0.500000
450.0,1.000000,1.000000,-0.000000,2.000000,2.000000,0.500000,0.500000,0.500000,0.500000,0.500000,0.500000,0.500000
450.5,1.000000,1.000000,-0.000000,2.000000,2.000000,0.500000,0.500000,0.500000,0.500000,0.500000,0.500000,0.500000
451.0,1.000000,1.000000,-0.000000,2.000000,2.000000,0.500000,0.500000,0.500000,0.500000,0.500000,0.500000,0.500000
451.5,1.000000,1.000000,-0.000000,2.000000,2.000000,0.500000,0.500000,0.500000,0.500000,0.500000,0.500000,0.500000
452.0,1.000000,1.000000,-0.000000,2.000000,2.000000,0.500000,0.500000,0.500000,0.500000,0.500000,0.500000,0.500000
452.5,1.000000,1.000000,-0.000000,2.000000,2.000000,0.500000,0.500000,0.500000,0.500000,0.500000,0.500000,0.500000
453.0,1.000000,1.000000,-0.000000,2.000000,2.000000,0.500000,0.500000,0.500000,0.500000,0.500000,0.500000,0.500000
453.5,1.000000,1.000000,-0.000000,2.000000,2.000000,0.500000,0.500000,0.500000,0.500000,0.500000,0.500000,0.500000
454.0,1.000000,1.000000,-0.000000,2.000000,2.000000,0.500000,0.500000,0.500000,0.500000,0.500000,0.500000,0.500000
454.5,1.000000,1.000000,-0.000000,2.000000,2.000000,0.500000,0.500000,0.500000,0.500000,0.500000,0.500000,0.500000
455.0,1.000000,1.000000,-0.000000,2.000000,2.000000,0.500000,0.500000,0.500000,0.500000,0.500000,0.500000,0.500000
455.5,1.000000,1.000000,-0.000000,2.000000,2.000000,0.500000,0.500000,0.500000,0.500000,0.500000,0.500000,0.500000
456.0,1.000000,1.000000,-0.000000,2.000000,2.000000,0.500000,0.500000,0.500000,0.500000,0.500000,0.500000,0.500000
456.5,1.000000,1.000000,-0.000000,2.000000,2.000000,0.500000,0.500000,0.500000,0.500000,0.500000,0.500000,0.500000
457.0,1.000000,1.000000,-0.000000,2.000000,2.000000,0.500000,0.500000,0.500000,0.500000,0.500000,0.500000,0.500000
457.5,1.000000,1.000000,-0.000000,2.000000,2.000000,0.500000,0.500000,0.500000,0.500000,0.500000,0.500000,0.500000
458.0,1.000000,1.000000,-0.000000,2.000000,2.000000,0.500000,0.500000,0.500000,0.500000,0.500000,0.500000,0.500000
458.5,1.000000,1.000000,-0.000000,2.000000,2.000000,0.500000,0.500000,0.500000,0.500000,0.500000,0.500000,0.500000
459.0,1.000000,1.000000,-0.000000,2.000000,2.000000,0.500000,0.500000,0.500000,0.500000,0.500000,0.500000,0.500000
459.5,1.000000,1.000000,-0.000000,2.000000,2.000000,0.500000,0.500000,0.500000,0.500000,0.500000,0.500000,0.500000
460.0,1.000000,1.000000,-0.000000,2.000000,2.000000,0.500000,0.500000,0.500000,0.500000,0.500000,0.500000,0.500000
460.5,1.000000,1.000000,-0.000000,2.000000,2.000000,0.500000,0.500000,0.500000,0.500000,0.500000,0.500000,0.500000
461.0,1.000000,1.000000,-0.000000,2.000000,2.000000,0.500000,0.500000,0.500000,0.500000,0.500000,0.500000,0.500000
461.5,1.000000,1.000000,-0.000000,2.000000,2.000000,0.500000,0.500000,0.500000,0.500000,0.500000,0.500000,0.500000
462.0,1.000000,1.000000,-0.000000,2.000000,2.000000,0.500000,0.500000,0.500000,0.500000,0.500000,0.500000,0.500000
462.5,1.000000,1.000000,-0.000000,2.000000,2.000000,0.500000,0.500000,0.500000,0.500000,0.500000,0.500000,0.500000
463.0,1.000000,1.000000,-0.000000,2.000000,2.000000,0.500000,0.500000,0.500000,0.500000,0.500000,0.500000,0.500000
463.5,1.000000,1.000000,-0.000000,2.000000,2.000000,0.500000,0.500000,0.500000,0.500000,0.500000,0.500000,0.500000
464.0,1.000000,1.000000,-0.000000,2.000000,2.000000,0.500000,0.500000,0.500000,0.500000,0.500000,0.500000,0.500000
464.5,1.000000,1.000000,-0.000000,2.000000,2.000000,0.500000,0.500000,0.500000,0.500000,0.500000,0.500000,0.500000
465.0,1.000000,1.000000,-0.000000,2.000000,2.000000,0.500000,0.500000,0.500000,0.500000,0.500000,0.500000,0.500000
465.5,1.000000,1.000000,-0.000000,2.000000,2.000000,0.500000,0.500000,0.500000,0.500000,0.500000,0.500000,0.500000
466.0,1.000000,1.000000,-0.000000,2.000000,2.000000,0.500000,0.500000,0.500000,0.500000,0.500000,0.500000,0.500000
466.5,1.000000,1.000000,-0.000000,2.000000,2.000000,0.500000,0.500000,0.500000,0.500000,0.500000,0.500000,0.500000
467.0,1.000000,1.000000,-0.000000,2.000000,2.000000,0.500000,0.500000,0.500000,0.500000,0.500000,0.500000,0.500000
467.5,1.000000,1.000000,-0.000000,2.000000,2.000000,0.500000,0.500000,0.500000,0.500000,0.500000,0.500000,0.500000
468.0,1.000000,1.000000,-0.000000,2.000000,2.000000,0.500000,0.500000,0.500000,0.500000,0.500000,0.500000,0.500000
468.5,1.000000,1.000000,-0.000000,2.000000,2.000000,0.500000,0.500000,0.500000,0.500000,0.500000,0.500000,0.500000
469.0,1.000000,1.000000,-0.000000,2.000000,2.000000,0.500000,0.500000,0.500000,0.500000,0.500000,0.500000,0.500000
469.5,1.000000,1.000000,-0.000000,2.000000,2.000000,0.500000,0.500000,0.500000,0.500000,0.500000,0.500000,0.500000
470.0,1.000000,1.000000,-0.000000,2.000000,2.000000,0.500000,0.500000,0.500000,0.500000,0.500000,0.500000,0.500000
470.5,1.000000,1.000000,-0.000000,2.000000,2.000000,0.500000,0.500000,0.500000,0.500000,0.500000,0.500000,0.500000
471.0,1.000000,1.000000,-0.000000,2.000000,2.000000,0.500000,0.500000,0.500000,0.500000,0.500000,0.500000,0.500000
471.5,1.000000,1.000000,-0.000000,2.000000,2.000000,0.500000,0.500000,0.500000,0.500000,0.500000,0.500000,0.500000
472.0,1.000000,1.000000,-0.000000,2.000000,2.000000,0.500000,0.500000,0.500000,0.500000,0.500000,0.500000,0.500000
472.5,1.000000,1.000000,-0.000000,2.000000,2.000000,0.500000,0.500000,0.500000,0.500000,0.500000,0.500000,0.500000
473.0,1.000000,1.000000,-0.000000,2.000000,2.000000,0.500000,0.500000,0.500000,0.500000,0.500000,0.500000,0.500000
473.5,1.000000,1.000000,-0.000000,2.000000,2.000000,0.500000,0.500000,0.500000,0.500000,0.500000,0.500000,0.500000
474.0,1.000000,1.000000,-0.000000,2.000000,2.000000,0.500000,0.500000,0.500000,0.500000,0.500000,0.500000,0.500000
474.5,1.000000,1.000000,-0.000000,2.000000,2.000000,0.500000,0.500000,0.500000,0.500000,0.500000,0.500000,0.500000
475.0,1.000000,1.000000,-0.000000,2.000000,2.000000,0.500000,0.500000,0.500000,0.500000,0.500000,0.500000,0.500000
475.5,1.000000,1.000000,-0.000000,2.000000,2.000000,0.500000,0.500000,0.500000,0.500000,0.500000,0.500000,0.500000
476.0,1.000000,1.000000,-0.000000,2.000000,2.000000,0.500000,0.500000,0.500000,0.500000,0.500000,0.500000,0.500000
476.5,1.000000,1.000000,-0.000000,2.000000,2.000000,0.500000,0.500000,0.500000,0.500000,0.500000,0.500000,0.500000
477.0,1.000000,1.000000,-0.000000,2.000000,2.000000,0.500000,0.500000,0.500000,0.500000,0.500000,0.500000,0.500000
477.5,1.000000,1.000000,-0.000000,2.000000,2.000000,0.500000,0.500000,0.500000,0.500000,0.500000,0.500000,0.500000
478.0,1.000000,1.000000,-0.000000,2.000000,2.000000,0.500000,0.500000,0.500000,0.500000,0.500000,0.500000,0.500000
478.5,1.000000,1.000000,-0.000000,2.000000,2.000000,0.500000,0.500000,0.500000,0.500000,0.500000,0.500000,0.500000
479.0,1.000000,1.000000,-0.000000,2.000000,2.000000,0.500000,0.500000,0.500000,0.500000,0.500000,0.500000,0.500000
479.5,1.000000,1.000000,-0.000000,2.000000,2.000000,0.500000,0.500000,0.500000,0.500000,0.500000,0.500000,0.500000
480.0,1.000000,1.000000,-0.000000,2.000000,2.000000,0.500000,0.500000,0.500000,0.500000,0.500000,0.500000,0.500000
480.5,1.000000,1.000000,-0.000000,2.000000,2.000000,0.500000,0.500000,0.500000,0.500000,0.500000,0.500000,0.500000
481.0,1.000000,1.000000,-0.000000,2.000000,2.000000,0.500000,0.500000,0.500000,0.500000,0.500000,0.500000,0.500000
481.5,1.000000,1.000000,-0.000000,2.000000,2.000000,0.500000,0.500000,0.500000,0.500000,0.500000,0.500000,0.500000
482.0,1.000000,1.000000,-0.000000,2.000000,2.000000,0.500000,0.500000,0.500000,0.500000,0.500000,0.500000,0.500000
482.5,1.000000,1.000000,-0.000000,2.000000,2.000000,0.500000,0.500000,0.500000,0.500000,0.500000,0.500000,0.500000
483.0,1.000000,1.000000,-0.000000,2.000000,2.000000,0.500000,0.500000,0.500000,0.500000,0.500000,0.500000,0.500000
483.5,1.000000,1.000000,-0.000000,2.000000,2.000000,0.500000,0.500000,0.500000,0.500000,0.500000,0.500000,0.500000
484.0,1.000000,1.000000,-0.000000,2.000000,2.000000,0.500000,0.500000,0.500000,0.500000,0.500000,0.500000,0.500000
484.5,1.000000,1.000000,-0.000000,2.000000,2.000000,0.500000,0.500000,0.500000,0.500000,0.500000,0.500000,0.500000
485.0,1.000000,1.000000,-0.000000,2.000000,2.000000,0.500000,0.500000,0.500000,0.500000,0.500000,0.500000,0.500000
485.5,1.000000,1.000000,-0.000000,2.000000,2.000000,0.500000,0.500000,0.500000,0.500000,0.500000,0.500000,0.500000
486.0,1.000000,1.000000,-0.000000,2.000000,2.000000,0.500000,0.500000,0.500000,0.500000,0.500000,0.500000,0.500000
486.5,1.000000,1.000000,-0.000000,2.000000,2.000000,0.500000,0.500000,0.500000,0.500000,0.500000,0.500000,0.500000
487.0,1.000000,1.000000,-0.000000,2.000000,2.000000,0.500000,0.500000,0.500000,0.500000,0.500000,0.500000,0.500000
487.5,1.000000,1.000000,-0.000000,2.000000,2.000000,0.500000,0.500000,0.500000,0.500000,0.500000,0.500000,0.500000
488.0,1.000000,1.000000,-0.000000,2.000000,2.000000,0.500000,0.500000,0.500000,0.500000,0.500000,0.500000,0.500000
488.5,1.000000,1.000000,-0.000000,2.000000,2.000000,0.500000,0.500000,0.500000,0.500000,0.500000,0.500000,0.500000
489.0,1.000000,1.000000,-0.000000,2.000000,2.000000,0.500000,0.500000,0.500000,0.500000,0.500000,0.500000,0.500000
489.5,1.000000,1.000000,-0.000000,2.000000,2.000000,0.500000,0.500000,0.500000,0.500000,0.500000,0.500000,0.500000
490.0,1.000000,1.000000,-0.000000,2.000000,2.000000,0.500000,0.500000,0.500000,0.500000,0.500000,0.500000,0.500000
490.5,1.000000,1.000000,-0.000000,2.000000,2.000000,0.500000,0.500000,0.500000,0.500000,0.500000,0.500000,0.500000
491.0,1.000000,1.000000,-0.000000,2.000000,2.000000,0.500000,0.500000,0.500000,0.500000,0.500000,0.500000,0.500000
491.5,1.000000,1.000000,-0.000000,2.000000,2.000000,0.500000,0.500000,0.500000,0.500000,0.500000,0.500000,0.500000
492.0,1.000000,1.000000,-0.000000,2.000000,2.000000,0.500000,0.500000,0.500000,0.500000,0.500000,0.500000,0.500000
492.5,1.000000,1.000000,-0.000000,2.000000,2.000000,0.500000,0.500000,0.500000,0.500000,0.500000,0.500000,0.500000
493.0,1.000000,1.000000,-0.000000,2.000000,2.000000,0.500000,0.500000,0.500000,0.500000,0.500000,0.500000,0.500000
493.5,1.000000,1.000000,-0.000000,2.000000,2.000000,0.500000,0.500000,0.500000,0.500000,0.500000,0.500000,0.500000
494.0,1.000000,1.000000,-0.000000,2.000000,2.000000,0.500000,0.500000,0.500000,0.500000,0.500000,0.500000,0.500000
494.5,1.000000,1.000000,-0.000000,2.000000,2.000000,0.500000,0.500000,0.500000,0.500000,0.500000,0.500000,0.500000
495.0,1.000000,1.000000,-0.000000,2.000000,2.000000,0.500000,0.500000,0.500000,0.500000,0.500000,0.500000,0.500000
495.5,1.000000,1.000000,-0.000000,2.000000,2.000000,0.500000,0.500000,0.500000,0.500000,0.500000,0.500000,0.500000
496.0,1.000000,1.000000,-0.000000,2.000000,2.000000,0.500000,0.500000,0.500000,0.500000,0.500000,0.500000,0.500000
496.5,1.000000,1.000000,-0.000000,2.000000,2.000000,0.500000,0.500000,0.500000,0.500000,0.500000,0.500000,0.500000
497.0,1.000000,1.000000,-0.000000,2.000000,2.000000,0.500000,0.500000,0.500000,0.500000,0.500000,0.500000,0.500000
497.5,1.000000,1.000000,-0.000000,2.000000,2.000000,0.500000,0.500000,0.500000,0.500000,0.500000,0.500000,0.500000
498.0,1.000000,1.000000,-0.000000,2.000000,2.000000,0.500000,0.500000,0.500000,0.500000,0.500000,0.500000,0.500000
498.5,1.000000,1.000000,-0.000000,2.000000,2.000000,0.500000,0.500000,0.500000,0.500000,0.500000,0.500000,0.500000
499.0,1.000000,1.000000,-0.000000,2.000000,2.000000,0.500000,0.500000,0.500000,0.500000,0.500000,0.500000,0.500000
499.5,1.000000,1.000000,-0.000000,2.000000,2.000000,0.500000,0.500000,0.500000,0.500000,0.500000,0.500000,0.500000
500.0,1.000000,1.000000,-0.000000,2.000000,2.000000,0.500000,0.500000,0.500000,0.500000,0.500000,0.500000,0.500000
500.5,1.000000,1.000000,-0.000000,2.000000,2.000000,0.500000,0.500000,0.500000,0.500000,0.500000,0.500000,0.500000
501.0,1.000000,1.000000,-0.000000,2.000000,2.000000,0.500000,0.500000,0.500000,0.500000,0.500000,0.500000,0.500000
501.5,1.000000,1.000000,-0.000000,2.000000,2.000000,0.500000,0.500000,0.500000,0.500000,0.500000,0.500000,0.500000
502.0,1.000000,1.000000,-0.000000,2.000000,2.000000,0.500000,0.500000,0.500000,0.500000,0.500000,0.500000,0.500000
502.5,1.000000,1.000000,-0.000000,2.000000,2.000000,0.500000,0.500000,0.500000,0.500000,0.500000,0.500000,0.500000
503.0,1.000000,1.000000,-0.000000,2.000000,2.000000,0.500000,0.500000,0.500000,0.500000,0.500000,0.500000,0.500000
503.5,1.000000,1.000000,-0.000000,2.000000,2.000000,0.500000,0.500000,0.500000,0.500000,0.500000,0.500000,0.500000
504.0,1.000000,1.000000,-0.000000,2.000000,2.000000,0.500000,0.500000,0.500000,0.500000,0.500000,0.500000,0.500000
504.5,1.000000,1.000000,-0.000000,2.000000,2.000000,0.500000,0.500000,0.500000,0.500000,0.500000,0.500000,0.500000
505.0,1.000000,1.000000,-0.000000,2.000000,2.000000,0.500000,0.500000,0.500000,0.500000,0.500000,0.500000,0.500000
505.5,1.000000,1.000000,-0.000000,2.000000,2.000000,0.500000,0.500000,0.500000,0.500000,0.500000,0.500000,0.500000
506.0,1.000000,1.000000,-0.000000,2.000000,2.000000,0.500000,0.500000,0.500000,0.500000,0.500000,0.500000,0.500000
506.5,1.000000,1.000000,-0.000000,2.000000,2.000000,0.500000,0.500000,0.500000,0.500000,0.500000,0.500000,0.500000
507.0,1.000000,1.000000,-0.000000,2.000000,2.000000,0.500000,0.500000,0.500000,0.500000,0.500000,0.500000,0.500000
507.5,1.000000,1.000000,-0.000000,2.000000,2.000000,0.500000,0.500000,0.500000,0.500000,0.500000,0.500000,0.500000
508.0,1.000000,1.000000,-0.000000,2.000000,2.000000,0.500000,0.500000,0.500000,0.500000,0.500000,0.500000,0.500000
508.5,1.000000,1.000000,-0.000000,2.000000,2.000000,0.500000,0.500000,0.500000,0.500000,0.500000,0.500000,0.500000
509.0,1.000000,1.000000,-0.000000,2.000000,2.000000,0.500000,0.500000,0.500000,0.500000,0.500000,0.500000,0.500000
509.5,1.000000,1.000000,-0.000000,2.000000,2.000000,0.500000,0.500000,0.500000,0.500000,0.500000,0.500000,0.500000
510.0,1.000000,1.000000,-0.000000,2.000000,2.000000,0.500000,0.500000,0.500000,0.500000,0.500000,0.500000,0.500000
510.5,1.000000,1.000000,-0.000000,2.000000,2.000000,0.500000,0.500000,0.500000,0.500000,0.500000,0.500000,0.500000
511.0,1.000000,1.000000,-0.000000,2.000000,2.000000,0.500000,0.500000,0.500000,0.500000,0.500000,0.500000,0.500000
511.5,1.000000,1.000000,-0.000000,2.000000,2.000000,0.500000,0.500000,0.500000,0.500000,0.500000,0.500000,0.500000
512.0,1.000000,1.000000,-0.000000,2.000000,2.000000,0.500000,0.500000,0.500000,0.500000,0.500000,0.500000,0.500000
512.5,1.000000,1.000000,-0.000000,2.000000,2.000000,0.500000,0.500000,0.500000,0.500000,0.500000,0.500000,0.500000
513.0,1.000000,1.000000,-0.000000,2.000000,2.000000,0.500000,0.500000,0.500000,0.500000,0.500000,0.500000,0.500000
513.5,1.000000,1.000000,-0.000000,2.000000,2.000000,0.500000,0.500000,0.500000,0.500000,0.500000,0.500000,0.500000
514.0,1.000000,1.000000,-0.000000,2.000000,2.000000,0.500000,0.500000,0.500000,0.500000,0.500000,0.500000,0.500000
514.5,1.000000,1.000000,-0.000000,2.000000,2.000000,0.500000,0.500000,0.500000,0.500000,0.500000,0.500000,0.500000
515.0,1.000000,1.000000,-0.000000,2.000000,2.000000,0.500000,0.500000,0.500000,0.500000,0.500000,0.500000,0.500000
515.5,1.000000,1.000000,-0.000000,2.000000,2.000000,0.500000,0.500000,0.500000,0.500000,0.500000,0.500000,0.500000
516.0,1.000000,1.000000,-0.000000,2.000000,2.000000,0.500000,0.500000,0.500000,0.500000,0.500000,0.500000,0.500000
516.5,1.000000,1.000000,-0.000000,2.000000,2.000000,0.500000,0.500000,0.500000,0.500000,0.500000,0.500000,0.500000
517.0,1.000000,1.000000,-0.000000,2.000000,2.000000,0.500000,0.500000,0.500000,0.500000,0.500000,0.500000,0.500000
517.5,1.000000,1.000000,-0.000000,2.000000,2.000000,0.500000,0.500000,0.500000,0.500000,0.500000,0.500000,0.500000
518.0,1.000000,1.000000,-0.000000,2.000000,2.000000,0.500000,0.500000,0.500000,0.500000,0.500000,0.500000,0.500000
518.5,1.000000,1.000000,-0.000000,2.000000,2.000000,0.500000,0.500000,0.500000,0.500000,0.500000,0.500000,0.500000
519.0,1.000000,1.000000,-0.000000,2.000000,2.000000,0.500000,0.500000,0.500000,0.500000,0.500000,0.500000,0.500000
519.5,1.000000,1.000000,-0.000000,2.000000,2.000000,0.500000,0.500000,0.500000,0.500000,0.500000,0.500000,0.500000
520.0,1.000000,1.000000,-0.000000,2.000000,2.000000,0.500000,0.500000,0.500000,0.500000,0.500000,0.500000,0.500000
520.5,1.000000,1.000000,-0.000000,2.000000,2.000000,0.500000,0.500000,0.500000,0.500000,0.500000,0.500000,0.500000
521.0,1.000000,1.000000,-0.000000,2.000000,2.000000,0.500000,0.500000,0.500000,0.500000,0.500000,0.500000,0.500000
521.5,1.000000,1.000000,-0.000000,2.000000,2.000000,0.500000,0.500000,0.500000,0.500000,0.500000,0.500000,0.500000
522.0,1.000000,1.000000,-0.000000,2.000000,2.000000,0.500000,0.500000,0.500000,0.500000,0.500000,0.500000,0.500000
522.5,1.000000,1.000000,-0.000000,2.000000,2.000000,0.500000,0.500000,0.500000,0.500000,0.500000,0.500000,0.500000
523.0,1.000000,1.000000,-0.000000,2.000000,2.000000,0.500000,0.500000,0.500000,0.500000,0.500000,0.500000,0.500000
523.5,1.000000,1.000000,-0.000000,2.000000,2.000000,0.500000,0.500000,0.500000,0.500000,0.500000,0.500000,0.500000
524.0,1.000000,1.000000,-0.000000,2.000000,2.000000,0.500000,0.500000,0.500000,0.500000,0.500000,0.500000,0.500000
524.5,1.000000,1.000000,-0.000000,2.000000,2.000000,0.500000,0.500000,0.500000,0.500000,0.500000,0.500000,0.500000
525.0,1.000000,1.000000,-0.000000,2.000000,2.000000,0.500000,0.500000,0.500000,0.500000,0.500000,0.500000,0.500000
525.5,1.000000,1.000000,-0.000000,2.000000,2.000000,0.500000,0.500000,0.500000,0.500000,0.500000,0.500000,0.500000
526.0,1.000000,1.000000,-0.000000,2.000000,2.000000,0.500000,0.500000,0.500000,0.500000,0.500000,0.500000,0.500000
526.5,1.000000,1.000000,-0.000000,2.000000,2.000000,0.500000,0.500000,0.500000,0.500000,0.500000,0.500000,0.500000
527.0,1.000000,1.000000,-0.000000,2.000000,2.000000,0.500000,0.500000,0.500000,0.500000,0.500000,0.500000,0.500000
527.5,1.000000,1.000000,-0.000000,2.000000,2.000000,0.500000,0.500000,0.500000,0.500000,0.500000,0.500000,0.500000
528.0,1.000000,1.000000,-0.000000,2.000000,2.000000,0.500000,0.500000,0.500000,0.500000,0.500000,0.500000,0.500000
528.5,1.000000,1.000000,-0.000000,2.000000,2.000000,0.500000,0.500000,0.500000,0.500000,0.500000,0.500000,0.500000
529.0,1.000000,1.000000,-0.000000,2.000000,2.000000,0.500000,0.500000,0.500000,0.500000,0.500000,0.500000,0.500000
529.5,1.000000,1.000000,-0.000000,2.000000,2.000000,0.500000,0.500000,0.500000,0.500000,0.500000,0.500000,0.500000
530.0,1.000000,1.000000,-0.000000,2.000000,2.000000,0.500000,0.500000,0.500000,0.500000,0.500000,0.500000,0.500000
530.5,1.000000,1.000000,-0.000000,2.000000,2.000000,0.500000,0.500000,0.500000,0.500000,0.500000,0.500000,0.500000
531.0,1.000000,1.000000,-0.000000,2.000000,2.000000,0.500000,0.500000,0.500000,0.500000,0.500000,0.500000,0.500000
531.5,1.000000,1.000000,-0.000000,2.000000,2.000000,0.500000,0.500000,0.500000,0.500000,0.500000,0.500000,0.500000
532.0,1.000000,1.000000,-0.000000,2.000000,2.000000,0.500000,0.500000,0.500000,0.500000,0.500000,0.500000,0.500000
532.5,1.000000,1.000000,-0.000000,2.000000,2.000000,0.500000,0.500000,0.500000,0.500000,0.500000,0.500000,0.500000
533.0,1.000000,1.000000,-0.000000,2.000000,2.000000,0.500000,0.500000,0.500000,0.500000,0.500000,0.500000,0.500000
533.5,1.000000,1.000000,-0.000000,2.000000,2.000000,0.500000,0.500000,0.500000,0.500000,0.500000,0.500000,0.500000
534.0,1.000000,1.000000,-0.000000,2.000000,2.000000,0.500000,0.500000,0.500000,0.500000,0.500000,0.500000,0.500000
534.5,1.000000,1.000000,-0.000000,2.000000,2.000000,0.500000,0.500000,0.500000,0.500000,0.500000,0.500000,0.500000
535.0,1.000000,1.000000,-0.000000,2.000000,2.000000,0.500000,0.500000,0.500000,0.500000,0.500000,0.500000,0.500000
535.5,1.000000,1.000000,-0.000000,2.000000,2.000000,0.500000,0.500000,0.500000,0.500000,0.500000,0.500000,0.500000
536.0,1.000000,1.000000,-0.000000,2.000000,2.000000,0.500000,0.500000,0.500000,0.500000,0.500000,0.500000,0.500000
536.5,1.000000,1.000000,-0.000000,2.000000,2.000000,0.500000,0.500000,0.500000,0.500000,0.500000,0.500000,0.500000
537.0,1.000000,1.000000,-0.000000,2.000000,2.000000,0.500000,0.500000,0.500000,0.500000,0.500000,0.500000,0.500000
537.5,1.000000,1.000000,-0.000000,2.000000,2.000000,0.500000,0.500000,0.500000,0.500000,0.500000,0.500000,0.500000
538.0,1.000000,1.000000,-0.000000,2.000000,2.000000,0.500000,0.500000,0.500000,0.500000,0.500000,0.500000,0.500000
538.5,1.000000,1.000000,-0.000000,2.000000,2.000000,0.500000,0.500000,0.500000,0.500000,0.500000,0.500000,0.500000
539.0,1.000000,1.000000,-0.000000,2.000000,2.000000,0.500000,0.500000,0.500000,0.500000,0.500000,0.500000,0.500000
539.5,1.000000,1.000000,-0.000000,2.000000,2.000000,0.500000,0.500000,0.500000,0.500000,0.500000,0.500000,0.500000
540.0,1.000000,1.000000,-0.000000,2.000000,2.000000,0.500000,0.500000,0.500000,0.500000,0.500000,0.500000,0.500000
540.5,1.000000,1.000000,-0.000000,2.000000,2.000000,0.500000,0.500000,0.500000,0.500000,0.500000,0.500000,0.500000
541.0,1.000000,1.000000,-0.000000,2.000000,2.000000,0.500000,0.500000,0.500000,0.500000,0.500000,0.500000,0.500000
541.5,1.000000,1.000000,-0.000000,2.000000,2.000000,0.500000,0.500000,0.500000,0.500000,0.500000,0.500000,0.500000
542.0,1.000000,1.000000,-0.000000,2.000000,2.000000,0.500000,0.500000,0.500000,0.500000,0.500000,0.500000,0.500000
542.5,1.000000,1.000000,-0.000000,2.000000,2.000000,0.500000,0.500000,0.500000,0.500000,0.500000,0.500000,0.500000
543.0,1.000000,1.000000,-0.000000,2.000000,2.000000,0.500000,0.500000,0.500000,0.500000,0.500000,0.500000,0.500000
543.5,1.000000,1.000000,-0.000000,2.000000,2.000000,0.500000,0.500000,0.500000,0.500000,0.500000,0.500000,0.500000
544.0,1.000000,1.000000,-0.000000,2.000000,2.000000,0.500000,0.500000,0.500000,0.500000,0.500000,0.500000,0.500000
544.5,1.000000,1.000000,-0.000000,2.000000,2.000000,0.500000,0.500000,0.500000,0.500000,0.500000,0.500000,0.500000
545.0,1.000000,1.000000,-0.000000,2.000000,2.000000,0.500000,0.500000,0.500000,0.500000,0.500000,0.500000,0.500000
545.5,1.000000,1.000000,-0.000000,2.000000,2.000000,0.500000,0.500000,0.500000,0.500000,0.500000,0.500000,0.500000
546.0,1.000000,1.000000,-0.000000,2.000000,2.000000,0.500000,0.500000,0.500000,0.500000,0.500000,0.500000,0.500000
546.5,1.000000,1.000000,-0.000000,2.000000,2.000000,0.500000,0.500000,0.500000,0.500000,0.500000,0.500000,0.500000
547.0,1.000000,1.000000,-0.000000,2.000000,2.000000,0.500000,0.500000,0.500000,0.500000,0.500000,0.500000,0.500000
547.5,1.000000,1.000000,-0.000000,2.000000,2.000000,0.500000,0.500000,0.500000,0.500000,0.500000,0.500000,0.500000
548.0,1.000000,1.000000,-0.000000,2.000000,2.000000,0.500000,0.500000,0.500000,0.500000,0.500000,0.500000,0.500000
548.5,1.000000,1.000000,-0.000000,2.000000,2.000000,0.500000,0.500000,0.500000,0.500000,0.500000,0.500000,0.500000
549.0,1.000000,1.000000,-0.000000,2.000000,2.000000,0.500000,0.500000,0.500000,0.500000,0.500000,0.500000,0.500000
549.5,1.000000,1.000000,-0.000000,2.000000,2.000000,0.500000,0.500000,0.500000,0.500000,0.500000,0.500000,0.500000
550.0,1.000000,1.000000,-0.000000,2.000000,2.000000,0.500000,0.500000,0.500000,0.500000,0.500000,0.500000,0.500000
550.5,1.000000,1.000000,-0.000000,2.000000,2.000000,0.500000,0.500000,0.500000,0.500000,0.500000,0.500000,0.500000
551.0,1.000000,1.000000,-0.000000,2.000000,2.000000,0.500000,0.500000,0.500000,0.500000,0.500000,0.500000,0.500000
551.5,1.000000,1.000000,-0.000000,2.000000,2.000000,0.500000,0.500000,0.500000,0.500000,0.500000,0.500000,0.500000
552.0,1.000000,1.000000,-0.000000,2.000000,2.000000,0.500000,0.500000,0.500000,0.500000,0.500000,0.500000,0.500000
552.5,1.000000,1.000000,-0.000000,2.000000,2.000000,0.500000,0.500000,0.500000,0.500000,0.500000,0.500000,0.500000
553.0,1.000000,1.000000,-0.000000,2.000000,2.000000,0.500000,0.500000,0.500000,0.500000,0.500000,0.500000,0.500000
553.5,1.000000,1.000000,-0.000000,2.000000,2.000000,0.500000,0.500000,0.500000,0.500000,0.500000,0.500000,0.500000
554.0,1.000000,1.000000,-0.000000,2.000000,2.000000,0.500000,0.500000,0.500000,0.500000,0.500000,0.500000,0.500000
554.5,1.000000,1.000000,-0.000000,2.000000,2.000000,0.500000,0.500000,0.500000,0.500000,0.500000,0.500000,0.500000
555.0,1.000000,1.000000,-0.000000,2.000000,2.000000,0.500000,0.500000,0.500000,0.500000,0.500000,0.500000,0.500000
555.5,1.000000,1.000000,-0.000000,2.000000,2.000000,0.500000,0.500000,0.500000,0.500000,0.500000,0.500000,0.500000
556.0,1.000000,1.000000,-0.000000,2.000000,2.000000,0.500000,0.500000,0.500000,0.500000,0.500000,0.500000,0.500000
556.5,1.000000,1.000000,-0.000000,2.000000,2.000000,0.500000,0.500000,0.500000,0.500000,0.500000,0.500000,0.500000
557.0,1.000000,1.000000,-0.000000,2.000000,2.000000,0.500000,0.500000,0.500000,0.500000,0.500000,0.500000,0.500000
557.5,1.000000,1.000000,-0.000000,2.000000,2.000000,0.500000,0.500000,0.500000,0.500000,0.500000,0.500000,0.500000
558.0,1.000000,1.000000,-0.000000,2.000000,2.000000,0.500000,0.500000,0.500000,0.500000,0.500000,0.500000,0.500000
558.5,1.000000,1.000000,-0.000000,2.000000,2.000000,0.500000,0.500000,0.500000,0.500000,0.500000,0.500000,0.500000
559.0,1.000000,1.000000,-0.000000,2.000000,2.000000,0.500000,0.500000,0.500000,0.500000,0.500000,0.500000,0.500000
559.5,1.000000,1.000000,-0.000000,2.000000,2.000000,0.500000,0.500000,0.500000,0.500000,0.500000,0.500000,0.500000
560.0,1.000000,1.000000,-0.000000,2.000000,2.000000,0.500000,0.500000,0.500000,0.500000,0.500000,0.500000,0.500000
560.5,1.000000,1.000000,-0.000000,2.000000,2.000000,0.500000,0.500000,0.500000,0.500000,0.500000,0.500000,0.500000
561.0,1.000000,1.000000,-0.000000,2.000000,2.000000,0.500000,0.500000,0.500000,0.500000,0.500000,0.500000,0.500000
561.5,1.000000,1.000000,-0.000000,2.000000,2.000000,0.500000,0.500000,0.500000,0.500000,0.500000,0.500000,0.500000
562.0,1.000000,1.000000,-0.000000,2.000000,2.000000,0.500000,0.500000,0.500000,0.500000,0.500000,0.500000,0.500000
562.5,1.000000,1.000000,-0.000000,2.000000,2.000000,0.500000,0.500000,0.500000,0.500000,0.500000,0.500000,0.500000
563.0,1.000000,1.000000,-0.000000,2.000000,2.000000,0.500000,0.500000,0.500000,0.500000,0.500000,0.500000,0.500000
563.5,1.000000,1.000000,-0.000000,2.000000,2.000000,0.500000,0.500000,0.500000,0.500000,0.500000,0.500000,0.500000
564.0,1.000000,1.000000,-0.000000,2.000000,2.000000,0.500000,0.500000,0.500000,0.500000,0.500000,0.500000,0.500000
564.5,1.000000,1.000000,-0.000000,2.000000,2.000000,0.500000,0.500000,0.500000,0.500000,0.500000,0.500000,0.500000
565.0,1.000000,1.000000,-0.000000,2.000000,2.000000,0.500000,0.500000,0.500000,0.500000,0.500000,0.500000,0.500000
565.5,1.000000,1.000000,-0.000000,2.000000,2.000000,0.500000,0.500000,0.500000,0.500000,0.500000,0.500000,0.500000
566.0,1.000000,1.000000,-0.000000,2.000000,2.000000,0.500000,0.500000,0.500000,0.500000,0.500000,0.500000,0.500000
566.5,1.000000,1.000000,-0.000000,2.000000,2.000000,0.500000,0.500000,0.500000,0.500000,0.500000,0.500000,0.500000
567.0,1.000000,1.000000,-0.000000,2.000000,2.000000,0.500000,0.500000,0.500000,0.500000,0.500000,0.500000,0.500000
567.5,1.000000,1.000000,-0.000000,2.000000,2.000000,0.500000,0.500000,0.500000,0.500000,0.500000,0.500000,0.500000
568.0,1.000000,1.000000,-0.000000,2.000000,2.000000,0.500000,0.500000,0.500000,0.500000,0.500000,0.500000,0.500000
568.5,1.000000,1.000000,-0.000000,2.000000,2.000000,0.500000,0.500000,0.500000,0.500000,0.500000,0.500000,0.500000
569.0,1.000000,1.000000,-0.000000,2.000000,2.000000,0.500000,0.500000,0.500000,0.500000,0.500000,0.500000,0.500000
569.5,1.000000,1.000000,-0.000000,2.000000,2.000000,0.500000,0.500000,0.500000,0.500000,0.500000,0.500000,0.500000
570.0,1.000000,1.000000,-0.000000,2.000000,2.000000,0.500000,0.500000,0.500000,0.500000,0.500000,0.500000,0.500000
570.5,1.000000,1.000000,-0.000000,2.000000,2.000000,0.500000,0.500000,0.500000,0.500000,0.500000,0.500000,0.500000
571.0,1.000000,1.000000,-0.000000,2.000000,2.000000,0.500000,0.500000,0.500000,0.500000,0.500000,0.500000,0.500000
571.5,1.000000,1.000000,-0.000000,2.000000,2.000000,0.500000,0.500000,0.500000,0.500000,0.500000,0.500000,0.500000
572.0,1.000000,1.000000,-0.000000,2.000000,2.000000,0.500000,0.500000,0.500000,0.500000,0.500000,0.500000,0.500000
572.5,1.000000,1.000000,-0.000000,2.000000,2.000000,0.500000,0.500000,0.500000,0.500000,0.500000,0.500000,0.500000
573.0,1.000000,1.000000,-0.000000,2.000000,2.000000,0.500000,0.500000,0.500000,0.500000,0.500000,0.500000,0.500000
573.5,1.000000,1.000000,-0.000000,2.000000,2.000000,0.500000,0.500000,0.500000,0.500000,0.500000,0.500000,0.500000
574.0,1.000000,1.000000,-0.000000,2.000000,2.000000,0.500000,0.500000,0.500000,0.500000,0.500000,0.500000,0.500000
574.5,1.000000,1.000000,-0.000000,2.000000,2.000000,0.500000,0.500000,0.500000,0.500000,0.500000,0.500000,0.500000
575.0,1.000000,1.000000,-0.000000,2.000000,2.000000,0.500000,0.500000,0.500000,0.500000,0.500000,0.500000,0.500000
575.5,1.000000,1.000000,-0.000000,2.000000,2.000000,0.500000,0.500000,0.500000,0.500000,0.500000,0.500000,0.500000
576.0,1.000000,1.000000,-0.000000,2.000000,2.000000,0.500000,0.500000,0.500000,0.500000,0.500000,0.500000,0.500000
576.5,1.000000,1.000000,-0.000000,2.000000,2.000000,0.500000,0.500000,0.500000,0.500000,0.500000,0.500000,0.500000
577.0,1.000000,1.000000,-0.000000,2.000000,2.000000,0.500000,0.500000,0.500000,0.500000,0.500000,0.500000,0.500000
577.5,1.000000,1.000000,-0.000000,2.000000,2.000000,0.500000,0.500000,0.500000,0.500000,0.500000,0.500000,0.500000
578.0,1.000000,1.000000,-0.000000,2.000000,2.000000,0.500000,0.500000,0.500000,0.500000,0.500000,0.500000,0.500000
578.5,1.000000,1.000000,-0.000000,2.000000,2.000000,0.500000,0.500000,0.500000,0.500000,0.500000,0.500000,0.500000
579.0,1.000000,1.000000,-0.000000,2.000000,2.000000,0.500000,0.500000,0.500000,0.500000,0.500000,0.500000,0.500000
579.5,1.000000,1.000000,-0.000000,2.000000,2.000000,0.500000,0.500000,0.500000,0.500000,0.500000,0.500000,0.500000
580.0,1.000000,1.000000,-0.000000,2.000000,2.000000,0.500000,0.500000,0.500000,0.500000,0.500000,0.500000,0.500000
580.5,1.000000,1.000000,-0.000000,2.000000,2.000000,0.500000,0.500000,0.500000,0.500000,0.500000,0.500000,0.500000
581.0,1.000000,1.000000,-0.000000,2.000000,2.000000,0.500000,0.500000,0.500000,0.500000,0.500000,0.500000,0.500000
581.5,1.000000,1.000000,-0.000000,2.000000,2.000000,0.500000,0.500000,0.500000,0.500000,0.500000,0.500000,0.500000
582.0,1.000000,1.000000,-0.000000,2.000000,2.000000,0.500000,0.500000,0.500000,0.500000,0.500000,0.500000,0.500000
582.5,1.000000,1.000000,-0.000000,2.000000,2.000000,0.500000,0.500000,0.500000,0.500000,0.500000,0.500000,0.500000
583.0,1.000000,1.000000,-0.000000,2.000000,2.000000,0.500000,0.500000,0.500000,0.500000,0.500000,0.500000,0.500000
583.5,1.000000,1.000000,-0.000000,2.000000,2.000000,0.500000,0.500000,0.500000,0.500000,0.500000,0.500000,0.500000
584.0,1.000000,1.000000,-0.000000,2.000000,2.000000,0.500000,0.500000,0.500000,0.500000,0.500000,0.500000,0.500000
584.5,1.000000,1.000000,-0.000000,2.000000,2.000000,0.500000,0.500000,0.500000,0.500000,0.500000,0.500000,0.500000
585.0,1.000000,1.000000,-0.000000,2.000000,2.000000,0.500000,0.500000,0.500000,0.500000,0.500000,0.500000,0.500000
585.5,1.000000,1.000000,-0.000000,2.000000,2.000000,0.500000,0.500000,0.500000,0.500000,0.500000,0.500000,0.500000
586.0,1.000000,1.000000,-0.000000,2.000000,2.000000,0.500000,0.500000,0.500000,0.500000,0.500000,0.500000,0.500000
586.5,1.000000,1.000000,-0.000000,2.000000,2.000000,0.500000,0.500000,0.500000,0.500000,0.500000,0.500000,0.500000
587.0,1.000000,1.000000,-0.000000,2.000000,2.000000,0.500000,0.500000,0.500000,0.500000,0.500000,0.500000,0.500000
587.5,1.000000,1.000000,-0.000000,2.000000,2.000000,0.500000,0.500000,0.500000,0.500000,0.500000,0.500000,0.500000
588.0,1.000000,1.000000,-0.000000,2.000000,2.000000,0.500000,0.500000,0.500000,0.500000,0.500000,0.500000,0.500000
588.5,1.000000,1.000000,-0.000000,2.000000,2.000000,0.500000,0.500000,0.500000,0.500000,0.500000,0.500000,0.500000
589.0,1.000000,1.000000,-0.000000,2.000000,2.000000,0.500000,0.500000,0.500000,0.500000,0.500000,0.500000,0.500000
589.5,1.000000,1.000000,-0.000000,2.000000,2.000000,0.500000,0.500000,0.500000,0.500000,0.500000,0.500000,0.500000
590.0,1.000000,1.000000,-0.000000,2.000000,2.000000,0.500000,0.500000,0.500000,0.500000,0.500000,0.500000,0.500000
590.5,1.000000,1.000000,-0.000000,2.000000,2.000000,0.500000,0.500000,0.500000,0.500000,0.500000,0.500000,0.500000
591.0,1.000000,1.000000,-0.000000,2.000000,2.000000,0.500000,0.500000,0.500000,0.500000,0.500000,0.500000,0.500000
591.5,1.000000,1.000000,-0.000000,2.000000,2.000000,0.500000,0.500000,0.500000,0.500000,0.500000,0.500000,0.500000
592.0,1.000000,1.000000,-0.000000,2.000000,2.000000,0.500000,0.500000,0.500000,0.500000,0.500000,0.500000,0.500000
592.5,1.000000,1.000000,-0.000000,2.000000,2.000000,0.500000,0.500000,0.500000,0.500000,0.500000,0.500000,0.500000
593.0,1.000000,1.000000,-0.000000,2.000000,2.000000,0.500000,0.500000,0.500000,0.500000,0.500000,0.500000,0.500000
593.5,1.000000,1.000000,-0.000000,2.000000,2.000000,0.500000,0.500000,0.500000,0.500000,0.500000,0.500000,0.500000
594.0,1.000000,1.000000,-0.000000,2.000000,2.000000,0.500000,0.500000,0.500000,0.500000,0.500000,0.500000,0.500000
594.5,1.000000,1.000000,-0.000000,2.000000,2.000000,0.500000,0.500000,0.500000,0.500000,0.500000,0.500000,0.500000
595.0,1.000000,1.000000,-0.000000,2.000000,2.000000,0.500000,0.500000,0.500000,0.500000,0.500000,0.500000,0.500000
595.5,1.000000,1.000000,-0.000000,2.000000,2.000000,0.500000,0.500000,0.500000,0.500000,0.500000,0.500000,0.500000
596.0,1.000000,1.000000,-0.000000,2.000000,2.000000,0.500000,0.500000,0.500000,0.500000,0.500000,0.500000,0.500000
596.5,1.000000,1.000000,-0.000000,2.000000,2.000000,0.500000,0.500000,0.500000,0.500000,0.500000,0.500000,0.500000
597.0,1.000000,1.000000,-0.000000,2.000000,2.000000,0.500000,0.500000,0.500000,0.500000,0.500000,0.500000,0.500000
597.5,1.000000,1.000000,-0.000000,2.000000,2.000000,0.500000,0.500000,0.500000,0.500000,0.500000,0.500000,0.500000
598.0,1.000000,1.000000,-0.000000,2.000000,2.000000,0.500000,0.500000,0.500000,0.500000,0.500000,0.500000,0.500000
598.5,1.000000,1.000000,-0.000000,2.000000,2.000000,0.500000,0.500000,0.500000,0.500000,0.500000,0.500000,0.500000
599.0,1.000000,1.000000,-0.000000,2.000000,2.000000,0.500000,0.500000,0.500000,0.500000,0.500000,0.500000,0.500000
599.5,1.000000,1.000000,-0.000000,2.000000,2.000000,0.500000,0.500000,0.500000,0.500000,0.500000,0.500000,0.500000
600.0,1.000000,1.000000,-0.000000,2.000000,2.000000,0.500000,0.500000,0.500000,0.500000,0.500000,0.500000,0.500000
600.5,1.000000,1.000000,-0.000000,2.000000,2.000000,0.500000,0.500000,0.500000,0.500000,0.500000,0.500000,0.500000
601.0,1.000000,1.000000,-0.000000,2.000000,2.000000,0.500000,0.500000,0.500000,0.500000,0.500000,0.500000,0.500000
601.5,1.000000,1.000000,-0.000000,2.000000,2.000000,0.500000,0.500000,0.500000,0.500000,0.500000,0.500000,0.500000
602.0,1.000000,1.000000,-0.000000,2.000000,2.000000,0.500000,0.500000,0.500000,0.500000,0.500000,0.500000,0.500000
602.5,1.000000,1.000000,-0.000000,2.000000,2.000000,0.500000,0.500000,0.500000,0.500000,0.500000,0.500000,0.500000
603.0,1.000000,1.000000,-0.000000,2.000000,2.000000,0.500000,0.500000,0.500000,0.500000,0.500000,0.500000,0.500000
603.5,1.000000,1.000000,-0.000000,2.000000,2.000000,0.500000,0.500000,0.500000,0.500000,0.500000,0.500000,0.500000
604.0,1.000000,1.000000,-0.000000,2.000000,2.000000,0.500000,0.500000,0.500000,0.500000,0.500000,0.500000,0.500000
604.5,1.000000,1.000000,-0.000000,2.000000,2.000000,0.500000,0.500000,0.500000,0.500000,0.500000,0.500000,0.500000
605.0,1.000000,1.000000,-0.000000,2.000000,2.000000,0.500000,0.500000,0.500000,0.500000,0.500000,0.500000,0.500000
605.5,1.000000,1.000000,-0.000000,2.000000,2.000000,0.500000,0.500000,0.500000,0.500000,0.500000,0.500000,0.500000
606.0,1.000000,1.000000,-0.000000,2.000000,2.000000,0.500000,0.500000,0.500000,0.500000,0.500000,0.500000,0.500000
606.5,1.000000,1.000000,-0.000000,2.000000,2.000000,0.500000,0.500000,0.500000,0.500000,0.500000,0.500000,0.500000
607.0,1.000000,1.000000,-0.000000,2.000000,2.000000,0.500000,0.500000,0.500000,0.500000,0.500000,0.500000,0.500000
607.5,1.000000,1.000000,-0.000000,2.000000,2.000000,0.500000,0.500000,0.500000,0.500000,0.500000,0.500000,0.500000
608.0,1.000000,1.000000,-0.000000,2.000000,2.000000,0.500000,0.500000,0.500000,0.500000,0.500000,0.500000,0.500000
608.5,1.000000,1.000000,-0.000000,2.000000,2.000000,0.500000,0.500000,0.500000,0.500000,0.500000,0.500000,0.500000
609.0,1.000000,1.000000,-0.000000,2.000000,2.000000,0.500000,0.500000,0.500000,0.500000,0.500000,0.500000,0.500000
609.5,1.000000,1.000000,-0.000000,2.000000,2.000000,0.500000,0.500000,0.500000,0.500000,0.500000,0.500000,0.500000
610.0,1.000000,1.000000,-0.000000,2.000000,2.000000,0.500000,0.500000,0.500000,0.500000,0.500000,0.500000,0.500000
610.5,1.000000,1.000000,-0.000000,2.000000,2.000000,0.500000,0.500000,0.500000,0.500000,0.500000,0.500000,0.500000
611.0,1.000000,1.000000,-0.000000,2.000000,2.000000,0.500000,0.500000,0.500000,0.500000,0.500000,0.500000,0.500000
611.5,1.000000,1.000000,-0.000000,2.000000,2.000000,0.500000,0.500000,0.500000,0.500000,0.500000,0.500000,0.500000
612.0,1.000000,1.000000,-0.000000,2.000000,2.000000,0.500000,0.500000,0.500000,0.500000,0.500000,0.500000,0.500000
612.5,1.000000,1.000000,-0.000000,2.000000,2.000000,0.500000,0.500000,0.500000,0.500000,0.500000,0.500000,0.500000
613.0,1.000000,1.000000,-0.000000,2.000000,2.000000,0.500000,0.500000,0.500000,0.500000,0.500000,0.500000,0.500000
613.5,1.000000,1.000000,-0.000000,2.000000,2.000000,0.500000,0.500000,0.500000,0.500000,0.500000,0.500000,0.500000
614.0,1.000000,1.000000,-0.000000,2.000000,2.000000,0.500000,0.500000,0.500000,0.500000,0.500000,0.500000,0.500000
614.5,1.000000,1.000000,-0.000000,2.000000,2.000000,0.500000,0.500000,0.500000,0.500000,0.500000,0.500000,0.500000
615.0,1.000000,1.000000,-0.000000,2.000000,2.000000,0.500000,0.500000,0.500000,0.500000,0.500000,0.500000,0.500000
615.5,1.000000,1.000000,-0.000000,2.000000,2.000000,0.500000,0.500000,0.500000,0.500000,0.500000,0.500000,0.500000
616.0,1.000000,1.000000,-0.000000,2.000000,2.000000,0.500000,0.500000,0.500000,0.500000,0.500000,0.500000,0.500000
616.5,1.000000,1.000000,-0.000000,2.000000,2.000000,0.500000,0.500000,0.500000,0.500000,0.500000,0.500000,0.500000
617.0,1.000000,1.000000,-0.000000,2.000000,2.000000,0.500000,0.500000,0.500000,0.500000,0.500000,0.500000,0.500000
617.5,1.000000,1.000000,-0.000000,2.000000,2.000000,0.500000,0.500000,0.500000,0.500000,0.500000,0.500000,0.500000
618.0,1.000000,1.000000,-0.000000,2.000000,2.000000,0.500000,0.500000,0.500000,0.500000,0.500000,0.500000,0.500000
618.5,1.000000,1.000000,-0.000000,2.000000,2.000000,0.500000,0.500000,0.500000,0.500000,0.500000,0.500000,0.500000
619.0,1.000000,1.000000,-0.000000,2.000000,2.000000,0.500000,0.500000,0.500000,0.500000,0.500000,0.500000,0.500000
619.5,1.000000,1.000000,-0.000000,2.000000,2.000000,0.500000,0.500000,0.500000,0.500000,0.500000,0.500000,0.500000
620.0,1.000000,1.000000,-0.000000,2.000000,2.000000,0.500000,0.500000,0.500000,0.500000,0.500000,0.500000,0.500000
620.5,1.000000,1.000000,-0.000000,2.000000,2.000000,0.500000,0.500000,0.500000,0.500000,0.500000,0.500000,0.500000
621.0,1.000000,1.000000,-0.000000,2.000000,2.000000,0.500000,0.500000,0.500000,0.500000,0.500000,0.500000,0.500000
621.5,1.000000,1.000000,-0.000000,2.000000,2.000000,0.500000,0.500000,0.500000,0.500000,0.500000,0.500000,0.500000
622.0,1.000000,1.000000,-0.000000,2.000000,2.000000,0.500000,0.500000,0.500000,0.500000,0.500000,0.500000,0.500000
622.5,1.000000,1.000000,-0.000000,2.000000,2.000000,0.500000,0.500000,0.500000,0.500000,0.500000,0.500000,0.500000
623.0,1.000000,1.000000,-0.000000,2.000000,2.000000,0.500000,0.500000,0.500000,0.500000,0.500000,0.500000,0.500000
623.5,1.000000,1.000000,-0.000000,2.000000,2.000000,0.500000,0.500000,0.500000,0.500000,0.500000,0.500000,0.500000
624.0,1.000000,1.000000,-0.000000,2.000000,2.000000,0.500000,0.500000,0.500000,0.500000,0.500000,0.500000,0.500000
624.5,1.000000,1.000000,-0.000000,2.000000,2.000000,0.500000,0.500000,0.500000,0.500000,0.500000,0.500000,0.500000
625.0,1.000000,1.000000,-0.000000,2.000000,2.000000,0.500000,0.500000,0.500000,0.500000,0.500000,0.500000,0.500000
625.5,1.000000,1.000000,-0.000000,2.000000,2.000000,0.500000,0.500000,0.500000,0.500000,0.500000,0.500000,0.500000
626.0,1.000000,1.000000,-0.000000,2.000000,2.000000,0.500000,0.500000,0.500000,0.500000,0.500000,0.500000,0.500000
626.5,1.000000,1.000000,-0.000000,2.000000,2.000000,0.500000,0.500000,0.500000,0.500000,0.500000,0.500000,0.500000
627.0,1.000000,1.000000,-0.000000,2.000000,2.000000,0.500000,0.500000,0.500000,0.500000,0.500000,0.500000,0.500000
627.5,1.000000,1.000000,-0.000000,2.000000,2.000000,0.500000,0.500000,0.500000,0.500000,0.500000,0.500000,0.500000
628.0,1.000000,1.000000,-0.000000,2.000000,2.000000,0.500000,0.500000,0.500000,0.500000,0.500000,0.500000,0.500000
628.5,1.000000,1.000000,-0.000000,2.000000,2.000000,0.500000,0.500000,0.500000,0.500000,0.500000,0.500000,0.500000
629.0,1.000000,1.000000,-0.000000,2.000000,2.000000,0.500000,0.500000,0.500000,0.500000,0.500000,0.500000,0.500000
629.5,1.000000,1.000000,-0.000000,2.000000,2.000000,0.500000,0.500000,0.500000,0.500000,0.500000,0.500000,0.500000
630.0,1.000000,1.000000,-0.000000,2.000000,2.000000,0.500000,0.500000,0.500000,0.500000,0.500000,0.500000,0.500000
630.5,1.000000,1.000000,-0.000000,2.000000,2.000000,0.500000,0.500000,0.500000,0.500000,0.500000,0.500000,0.500000
631.0,1.000000,1.000000,-0.000000,2.000000,2.000000,0.500000,0.500000,0.500000,0.500000,0.500000,0.500000,0.500000
631.5,1.000000,1.000000,-0.000000,2.000000,2.000000,0.500000,0.500000,0.500000,0.500000,0.500000,0.500000,0.500000
632.0,1.000000,1.000000,-0.000000,2.000000,2.000000,0.500000,0.500000,0.500000,0.500000,0.500000,0.500000,0.500000
632.5,1.000000,1.000000,-0.000000,2.000000,2.000000,0.500000,0.500000,0.500000,0.500000,0.500000,0.500000,0.500000
633.0,1.000000,1.000000,-0.000000,2.000000,2.000000,0.500000,0.500000,0.500000,0.500000,0.500000,0.500000,0.500000
633.5,1.000000,1.000000,-0.000000,2.000000,2.000000,0.500000,0.500000,0.500000,0.500000,0.500000,0.500000,0.500000
634.0,1.000000,1.000000,-0.000000,2.000000,2.000000,0.500000,0.500000,0.500000,0.500000,0.500000,0.500000,0.500000
634.5,1.000000,1.000000,-0.000000,2.000000,2.000000,0.500000,0.500000,0.500000,0.500000,0.500000,0.500000,0.500000
635.0,1.000000,1.000000,-0.000000,2.000000,2.000000,0.500000,0.500000,0.500000,0.500000,0.500000,0.500000,0.500000
635.5,1.000000,1.000000,-0.000000,2.000000,2.000000,0.500000,0.500000,0.500000,0.500000,0.500000,0.500000,0.500000
636.0,1.000000,1.000000,-0.000000,2.000000,2.000000,0.500000,0.500000,0.500000,0.500000,0.500000,0.500000,0.500000
636.5,1.000000,1.000000,-0.000000,2.000000,2.000000,0.500000,0.500000,0.500000,0.500000,0.500000,0.500000,0.500000
637.0,1.000000,1.000000,-0.000000,2.000000,2.000000,0.500000,0.500000,0.500000,0.500000,0.500000,0.500000,0.500000
637.5,1.000000,1.000000,-0.000000,2.000000,2.000000,0.500000,0.500000,0.500000,0.500000,0.500000,0.500000,0.500000
638.0,1.000000,1.000000,-0.000000,2.000000,2.000000,0.500000,0.500000,0.500000,0.500000,0.500000,0.500000,0.500000
638.5,1.000000,1.000000,-0.000000,2.000000,2.000000,0.500000,0.500000,0.500000,0.500000,0.500000,0.500000,0.500000
639.0,1.000000,1.000000,-0.000000,2.000000,2.000000,0.500000,0.500000,0.500000,0.500000,0.500000,0.500000,0.500000
639.5,1.000000,1.000000,-0.000000,2.000000,2.000000,0.500000,0.500000,0.500000,0.500000,0.500000,0.500000,0.500000
640.0,1.000000,1.000000,-0.000000,2.000000,2.000000,0.500000,0.500000,0.500000,0.500000,0.500000,0.500000,0.500000
640.5,1.000000,1.000000,-0.000000,2.000000,2.000000,0.500000,0.500000,0.500000,0.500000,0.500000,0.500000,0.500000
641.0,1.000000,1.000000,-0.000000,2.000000,2.000000,0.500000,0.500000,0.500000,0.500000,0.500000,0.500000,0.500000
641.5,1.000000,1.000000,-0.000000,2.000000,2.000000,0.500000,0.500000,0.500000,0.500000,0.500000,0.500000,0.500000
642.0,1.000000,1.000000,-0.000000,2.000000,2.000000,0.500000,0.500000,0.500000,0.500000,0.500000,0.500000,0.500000
642.5,1.000000,1.000000,-0.000000,2.000000,2.000000,0.500000,0.500000,0.500000,0.500000,0.500000,0.500000,0.500000
643.0,1.000000,1.000000,-0.000000,2.000000,2.000000,0.500000,0.500000,0.500000,0.500000,0.500000,0.500000,0.500000
643.5,1.000000,1.000000,-0.000000,2.000000,2.000000,0.500000,0.500000,0.500000,0.500000,0.500000,0.500000,0.500000
644.0,1.000000,1.000000,-0.000000,2.000000,2.000000,0.500000,0.500000,0.500000,0.500000,0.500000,0.500000,0.500000
644.5,1.000000,1.000000,-0.000000,2.000000,2.000000,0.500000,0.500000,0.500000,0.500000,0.500000,0.500000,0.500000
645.0,1.000000,1.000000,-0.000000,2.000000,2.000000,0.500000,0.500000,0.500000,0.500000,0.500000,0.500000,0.500000
645.5,1.000000,1.000000,-0.000000,2.000000,2.000000,0.500000,0.500000,0.500000,0.500000,0.500000,0.500000,0.500000
646.0,1.000000,1.000000,-0.000000,2.000000,2.000000,0.500000,0.500000,0.500000,0.500000,0.500000,0.500000,0.500000
646.5,1.000000,1.000000,-0.000000,2.000000,2.000000,0.500000,0.500000,0.500000,0.500000,0.500000,0.500000,0.500000
647.0,1.000000,1.000000,-0.000000,2.000000,2.000000,0.500000,0.500000,0.500000,0.500000,0.500000,0.500000,0.500000
647.5,1.000000,1.000000,-0.000000,2.000000,2.000000,0.500000,0.500000,0.500000,0.500000,0.500000,0.500000,0.500000
648.0,1.000000,1.000000,-0.000000,2.000000,2.000000,0.500000,0.500000,0.500000,0.500000,0.500000,0.500000,0.500000
648.5,1.000000,1.000000,-0.000000,2.000000,2.000000,0.500000,0.500000,0.500000,0.500000,0.500000,0.500000,0.500000
649.0,1.000000,1.000000,-0.000000,2.000000,2.000000,0.500000,0.500000,0.500000,0.500000,0.500000,0.500000,0.500000
649.5,1.000000,1.000000,-0.000000,2.000000,2.000000,0.500000,0.500000,0.500000,0.500000,0.500000,0.500000,0.500000
650.0,1.000000,1.000000,-0.000000,2.000000,2.000000,0.500000,0.500000,0.500000,0.500000,0.500000,0.500000,0.500000
650.5,1.000000,1.000000,-0.000000,2.000000,2.000000,0.500000,0.500000,0.500000,0.500000,0.500000,0.500000,0.500000
651.0,1.000000,1.000000,-0.000000,2.000000,2.000000,0.500000,0.500000,0.500000,0.500000,0.500000,0.500000,0.500000
651.5,1.000000,1.000000,-0.000000,2.000000,2.000000,0.500000,0.500000,0.500000,0.500000,0.500000,0.500000,0.500000
652.0,1.000000,1.000000,-0.000000,2.000000,2.000000,0.500000,0.500000,0.500000,0.500000,0.500000,0.500000,0.500000
652.5,1.000000,1.000000,-0.000000,2.000000,2.000000,0.500000,0.500000,0.500000,0.500000,0.500000,0.500000,0.500000
653.0,1.000000,1.000000,-0.000000,2.000000,2.000000,0.500000,0.500000,0.500000,0.500000,0.500000,0.500000,0.500000
653.5,1.000000,1.000000,-0.000000,2.000000,2.000000,0.500000,0.500000,0.500000,0.500000,0.500000,0.500000,0.500000
654.0,1.000000,1.000000,-0.000000,2.000000,2.000000,0.500000,0.500000,0.500000,0.500000,0.500000,0.500000,0.500000
654.5,1.000000,1.000000,-0.000000,2.000000,2.000000,0.500000,0.500000,0.500000,0.500000,0.500000,0.500000,0.500000
655.0,1.000000,1.000000,-0.000000,2.000000,2.000000,0.500000,0.500000,0.500000,0.500000,0.500000,0.500000,0.500000
655.5,1.000000,1.000000,-0.000000,2.000000,2.000000,0.500000,0.500000,0.500000,0.500000,0.500000,0.500000,0.500000
656.0,1.000000,1.000000,-0.000000,2.000000,2.000000,0.500000,0.500000,0.500000,0.500000,0.500000,0.500000,0.500000
656.5,1.000000,1.000000,-0.000000,2.000000,2.000000,0.500000,0.500000,0.500000,0.500000,0.500000,0.500000,0.500000
657.0,1.000000,1.000000,-0.000000,2.000000,2.000000,0.500000,0.500000,0.500000,0.500000,0.500000,0.500000,0.500000
657.5,1.000000,1.000000,-0.000000,2.000000,2.000000,0.500000,0.500000,0.500000,0.500000,0.500000,0.500000,0.500000
658.0,1.000000,1.000000,-0.000000,2.000000,2.000000,0.500000,0.500000,0.500000,0.500000,0.500000,0.500000,0.500000
658.5,1.000000,1.000000,-0.000000,2.000000,2.000000,0.500000,0.500000,0.500000,0.500000,0.500000,0.500000,0.500000
659.0,1.000000,1.000000,-0.000000,2.000000,2.000000,0.500000,0.500000,0.500000,0.500000,0.500000,0.500000,0.500000
659.5,1.000000,1.000000,-0.000000,2.000000,2.000000,0.500000,0.500000,0.500000,0.500000,0.500000,0.500000,0.500000
660.0,1.000000,1.000000,-0.000000,2.000000,2.000000,0.500000,0.500000,0.500000,0.500000,0.500000,0.500000,0.500000
660.5,1.000000,1.000000,-0.000000,2.000000,2.000000,0.500000,0.500000,0.500000,0.500000,0.500000,0.500000,0.500000
661.0,1.000000,1.000000,-0.000000,2.000000,2.000000,0.500000,0.500000,0.500000,0.500000,0.500000,0.500000,0.500000
661.5,1.000000,1.000000,-0.000000,2.000000,2.000000,0.500000,0.500000,0.500000,0.500000,0.500000,0.500000,0.500000
662.0,1.000000,1.000000,-0.000000,2.000000,2.000000,0.500000,0.500000,0.500000,0.500000,0.500000,0.500000,0.500000
662.5,1.000000,1.000000,-0.000000,2.000000,2.000000,0.500000,0.500000,0.500000,0.500000,0.500000,0.500000,0.500000
663.0,1.000000,1.000000,-0.000000,2.000000,2.000000,0.500000,0.500000,0.500000,0.500000,0.500000,0.500000,0.500000
663.5,1.000000,1.000000,-0.000000,2.000000,2.000000,0.500000,0.500000,0.500000,0.500000,0.500000,0.500000,0.500000
664.0,1.000000,1.000000,-0.000000,2.000000,2.000000,0.500000,0.500000,0.500000,0.500000,0.500000,0.500000,0.500000
664.5,1.000000,1.000000,-0.000000,2.000000,2.000000,0.500000,0.500000,0.500000,0.500000,0.500000,0.500000,0.500000
665.0,1.000000,1.000000,-0.000000,2.000000,2.000000,0.500000,0.500000,0.500000,0.500000,0.500000,0.500000,0.500000
665.5,1.000000,1.000000,-0.000000,2.000000,2.000000,0.500000,0.500000,0.500000,0.500000,0.500000,0.500000,0.500000
666.0,1.000000,1.000000,-0.000000,2.000000,2.000000,0.500000,0.500000,0.500000,0.500000,0.500000,0.500000,0.500000
666.5,1.000000,1.000000,-0.000000,2.000000,2.000000,0.500000,0.500000,0.500000,0.500000,0.500000,0.500000,0.500000
667.0,1.000000,1.000000,-0.000000,2.000000,2.000000,0.500000,0.500000,0.500000,0.500000,0.500000,0.500000,0.500000
667.5,1.000000,1.000000,-0.000000,2.000000,2.000000,0.500000,0.500000,0.500000,0.500000,0.500000,0.500000,0.500000
668.0,1.000000,1.000000,-0.000000,2.000000,2.000000,0.500000,0.500000,0.500000,0.500000,0.500000,0.500000,0.500000
668.5,1.000000,1.000000,-0.000000,2.000000,2.000000,0.500000,0.500000,0.500000,0.500000,0.500000,0.500000,0.500000
669.0,1.000000,1.000000,-0.000000,2.000000,2.000000,0.500000,0.500000,0.500000,0.500000,0.500000,0.500000,0.500000
669.5,1.000000,1.000000,-0.000000,2.000000,2.000000,0.500000,0.500000,0.500000,0.500000,0.500000,0.500000,0.500000
670.0,1.000000,1.000000,-0.000000,2.000000,2.000000,0.500000,0.500000,0.500000,0.500000,0.500000,0.500000,0.500000
670.5,1.000000,1.000000,-0.000000,2.000000,2.000000,0.500000,0.500000,0.500000,0.500000,0.500000,0.500000,0.500000
671.0,1.000000,1.000000,-0.000000,2.000000,2.000000,0.500000,0.500000,0.500000,0.500000,0.500000,0.500000,0.500000
671.5,1.000000,1.000000,-0.000000,2.000000,2.000000,0.500000,0.500000,0.500000,0.500000,0.500000,0.500000,0.500000
672.0,1.000000,1.000000,-0.000000,2.000000,2.000000,0.500000,0.500000,0.500000,0.500000,0.500000,0.500000,0.500000
672.5,1.000000,1.000000,-0.000000,2.000000,2.000000,0.500000,0.500000,0.500000,0.500000,0.500000,0.500000,0.500000
673.0,1.000000,1.000000,-0.000000,2.000000,2.000000,0.500000,0.500000,0.500000,0.500000,0.500000,0.500000,0.500000
673.5,1.000000,1.000000,-0.000000,2.000000,2.000000,0.500000,0.500000,0.500000,0.500000,0.500000,0.500000,0.500000
674.0,1.000000,1.000000,-0.000000,2.000000,2.000000,0.500000,0.500000,0.500000,0.500000,0.500000,0.500000,0.500000
674.5,1.000000,1.000000,-0.000000,2.000000,2.000000,0.500000,0.500000,0.500000,0.500000,0.500000,0.500000,0.500000
675.0,1.000000,1.000000,-0.000000,2.000000,2.000000,0.500000,0.500000,0.500000,0.500000,0.500000,0.500000,0.500000
675.5,1.000000,1.000000,-0.000000,2.000000,2.000000,0.500000,0.500000,0.500000,0.500000,0.500000,0.500000,0.500000
676.0,1.000000,1.000000,-0.000000,2.000000,2.000000,0.500000,0.500000,0.500000,0.500000,0.500000,0.500000,0.500000
676.5,1.000000,1.000000,-0.000000,2.000000,2.000000,0.500000,0.500000,0.500000,0.500000,0.500000,0.500000,0.500000
677.0,1.000000,1.000000,-0.000000,2.000000,2.000000,0.500000,0.500000,0.500000,0.500000,0.500000,0.500000,0.500000
677.5,1.000000,1.000000,-0.000000,2.000000,2.000000,0.500000,0.500000,0.500000,0.500000,0.500000,0.500000,0.500000
678.0,1.000000,1.000000,-0.000000,2.000000,2.000000,0.500000,0.500000,0.500000,0.500000,0.500000,0.500000,0.500000
678.5,1.000000,1.000000,-0.000000,2.000000,2.000000,0.500000,0.500000,0.500000,0.500000,0.500000,0.500000,0.500000
679.0,1.000000,1.000000,-0.000000,2.000000,2.000000,0.500000,0.500000,0.500000,0.500000,0.500000,0.500000,0.500000
679.5,1.000000,1.000000,-0.000000,2.000000,2.000000,0.500000,0.500000,0.500000,0.500000,0.500000,0.500000,0.500000
680.0,1.000000,1.000000,-0.000000,2.000000,2.000000,0.500000,0.500000,0.500000,0.500000,0.500000,0.500000,0.500000
680.5,1.000000,1.000000,-0.000000,2.000000,2.000000,0.500000,0.500000,0.500000,0.500000,0.500000,0.500000,0.500000
681.0,1.000000,1.000000,-0.000000,2.000000,2.000000,0.500000,0.500000,0.500000,0.500000,0.500000,0.500000,0.500000
681.5,1.000000,1.000000,-0.000000,2.000000,2.000000,0.500000,0.500000,0.500000,0.500000,0.500000,0.500000,0.500000
682.0,1.000000,1.000000,-0.000000,2.000000,2.000000,0.500000,0.500000,0.500000,0.500000,0.500000,0.500000,0.500000
682.5,1.000000,1.000000,-0.000000,2.000000,2.000000,0.500000,0.500000,0.500000,0.500000,0.500000,0.500000,0.500000
683.0,1.000000,1.000000,-0.000000,2.000000,2.000000,0.500000,0.500000,0.500000,0.500000,0.500000,0.500000,0.500000
683.5,1.000000,1.000000,-0.000000,2.000000,2.000000,0.500000,0.500000,0.500000,0.500000,0.500000,0.500000,0.500000
684.0,1.000000,1.000000,-0.000000,2.000000,2.000000,0.500000,0.500000,0.500000,0.500000,0.500000,0.500000,0.500000
684.5,1.000000,1.000000,-0.000000,2.000000,2.000000,0.500000,0.500000,0.500000,0.500000,0.500000,0.500000,0.500000
685.0,1.000000,1.000000,-0.000000,2.000000,2.000000,0.500000,0.500000,0.500000,0.500000,0.500000,0.500000,0.500000
685.5,1.000000,1.000000,-0.000000,2.000000,2.000000,0.500000,0.500000,0.500000,0.500000,0.500000,0.500000,0.500000
686.0,1.000000,1.000000,-0.000000,2.000000,2.000000,0.500000,0.500000,0.500000,0.500000,0.500000,0.500000,0.500000
686.5,1.000000,1.000000,-0.000000,2.000000,2.000000,0.500000,0.500000,0.500000,0.500000,0.500000,0.500000,0.500000
687.0,1.000000,1.000000,-0.000000,2.000000,2.000000,0.500000,0.500000,0.500000,0.500000,0.500000,0.500000,0.500000
687.5,1.000000,1.000000,-0.000000,2.000000,2.000000,0.500000,0.500000,0.500000,0.500000,0.500000,0.500000,0.500000
688.0,1.000000,1.000000,-0.000000,2.000000,2.000000,0.500000,0.500000,0.500000,0.500000,0.500000,0.500000,0.500000
688.5,1.000000,1.000000,-0.000000,2.000000,2.000000,0.500000,0.500000,0.500000,0.500000,0.500000,0.500000,0.500000
689.0,1.000000,1.000000,-0.000000,2.000000,2.000000,0.500000,0.500000,0.500000,0.500000,0.500000,0.500000,0.500000
689.5,1.000000,1.000000,-0.000000,2.000000,2.000000,0.500000,0.500000,0.500000,0.500000,0.500000,0.500000,0.500000
690.0,1.000000,1.000000,-0.000000,2.000000,2.000000,0.500000,0.500000,0.500000,0.500000,0.500000,0.500000,0.500000
690.5,1.000000,1.000000,-0.000000,2.000000,2.000000,0.500000,0.500000,0.500000,0.500000,0.500000,0.500000,0.500000
691.0,1.000000,1.000000,-0.000000,2.000000,2.000000,0.500000,0.500000,0.500000,0.500000,0.500000,0.500000,0.500000
691.5,1.000000,1.000000,-0.000000,2.000000,2.000000,0.500000,0.500000,0.500000,0.500000,0.500000,0.500000,0.500000
692.0,1.000000,1.000000,-0.000000,2.000000,2.000000,0.500000,0.500000,0.500000,0.500000,0.500000,0.500000,0.500000
692.5,1.000000,1.000000,-0.000000,2.000000,2.000000,0.500000,0.500000,0.500000,0.500000,0.500000,0.500000,0.500000
693.0,1.000000,1.000000,-0.000000,2.000000,2.000000,0.500000,0.500000,0.500000,0.500000,0.500000,0.500000,0.500000
693.5,1.000000,1.000000,-0.000000,2.000000,2.000000,0.500000,0.500000,0.500000,0.500000,0.500000,0.500000,0.500000
694.0,1.000000,1.000000,-0.000000,2.000000,2.000000,0.500000,0.500000,0.500000,0.500000,0.500000,0.500000,0.500000
694.5,1.000000,1.000000,-0.000000,2.000000,2.000000,0.500000,0.500000,0.500000,0.500000,0.500000,0.500000,0.500000
695.0,1.000000,1.000000,-0.000000,2.000000,2.000000,0.500000,0.500000,0.500000,0.500000,0.500000,0.500000,0.500000
695.5,1.000000,1.000000,-0.000000,2.000000,2.000000,0.500000,0.500000,0.500000,0.500000,0.500000,0.500000,0.500000
696.0,1.000000,1.000000,-0.000000,2.000000,2.000000,0.500000,0.500000,0.500000,0.500000,0.500000,0.500000,0.500000
696.5,1.000000,1.000000,-0.000000,2.000000,2.000000,0.500000,0.500000,0.500000,0.500000,0.500000,0.500000,0.500000
697.0,1.000000,1.000000,-0.000000,2.000000,2.000000,0.500000,0.500000,0.500000,0.500000,0.500000,0.500000,0.500000
697.5,1.000000,1.000000,-0.000000,2.000000,2.000000,0.500000,0.500000,0.500000,0.500000,0.500000,0.500000,0.500000
698.0,1.000000,1.000000,-0.000000,2.000000,2.000000,0.500000,0.500000,0.500000,0.500000,0.500000,0.500000,0.500000
698.5,1.000000,1.000000,-0.000000,2.000000,2.000000,0.500000,0.500000,0.500000,0.500000,0.500000,0.500000,0.500000
699.0,1.000000,1.000000,-0.000000,2.000000,2.000000,0.500000,0.500000,0.500000,0.500000,0.500000,0.500000,0.500000
699.5,1.000000,1.000000,-0.000000,2.000000,2.000000,0.500000,0.500000,0.500000,0.500000,0.500000,0.500000,0.500000
700.0,1.000000,1.000000,-0.000000,2.000000,2.000000,0.500000,0.500000,0.500000,0.500000,0.500000,0.500000,0.500000
700.5,1.000000,1.000000,-0.000000,2.000000,2.000000,0.500000,0.500000,0.500000,0.500000,0.500000,0.500000,0.500000
701.0,1.000000,1.000000,-0.000000,2.000000,2.000000,0.500000,0.500000,0.500000,0.500000,0.500000,0.500000,0.500000
701.5,1.000000,1.000000,-0.000000,2.000000,2.000000,0.500000,0.500000,0.500000,0.500000,0.500000,0.500000,0.500000
702.0,1.000000,1.000000,-0.000000,2.000000,2.000000,0.500000,0.500000,0.500000,0.500000,0.500000,0.500000,0.500000
702.5,1.000000,1.000000,-0.000000,2.000000,2.000000,0.500000,0.500000,0.500000,0.500000,0.500000,0.500000,0.500000
703.0,1.000000,1.000000,-0.000000,2.000000,2.000000,0.500000,0.500000,0.500000,0.500000,0.500000,0.500000,0.500000
703.5,1.000000,1.000000,-0.000000,2.000000,2.000000,0.500000,0.500000,0.500000,0.500000,0.500000,0.500000,0.500000
704.0,1.000000,1.000000,-0.000000,2.000000,2.000000,0.500000,0.500000,0.500000,0.500000,0.500000,0.500000,0.500000
704.5,1.000000,1.000000,-0.000000,2.000000,2.000000,0.500000,0.500000,0.500000,0.500000,0.500000,0.500000,0.500000
705.0,1.000000,1.000000,-0.000000,2.000000,2.000000,0.500000,0.500000,0.500000,0.500000,0.500000,0.500000,0.500000
705.5,1.000000,1.000000,-0.000000,2.000000,2.000000,0.500000,0.500000,0.500000,0.500000,0.500000,0.500000,0.500000
706.0,1.000000,1.000000,-0.000000,2.000000,2.000000,0.500000,0.500000,0.500000,0.500000,0.500000,0.500000,0.500000
706.5,1.000000,1.000000,-0.000000,2.000000,2.000000,0.500000,0.500000,0.500000,0.500000,0.500000,0.500000,0.500000
707.0,1.000000,1.000000,-0.000000,2.000000,2.000000,0.500000,0.500000,0.500000,0.500000,0.500000,0.500000,0.500000
707.5,1.000000,1.000000,-0.000000,2.000000,2.000000,0.500000,0.500000,0.500000,0.500000,0.500000,0.500000,0.500000
708.0,1.000000,1.000000,-0.000000,2.000000,2.000000,0.500000,0.500000,0.500000,0.500000,0.500000,0.500000,0.500000
708.5,1.000000,1.000000,-0.000000,2.000000,2.000000,0.500000,0.500000,0.500000,0.500000,0.500000,0.500000,0.500000
709.0,1.000000,1.000000,-0.000000,2.000000,2.000000,0.500000,0.500000,0.500000,0.500000,0.500000,0.500000,0.500000
709.5,1.000000,1.000000,-0.000000,2.000000,2.000000,0.500000,0.500000,0.500000,0.500000,0.500000,0.500000,0.500000
710.0,1.000000,1.000000,-0.000000,2.000000,2.000000,0.500000,0.500000,0.500000,0.500000,0.500000,0.500000,0.500000
710.5,1.000000,1.000000,-0.000000,2.000000,2.000000,0.500000,0.500000,0.500000,0.500000,0.500000,0.500000,0.500000
711.0,1.000000,1.000000,-0.000000,2.000000,2.000000,0.500000,0.500000,0.500000,0.500000,0.500000,0.500000,0.500000
711.5,1.000000,1.000000,-0.000000,2.000000,2.000000,0.500000,0.500000,0.500000,0.500000,0.500000,0.500000,0.500000
712.0,1.000000,1.000000,-0.000000,2.000000,2.000000,0.500000,0.500000,0.500000,0.500000,0.500000,0.500000,0.500000
712.5,1.000000,1.000000,-0.000000,2.000000,2.000000,0.500000,0.500000,0.500000,0.500000,0.500000,0.500000,0.500000
713.0,1.000000,1.000000,-0.000000,2.000000,2.000000,0.500000,0.500000,0.500000,0.500000,0.500000,0.500000,0.500000
713.5,1.000000,1.000000,-0.000000,2.000000,2.000000,0.500000,0.500000,0.500000,0.500000,0.500000,0.500000,0.500000
714.0,1.000000,1.000000,-0.000000,2.000000,2.000000,0.500000,0.500000,0.500000,0.500000,0.500000,0.500000,0.500000
714.5,1.000000,1.000000,-0.000000,2.000000,2.000000,0.500000,0.500000,0.500000,0.500000,0.500000,0.500000,0.500000
715.0,1.000000,1.000000,-0.000000,2.000000,2.000000,0.500000,0.500000,0.500000,0.500000,0.500000,0.500000,0.500000
715.5,1.000000,1.000000,-0.000000,2.000000,2.000000,0.500000,0.500000,0.500000,0.500000,0.500000,0.500000,0.500000
716.0,1.000000,1.000000,-0.000000,2.000000,2.000000,0.500000,0.500000,0.500000,0.500000,0.500000,0.500000,0.500000
716.5,1.000000,1.000000,-0.000000,2.000000,2.000000,0.500000,0.500000,0.500000,0.500000,0.500000,0.500000,0.500000
717.0,1.000000,1.000000,-0.000000,2.000000,2.000000,0.500000,0.500000,0.500000,0.500000,0.500000,0.500000,0.500000
717.5,1.000000,1.000000,-0.000000,2.000000,2.000000,0.500000,0.500000,0.500000,0.500000,0.500000,0.500000,0.500000
718.0,1.000000,1.000000,-0.000000,2.000000,2.000000,0.500000,0.500000,0.500000,0.500000,0.500000,0.500000,0.500000
718.5,1.000000,1.000000,-0.000000,2.000000,2.000000,0.500000,0.500000,0.500000,0.500000,0.500000,0.500000,0.500000
719.0,1.000000,1.000000,-0.000000,2.000000,2.000000,0.500000,0.500000,0.500000,0.500000,0.500000,0.500000,0.500000
719.5,1.000000,1.000000,-0.000000,2.000000,2.000000,0.500000,0.500000,0.500000,0.500000,0.500000,0.500000,0.500000
720.0,1.000000,1.000000,-0.000000,2.000000,2.000000,0.500000,0.500000,0.500000,0.500000,0.500000,0.500000,0.500000
720.5,1.000000,1.000000,-0.000000,2.000000,2.000000,0.500000,0.500000,0.500000,0.500000,0.500000,0.500000,0.500000
721.0,1.000000,1.000000,-0.000000,2.000000,2.000000,0.500000,0.500000,0.500000,0.500000,0.500000,0.500000,0.500000
721.5,1.000000,1.000000,-0.000000,2.000000,2.000000,0.500000,0.500000,0.500000,0.500000,0.500000,0.500000,0.500000
722.0,1.000000,1.000000,-0.000000,2.000000,2.000000,0.500000,0.500000,0.500000,0.500000,0.500000,0.500000,0.500000
722.5,1.000000,1.000000,-0.000000,2.000000,2.000000,0.500000,0.500000,0.500000,0.500000,0.500000,0.500000,0.500000
723.0,1.000000,1.000000,-0.000000,2.000000,2.000000,0.500000,0.500000,0.500000,0.500000,0.500000,0.500000,0.500000
723.5,1.000000,1.000000,-0.000000,2.000000,2.000000,0.500000,0.500000,0.500000,0.500000,0.500000,0.500000,0.500000
724.0,1.000000,1.000000,-0.000000,2.000000,2.000000,0.500000,0.500000,0.500000,0.500000,0.500000,0.500000,0.500000
724.5,1.000000,1.000000,-0.000000,2.000000,2.000000,0.500000,0.500000,0.500000,0.500000,0.500000,0.500000,0.500000
725.0,1.000000,1.000000,-0.000000,2.000000,2.000000,0.500000,0.500000,0.500000,0.500000,0.500000,0.500000,0.500000
725.5,1.000000,1.000000,-0.000000,2.000000,2.000000,0.500000,0.500000,0.500000,0.500000,0.500000,0.500000,0.500000
726.0,1.000000,1.000000,-0.000000,2.000000,2.000000,0.500000,0.500000,0.500000,0.500000,0.500000,0.500000,0.500000
726.5,1.000000,1.000000,-0.000000,2.000000,2.000000,0.500000,0.500000,0.500000,0.500000,0.500000,0.500000,0.500000
727.0,1.000000,1.000000,-0.000000,2.000000,2.000000,0.500000,0.500000,0.500000,0.500000,0.500000,0.500000,0.500000
727.5,1.000000,1.000000,-0.000000,2.000000,2.000000,0.500000,0.500000,0.500000,0.500000,0.500000,0.500000,0.500000
728.0,1.000000,1.000000,-0.000000,2.000000,2.000000,0.500000,0.500000,0.500000,0.500000,0.500000,0.500000,0.500000
728.5,1.000000,1.000000,-0.000000,2.000000,2.000000,0.500000,0.500000,0.500000,0.500000,0.500000,0.500000,0.500000
729.0,1.000000,1.000000,-0.000000,2.000000,2.000000,0.500000,0.500000,0.500000,0.500000,0.500000,0.500000,0.500000
729.5,1.000000,1.000000,-0.000000,2.000000,2.000000,0.500000,0.500000,0.500000,0.500000,0.500000,0.500000,0.500000
730.0,1.000000,1.000000,-0.000000,2.000000,2.000000,0.500000,0.500000,0.500000,0.500000,0.500000,0.500000,0.500000
730.5,1.000000,1.000000,-0.000000,2.000000,2.000000,0.500000,0.500000,0.500000,0.500000,0.500000,0.500000,0.500000
731.0,1.000000,1.000000,-0.000000,2.000000,2.000000,0.500000,0.500000,0.500000,0.500000,0.500000,0.500000,0.500000
731.5,1.000000,1.000000,-0.000000,2.000000,2.000000,0.500000,0.500000,0.500000,0.500000,0.500000,0.500000,0.500000
732.0,1.000000,1.000000,-0.000000,2.000000,2.000000,0.500000,0.500000,0.500000,0.500000,0.500000,0.500000,0.500000
732.5,1.000000,1.000000,-0.000000,2.000000,2.000000,0.500000,0.500000,0.500000,0.500000,0.500000,0.500000,0.500000
733.0,1.000000,1.000000,-0.000000,2.000000,2.000000,0.500000,0.500000,0.500000,0.500000,0.500000,0.500000,0.500000
733.5,1.000000,1.000000,-0.000000,2.000000,2.000000,0.500000,0.500000,0.500000,0.500000,0.500000,0.500000,0.500000
734.0,1.000000,1.000000,-0.000000,2.000000,2.000000,0.500000,0.500000,0.500000,0.500000,0.500000,0.500000,0.500000
734.5,1.000000,1.000000,-0.000000,2.000000,2.000000,0.500000,0.500000,0.500000,0.500000,0.500000,0.500000,0.500000
735.0,1.000000,1.000000,-0.000000,2.000000,2.000000,0.500000,0.500000,0.500000,0.500000,0.500000,0.500000,0.500000
735.5,1.000000,1.000000,-0.000000,2.000000,2.000000,0.500000,0.500000,0.500000,0.500000,0.500000,0.500000,0.500000
736.0,1.000000,1.000000,-0.000000,2.000000,2.000000,0.500000,0.500000,0.500000,0.500000,0.500000,0.500000,0.500000
736.5,1.000000,1.000000,-0.000000,2.000000,2.000000,0.500000,0.500000,0.500000,0.500000,0.500000,0.500000,0.500000
737.0,1.000000,1.000000,-0.000000,2.000000,2.000000,0.500000,0.500000,0.500000,0.500000,0.500000,0.500000,0.500000
737.5,1.000000,1.000000,-0.000000,2.000000,2.000000,0.500000,0.500000,0.500000,0.500000,0.500000,0.500000,0.500000
738.0,1.000000,1.000000,-0.000000,2.000000,2.000000,0.500000,0.500000,0.500000,0.500000,0.500000,0.500000,0.500000
738.5,1.000000,1.000000,-0.000000,2.000000,2.000000,0.500000,0.500000,0.500000,0.500000,0.500000,0.500000,0.500000
739.0,1.000000,1.000000,-0.000000,2.000000,2.000000,0.500000,0.500000,0.500000,0.500000,0.500000,0.500000,0.500000
739.5,1.000000,1.000000,-0.000000,2.000000,2.000000,0.500000,0.500000,0.500000,0.500000,0.500000,0.500000,0.500000
740.0,1.000000,1.000000,-0.000000,2.000000,2.000000,0.500000,0.500000,0.500000,0.500000,0.500000,0.500000,0.500000
740.5,1.000000,1.000000,-0.000000,2.000000,2.000000,0.500000,0.500000,0.500000,0.500000,0.500000,0.500000,0.500000
741.0,1.000000,1.000000,-0.000000,2.000000,2.000000,0.500000,0.500000,0.500000,0.500000,0.500000,0.500000,0.500000
741.5,1.000000,1.000000,-0.000000,2.000000,2.000000,0.500000,0.500000,0.500000,0.500000,0.500000,0.500000,0.500000
742.0,1.000000,1.000000,-0.000000,2.000000,2.000000,0.500000,0.500000,0.500000,0.500000,0.500000,0.500000,0.500000
742.5,1.000000,1.000000,-0.000000,2.000000,2.000000,0.500000,0.500000,0.500000,0.500000,0.500000,0.500000,0.500000
743.0,1.000000,1.000000,-0.000000,2.000000,2.000000,0.500000,0.500000,0.500000,0.500000,0.500000,0.500000,0.500000
743.5,1.000000,1.000000,-0.000000,2.000000,2.000000,0.500000,0.500000,0.500000,0.500000,0.500000,0.500000,0.500000
744.0,1.000000,1.000000,-0.000000,2.000000,2.000000,0.500000,0.500000,0.500000,0.500000,0.500000,0.500000,0.500000
744.5,1.000000,1.000000,-0.000000,2.000000,2.000000,0.500000,0.500000,0.500000,0.500000,0.500000,0.500000,0.500000
745.0,1.000000,1.000000,-0.000000,2.000000,2.000000,0.500000,0.500000,0.500000,0.500000,0.500000,0.500000,0.500000
745.5,1.000000,1.000000,-0.000000,2.000000,2.000000,0.500000,0.500000,0.500000,0.500000,0.500000,0.500000,0.500000
746.0,1.000000,1.000000,-0.000000,2.000000,2.000000,0.500000,0.500000,0.500000,0.500000,0.500000,0.500000,0.500000
746.5,1.000000,1.000000,-0.000000,2.000000,2.000000,0.500000,0.500000,0.500000,0.500000,0.500000,0.500000,0.500000
747.0,1.000000,1.000000,-0.000000,2.000000,2.000000,0.500000,0.500000,0.500000,0.500000,0.500000,0.500000,0.500000
747.5,1.000000,1.000000,-0.000000,2.000000,2.000000,0.500000,0.500000,0.500000,0.500000,0.500000,0.500000,0.500000
748.0,1.000000,1.000000,-0.000000,2.000000,2.000000,0.500000,0.500000,0.500000,0.500000,0.500000,0.500000,0.500000
748.5,1.000000,1.000000,-0.000000,2.000000,2.000000,0.500000,0.500000,0.500000,0.500000,0.500000,0.500000,0.500000
749.0,1.000000,1.000000,-0.000000,2.000000,2.000000,0.500000,0.500000,0.500000,0.500000,0.500000,0.500000,0.500000
749.5,1.000000,1.000000,-0.000000,2.000000,2.000000,0.500000,0.500000,0.500000,0.500000,0.500000,0.500000,0.500000
750.0,1.000000,1.000000,-0.000000,2.000000,2.000000,0.500000,0.500000,0.500000,0.500000,0.500000,0.500000,0.500000
750.5,1.000000,1.000000,-0.000000,2.000000,2.000000,0.500000,0.500000,0.500000,0.500000,0.500000,0.500000,0.500000
751.0,1.000000,1.000000,-0.000000,2.000000,2.000000,0.500000,0.500000,0.500000,0.500000,0.500000,0.500000,0.500000
751.5,1.000000,1.000000,-0.000000,2.000000,2.000000,0.500000,0.500000,0.500000,0.500000,0.500000,0.500000,0.500000
752.0,1.000000,1.000000,-0.000000,2.000000,2.000000,0.500000,0.500000,0.500000,0.500000,0.500000,0.500000,0.500000
752.5,1.000000,1.000000,-0.000000,2.000000,2.000000,0.500000,0.500000,0.500000,0.500000,0.500000,0.500000,0.500000
753.0,1.000000,1.000000,-0.000000,2.000000,2.000000,0.500000,0.500000,0.500000,0.500000,0.500000,0.500000,0.500000
753.5,1.000000,1.000000,-0.000000,2.000000,2.000000,0.500000,0.500000,0.500000,0.500000,0.500000,0.500000,0.500000
754.0,1.000000,1.000000,-0.000000,2.000000,2.000000,0.500000,0.500000,0.500000,0.500000,0.500000,0.500000,0.500000
754.5,1.000000,1.000000,-0.000000,2.000000,2.000000,0.500000,0.500000,0.500000,0.500000,0.500000,0.500000,0.500000
755.0,1.000000,1.000000,-0.000000,2.000000,2.000000,0.500000,0.500000,0.500000,0.500000,0.500000,0.500000,0.500000
755.5,1.000000,1.000000,-0.000000,2.000000,2.000000,0.500000,0.500000,0.500000,0.500000,0.500000,0.500000,0.500000
756.0,1.000000,1.000000,-0.000000,2.000000,2.000000,0.500000,0.500000,0.500000,0.500000,0.500000,0.500000,0.500000
756.5,1.000000,1.000000,-0.000000,2.000000,2.000000,0.500000,0.500000,0.500000,0.500000,0.500000,0.500000,0.500000
757.0,1.000000,1.000000,-0.000000,2.000000,2.000000,0.500000,0.500000,0.500000,0.500000,0.500000,0.500000,0.500000
757.5,1.000000,1.000000,-0.000000,2.000000,2.000000,0.500000,0.500000,0.500000,0.500000,0.500000,0.500000,0.500000
758.0,1.000000,1.000000,-0.000000,2.000000,2.000000,0.500000,0.500000,0.500000,0.500000,0.500000,0.500000,0.500000
758.5,1.000000,1.000000,-0.000000,2.000000,2.000000,0.500000,0.500000,0.500000,0.500000,0.500000,0.500000,0.500000
759.0,1.000000,1.000000,-0.000000,2.000000,2.000000,0.500000,0.500000,0.500000,0.500000,0.500000,0.500000,0.500000
759.5,1.000000,1.000000,-0.000000,2.000000,2.000000,0.500000,0.500000,0.500000,0.500000,0.500000,0.500000,0.500000
760.0,1.000000,1.000000,-0.000000,2.000000,2.000000,0.500000,0.500000,0.500000,0.500000,0.500000,0.500000,0.500000
760.5,1.000000,1.000000,-0.000000,2.000000,2.000000,0.500000,0.500000,0.500000,0.500000,0.500000,0.500000,0.500000
761.0,1.000000,1.000000,-0.000000,2.000000,2.000000,0.500000,0.500000,0.500000,0.500000,0.500000,0.500000,0.500000
761.5,1.000000,1.000000,-0.000000,2.000000,2.000000,0.500000,0.500000,0.500000,0.500000,0.500000,0.500000,0.500000
762.0,1.000000,1.000000,-0.000000,2.000000,2.000000,0.500000,0.500000,0.500000,0.500000,0.500000,0.500000,0.500000
762.5,1.000000,1.000000,-0.000000,2.000000,2.000000,0.500000,0.500000,0.500000,0.500000,0.500000,0.500000,0.500000
763.0,1.000000,1.000000,-0.000000,2.000000,2.000000,0.500000,0.500000,0.500000,0.500000,0.500000,0.500000,0.500000
763.5,1.000000,1.000000,-0.000000,2.000000,2.000000,0.500000,0.500000,0.500000,0.500000,0.500000,0.500000,0.500000
764.0,1.000000,1.000000,-0.000000,2.000000,2.000000,0.500000,0.500000,0.500000,0.500000,0.500000,0.500000,0.500000
764.5,1.000000,1.000000,-0.000000,2.000000,2.000000,0.500000,0.500000,0.500000,0.500000,0.500000,0.500000,0.500000
765.0,1.000000,1.000000,-0.000000,2.000000,2.000000,0.500000,0.500000,0.500000,0.500000,0.500000,0.500000,0.500000
765.5,1.000000,1.000000,-0.000000,2.000000,2.000000,0.500000,0.500000,0.500000,0.500000,0.500000,0.500000,0.500000
766.0,1.000000,1.000000,-0.000000,2.000000,2.000000,0.500000,0.500000,0.500000,0.500000,0.500000,0.500000,0.500000
766.5,1.000000,1.000000,-0.000000,2.000000,2.000000,0.500000,0.500000,0.500000,0.500000,0.500000,0.500000,0.500000
767.0,1.000000,1.000000,-0.000000,2.000000,2.000000,0.500000,0.500000,0.500000,0.500000,0.500000,0.500000,0.500000
767.5,1.000000,1.000000,-0.000000,2.000000,2.000000,0.500000,0.500000,0.500000,0.500000,0.500000,0.500000,0.500000
768.0,1.000000,1.000000,-0.000000,2.000000,2.000000,0.500000,0.500000,0.500000,0.500000,0.500000,0.500000,0.500000
768.5,1.000000,1.000000,-0.000000,2.000000,2.000000,0.500000,0.500000,0.500000,0.500000,0.500000,0.500000,0.500000
769.0,1.000000,1.000000,-0.000000,2.000000,2.000000,0.500000,0.500000,0.500000,0.500000,0.500000,0.500000,0.500000
769.5,1.000000,1.000000,-0.000000,2.000000,2.000000,0.500000,0.500000,0.500000,0.500000,0.500000,0.500000,0.500000
770.0,1.000000,1.000000,-0.000000,2.000000,2.000000,0.500000,0.500000,0.500000,0.500000,0.500000,0.500000,0.500000
770.5,1.000000,1.000000,-0.000000,2.000000,2.000000,0.500000,0.500000,0.500000,0.500000,0.500000,0.500000,0.500000
771.0,1.000000,1.000000,-0.000000,2.000000,2.000000,0.500000,0.500000,0.500000,0.500000,0.500000,0.500000,0.500000
771.5,1.000000,1.000000,-0.000000,2.000000,2.000000,0.500000,0.500000,0.500000,0.500000,0.500000,0.500000,0.500000
772.0,1.000000,1.000000,-0.000000,2.000000,2.000000,0.500000,0.500000,0.500000,0.500000,0.500000,0.500000,0.500000
772.5,1.000000,1.000000,-0.000000,2.000000,2.000000,0.500000,0.500000,0.500000,0.500000,0.500000,0.500000,0.500000
773.0,1.000000,1.000000,-0.000000,2.000000,2.000000,0.500000,0.500000,0.500000,0.500000,0.500000,0.500000,0.500000
773.5,1.000000,1.000000,-0.000000,2.000000,2.000000,0.500000,0.500000,0.500000,0.500000,0.500000,0.500000,0.500000
774.0,1.000000,1.000000,-0.000000,2.000000,2.000000,0.500000,0.500000,0.500000,0.500000,0.500000,0.500000,0.500000
774.5,1.000000,1.000000,-0.000000,2.000000,2.000000,0.500000,0.500000,0.500000,0.500000,0.500000,0.500000,0.500000
775.0,1.000000,1.000000,-0.000000,2.000000,2.000000,0.500000,0.500000,0.500000,0.500000,0.500000,0.500000,0.500000
775.5,1.000000,1.000000,-0.000000,2.000000,2.000000,0.500000,0.500000,0.500000,0.500000,0.500000,0.500000,0.500000
776.0,1.000000,1.000000,-0.000000,2.000000,2.000000,0.500000,0.500000,0.500000,0.500000,0.500000,0.500000,0.500000
776.5,1.000000,1.000000,-0.000000,2.000000,2.000000,0.500000,0.500000,0.500000,0.500000,0.500000,0.500000,0.500000
777.0,1.000000,1.000000,-0.000000,2.000000,2.000000,0.500000,0.500000,0.500000,0.500000,0.500000,0.500000,0.500000
777.5,1.000000,1.000000,-0.000000,2.000000,2.000000,0.500000,0.500000,0.500000,0.500000,0.500000,0.500000,0.500000
778.0,1.000000,1.000000,-0.000000,2.000000,2.000000,0.500000,0.500000,0.500000,0.500000,0.500000,0.500000,0.500000
778.5,1.000000,1.000000,-0.000000,2.000000,2.000000,0.500000,0.500000,0.500000,0.500000,0.500000,0.500000,0.500000
779.0,1.000000,1.000000,-0.000000,2.000000,2.000000,0.500000,0.500000,0.500000,0.500000,0.500000,0.500000,0.500000
779.5,1.000000,1.000000,-0.000000,2.000000,2.000000,0.500000,0.500000,0.500000,0.500000,0.500000,0.500000,0.500000
780.0,1.000000,1.000000,-0.000000,2.000000,2.000000,0.500000,0.500000,0.500000,0.500000,0.500000,0.500000,0.500000
780.5,1.000000,1.000000,-0.000000,2.000000,2.000000,0.500000,0.500000,0.500000,0.500000,0.500000,0.500000,0.500000
781.0,1.000000,1.000000,-0.000000,2.000000,2.000000,0.500000,0.500000,0.500000,0.500000,0.500000,0.500000,0.500000
781.5,1.000000,1.000000,-0.000000,2.000000,2.000000,0.500000,0.500000,0.500000,0.500000,0.500000,0.500000,0.500000
782.0,1.000000,1.000000,-0.000000,2.000000,2.000000,0.500000,0.500000,0.500000,0.500000,0.500000,0.500000,0.500000
782.5,1.000000,1.000000,-0.000000,2.000000,2.000000,0.500000,0.500000,0.500000,0.500000,0.500000,0.500000,0.500000
783.0,1.000000,1.000000,-0.000000,2.000000,2.000000,0.500000,0.500000,0.500000,0.500000,0.500000,0.500000,0.500000
783.5,1.000000,1.000000,-0.000000,2.000000,2.000000,0.500000,0.500000,0.500000,0.500000,0.500000,0.500000,0.500000
784.0,1.000000,1.000000,-0.000000,2.000000,2.000000,0.500000,0.500000,0.500000,0.500000,0.500000,0.500000,0.500000
784.5,1.000000,1.000000,-0.000000,2.000000,2.000000,0.500000,0.500000,0.500000,0.500000,0.500000,0.500000,0.500000
785.0,1.000000,1.000000,-0.000000,2.000000,2.000000,0.500000,0.500000,0.500000,0.500000,0.500000,0.500000,0.500000
785.5,1.000000,1.000000,-0.000000,2.000000,2.000000,0.500000,0.500000,0.500000,0.500000,0.500000,0.500000,0.500000
786.0,1.000000,1.000000,-0.000000,2.000000,2.000000,0.500000,0.500000,0.500000,0.500000,0.500000,0.500000,0.500000
786.5,1.000000,1.000000,-0.000000,2.000000,2.000000,0.500000,0.500000,0.500000,0.500000,0.500000,0.500000,0.500000
787.0,1.000000,1.000000,-0.000000,2.000000,2.000000,0.500000,0.500000,0.500000,0.500000,0.500000,0.500000,0.500000
787.5,1.000000,1.000000,-0.000000,2.000000,2.000000,0.500000,0.500000,0.500000,0.500000,0.500000,0.500000,0.500000
788.0,1.000000,1.000000,-0.000000,2.000000,2.000000,0.500000,0.500000,0.500000,0.500000,0.500000,0.500000,0.500000
788.5,1.000000,1.000000,-0.000000,2.000000,2.000000,0.500000,0.500000,0.500000,0.500000,0.500000,0.500000,0.500000
789.0,1.000000,1.000000,-0.000000,2.000000,2.000000,0.500000,0.500000,0.500000,0.500000,0.500000,0.500000,0.500000
789.5,1.000000,1.000000,-0.000000,2.000000,2.000000,0.500000,0.500000,0.500000,0.500000,0.500000,0.500000,0.500000
790.0,1.000000,1.000000,-0.000000,2.000000,2.000000,0.500000,0.500000,0.500000,0.500000,0.500000,0.500000,0.500000
790.5,1.000000,1.000000,-0.000000,2.000000,2.000000,0.500000,0.500000,0.500000,0.500000,0.500000,0.500000,0.500000
791.0,1.000000,1.000000,-0.000000,2.000000,2.000000,0.500000,0.500000,0.500000,0.500000,0.500000,0.500000,0.500000
791.5,1.000000,1.000000,-0.000000,2.000000,2.000000,0.500000,0.500000,0.500000,0.500000,0.500000,0.500000,0.500000
792.0,1.000000,1.000000,-0.000000,2.000000,2.000000,0.500000,0.500000,0.500000,0.500000,0.500000,0.500000,0.500000
792.5,1.000000,1.000000,-0.000000,2.000000,2.000000,0.500000,0.500000,0.500000,0.500000,0.500000,0.500000,0.500000
793.0,1.000000,1.000000,-0.000000,2.000000,2.000000,0.500000,0.500000,0.500000,0.500000,0.500000,0.500000,0.500000
793.5,1.000000,1.000000,-0.000000,2.000000,2.000000,0.500000,0.500000,0.500000,0.500000,0.500000,0.500000,0.500000
794.0,1.000000,1.000000,-0.000000,2.000000,2.000000,0.500000,0.500000,0.500000,0.500000,0.500000,0.500000,0.500000
794.5,1.000000,1.000000,-0.000000,2.000000,2.000000,0.500000,0.500000,0.500000,0.500000,0.500000,0.500000,0.500000
795.0,1.000000,1.000000,-0.000000,2.000000,2.000000,0.500000,0.500000,0.500000,0.500000,0.500000,0.500000,0.500000
795.5,1.000000,1.000000,-0.000000,2.000000,2.000000,0.500000,0.500000,0.500000,0.500000,0.500000,0.500000,0.500000
796.0,1.000000,1.000000,-0.000000,2.000000,2.000000,0.500000,0.500000,0.500000,0.500000,0.500000,0.500000,0.500000
796.5,1.000000,1.000000,-0.000000,2.000000,2.000000,0.500000,0.500000,0.500000,0.500000,0.500000,0.500000,0.500000
797.0,1.000000,1.000000,-0.000000,2.000000,2.000000,0.500000,0.500000,0.500000,0.500000,0.500000,0.500000,0.500000
797.5,1.000000,1.000000,-0.000000,2.000000,2.000000,0.500000,0.500000,0.500000,0.500000,0.500000,0.500000,0.500000
798.0,1.000000,1.000000,-0.000000,2.000000,2.000000,0.500000,0.500000,0.500000,0.500000,0.500000,0.500000,0.500000
798.5,1.000000,1.000000,-0.000000,2.000000,2.000000,0.500000,0.500000,0.500000,0.500000,0.500000,0.500000,0.500000
799.0,1.000000,1.000000,-0.000000,2.000000,2.000000,0.500000,0.500000,0.500000,0.500000,0.500000,0.500000,0.500000
799.5,1.000000,1.000000,-0.000000,2.000000,2.000000,0.500000,0.500000,0.500000,0.500000,0.500000,0.500000,0.500000
800.0,1.000000,1.000000,-0.000000,2.000000,2.000000,0.500000,0.500000,0.500000,0.500000,0.500000,0.500000,0.500000
800.5,1.000000,1.000000,-0.000000,2.000000,2.000000,0.500000,0.500000,0.500000,0.500000,0.500000,0.500000,0.500000
801.0,1.000000,1.000000,-0.000000,2.000000,2.000000,0.500000,0.500000,0.500000,0.500000,0.500000,0.500000,0.500000
801.5,1.000000,1.000000,-0.000000,2.000000,2.000000,0.500000,0.500000,0.500000,0.500000,0.500000,0.500000,0.500000
802.0,1.000000,1.000000,-0.000000,2.000000,2.000000,0.500000,0.500000,0.500000,0.500000,0.500000,0.500000,0.500000
802.5,1.000000,1.000000,-0.000000,2.000000,2.000000,0.500000,0.500000,0.500000,0.500000,0.500000,0.500000,0.500000
803.0,1.000000,1.000000,-0.000000,2.000000,2.000000,0.500000,0.500000,0.500000,0.500000,0.500000,0.500000,0.500000
803.5,1.000000,1.000000,-0.000000,2.000000,2.000000,0.500000,0.500000,0.500000,0.500000,0.500000,0.500000,0.500000
804.0,1.000000,1.000000,-0.000000,2.000000,2.000000,0.500000,0.500000,0.500000,0.500000,0.500000,0.500000,0.500000
804.5,1.000000,1.000000,-0.000000,2.000000,2.000000,0.500000,0.500000,0.500000,0.500000,0.500000,0.500000,0.500000
805.0,1.000000,1.000000,-0.000000,2.000000,2.000000,0.500000,0.500000,0.500000,0.500000,0.500000,0.500000,0.500000
805.5,1.000000,1.000000,-0.000000,2.000000,2.000000,0.500000,0.500000,0.500000,0.500000,0.500000,0.500000,0.500000
806.0,1.000000,1.000000,-0.000000,2.000000,2.000000,0.500000,0.500000,0.500000,0.500000,0.500000,0.500000,0.500000
806.5,1.000000,1.000000,-0.000000,2.000000,2.000000,0.500000,0.500000,0.500000,0.500000,0.500000,0.500000,0.500000
807.0,1.000000,1.000000,-0.000000,2.000000,2.000000,0.500000,0.500000,0.500000,0.500000,0.500000,0.500000,0.500000
807.5,1.000000,1.000000,-0.000000,2.000000,2.000000,0.500000,0.500000,0.500000,0.500000,0.500000,0.500000,0.500000
808.0,1.000000,1.000000,-0.000000,2.000000,2.000000,0.500000,0.500000,0.500000,0.500000,0.500000,0.500000,0.500000
808.5,1.000000,1.000000,-0.000000,2.000000,2.000000,0.500000,0.500000,0.500000,0.500000,0.500000,0.500000,0.500000
809.0,1.000000,1.000000,-0.000000,2.000000,2.000000,0.500000,0.500000,0.500000,0.500000,0.500000,0.500000,0.500000
809.5,1.000000,1.000000,-0.000000,2.000000,2.000000,0.500000,0.500000,0.500000,0.500000,0.500000,0.500000,0.500000
810.0,1.000000,1.000000,-0.000000,2.000000,2.000000,0.500000,0.500000,0.500000,0.500000,0.500000,0.500000,0.500000
810.5,1.000000,1.000000,-0.000000,2.000000,2.000000,0.500000,0.500000,0.500000,0.500000,0.500000,0.500000,0.500000
811.0,1.000000,1.000000,-0.000000,2.000000,2.000000,0.500000,0.500000,0.500000,0.500000,0.500000,0.500000,0.500000
811.5,1.000000,1.000000,-0.000000,2.000000,2.000000,0.500000,0.500000,0.500000,0.500000,0.500000,0.500000,0.500000
812.0,1.000000,1.000000,-0.000000,2.000000,2.000000,0.500000,0.500000,0.500000,0.500000,0.500000,0.500000,0.500000
812.5,1.000000,1.000000,-0.000000,2.000000,2.000000,0.500000,0.500000,0.500000,0.500000,0.500000,0.500000,0.500000
813.0,1.000000,1.000000,-0.000000,2.000000,2.000000,0.500000,0.500000,0.500000,0.500000,0.500000,0.500000,0.500000
813.5,1.000000,1.000000,-0.000000,2.000000,2.000000,0.500000,0.500000,0.500000,0.500000,0.500000,0.500000,0.500000
814.0,1.000000,1.000000,-0.000000,2.000000,2.000000,0.500000,0.500000,0.500000,0.500000,0.500000,0.500000,0.500000
814.5,1.000000,1.000000,-0.000000,2.000000,2.000000,0.500000,0.500000,0.500000,0.500000,0.500000,0.500000,0.500000
815.0,1.000000,1.000000,-0.000000,2.000000,2.000000,0.500000,0.500000,0.500000,0.500000,0.500000,0.500000,0.500000
815.5,1.000000,1.000000,-0.000000,2.000000,2.000000,0.500000,0.500000,0.500000,0.500000,0.500000,0.500000,0.500000
816.0,1.000000,1.000000,-0.000000,2.000000,2.000000,0.500000,0.500000,0.500000,0.500000,0.500000,0.500000,0.500000
816.5,1.000000,1.000000,-0.000000,2.000000,2.000000,0.500000,0.500000,0.500000,0.500000,0.500000,0.500000,0.500000
817.0,1.000000,1.000000,-0.000000,2.000000,2.000000,0.500000,0.500000,0.500000,0.500000,0.500000,0.500000,0.500000
817.5,1.000000,1.000000,-0.000000,2.000000,2.000000,0.500000,0.500000,0.500000,0.500000,0.500000,0.500000,0.500000
818.0,1.000000,1.000000,-0.000000,2.000000,2.000000,0.500000,0.500000,0.500000,0.500000,0.500000,0.500000,0.500000
818.5,1.000000,1.000000,-0.000000,2.000000,2.000000,0.500000,0.500000,0.500000,0.500000,0.500000,0.500000,0.500000
819.0,1.000000,1.000000,-0.000000,2.000000,2.000000,0.500000,0.500000,0.500000,0.500000,0.500000,0.500000,0.500000
819.5,1.000000,1.000000,-0.000000,2.000000,2.000000,0.500000,0.500000,0.500000,0.500000,0.500000,0.500000,0.500000
820.0,1.000000,1.000000,-0.000000,2.000000,2.000000,0.500000,0.500000,0.500000,0.500000,0.500000,0.500000,0.500000
820.5,1.000000,1.000000,-0.000000,2.000000,2.000000,0.500000,0.500000,0.500000,0.500000,0.500000,0.500000,0.500000
821.0,1.000000,1.000000,-0.000000,2.000000,2.000000,0.500000,0.500000,0.500000,0.500000,0.500000,0.500000,0.500000
821.5,1.000000,1.000000,-0.000000,2.000000,2.000000,0.500000,0.500000,0.500000,0.500000,0.500000,0.500000,0.500000
822.0,1.000000,1.000000,-0.000000,2.000000,2.000000,0.500000,0.500000,0.500000,0.500000,0.500000,0.500000,0.500000
822.5,1.000000,1.000000,-0.000000,2.000000,2.000000,0.500000,0.500000,0.500000,0.500000,0.500000,0.500000,0.500000
823.0,1.000000,1.000000,-0.000000,2.000000,2.000000,0.500000,0.500000,0.500000,0.500000,0.500000,0.500000,0.500000
823.5,1.000000,1.000000,-0.000000,2.000000,2.000000,0.500000,0.500000,0.500000,0.500000,0.500000,0.500000,0.500000
824.0,1.000000,1.000000,-0.000000,2.000000,2.000000,0.500000,0.500000,0.500000,0.500000,0.500000,0.500000,0.500000
824.5,1.000000,1.000000,-0.000000,2.000000,2.000000,0.500000,0.500000,0.500000,0.500000,0.500000,0.500000,0.500000
825.0,1.000000,1.000000,-0.000000,2.000000,2.000000,0.500000,0.500000,0.500000,0.500000,0.500000,0.500000,0.500000
825.5,1.000000,1.000000,-0.000000,2.000000,2.000000,0.500000,0.500000,0.500000,0.500000,0.500000,0.500000,0.500000
826.0,1.000000,1.000000,-0.000000,2.000000,2.000000,0.500000,0.500000,0.500000,0.500000,0.500000,0.500000,0.500000
826.5,1.000000,1.000000,-0.000000,2.000000,2.000000,0.500000,0.500000,0.500000,0.500000,0.500000,0.500000,0.500000
827.0,1.000000,1.000000,-0.000000,2.000000,2.000000,0.500000,0.500000,0.500000,0.500000,0.500000,0.500000,0.500000
827.5,1.000000,1.000000,-0.000000,2.000000,2.000000,0.500000,0.500000,0.500000,0.500000,0.500000,0.500000,0.500000
828.0,1.000000,1.000000,-0.000000,2.000000,2.000000,0.500000,0.500000,0.500000,0.500000,0.500000,0.500000,0.500000
828.5,1.000000,1.000000,-0.000000,2.000000,2.000000,0.500000,0.500000,0.500000,0.500000,0.500000,0.500000,0.500000
829.0,1.000000,1.000000,-0.000000,2.000000,2.000000,0.500000,0.500000,0.500000,0.500000,0.500000,0.500000,0.500000
829.5,1.000000,1.000000,-0.000000,2.000000,2.000000,0.500000,0.500000,0.500000,0.500000,0.500000,0.500000,0.500000
830.0,1.000000,1.000000,-0.000000,2.000000,2.000000,0.500000,0.500000,0.500000,0.500000,0.500000,0.500000,0.500000
830.5,1.000000,1.000000,-0.000000,2.000000,2.000000,0.500000,0.500000,0.500000,0.500000,0.500000,0.500000,0.500000
831.0,1.000000,1.000000,-0.000000,2.000000,2.000000,0.500000,0.500000,0.500000,0.500000,0.500000,0.500000,0.500000
831.5,1.000000,1.000000,-0.000000,2.000000,2.000000,0.500000,0.500000,0.500000,0.500000,0.500000,0.500000,0.500000
832.0,1.000000,1.000000,-0.000000,2.000000,2.000000,0.500000,0.500000,0.500000,0.500000,0.500000,0.500000,0.500000
832.5,1.000000,1.000000,-0.000000,2.000000,2.000000,0.500000,0.500000,0.500000,0.500000,0.500000,0.500000,0.500000
833.0,1.000000,1.000000,-0.000000,2.000000,2.000000,0.500000,0.500000,0.500000,0.500000,0.500000,0.500000,0.500000
833.5,1.000000,1.000000,-0.000000,2.000000,2.000000,0.500000,0.500000,0.500000,0.500000,0.500000,0.500000,0.500000
834.0,1.000000,1.000000,-0.000000,2.000000,2.000000,0.500000,0.500000,0.500000,0.500000,0.500000,0.500000,0.500000
834.5,1.000000,1.000000,-0.000000,2.000000,2.000000,0.500000,0.500000,0.500000,0.500000,0.500000,0.500000,0.500000
835.0,1.000000,1.000000,-0.000000,2.000000,2.000000,0.500000,0.500000,0.500000,0.500000,0.500000,0.500000,0.500000
835.5,1.000000,1.000000,-0.000000,2.000000,2.000000,0.500000,0.500000,0.500000,0.500000,0.500000,0.500000,0.500000
836.0,1.000000,1.000000,-0.000000,2.000000,2.000000,0.500000,0.500000,0.500000,0.500000,0.500000,0.500000,0.500000
836.5,1.000000,1.000000,-0.000000,2.000000,2.000000,0.500000,0.500000,0.500000,0.500000,0.500000,0.500000,0.500000
837.0,1.000000,1.000000,-0.000000,2.000000,2.000000,0.500000,0.500000,0.500000,0.500000,0.500000,0.500000,0.500000
837.5,1.000000,1.000000,-0.000000,2.000000,2.000000,0.500000,0.500000,0.500000,0.500000,0.500000,0.500000,0.500000
838.0,1.000000,1.000000,-0.000000,2.000000,2.000000,0.500000,0.500000,0.500000,0.500000,0.500000,0.500000,0.500000
838.5,1.000000,1.000000,-0.000000,2.000000,2.000000,0.500000,0.500000,0.500000,0.500000,0.500000,0.500000,0.500000
839.0,1.000000,1.000000,-0.000000,2.000000,2.000000,0.500000,0.500000,0.500000,0.500000,0.500000,0.500000,0.500000
839.5,1.000000,1.000000,-0.000000,2.000000,2.000000,0.500000,0.500000,0.500000,0.500000,0.500000,0.500000,0.500000
840.0,1.000000,1.000000,-0.000000,2.000000,2.000000,0.500000,0.500000,0.500000,0.500000,0.500000,0.500000,0.500000
840.5,1.000000,1.000000,-0.000000,2.000000,2.000000,0.500000,0.500000,0.500000,0.500000,0.500000,0.500000,0.500000
841.0,1.000000,1.000000,-0.000000,2.000000,2.000000,0.500000,0.500000,0.500000,0.500000,0.500000,0.500000,0.500000
841.5,1.000000,1.000000,-0.000000,2.000000,2.000000,0.500000,0.500000,0.500000,0.500000,0.500000,0.500000,0.500000
842.0,1.000000,1.000000,-0.000000,2.000000,2.000000,0.500000,0.500000,0.500000,0.500000,0.500000,0.500000,0.500000
842.5,1.000000,1.000000,-0.000000,2.000000,2.000000,0.500000,0.500000,0.500000,0.500000,0.500000,0.500000,0.500000
843.0,1.000000,1.000000,-0.000000,2.000000,2.000000,0.500000,0.500000,0.500000,0.500000,0.500000,0.500000,0.500000
843.5,1.000000,1.000000,-0.000000,2.000000,2.000000,0.500000,0.500000,0.500000,0.500000,0.500000,0.500000,0.500000
844.0,1.000000,1.000000,-0.000000,2.000000,2.000000,0.500000,0.500000,0.500000,0.500000,0.500000,0.500000,0.500000
844.5,1.000000,1.000000,-0.000000,2.000000,2.000000,0.500000,0.500000,0.500000,0.500000,0.500000,0.500000,0.500000
845.0,1.000000,1.000000,-0.000000,2.000000,2.000000,0.500000,0.500000,0.500000,0.500000,0.500000,0.500000,0.500000
845.5,1.000000,1.000000,-0.000000,2.000000,2.000000,0.500000,0.500000,0.500000,0.500000,0.500000,0.500000,0.500000
846.0,1.000000,1.000000,-0.000000,2.000000,2.000000,0.500000,0.500000,0.500000,0.500000,0.500000,0.500000,0.500000
846.5,1.000000,1.000000,-0.000000,2.000000,2.000000,0.500000,0.500000,0.500000,0.500000,0.500000,0.500000,0.500000
847.0,1.000000,1.000000,-0.000000,2.000000,2.000000,0.500000,0.500000,0.500000,0.500000,0.500000,0.500000,0.500000
847.5,1.000000,1.000000,-0.000000,2.000000,2.000000,0.500000,0.500000,0.500000,0.500000,0.500000,0.500000,0.500000
848.0,1.000000,1.000000,-0.000000,2.000000,2.000000,0.500000,0.500000,0.500000,0.500000,0.500000,0.500000,0.500000
848.5,1.000000,1.000000,-0.000000,2.000000,2.000000,0.500000,0.500000,0.500000,0.500000,0.500000,0.500000,0.500000
849.0,1.000000,1.000000,-0.000000,2.000000,2.000000,0.500000,0.500000,0.500000,0.500000,0.500000,0.500000,0.500000
849.5,1.000000,1.000000,-0.000000,2.000000,2.000000,0.500000,0.500000,0.500000,0.500000,0.500000,0.500000,0.500000
850.0,1.000000,1.000000,-0.000000,2.000000,2.000000,0.500000,0.500000,0.500000,0.500000,0.500000,0.500000,0.500000
850.5,1.000000,1.000000,-0.000000,2.000000,2.000000,0.500000,0.500000,0.500000,0.500000,0.500000,0.500000,0.500000
851.0,1.000000,1.000000,-0.000000,2.000000,2.000000,0.500000,0.500000,0.500000,0.500000,0.500000,0.500000,0.500000
851.5,1.000000,1.000000,-0.000000,2.000000,2.000000,0.500000,0.500000,0.500000,0.500000,0.500000,0.500000,0.500000
852.0,1.000000,1.000000,-0.000000,2.000000,2.000000,0.500000,0.500000,0.500000,0.500000,0.500000,0.500000,0.500000
852.5,1.000000,1.000000,-0.000000,2.000000,2.000000,0.500000,0.500000,0.500000,0.500000,0.500000,0.500000,0.500000
853.0,1.000000,1.000000,-0.000000,2.000000,2.000000,0.500000,0.500000,0.500000,0.500000,0.500000,0.500000,0.500000
853.5,1.000000,1.000000,-0.000000,2.000000,2.000000,0.500000,0.500000,0.500000,0.500000,0.500000,0.500000,0.500000
854.0,1.000000,1.000000,-0.000000,2.000000,2.000000,0.500000,0.500000,0.500000,0.500000,0.500000,0.500000,0.500000
854.5,1.000000,1.000000,-0.000000,2.000000,2.000000,0.500000,0.500000,0.500000,0.500000,0.500000,0.500000,0.500000
855.0,1.000000,1.000000,-0.000000,2.000000,2.000000,0.500000,0.500000,0.500000,0.500000,0.500000,0.500000,0.500000
855.5,1.000000,1.000000,-0.000000,2.000000,2.000000,0.500000,0.500000,0.500000,0.500000,0.500000,0.500000,0.500000
856.0,1.000000,1.000000,-0.000000,2.000000,2.000000,0.500000,0.500000,0.500000,0.500000,0.500000,0.500000,0.500000
856.5,1.000000,1.000000,-0.000000,2.000000,2.000000,0.500000,0.500000,0.500000,0.500000,0.500000,0.500000,0.500000
857.0,1.000000,1.000000,-0.000000,2.000000,2.000000,0.500000,0.500000,0.500000,0.500000,0.500000,0.500000,0.500000
857.5,1.000000,1.000000,-0.000000,2.000000,2.000000,0.500000,0.500000,0.500000,0.500000,0.500000,0.500000,0.500000
858.0,1.000000,1.000000,-0.000000,2.000000,2.000000,0.500000,0.500000,0.500000,0.500000,0.500000,0.500000,0.500000
858.5,1.000000,1.000000,-0.000000,2.000000,2.000000,0.500000,0.500000,0.500000,0.500000,0.500000,0.500000,0.500000
859.0,1.000000,1.000000,-0.000000,2.000000,2.000000,0.500000,0.500000,0.500000,0.500000,0.500000,0.500000,0.500000
859.5,1.000000,1.000000,-0.000000,2.000000,2.000000,0.500000,0.500000,0.500000,0.500000,0.500000,0.500000,0.500000
860.0,1.000000,1.000000,-0.000000,2.000000,2.000000,0.500000,0.500000,0.500000,0.500000,0.500000,0.500000,0.500000
860.5,1.000000,1.000000,-0.000000,2.000000,2.000000,0.500000,0.500000,0.500000,0.500000,0.500000,0.500000,0.500000
861.0,1.000000,1.000000,-0.000000,2.000000,2.000000,0.500000,0.500000,0.500000,0.500000,0.500000,0.500000,0.500000
861.5,1.000000,1.000000,-0.000000,2.000000,2.000000,0.500000,0.500000,0.500000,0.500000,0.500000,0.500000,0.500000
862.0,1.000000,1.000000,-0.000000,2.000000,2.000000,0.500000,0.500000,0.500000,0.500000,0.500000,0.500000,0.500000
862.5,1.000000,1.000000,-0.000000,2.000000,2.000000,0.500000,0.500000,0.500000,0.500000,0.500000,0.500000,0.500000
863.0,1.000000,1.000000,-0.000000,2.000000,2.000000,0.500000,0.500000,0.500000,0.500000,0.500000,0.500000,0.500000
863.5,1.000000,1.000000,-0.000000,2.000000,2.000000,0.500000,0.500000,0.500000,0.500000,0.500000,0.500000,0.500000
864.0,1.000000,1.000000,-0.000000,2.000000,2.000000,0.500000,0.500000,0.500000,0.500000,0.500000,0.500000,0.500000
864.5,1.000000,1.000000,-0.000000,2.000000,2.000000,0.500000,0.500000,0.500000,0.500000,0.500000,0.500000,0.500000
865.0,1.000000,1.000000,-0.000000,2.000000,2.000000,0.500000,0.500000,0.500000,0.500000,0.500000,0.500000,0.500000
865.5,1.000000,1.000000,-0.000000,2.000000,2.000000,0.500000,0.500000,0.500000,0.500000,0.500000,0.500000,0.500000
866.0,1.000000,1.000000,-0.000000,2.000000,2.000000,0.500000,0.500000,0.500000,0.500000,0.500000,0.500000,0.500000
866.5,1.000000,1.000000,-0.000000,2.000000,2.000000,0.500000,0.500000,0.500000,0.500000,0.500000,0.500000,0.500000
867.0,1.000000,1.000000,-0.000000,2.000000,2.000000,0.500000,0.500000,0.500000,0.500000,0.500000,0.500000,0.500000
867.5,1.000000,1.000000,-0.000000,2.000000,2.000000,0.500000,0.500000,0.500000,0.500000,0.500000,0.500000,0.500000
868.0,1.000000,1.000000,-0.000000,2.000000,2.000000,0.500000,0.500000,0.500000,0.500000,0.500000,0.500000,0.500000
868.5,1.000000,1.000000,-0.000000,2.000000,2.000000,0.500000,0.500000,0.500000,0.500000,0.500000,0.500000,0.500000
869.0,1.000000,1.000000,-0.000000,2.000000,2.000000,0.500000,0.500000,0.500000,0.500000,0.500000,0.500000,0.500000
869.5,1.000000,1.000000,-0.000000,2.000000,2.000000,0.500000,0.500000,0.500000,0.500000,0.500000,0.500000,0.500000
870.0,1.000000,1.000000,-0.000000,2.000000,2.000000,0.500000,0.500000,0.500000,0.500000,0.500000,0.500000,0.500000
870.5,1.000000,1.000000,-0.000000,2.000000,2.000000,0.500000,0.500000,0.500000,0.500000,0.500000,0.500000,0.500000
871.0,1.000000,1.000000,-0.000000,2.000000,2.000000,0.500000,0.500000,0.500000,0.500000,0.500000,0.500000,0.500000
871.5,1.000000,1.000000,-0.000000,2.000000,2.000000,0.500000,0.500000,0.500000,0.500000,0.500000,0.500000,0.500000
872.0,1.000000,1.000000,-0.000000,2.000000,2.000000,0.500000,0.500000,0.500000,0.500000,0.500000,0.500000,0.500000
872.5,1.000000,1.000000,-0.000000,2.000000,2.000000,0.500000,0.500000,0.500000,0.500000,0.500000,0.500000,0.500000
873.0,1.000000,1.000000,-0.000000,2.000000,2.000000,0.500000,0.500000,0.500000,0.500000,0.500000,0.500000,0.500000
873.5,1.000000,1.000000,-0.000000,2.000000,2.000000,0.500000,0.500000,0.500000,0.500000,0.500000,0.500000,0.500000
874.0,1.000000,1.000000,-0.000000,2.000000,2.000000,0.500000,0.500000,0.500000,0.500000,0.500000,0.500000,0.500000
874.5,1.000000,1.000000,-0.000000,2.000000,2.000000,0.500000,0.500000,0.500000,0.500000,0.500000,0.500000,0.500000
875.0,1.000000,1.000000,-0.000000,2.000000,2.000000,0.500000,0.500000,0.500000,0.500000,0.500000,0.500000,0.500000
875.5,1.000000,1.000000,-0.000000,2.000000,2.000000,0.500000,0.500000,0.500000,0.500000,0.500000,0.500000,0.500000
876.0,1.000000,1.000000,-0.000000,2.000000,2.000000,0.500000,0.500000,0.500000,0.500000,0.500000,0.500000,0.500000
876.5,1.000000,1.000000,-0.000000,2.000000,2.000000,0.500000,0.500000,0.500000,0.500000,0.500000,0.500000,0.500000
877.0,1.000000,1.000000,-0.000000,2.000000,2.000000,0.500000,0.500000,0.500000,0.500000,0.500000,0.500000,0.500000
877.5,1.000000,1.000000,-0.000000,2.000000,2.000000,0.500000,0.500000,0.500000,0.500000,0.500000,0.500000,0.500000
878.0,1.000000,1.000000,-0.000000,2.000000,2.000000,0.500000,0.500000,0.500000,0.500000,0.500000,0.500000,0.500000
878.5,1.000000,1.000000,-0.000000,2.000000,2.000000,0.500000,0.500000,0.500000,0.500000,0.500000,0.500000,0.500000
879.0,1.000000,1.000000,-0.000000,2.000000,2.000000,0.500000,0.500000,0.500000,0.500000,0.500000,0.500000,0.500000
879.5,1.000000,1.000000,-0.000000,2.000000,2.000000,0.500000,0.500000,0.500000,0.500000,0.500000,0.500000,0.500000
880.0,1.000000,1.000000,-0.000000,2.000000,2.000000,0.500000,0.500000,0.500000,0.500000,0.500000,0.500000,0.500000
880.5,1.000000,1.000000,-0.000000,2.000000,2.000000,0.500000,0.500000,0.500000,0.500000,0.500000,0.500000,0.500000
881.0,1.000000,1.000000,-0.000000,2.000000,2.000000,0.500000,0.500000,0.500000,0.500000,0.500000,0.500000,0.500000
881.5,1.000000,1.000000,-0.000000,2.000000,2.000000,0.500000,0.500000,0.500000,0.500000,0.500000,0.500000,0.500000
882.0,1.000000,1.000000,-0.000000,2.000000,2.000000,0.500000,0.500000,0.500000,0.500000,0.500000,0.500000,0.500000
882.5,1.000000,1.000000,-0.000000,2.000000,2.000000,0.500000,0.500000,0.500000,0.500000,0.500000,0.500000,0.500000
883.0,1.000000,1.000000,-0.000000,2.000000,2.000000,0.500000,0.500000,0.500000,0.500000,0.500000,0.500000,0.500000
883.5,1.000000,1.000000,-0.000000,2.000000,2.000000,0.500000,0.500000,0.500000,0.500000,0.500000,0.500000,0.500000
884.0,1.000000,1.000000,-0.000000,2.000000,2.000000,0.500000,0.500000,0.500000,0.500000,0.500000,0.500000,0.500000
884.5,1.000000,1.000000,-0.000000,2.000000,2.000000,0.500000,0.500000,0.500000,0.500000,0.500000,0.500000,0.500000
885.0,1.000000,1.000000,-0.000000,2.000000,2.000000,0.500000,0.500000,0.500000,0.500000,0.500000,0.500000,0.500000
885.5,1.000000,1.000000,-0.000000,2.000000,2.000000,0.500000,0.500000,0.500000,0.500000,0.500000,0.500000,0.500000
886.0,1.000000,1.000000,-0.000000,2.000000,2.000000,0.500000,0.500000,0.500000,0.500000,0.500000,0.500000,0.500000
886.5,1.000000,1.000000,-0.000000,2.000000,2.000000,0.500000,0.500000,0.500000,0.500000,0.500000,0.500000,0.500000
887.0,1.000000,1.000000,-0.000000,2.000000,2.000000,0.500000,0.500000,0.500000,0.500000,0.500000,0.500000,0.500000
887.5,1.000000,1.000000,-0.000000,2.000000,2.000000,0.500000,0.500000,0.500000,0.500000,0.500000,0.500000,0.500000
888.0,1.000000,1.000000,-0.000000,2.000000,2.000000,0.500000,0.500000,0.500000,0.500000,0.500000,0.500000,0.500000
888.5,1.000000,1.000000,-0.000000,2.000000,2.000000,0.500000,0.500000,0.500000,0.500000,0.500000,0.500000,0.500000
889.0,1.000000,1.000000,-0.000000,2.000000,2.000000,0.500000,0.500000,0.500000,0.500000,0.500000,0.500000,0.500000
889.5,1.000000,1.000000,-0.000000,2.000000,2.000000,0.500000,0.500000,0.500000,0.500000,0.500000,0.500000,0.500000
890.0,1.000000,1.000000,-0.000000,2.000000,2.000000,0.500000,0.500000,0.500000,0.500000,0.500000,0.500000,0.500000
890.5,1.000000,1.000000,-0.000000,2.000000,2.000000,0.500000,0.500000,0.500000,0.500000,0.500000,0.500000,0.500000
891.0,1.000000,1.000000,-0.000000,2.000000,2.000000,0.500000,0.500000,0.500000,0.500000,0.500000,0.500000,0.500000
891.5,1.000000,1.000000,-0.000000,2.000000,2.000000,0.500000,0.500000,0.500000,0.500000,0.500000,0.500000,0.500000
892.0,1.000000,1.000000,-0.000000,2.000000,2.000000,0.500000,0.500000,0.500000,0.500000,0.500000,0.500000,0.500000
892.5,1.000000,1.000000,-0.000000,2.000000,2.000000,0.500000,0.500000,0.500000,0.500000,0.500000,0.500000,0.500000
893.0,1.000000,1.000000,-0.000000,2.000000,2.000000,0.500000,0.500000,0.500000,0.500000,0.500000,0.500000,0.500000
893.5,1.000000,1.000000,-0.000000,2.000000,2.000000,0.500000,0.500000,0.500000,0.500000,0.500000,0.500000,0.500000
894.0,1.000000,1.000000,-0.000000,2.000000,2.000000,0.500000,0.500000,0.500000,0.500000,0.500000,0.500000,0.500000
894.5,1.000000,1.000000,-0.000000,2.000000,2.000000,0.500000,0.500000,0.500000,0.500000,0.500000,0.500000,0.500000
895.0,1.000000,1.000000,-0.000000,2.000000,2.000000,0.500000,0.500000,0.500000,0.500000,0.500000,0.500000,0.500000
895.5,1.000000,1.000000,-0.000000,2.000000,2.000000,0.500000,0.500000,0.500000,0.500000,0.500000,0.500000,0.500000
896.0,1.000000,1.000000,-0.000000,2.000000,2.000000,0.500000,0.500000,0.500000,0.500000,0.500000,0.500000,0.500000
896.5,1.000000,1.000000,-0.000000,2.000000,2.000000,0.500000,0.500000,0.500000,0.500000,0.500000,0.500000,0.500000
897.0,1.000000,1.000000,-0.000000,2.000000,2.000000,0.500000,0.500000,0.500000,0.500000,0.500000,0.500000,0.500000
897.5,1.000000,1.000000,-0.000000,2.000000,2.000000,0.500000,0.500000,0.500000,0.500000,0.500000,0.500000,0.500000
898.0,1.000000,1.000000,-0.000000,2.000000,2.000000,0.500000,0.500000,0.500000,0.500000,0.500000,0.500000,0.500000
898.5,1.000000,1.000000,-0.000000,2.000000,2.000000,0.500000,0.500000,0.500000,0.500000,0.500000,0.500000,0.500000
899.0,1.000000,1.000000,-0.000000,2.000000,2.000000,0.500000,0.500000,0.500000,0.500000,0.500000,0.500000,0.500000
899.5,1.000000,1.000000,-0.000000,2.000000,2.000000,0.500000,0.500000,0.500000,0.500000,0.500000,0.500000,0.500000
900.0,1.000000,1.000000,-0.000000,2.000000,2.000000,0.500000,0.500000,0.500000,0.500000,0.500000,0.500000,0.500000
900.5,1.000000,1.000000,-0.000000,2.000000,2.000000,0.500000,0.500000,0.500000,0.500000,0.500000,0.500000,0.500000
901.0,1.000000,1.000000,-0.000000,2.000000,2.000000,0.500000,0.500000,0.500000,0.500000,0.500000,0.500000,0.500000
901.5,1.000000,1.000000,-0.000000,2.000000,2.000000,0.500000,0.500000,0.500000,0.500000,0.500000,0.500000,0.500000
902.0,1.000000,1.000000,-0.000000,2.000000,2.000000,0.500000,0.500000,0.500000,0.500000,0.500000,0.500000,0.500000
902.5,1.000000,1.000000,-0.000000,2.000000,2.000000,0.500000,0.500000,0.500000,0.500000,0.500000,0.500000,0.500000
903.0,1.000000,1.000000,-0.000000,2.000000,2.000000,0.500000,0.500000,0.500000,0.500000,0.500000,0.500000,0.500000
903.5,1.000000,1.000000,-0.000000,2.000000,2.000000,0.500000,0.500000,0.500000,0.500000,0.500000,0.500000,0.500000
904.0,1.000000,1.000000,-0.000000,2.000000,2.000000,0.500000,0.500000,0.500000,0.500000,0.500000,0.500000,0.500000
904.5,1.000000,1.000000,-0.000000,2.000000,2.000000,0.500000,0.500000,0.500000,0.500000,0.500000,0.500000,0.500000
905.0,1.000000,1.000000,-0.000000,2.000000,2.000000,0.500000,0.500000,0.500000,0.500000,0.500000,0.500000,0.500000
905.5,1.000000,1.000000,-0.000000,2.000000,2.000000,0.500000,0.500000,0.500000,0.500000,0.500000,0.500000,0.500000
906.0,1.000000,1.000000,-0.000000,2.000000,2.000000,0.500000,0.500000,0.500000,0.500000,0.500000,0.500000,0.500000
906.5,1.000000,1.000000,-0.000000,2.000000,2.000000,0.500000,0.500000,0.500000,0.500000,0.500000,0.500000,0.500000
907.0,1.000000,1.000000,-0.000000,2.000000,2.000000,0.500000,0.500000,0.500000,0.500000,0.500000,0.500000,0.500000
907.5,1.000000,1.000000,-0.000000,2.000000,2.000000,0.500000,0.500000,0.500000,0.500000,0.500000,0.500000,0.500000
908.0,1.000000,1.000000,-0.000000,2.000000,2.000000,0.500000,0.500000,0.500000,0.500000,0.500000,0.500000,0.500000
908.5,1.000000,1.000000,-0.000000,2.000000,2.000000,0.500000,0.500000,0.500000,0.500000,0.500000,0.500000,0.500000
909.0,1.000000,1.000000,-0.000000,2.000000,2.000000,0.500000,0.500000,0.500000,0.500000,0.500000,0.500000,0.500000
909.5,1.000000,1.000000,-0.000000,2.000000,2.000000,0.500000,0.500000,0.500000,0.500000,0.500000,0.500000,0.500000
910.0,1.000000,1.000000,-0.000000,2.000000,2.000000,0.500000,0.500000,0.500000,0.500000,0.500000,0.500000,0.500000
910.5,1.000000,1.000000,-0.000000,2.000000,2.000000,0.500000,0.500000,0.500000,0.500000,0.500000,0.500000,0.500000
911.0,1.000000,1.000000,-0.000000,2.000000,2.000000,0.500000,0.500000,0.500000,0.500000,0.500000,0.500000,0.500000
911.5,1.000000,1.000000,-0.000000,2.000000,2.000000,0.500000,0.500000,0.500000,0.500000,0.500000,0.500000,0.500000
912.0,1.000000,1.000000,-0.000000,2.000000,2.000000,0.500000,0.500000,0.500000,0.500000,0.500000,0.500000,0.500000
912.5,1.000000,1.000000,-0.000000,2.000000,2.000000,0.500000,0.500000,0.500000,0.500000,0.500000,0.500000,0.500000
913.0,1.000000,1.000000,-0.000000,2.000000,2.000000,0.500000,0.500000,0.500000,0.500000,0.500000,0.500000,0.500000
913.5,1.000000,1.000000,-0.000000,2.000000,2.000000,0.500000,0.500000,0.500000,0.500000,0.500000,0.500000,0.500000
914.0,1.000000,1.000000,-0.000000,2.000000,2.000000,0.500000,0.500000,0.500000,0.500000,0.500000,0.500000,0.500000
914.5,1.000000,1.000000,-0.000000,2.000000,2.000000,0.500000,0.500000,0.500000,0.500000,0.500000,0.500000,0.500000
915.0,1.000000,1.000000,-0.000000,2.000000,2.000000,0.500000,0.500000,0.500000,0.500000,0.500000,0.500000,0.500000
915.5,1.000000,1.000000,-0.000000,2.000000,2.000000,0.500000,0.500000,0.500000,0.500000,0.500000,0.500000,0.500000
916.0,1.000000,1.000000,-0.000000,2.000000,2.000000,0.500000,0.500000,0.500000,0.500000,0.500000,0.500000,0.500000
916.5,1.000000,1.000000,-0.000000,2.000000,2.000000,0.500000,0.500000,0.500000,0.500000,0.500000,0.500000,0.500000
917.0,1.000000,1.000000,-0.000000,2.000000,2.000000,0.500000,0.500000,0.500000,0.500000,0.500000,0.500000,0.500000
917.5,1.000000,1.000000,-0.000000,2.000000,2.000000,0.500000,0.500000,0.500000,0.500000,0.500000,0.500000,0.500000
918.0,1.000000,1.000000,-0.000000,2.000000,2.000000,0.500000,0.500000,0.500000,0.500000,0.500000,0.500000,0.500000
918.5,1.000000,1.000000,-0.000000,2.000000,2.000000,0.500000,0.500000,0.500000,0.500000,0.500000,0.500000,0.500000
919.0,1.000000,1.000000,-0.000000,2.000000,2.000000,0.500000,0.500000,0.500000,0.500000,0.500000,0.500000,0.500000
919.5,1.000000,1.000000,-0.000000,2.000000,2.000000,0.500000,0.500000,0.500000,0.500000,0.500000,0.500000,0.500000
920.0,1.000000,1.000000,-0.000000,2.000000,2.000000,0.500000,0.500000,0.500000,0.500000,0.500000,0.500000,0.500000
920.5,1.000000,1.000000,-0.000000,2.000000,2.000000,0.500000,0.500000,0.500000,0.500000,0.500000,0.500000,0.500000
921.0,1.000000,1.000000,-0.000000,2.000000,2.000000,0.500000,0.500000,0.500000,0.500000,0.500000,0.500000,0.500000
921.5,1.000000,1.000000,-0.000000,2.000000,2.000000,0.500000,0.500000,0.500000,0.500000,0.500000,0.500000,0.500000
922.0,1.000000,1.000000,-0.000000,2.000000,2.000000,0.500000,0.500000,0.500000,0.500000,0.500000,0.500000,0.500000
922.5,1.000000,1.000000,-0.000000,2.000000,2.000000,0.500000,0.500000,0.500000,0.500000,0.500000,0.500000,0.500000
923.0,1.000000,1.000000,-0.000000,2.000000,2.000000,0.500000,0.500000,0.500000,0.500000,0.500000,0.500000,0.500000
923.5,1.000000,1.000000,-0.000000,2.000000,2.000000,0.500000,0.500000,0.500000,0.500000,0.500000,0.500000,0.500000
924.0,1.000000,1.000000,-0.000000,2.000000,2.000000,0.500000,0.500000,0.500000,0.500000,0.500000,0.500000,0.500000
924.5,1.000000,1.000000,-0.000000,2.000000,2.000000,0.500000,0.500000,0.500000,0.500000,0.500000,0.500000,0.500000
925.0,1.000000,1.000000,-0.000000,2.000000,2.000000,0.500000,0.500000,0.500000,0.500000,0.500000,0.500000,0.500000
925.5,1.000000,1.000000,-0.000000,2.000000,2.000000,0.500000,0.500000,0.500000,0.500000,0.500000,0.500000,0.500000
926.0,1.000000,1.000000,-0.000000,2.000000,2.000000,0.500000,0.500000,0.500000,0.500000,0.500000,0.500000,0.500000
926.5,1.000000,1.000000,-0.000000,2.000000,2.000000,0.500000,0.500000,0.500000,0.500000,0.500000,0.500000,0.500000
927.0,1.000000,1.000000,-0.000000,2.000000,2.000000,0.500000,0.500000,0.500000,0.500000,0.500000,0.500000,0.500000
927.5,1.000000,1.000000,-0.000000,2.000000,2.000000,0.500000,0.500000,0.500000,0.500000,0.500000,0.500000,0.500000
928.0,1.000000,1.000000,-0.000000,2.000000,2.000000,0.500000,0.500000,0.500000,0.500000,0.500000,0.500000,0.500000
928.5,1.000000,1.000000,-0.000000,2.000000,2.000000,0.500000,0.500000,0.500000,0.500000,0.500000,0.500000,0.500000
929.0,1.000000,1.000000,-0.000000,2.000000,2.000000,0.500000,0.500000,0.500000,0.500000,0.500000,0.500000,0.500000
929.5,1.000000,1.000000,-0.000000,2.000000,2.000000,0.500000,0.500000,0.500000,0.500000,0.500000,0.500000,0.500000
930.0,1.000000,1.000000,-0.000000,2.000000,2.000000,0.500000,0.500000,0.500000,0.500000,0.500000,0.500000,0.500000
930.5,1.000000,1.000000,-0.000000,2.000000,2.000000,0.500000,0.500000,0.500000,0.500000,0.500000,0.500000,0.500000
931.0,1.000000,1.000000,-0.000000,2.000000,2.000000,0.500000,0.500000,0.500000,0.500000,0.500000,0.500000,0.500000
931.5,1.000000,1.000000,-0.000000,2.000000,2.000000,0.500000,0.500000,0.500000,0.500000,0.500000,0.500000,0.500000
932.0,1.000000,1.000000,-0.000000,2.000000,2.000000,0.500000,0.500000,0.500000,0.500000,0.500000,0.500000,0.500000
932.5,1.000000,1.000000,-0.000000,2.000000,2.000000,0.500000,0.500000,0.500000,0.500000,0.500000,0.500000,0.500000
933.0,1.000000,1.000000,-0.000000,2.000000,2.000000,0.500000,0.500000,0.500000,0.500000,0.500000,0.500000,0.500000
933.5,1.000000,1.000000,-0.000000,2.000000,2.000000,0.500000,0.500000,0.500000,0.500000,0.500000,0.500000,0.500000
934.0,1.000000,1.000000,-0.000000,2.000000,2.000000,0.500000,0.500000,0.500000,0.500000,0.500000,0.500000,0.500000
934.5,1.000000,1.000000,-0.000000,2.000000,2.000000,0.500000,0.500000,0.500000,0.500000,0.500000,0.500000,0.500000
935.0,1.000000,1.000000,-0.000000,2.000000,2.000000,0.500000,0.500000,0.500000,0.500000,0.500000,0.500000,0.500000
935.5,1.000000,1.000000,-0.000000,2.000000,2.000000,0.500000,0.500000,0.500000,0.500000,0.500000,0.500000,0.500000
936.0,1.000000,1.000000,-0.000000,2.000000,2.000000,0.500000,0.500000,0.500000,0.500000,0.500000,0.500000,0.500000
936.5,1.000000,1.000000,-0.000000,2.000000,2.000000,0.500000,0.500000,0.500000,0.500000,0.500000,0.500000,0.500000
937.0,1.000000,1.000000,-0.000000,2.000000,2.000000,0.500000,0.500000,0.500000,0.500000,0.500000,0.500000,0.500000
937.5,1.000000,1.000000,-0.000000,2.000000,2.000000,0.500000,0.500000,0.500000,0.500000,0.500000,0.500000,0.500000
938.0,1.000000,1.000000,-0.000000,2.000000,2.000000,0.500000,0.500000,0.500000,0.500000,0.500000,0.500000,0.500000
938.5,1.000000,1.000000,-0.000000,2.000000,2.000000,0.500000,0.500000,0.500000,0.500000,0.500000,0.500000,0.500000
939.0,1.000000,1.000000,-0.000000,2.000000,2.000000,0.500000,0.500000,0.500000,0.500000,0.500000,0.500000,0.500000
939.5,1.000000,1.000000,-0.000000,2.000000,2.000000,0.500000,0.500000,0.500000,0.500000,0.500000,0.500000,0.500000
940.0,1.000000,1.000000,-0.000000,2.000000,2.000000,0.500000,0.500000,0.500000,0.500000,0.500000,0.500000,0.500000
940.5,1.000000,1.000000,-0.000000,2.000000,2.000000,0.500000,0.500000,0.500000,0.500000,0.500000,0.500000,0.500000
941.0,1.000000,1.000000,-0.000000,2.000000,2.000000,0.500000,0.500000,0.500000,0.500000,0.500000,0.500000,0.500000
941.5,1.000000,1.000000,-0.000000,2.000000,2.000000,0.500000,0.500000,0.500000,0.500000,0.500000,0.500000,0.500000
942.0,1.000000,1.000000,-0.000000,2.000000,2.000000,0.500000,0.500000,0.500000,0.500000,0.500000,0.500000,0.500000
942.5,1.000000,1.000000,-0.000000,2.000000,2.000000,0.500000,0.500000,0.500000,0.500000,0.500000,0.500000,0.500000
943.0,1.000000,1.000000,-0.000000,2.000000,2.000000,0.500000,0.500000,0.500000,0.500000,0.500000,0.500000,0.500000
943.5,1.000000,1.000000,-0.000000,2.000000,2.000000,0.500000,0.500000,0.500000,0.500000,0.500000,0.500000,0.500000
944.0,1.000000,1.000000,-0.000000,2.000000,2.000000,0.500000,0.500000,0.500000,0.500000,0.500000,0.500000,0.500000
944.5,1.000000,1.000000,-0.000000,2.000000,2.000000,0.500000,0.500000,0.500000,0.500000,0.500000,0.500000,0.500000
945.0,1.000000,1.000000,-0.000000,2.000000,2.000000,0.500000,0.500000,0.500000,0.500000,0.500000,0.500000,0.500000
945.5,1.000000,1.000000,-0.000000,2.000000,2.000000,0.500000,0.500000,0.500000,0.500000,0.500000,0.500000,0.500000
946.0,1.000000,1.000000,-0.000000,2.000000,2.000000,0.500000,0.500000,0.500000,0.500000,0.500000,0.500000,0.500000
946.5,1.000000,1.000000,-0.000000,2.000000,2.000000,0.500000,0.500000,0.500000,0.500000,0.500000,0.500000,0.500000
947.0,1.000000,1.000000,-0.000000,2.000000,2.000000,0.500000,0.500000,0.500000,0.500000,0.500000,0.500000,0.500000
947.5,1.000000,1.000000,-0.000000,2.000000,2.000000,0.500000,0.500000,0.500000,0.500000,0.500000,0.500000,0.500000
948.0,1.000000,1.000000,-0.000000,2.000000,2.000000,0.500000,0.500000,0.500000,0.500000,0.500000,0.500000,0.500000
948.5,1.000000,1.000000,-0.000000,2.000000,2.000000,0.500000,0.500000,0.500000,0.500000,0.500000,0.500000,0.500000
949.0,1.000000,1.000000,-0.000000,2.000000,2.000000,0.500000,0.500000,0.500000,0.500000,0.500000,0.500000,0.500000
949.5,1.000000,1.000000,-0.000000,2.000000,2.000000,0.500000,0.500000,0.500000,0.500000,0.500000,0.500000,0.500000
950.0,1.000000,1.000000,-0.000000,2.000000,2.000000,0.500000,0.500000,0.500000,0.500000,0.500000,0.500000,0.500000
950.5,1.000000,1.000000,-0.000000,2.000000,2.000000,0.500000,0.500000,0.500000,0.500000,0.500000,0.500000,0.500000
951.0,1.000000,1.000000,-0.000000,2.000000,2.000000,0.500000,0.500000,0.500000,0.500000,0.500000,0.500000,0.500000
951.5,1.000000,1.000000,-0.000000,2.000000,2.000000,0.500000,0.500000,0.500000,0.500000,0.500000,0.500000,0.500000
952.0,1.000000,1.000000,-0.000000,2.000000,2.000000,0.500000,0.500000,0.500000,0.500000,0.500000,0.500000,0.500000
952.5,1.000000,1.000000,-0.000000,2.000000,2.000000,0.500000,0.500000,0.500000,0.500000,0.500000,0.500000,0.500000
953.0,1.000000,1.000000,-0.000000,2.000000,2.000000,0.500000,0.500000,0.500000,0.500000,0.500000,0.500000,0.500000
953.5,1.000000,1.000000,-0.000000,2.000000,2.000000,0.500000,0.500000,0.500000,0.500000,0.500000,0.500000,0.500000
954.0,1.000000,1.000000,-0.000000,2.000000,2.000000,0.500000,0.500000,0.500000,0.500000,0.500000,0.500000,0.500000
954.5,1.000000,1.000000,-0.000000,2.000000,2.000000,0.500000,0.500000,0.500000,0.500000,0.500000,0.500000,0.500000
955.0,1.000000,1.000000,-0.000000,2.000000,2.000000,0.500000,0.500000,0.500000,0.500000,0.500000,0.500000,0.500000
955.5,1.000000,1.000000,-0.000000,2.000000,2.000000,0.500000,0.500000,0.500000,0.500000,0.500000,0.500000,0.500000
956.0,1.000000,1.000000,-0.000000,2.000000,2.000000,0.500000,0.500000,0.500000,0.500000,0.500000,0.500000,0.500000
956.5,1.000000,1.000000,-0.000000,2.000000,2.000000,0.500000,0.500000,0.500000,0.500000,0.500000,0.500000,0.500000
957.0,1.000000,1.000000,-0.000000,2.000000,2.000000,0.500000,0.500000,0.500000,0.500000,0.500000,0.500000,0.500000
957.5,1.000000,1.000000,-0.000000,2.000000,2.000000,0.500000,0.500000,0.500000,0.500000,0.500000,0.500000,0.500000
958.0,1.000000,1.000000,-0.000000,2.000000,2.000000,0.500000,0.500000,0.500000,0.500000,0.500000,0.500000,0.500000
958.5,1.000000,1.000000,-0.000000,2.000000,2.000000,0.500000,0.500000,0.500000,0.500000,0.500000,0.500000,0.500000
959.0,1.000000,1.000000,-0.000000,2.000000,2.000000,0.500000,0.500000,0.500000,0.500000,0.500000,0.500000,0.500000
959.5,1.000000,1.000000,-0.000000,2.000000,2.000000,0.500000,0.500000,0.500000,0.500000,0.500000,0.500000,0.500000
960.0,1.000000,1.000000,-0.000000,2.000000,2.000000,0.500000,0.500000,0.500000,0.500000,0.500000,0.500000,0.500000
960.5,1.000000,1.000000,-0.000000,2.000000,2.000000,0.500000,0.500000,0.500000,0.500000,0.500000,0.500000,0.500000
961.0,1.000000,1.000000,-0.000000,2.000000,2.000000,0.500000,0.500000,0.500000,0.500000,0.500000,0.500000,0.500000
961.5,1.000000,1.000000,-0.000000,2.000000,2.000000,0.500000,0.500000,0.500000,0.500000,0.500000,0.500000,0.500000
962.0,1.000000,1.000000,-0.000000,2.000000,2.000000,0.500000,0.500000,0.500000,0.500000,0.500000,0.500000,0.500000
962.5,1.000000,1.000000,-0.000000,2.000000,2.000000,0.500000,0.500000,0.500000,0.500000,0.500000,0.500000,0.500000
963.0,1.000000,1.000000,-0.000000,2.000000,2.000000,0.500000,0.500000,0.500000,0.500000,0.500000,0.500000,0.500000
963.5,1.000000,1.000000,-0.000000,2.000000,2.000000,0.500000,0.500000,0.500000,0.500000,0.500000,0.500000,0.500000
964.0,1.000000,1.000000,-0.000000,2.000000,2.000000,0.500000,0.500000,0.500000,0.500000,0.500000,0.500000,0.500000
964.5,1.000000,1.000000,-0.000000,2.000000,2.000000,0.500000,0.500000,0.500000,0.500000,0.500000,0.500000,0.500000
965.0,1.000000,1.000000,-0.000000,2.000000,2.000000,0.500000,0.500000,0.500000,0.500000,0.500000,0.500000,0.500000
965.5,1.000000,1.000000,-0.000000,2.000000,2.000000,0.500000,0.500000,0.500000,0.500000,0.500000,0.500000,0.500000
966.0,1.000000,1.000000,-0.000000,2.000000,2.000000,0.500000,0.500000,0.500000,0.500000,0.500000,0.500000,0.500000
966.5,1.000000,1.000000,-0.000000,2.000000,2.000000,0.500000,0.500000,0.500000,0.500000,0.500000,0.500000,0.500000
967.0,1.000000,1.000000,-0.000000,2.000000,2.000000,0.500000,0.500000,0.500000,0.500000,0.500000,0.500000,0.500000
967.5,1.000000,1.000000,-0.000000,2.000000,2.000000,0.500000,0.500000,0.500000,0.500000,0.500000,0.500000,0.500000
968.0,1.000000,1.000000,-0.000000,2.000000,2.000000,0.500000,0.500000,0.500000,0.500000,0.500000,0.500000,0.500000
968.5,1.000000,1.000000,-0.000000,2.000000,2.000000,0.500000,0.500000,0.500000,0.500000,0.500000,0.500000,0.500000
969.0,1.000000,1.000000,-0.000000,2.000000,2.000000,0.500000,0.500000,0.500000,0.500000,0.500000,0.500000,0.500000
969.5,1.000000,1.000000,-0.000000,2.000000,2.000000,0.500000,0.500000,0.500000,0.500000,0.500000,0.500000,0.500000
970.0,1.000000,1.000000,-0.000000,2.000000,2.000000,0.500000,0.500000,0.500000,0.500000,0.500000,0.500000,0.500000
970.5,1.000000,1.000000,-0.000000,2.000000,2.000000,0.500000,0.500000,0.500000,0.500000,0.500000,0.500000,0.500000
971.0,1.000000,1.000000,-0.000000,2.000000,2.000000,0.500000,0.500000,0.500000,0.500000,0.500000,0.500000,0.500000
971.5,1.000000,1.000000,-0.000000,2.000000,2.000000,0.500000,0.500000,0.500000,0.500000,0.500000,0.500000,0.500000
972.0,1.000000,1.000000,-0.000000,2.000000,2.000000,0.500000,0.500000,0.500000,0.500000,0.500000,0.500000,0.500000
972.5,1.000000,1.000000,-0.000000,2.000000,2.000000,0.500000,0.500000,0.500000,0.500000,0.500000,0.500000,0.500000
973.0,1.000000,1.000000,-0.000000,2.000000,2.000000,0.500000,0.500000,0.500000,0.500000,0.500000,0.500000,0.500000
973.5,1.000000,1.000000,-0.000000,2.000000,2.000000,0.500000,0.500000,0.500000,0.500000,0.500000,0.500000,0.500000
974.0,1.000000,1.000000,-0.000000,2.000000,2.000000,0.500000,0.500000,0.500000,0.500000,0.500000,0.500000,0.500000
974.5,1.000000,1.000000,-0.000000,2.000000,2.000000,0.500000,0.500000,0.500000,0.500000,0.500000,0.500000,0.500000
975.0,1.000000,1.000000,-0.000000,2.000000,2.000000,0.500000,0.500000,0.500000,0.500000,0.500000,0.500000,0.500000
975.5,1.000000,1.000000,-0.000000,2.000000,2.000000,0.500000,0.500000,0.500000,0.500000,0.500000,0.500000,0.500000
976.0,1.000000,1.000000,-0.000000,2.000000,2.000000,0.500000,0.500000,0.500000,0.500000,0.500000,0.500000,0.500000
976.5,1.000000,1.000000,-0.000000,2.000000,2.000000,0.500000,0.500000,0.500000,0.500000,0.500000,0.500000,0.500000
977.0,1.000000,1.000000,-0.000000,2.000000,2.000000,0.500000,0.500000,0.500000,0.500000,0.500000,0.500000,0.500000
977.5,1.000000,1.000000,-0.000000,2.000000,2.000000,0.500000,0.500000,0.500000,0.500000,0.500000,0.500000,0.500000
978.0,1.000000,1.000000,-0.000000,2.000000,2.000000,0.500000,0.500000,0.500000,0.500000,0.500000,0.500000,0.500000
978.5,1.000000,1.000000,-0.000000,2.000000,2.000000,0.500000,0.500000,0.500000,0.500000,0.500000,0.500000,0.500000
979.0,1.000000,1.000000,-0.000000,2.000000,2.000000,0.500000,0.500000,0.500000,0.500000,0.500000,0.500000,0.500000
979.5,1.000000,1.000000,-0.000000,2.000000,2.000000,0.500000,0.500000,0.500000,0.500000,0.500000,0.500000,0.500000
980.0,1.000000,1.000000,-0.000000,2.000000,2.000000,0.500000,0.500000,0.500000,0.500000,0.500000,0.500000,0.500000
980.5,1.000000,1.000000,-0.000000,2.000000,2.000000,0.500000,0.500000,0.500000,0.500000,0.500000,0.500000,0.500000
981.0,1.000000,1.000000,-0.000000,2.000000,2.000000,0.500000,0.500000,0.500000,0.500000,0.500000,0.500000,0.500000
981.5,1.000000,1.000000,-0.000000,2.000000,2.000000,0.500000,0.500000,0.500000,0.500000,0.500000,0.500000,0.500000
982.0,1.000000,1.000000,-0.000000,2.000000,2.000000,0.500000,0.500000,0.500000,0.500000,0.500000,0.500000,0.500000
982.5,1.000000,1.000000,-0.000000,2.000000,2.000000,0.500000,0.500000,0.500000,0.500000,0.500000,0.500000,0.500000
983.0,1.000000,1.000000,-0.000000,2.000000,2.000000,0.500000,0.500000,0.500000,0.500000,0.500000,0.500000,0.500000
983.5,1.000000,1.000000,-0.000000,2.000000,2.000000,0.500000,0.500000,0.500000,0.500000,0.500000,0.500000,0.500000
984.0,1.000000,1.000000,-0.000000,2.000000,2.000000,0.500000,0.500000,0.500000,0.500000,0.500000,0.500000,0.500000
984.5,1.000000,1.000000,-0.000000,2.000000,2.000000,0.500000,0.500000,0.500000,0.500000,0.500000,0.500000,0.500000
985.0,1.000000,1.000000,-0.000000,2.000000,2.000000,0.500000,0.500000,0.500000,0.500000,0.500000,0.500000,0.500000
985.5,1.000000,1.000000,-0.000000,2.000000,2.000000,0.500000,0.500000,0.500000,0.500000,0.500000,0.500000,0.500000
986.0,1.000000,1.000000,-0.000000,2.000000,2.000000,0.500000,0.500000,0.500000,0.500000,0.500000,0.500000,0.500000
986.5,1.000000,1.000000,-0.000000,2.000000,2.000000,0.500000,0.500000,0.500000,0.500000,0.500000,0.500000,0.500000
987.0,1.000000,1.000000,-0.000000,2.000000,2.000000,0.500000,0.500000,0.500000,0.500000,0.500000,0.500000,0.500000
987.5,1.000000,1.000000,-0.000000,2.000000,2.000000,0.500000,0.500000,0.500000,0.500000,0.500000,0.500000,0.500000
988.0,1.000000,1.000000,-0.000000,2.000000,2.000000,0.500000,0.500000,0.500000,0.500000,0.500000,0.500000,0.500000
988.5,1.000000,1.000000,-0.000000,2.000000,2.000000,0.500000,0.500000,0.500000,0.500000,0.500000,0.500000,0.500000
989.0,1.000000,1.000000,-0.000000,2.000000,2.000000,0.500000,0.500000,0.500000,0.500000,0.500000,0.500000,0.500000
989.5,1.000000,1.000000,-0.000000,2.000000,2.000000,0.500000,0.500000,0.500000,0.500000,0.500000,0.500000,0.500000
990.0,1.000000,1.000000,-0.000000,2.000000,2.000000,0.500000,0.500000,0.500000,0.500000,0.500000,0.500000,0.500000
990.5,1.000000,1.000000,-0.000000,2.000000,2.000000,0.500000,0.500000,0.500000,0.500000,0.500000,0.500000,0.500000
991.0,1.000000,1.000000,-0.000000,2.000000,2.000000,0.500000,0.500000,0.500000,0.500000,0.500000,0.500000,0.500000
991.5,1.000000,1.000000,-0.000000,2.000000,2.000000,0.500000,0.500000,0.500000,0.500000,0.500000,0.500000,0.500000
992.0,1.000000,1.000000,-0.000000,2.000000,2.000000,0.500000,0.500000,0.500000,0.500000,0.500000,0.500000,0.500000
992.5,1.000000,1.000000,-0.000000,2.000000,2.000000,0.500000,0.500000,0.500000,0.500000,0.500000,0.500000,0.500000
993.0,1.000000,1.000000,-0.000000,2.000000,2.000000,0.500000,0.500000,0.500000,0.500000,0.500000,0.500000,0.500000
993.5,1.000000,1.000000,-0.000000,2.000000,2.000000,0.500000,0.500000,0.500000,0.500000,0.500000,0.500000,0.500000
994.0,1.000000,1.000000,-0.000000,2.000000,2.000000,0.500000,0.500000,0.500000,0.500000,0.500000,0.500000,0.500000
994.5,1.000000,1.000000,-0.000000,2.000000,2.000000,0.500000,0.500000,0.500000,0.500000,0.500000,0.500000,0.500000
995.0,1.000000,1.000000,-0.000000,2.000000,2.000000,0.500000,0.500000,0.500000,0.500000,0.500000,0.500000,0.500000
995.5,1.000000,1.000000,-0.000000,2.000000,2.000000,0.500000,0.500000,0.500000,0.500000,0.500000,0.500000,0.500000
996.0,1.000000,1.000000,-0.000000,2.000000,2.000000,0.500000,0.500000,0.500000,0.500000,0.500000,0.500000,0.500000
996.5,1.000000,1.000000,-0.000000,2.000000,2.000000,0.500000,0.500000,0.500000,0.500000,0.500000,0.500000,0.500000
997.0,1.000000,1.000000,-0.000000,2.000000,2.000000,0.500000,0.500000,0.500000,0.500000,0.500000,0.500000,0.500000
997.5,1.000000,1.000000,-0.000000,2.000000,2.000000,0.500000,0.500000,0.500000,0.500000,0.500000,0.500000,0.500000
998.0,1.000000,1.000000,-0.000000,2.000000,2.000000,0.500000,0.500000,0.500000,0.500000,0.500000,0.500000,0.500000
998.5,1.000000,1.000000,-0.000000,2.000000,2.000000,0.500000,0.500000,0.500000,0.500000,0.500000,0.500000,0.500000
999.0,1.000000,1.000000,-0.000000,2.000000,2.000000,0.500000,0.500000,0.500000,0.500000,0.500000,0.500000,0.500000
999.5,1.000000,1.000000,-0.000000,2.000000,2.000000,0.500000,0.500000,0.500000,0.500000,0.500000,0.500000,0.500000
1000.0,1.000000,1.000000,-0.000000,2.000000,2.000000,0.500000,0.500000,0.500000,0.500000,0.500000,0.500000,0.500000
1000.5,1.000000,1.000000,-0.000000,2.000000,2.000000,0.500000,0.500000,0.500000,0.500000,0.500000,0.500000,0.500000
1001.0,1.000000,1.000000,-0.000000,2.000000,2.000000,0.500000,0.500000,0.500000,0.500000,0.500000,0.500000,0.500000
1001.5,1.000000,1.000000,-0.000000,2.000000,2.000000,0.500000,0.500000,0.500000,0.500000,0.500000,0.500000,0.500000
1002.0,1.000000,1.000000,-0.000000,2.000000,2.000000,0.500000,0.500000,0.500000,0.500000,0.500000,0.500000,0.500000
1002.5,1.000000,1.000000,-0.000000,2.000000,2.000000,0.500000,0.500000,0.500000,0.500000,0.500000,0.500000,0.500000
1003.0,1.000000,1.000000,-0.000000,2.000000,2.000000,0.500000,0.500000,0.500000,0.500000,0.500000,0.500000,0.500000
1003.5,1.000000,1.000000,-0.000000,2.000000,2.000000,0.500000,0.500000,0.500000,0.500000,0.500000,0.500000,0.500000
1004.0,1.000000,1.000000,-0.000000,2.000000,2.000000,0.500000,0.500000,0.500000,0.500000,0.500000,0.500000,0.500000
1004.5,1.000000,1.000000,-0.000000,2.000000,2.000000,0.500000,0.500000,0.500000,0.500000,0.500000,0.500000,0.500000
1005.0,1.000000,1.000000,-0.000000,2.000000,2.000000,0.500000,0.500000,0.500000,0.500000,0.500000,0.500000,0.500000
1005.5,1.000000,1.000000,-0.000000,2.000000,2.000000,0.500000,0.500000,0.500000,0.500000,0.500000,0.500000,0.500000
1006.0,1.000000,1.000000,-0.000000,2.000000,2.000000,0.500000,0.500000,0.500000,0.500000,0.500000,0.500000,0.500000
1006.5,1.000000,1.000000,-0.000000,2.000000,2.000000,0.500000,0.500000,0.500000,0.500000,0.500000,0.500000,0.500000
1007.0,1.000000,1.000000,-0.000000,2.000000,2.000000,0.500000,0.500000,0.500000,0.500000,0.500000,0.500000,0.500000
1007.5,1.000000,1.000000,-0.000000,2.000000,2.000000,0.500000,0.500000,0.500000,0.500000,0.500000,0.500000,0.500000
1008.0,1.000000,1.000000,-0.000000,2.000000,2.000000,0.500000,0.500000,0.500000,0.500000,0.500000,0.500000,0.500000
1008.5,1.000000,1.000000,-0.000000,2.000000,2.000000,0.500000,0.500000,0.500000,0.500000,0.500000,0.500000,0.500000
1009.0,1.000000,1.000000,-0.000000,2.000000,2.000000,0.500000,0.500000,0.500000,0.500000,0.500000,0.500000,0.500000
1009.5,1.000000,1.000000,-0.000000,2.000000,2.000000,0.500000,0.500000,0.500000,0.500000,0.500000,0.500000,0.500000
1010.0,1.000000,1.000000,-0.000000,2.000000,2.000000,0.500000,0.500000,0.500000,0.500000,0.500000,0.500000,0.500000
1010.5,1.000000,1.000000,-0.000000,2.000000,2.000000,0.500000,0.500000,0.500000,0.500000,0.500000,0.500000,0.500000
1011.0,1.000000,1.000000,-0.000000,2.000000,2.000000,0.500000,0.500000,0.500000,0.500000,0.500000,0.500000,0.500000
1011.5,1.000000,1.000000,-0.000000,2.000000,2.000000,0.500000,0.500000,0.500000,0.500000,0.500000,0.500000,0.500000
1012.0,1.000000,1.000000,-0.000000,2.000000,2.000000,0.500000,0.500000,0.500000,0.500000,0.500000,0.500000,0.500000
1012.5,1.000000,1.000000,-0.000000,2.000000,2.000000,0.500000,0.500000,0.500000,0.500000,0.500000,0.500000,0.500000
1013.0,1.000000,1.000000,-0.000000,2.000000,2.000000,0.500000,0.500000,0.500000,0.500000,0.500000,0.500000,0.500000
1013.5,1.000000,1.000000,-0.000000,2.000000,2.000000,0.500000,0.500000,0.500000,0.500000,0.500000,0.500000,0.500000
1014.0,1.000000,1.000000,-0.000000,2.000000,2.000000,0.500000,0.500000,0.500000,0.500000,0.500000,0.500000,0.500000
1014.5,1.000000,1.000000,-0.000000,2.000000,2.000000,0.500000,0.500000,0.500000,0.500000,0.500000,0.500000,0.500000
1015.0,1.000000,1.000000,-0.000000,2.000000,2.000000,0.500000,0.500000,0.500000,0.500000,0.500000,0.500000,0.500000
1015.5,1.000000,1.000000,-0.000000,2.000000,2.000000,0.500000,0.500000,0.500000,0.500000,0.500000,0.500000,0.500000
1016.0,1.000000,1.000000,-0.000000,2.000000,2.000000,0.500000,0.500000,0.500000,0.500000,0.500000,0.500000,0.500000
1016.5,1.000000,1.000000,-0.000000,2.000000,2.000000,0.500000,0.500000,0.500000,0.500000,0.500000,0.500000,0.500000
1017.0,1.000000,1.000000,-0.000000,2.000000,2.000000,0.500000,0.500000,0.500000,0.500000,0.500000,0.500000,0.500000
1017.5,1.000000,1.000000,-0.000000,2.000000,2.000000,0.500000,0.500000,0.500000,0.500000,0.500000,0.500000,0.500000
1018.0,1.000000,1.000000,-0.000000,2.000000,2.000000,0.500000,0.500000,0.500000,0.500000,0.500000,0.500000,0.500000
1018.5,1.000000,1.000000,-0.000000,2.000000,2.000000,0.500000,0.500000,0.500000,0.500000,0.500000,0.500000,0.500000
1019.0,1.000000,1.000000,-0.000000,2.000000,2.000000,0.500000,0.500000,0.500000,0.500000,0.500000,0.500000,0.500000
1019.5,1.000000,1.000000,-0.000000,2.000000,2.000000,0.500000,0.500000,0.500000,0.500000,0.500000,0.500000,0.500000
1020.0,1.000000,1.000000,-0.000000,2.000000,2.000000,0.500000,0.500000,0.500000,0.500000,0.500000,0.500000,0.500000
1020.5,1.000000,1.000000,-0.000000,2.000000,2.000000,0.500000,0.500000,0.500000,0.500000,0.500000,0.500000,0.500000
1021.0,1.000000,1.000000,-0.000000,2.000000,2.000000,0.500000,0.500000,0.500000,0.500000,0.500000,0.500000,0.500000
1021.5,1.000000,1.000000,-0.000000,2.000000,2.000000,0.500000,0.500000,0.500000,0.500000,0.500000,0.500000,0.500000
1022.0,1.000000,1.000000,-0.000000,2.000000,2.000000,0.500000,0.500000,0.500000,0.500000,0.500000,0.500000,0.500000
1022.5,1.000000,1.000000,-0.000000,2.000000,2.000000,0.500000,0.500000,0.500000,0.500000,0.500000,0.500000,0.500000
1023.0,1.000000,1.000000,-0.000000,2.000000,2.000000,0.500000,0.500000,0.500000,0.500000,0.500000,0.500000,0.500000
1023.5,1.000000,1.000000,-0.000000,2.000000,2.000000,0.500000,0.500000,0.500000,0.500000,0.500000,0.500000,0.500000
1024.0,1.000000,1.000000,-0.000000,2.000000,2.000000,0.500000,0.500000,0.500000,0.500000,0.500000,0.500000,0.500000
1024.5,1.000000,1.000000,-0.000000,2.000000,2.000000,0.500000,0.500000,0.500000,0.500000,0.500000,0.500000,0.500000
1025.0,1.000000,1.000000,-0.000000,2.000000,2.000000,0.500000,0.500000,0.500000,0.500000,0.500000,0.500000,0.500000
1025.5,1.000000,1.000000,-0.000000,2.000000,2.000000,0.500000,0.500000,0.500000,0.500000,0.500000,0.500000,0.500000
1026.0,1.000000,1.000000,-0.000000,2.000000,2.000000,0.500000,0.500000,0.500000,0.500000,0.500000,0.500000,0.500000
1026.5,1.000000,1.000000,-0.000000,2.000000,2.000000,0.500000,0.500000,0.500000,0.500000,0.500000,0.500000,0.500000
1027.0,1.000000,1.000000,-0.000000,2.000000,2.000000,0.500000,0.500000,0.500000,0.500000,0.500000,0.500000,0.500000
1027.5,1.000000,1.000000,-0.000000,2.000000,2.000000,0.500000,0.500000,0.500000,0.500000,0.500000,0.500000,0.500000
1028.0,1.000000,1.000000,-0.000000,2.000000,2.000000,0.500000,0.500000,0.500000,0.500000,0.500000,0.500000,0.500000
1028.5,1.000000,1.000000,-0.000000,2.000000,2.000000,0.500000,0.500000,0.500000,0.500000,0.500000,0.500000,0.500000
1029.0,1.000000,1.000000,-0.000000,2.000000,2.000000,0.500000,0.500000,0.500000,0.500000,0.500000,0.500000,0.500000
1029.5,1.000000,1.000000,-0.000000,2.000000,2.000000,0.500000,0.500000,0.500000,0.500000,0.500000,0.500000,0.500000
1030.0,1.000000,1.000000,-0.000000,2.000000,2.000000,0.500000,0.500000,0.500000,0.500000,0.500000,0.500000,0.500000
1030.5,1.000000,1.000000,-0.000000,2.000000,2.000000,0.500000,0.500000,0.500000,0.500000,0.500000,0.500000,0.500000
1031.0,1.000000,1.000000,-0.000000,2.000000,2.000000,0.500000,0.500000,0.500000,0.500000,0.500000,0.500000,0.500000
1031.5,1.000000,1.000000,-0.000000,2.000000,2.000000,0.500000,0.500000,0.500000,0.500000,0.500000,0.500000,0.500000
1032.0,1.000000,1.000000,-0.000000,2.000000,2.000000,0.500000,0.500000,0.500000,0.500000,0.500000,0.500000,0.500000
1032.5,1.000000,1.000000,-0.000000,2.000000,2.000000,0.500000,0.500000,0.500000,0.500000,0.500000,0.500000,0.500000
1033.0,1.000000,1.000000,-0.000000,2.000000,2.000000,0.500000,0.500000,0.500000,0.500000,0.500000,0.500000,0.500000
1033.5,1.000000,1.000000,-0.000000,2.000000,2.000000,0.500000,0.500000,0.500000,0.500000,0.500000,0.500000,0.500000
1034.0,1.000000,1.000000,-0.000000,2.000000,2.000000,0.500000,0.500000,0.500000,0.500000,0.500000,0.500000,0.500000
1034.5,1.000000,1.000000,-0.000000,2.000000,2.000000,0.500000,0.500000,0.500000,0.500000,0.500000,0.500000,0.500000
1035.0,1.000000,1.000000,-0.000000,2.000000,2.000000,0.500000,0.500000,0.500000,0.500000,0.500000,0.500000,0.500000
1035.5,1.000000,1.000000,-0.000000,2.000000,2.000000,0.500000,0.500000,0.500000,0.500000,0.500000,0.500000,0.500000
1036.0,1.000000,1.000000,-0.000000,2.000000,2.000000,0.500000,0.500000,0.500000,0.500000,0.500000,0.500000,0.500000
1036.5,1.000000,1.000000,-0.000000,2.000000,2.000000,0.500000,0.500000,0.500000,0.500000,0.500000,0.500000,0.500000
1037.0,1.000000,1.000000,-0.000000,2.000000,2.000000,0.500000,0.500000,0.500000,0.500000,0.500000,0.500000,0.500000
1037.5,1.000000,1.000000,-0.000000,2.000000,2.000000,0.500000,0.500000,0.500000,0.500000,0.500000,0.500000,0.500000
1038.0,1.000000,1.000000,-0.000000,2.000000,2.000000,0.500000,0.500000,0.500000,0.500000,0.500000,0.500000,0.500000
1038.5,1.000000,1.000000,-0.000000,2.000000,2.000000,0.500000,0.500000,0.500000,0.500000,0.500000,0.500000,0.500000
1039.0,1.000000,1.000000,-0.000000,2.000000,2.000000,0.500000,0.500000,0.500000,0.500000,0.500000,0.500000,0.500000
1039.5,1.000000,1.000000,-0.000000,2.000000,2.000000,0.500000,0.500000,0.500000,0.500000,0.500000,0.500000,0.500000
1040.0,1.000000,1.000000,-0.000000,2.000000,2.000000,0.500000,0.500000,0.500000,0.500000,0.500000,0.500000,0.500000
1040.5,1.000000,1.000000,-0.000000,2.000000,2.000000,0.500000,0.500000,0.500000,0.500000,0.500000,0.500000,0.500000
1041.0,1.000000,1.000000,-0.000000,2.000000,2.000000,0.500000,0.500000,0.500000,0.500000,0.500000,0.500000,0.500000
1041.5,1.000000,1.000000,-0.000000,2.000000,2.000000,0.500000,0.500000,0.500000,0.500000,0.500000,0.500000,0.500000
1042.0,1.000000,1.000000,-0.000000,2.000000,2.000000,0.500000,0.500000,0.500000,0.500000,0.500000,0.500000,0.500000
1042.5,1.000000,1.000000,-0.000000,2.000000,2.000000,0.500000,0.500000,0.500000,0.500000,0.500000,0.500000,0.500000
1043.0,1.000000,1.000000,-0.000000,2.000000,2.000000,0.500000,0.500000,0.500000,0.500000,0.500000,0.500000,0.500000
1043.5,1.000000,1.000000,-0.000000,2.000000,2.000000,0.500000,0.500000,0.500000,0.500000,0.500000,0.500000,0.500000
1044.0,1.000000,1.000000,-0.000000,2.000000,2.000000,0.500000,0.500000,0.500000,0.500000,0.500000,0.500000,0.500000
1044.5,1.000000,1.000000,-0.000000,2.000000,2.000000,0.500000,0.500000,0.500000,0.500000,0.500000,0.500000,0.500000
1045.0,1.000000,1.000000,-0.000000,2.000000,2.000000,0.500000,0.500000,0.500000,0.500000,0.500000,0.500000,0.500000
1045.5,1.000000,1.000000,-0.000000,2.000000,2.000000,0.500000,0.500000,0.500000,0.500000,0.500000,0.500000,0.500000
1046.0,1.000000,1.000000,-0.000000,2.000000,2.000000,0.500000,0.500000,0.500000,0.500000,0.500000,0.500000,0.500000
1046.5,1.000000,1.000000,-0.000000,2.000000,2.000000,0.500000,0.500000,0.500000,0.500000,0.500000,0.500000,0.500000
1047.0,1.000000,1.000000,-0.000000,2.000000,2.000000,0.500000,0.500000,0.500000,0.500000,0.500000,0.500000,0.500000
1047.5,1.000000,1.000000,-0.000000,2.000000,2.000000,0.500000,0.500000,0.500000,0.500000,0.500000,0.500000,0.500000
1048.0,1.000000,1.000000,-0.000000,2.000000,2.000000,0.500000,0.500000,0.500000,0.500000,0.500000,0.500000,0.500000
1048.5,1.000000,1.000000,-0.000000,2.000000,2.000000,0.500000,0.500000,0.500000,0.500000,0.500000,0.500000,0.500000
1049.0,1.000000,1.000000,-0.000000,2.000000,2.000000,0.500000,0.500000,0.500000,0.500000,0.500000,0.500000,0.500000
1049.5,1.000000,1.000000,-0.000000,2.000000,2.000000,0.500000,0.500000,0.500000,0.500000,0.500000,0.500000,0.500000
1050.0,1.000000,1.000000,-0.000000,2.000000,2.000000,0.500000,0.500000,0.500000,0.500000,0.500000,0.500000,0.500000
1050.5,1.000000,1.000000,-0.000000,2.000000,2.000000,0.500000,0.500000,0.500000,0.500000,0.500000,0.500000,0.500000
1051.0,1.000000,1.000000,-0.000000,2.000000,2.000000,0.500000,0.500000,0.500000,0.500000,0.500000,0.500000,0.500000
1051.5,1.000000,1.000000,-0.000000,2.000000,2.000000,0.500000,0.500000,0.500000,0.500000,0.500000,0.500000,0.500000
1052.0,1.000000,1.000000,-0.000000,2.000000,2.000000,0.500000,0.500000,0.500000,0.500000,0.500000,0.500000,0.500000
1052.5,1.000000,1.000000,-0.000000,2.000000,2.000000,0.500000,0.500000,0.500000,0.500000,0.500000,0.500000,0.500000
1053.0,1.000000,1.000000,-0.000000,2.000000,2.000000,0.500000,0.500000,0.500000,0.500000,0.500000,0.500000,0.500000
1053.5,1.000000,1.000000,-0.000000,2.000000,2.000000,0.500000,0.500000,0.500000,0.500000,0.500000,0.500000,0.500000
1054.0,1.000000,1.000000,-0.000000,2.000000,2.000000,0.500000,0.500000,0.500000,0.500000,0.500000,0.500000,0.500000
1054.5,1.000000,1.000000,-0.000000,2.000000,2.000000,0.500000,0.500000,0.500000,0.500000,0.500000,0.500000,0.500000
1055.0,1.000000,1.000000,-0.000000,2.000000,2.000000,0.500000,0.500000,0.500000,0.500000,0.500000,0.500000,0.500000
1055.5,1.000000,1.000000,-0.000000,2.000000,2.000000,0.500000,0.500000,0.500000,0.500000,0.500000,0.500000,0.500000
1056.0,1.000000,1.000000,-0.000000,2.000000,2.000000,0.500000,0.500000,0.500000,0.500000,0.500000,0.500000,0.500000
1056.5,1.000000,1.000000,-0.000000,2.000000,2.000000,0.500000,0.500000,0.500000,0.500000,0.500000,0.500000,0.500000
1057.0,1.000000,1.000000,-0.000000,2.000000,2.000000,0.500000,0.500000,0.500000,0.500000,0.500000,0.500000,0.500000
1057.5,1.000000,1.000000,-0.000000,2.000000,2.000000,0.500000,0.500000,0.500000,0.500000,0.500000,0.500000,0.500000
1058.0,1.000000,1.000000,-0.000000,2.000000,2.000000,0.500000,0.500000,0.500000,0.500000,0.500000,0.500000,0.500000
1058.5,1.000000,1.000000,-0.000000,2.000000,2.000000,0.500000,0.500000,0.500000,0.500000,0.500000,0.500000,0.500000
1059.0,1.000000,1.000000,-0.000000,2.000000,2.000000,0.500000,0.500000,0.500000,0.500000,0.500000,0.500000,0.500000
1059.5,1.000000,1.000000,-0.000000,2.000000,2.000000,0.500000,0.500000,0.500000,0.500000,0.500000,0.500000,0.500000
1060.0,1.000000,1.000000,-0.000000,2.000000,2.000000,0.500000,0.500000,0.500000,0.500000,0.500000,0.500000,0.500000
1060.5,1.000000,1.000000,-0.000000,2.000000,2.000000,0.500000,0.500000,0.500000,0.500000,0.500000,0.500000,0.500000
1061.0,1.000000,1.000000,-0.000000,2.000000,2.000000,0.500000,0.500000,0.500000,0.500000,0.500000,0.500000,0.500000
1061.5,1.000000,1.000000,-0.000000,2.000000,2.000000,0.500000,0.500000,0.500000,0.500000,0.500000,0.500000,0.500000
1062.0,1.000000,1.000000,-0.000000,2.000000,2.000000,0.500000,0.500000,0.500000,0.500000,0.500000,0.500000,0.500000
1062.5,1.000000,1.000000,-0.000000,2.000000,2.000000,0.500000,0.500000,0.500000,0.500000,0.500000,0.500000,0.500000
1063.0,1.000000,1.000000,-0.000000,2.000000,2.000000,0.500000,0.500000,0.500000,0.500000,0.500000,0.500000,0.500000
1063.5,1.000000,1.000000,-0.000000,2.000000,2.000000,0.500000,0.500000,0.500000,0.500000,0.500000,0.500000,0.500000
1064.0,1.000000,1.000000,-0.000000,2.000000,2.000000,0.500000,0.500000,0.500000,0.500000,0.500000,0.500000,0.500000
1064.5,1.000000,1.000000,-0.000000,2.000000,2.000000,0.500000,0.500000,0.500000,0.500000,0.500000,0.500000,0.500000
1065.0,1.000000,1.000000,-0.000000,2.000000,2.000000,0.500000,0.500000,0.500000,0.500000,0.500000,0.500000,0.500000
1065.5,1.000000,1.000000,-0.000000,2.000000,2.000000,0.500000,0.500000,0.500000,0.500000,0.500000,0.500000,0.500000
1066.0,1.000000,1.000000,-0.000000,2.000000,2.000000,0.500000,0.500000,0.500000,0.500000,0.500000,0.500000,0.500000
1066.5,1.000000,1.000000,-0.000000,2.000000,2.000000,0.500000,0.500000,0.500000,0.500000,0.500000,0.500000,0.500000
1067.0,1.000000,1.000000,-0.000000,2.000000,2.000000,0.500000,0.500000,0.500000,0.500000,0.500000,0.500000,0.500000
1067.5,1.000000,1.000000,-0.000000,2.000000,2.000000,0.500000,0.500000,0.500000,0.500000,0.500000,0.500000,0.500000
1068.0,1.000000,1.000000,-0.000000,2.000000,2.000000,0.500000,0.500000,0.500000,0.500000,0.500000,0.500000,0.500000
1068.5,1.000000,1.000000,-0.000000,2.000000,2.000000,0.500000,0.500000,0.500000,0.500000,0.500000,0.500000,0.500000
1069.0,1.000000,1.000000,-0.000000,2.000000,2.000000,0.500000,0.500000,0.500000,0.500000,0.500000,0.500000,0.500000
1069.5,1.000000,1.000000,-0.000000,2.000000,2.000000,0.500000,0.500000,0.500000,0.500000,0.500000,0.500000,0.500000
1070.0,1.000000,1.000000,-0.000000,2.000000,2.000000,0.500000,0.500000,0.500000,0.500000,0.500000,0.500000,0.500000
1070.5,1.000000,1.000000,-0.000000,2.000000,2.000000,0.500000,0.500000,0.500000,0.500000,0.500000,0.500000,0.500000
1071.0,1.000000,1.000000,-0.000000,2.000000,2.000000,0.500000,0.500000,0.500000,0.500000,0.500000,0.500000,0.500000
1071.5,1.000000,1.000000,-0.000000,2.000000,2.000000,0.500000,0.500000,0.500000,0.500000,0.500000,0.500000,0.500000
1072.0,1.000000,1.000000,-0.000000,2.000000,2.000000,0.500000,0.500000,0.500000,0.500000,0.500000,0.500000,0.500000
1072.5,1.000000,1.000000,-0.000000,2.000000,2.000000,0.500000,0.500000,0.500000,0.500000,0.500000,0.500000,0.500000
1073.0,1.000000,1.000000,-0.000000,2.000000,2.000000,0.500000,0.500000,0.500000,0.500000,0.500000,0.500000,0.500000
1073.5,1.000000,1.000000,-0.000000,2.000000,2.000000,0.500000,0.500000,0.500000,0.500000,0.500000,0.500000,0.500000
1074.0,1.000000,1.000000,-0.000000,2.000000,2.000000,0.500000,0.500000,0.500000,0.500000,0.500000,0.500000,0.500000
1074.5,1.000000,1.000000,-0.000000,2.000000,2.000000,0.500000,0.500000,0.500000,0.500000,0.500000,0.500000,0.500000
1075.0,1.000000,1.000000,-0.000000,2.000000,2.000000,0.500000,0.500000,0.500000,0.500000,0.500000,0.500000,0.500000
1075.5,1.000000,1.000000,-0.000000,2.000000,2.000000,0.500000,0.500000,0.500000,0.500000,0.500000,0.500000,0.500000
1076.0,1.000000,1.000000,-0.000000,2.000000,2.000000,0.500000,0.500000,0.500000,0.500000,0.500000,0.500000,0.500000
1076.5,1.000000,1.000000,-0.000000,2.000000,2.000000,0.500000,0.500000,0.500000,0.500000,0.500000,0.500000,0.500000
1077.0,1.000000,1.000000,-0.000000,2.000000,2.000000,0.500000,0.500000,0.500000,0.500000,0.500000,0.500000,0.500000
1077.5,1.000000,1.000000,-0.000000,2.000000,2.000000,0.500000,0.500000,0.500000,0.500000,0.500000,0.500000,0.500000
1078.0,1.000000,1.000000,-0.000000,2.000000,2.000000,0.500000,0.500000,0.500000,0.500000,0.500000,0.500000,0.500000
1078.5,1.000000,1.000000,-0.000000,2.000000,2.000000,0.500000,0.500000,0.500000,0.500000,0.500000,0.500000,0.500000
1079.0,1.000000,1.000000,-0.000000,2.000000,2.000000,0.500000,0.500000,0.500000,0.500000,0.500000,0.500000,0.500000
1079.5,1.000000,1.000000,-0.000000,2.000000,2.000000,0.500000,0.500000,0.500000,0.500000,0.500000,0.500000,0.500000
1080.0,1.000000,1.000000,-0.000000,2.000000,2.000000,0.500000,0.500000,0.500000,0.500000,0.500000,0.500000,0.500000
1080.5,1.000000,1.000000,-0.000000,2.000000,2.000000,0.500000,0.500000,0.500000,0.500000,0.500000,0.500000,0.500000
1081.0,1.000000,1.000000,-0.000000,2.000000,2.000000,0.500000,0.500000,0.500000,0.500000,0.500000,0.500000,0.500000
1081.5,1.000000,1.000000,-0.000000,2.000000,2.000000,0.500000,0.500000,0.500000,0.500000,0.500000,0.500000,0.500000
1082.0,1.000000,1.000000,-0.000000,2.000000,2.000000,0.500000,0.500000,0.500000,0.500000,0.500000,0.500000,0.500000
1082.5,1.000000,1.000000,-0.000000,2.000000,2.000000,0.500000,0.500000,0.500000,0.500000,0.500000,0.500000,0.500000
1083.0,1.000000,1.000000,-0.000000,2.000000,2.000000,0.500000,0.500000,0.500000,0.500000,0.500000,0.500000,0.500000
1083.5,1.000000,1.000000,-0.000000,2.000000,2.000000,0.500000,0.500000,0.500000,0.500000,0.500000,0.500000,0.500000
1084.0,1.000000,1.000000,-0.000000,2.000000,2.000000,0.500000,0.500000,0.500000,0.500000,0.500000,0.500000,0.500000
1084.5,1.000000,1.000000,-0.000000,2.000000,2.000000,0.500000,0.500000,0.500000,0.500000,0.500000,0.500000,0.500000
1085.0,1.000000,1.000000,-0.000000,2.000000,2.000000,0.500000,0.500000,0.500000,0.500000,0.500000,0.500000,0.500000
1085.5,1.000000,1.000000,-0.000000,2.000000,2.000000,0.500000,0.500000,0.500000,0.500000,0.500000,0.500000,0.500000
1086.0,1.000000,1.000000,-0.000000,2.000000,2.000000,0.500000,0.500000,0.500000,0.500000,0.500000,0.500000,0.500000
1086.5,1.000000,1.000000,-0.000000,2.000000,2.000000,0.500000,0.500000,0.500000,0.500000,0.500000,0.500000,0.500000
1087.0,1.000000,1.000000,-0.000000,2.000000,2.000000,0.500000,0.500000,0.500000,0.500000,0.500000,0.500000,0.500000
1087.5,1.000000,1.000000,-0.000000,2.000000,2.000000,0.500000,0.500000,0.500000,0.500000,0.500000,0.500000,0.500000
1088.0,1.000000,1.000000,-0.000000,2.000000,2.000000,0.500000,0.500000,0.500000,0.500000,0.500000,0.500000,0.500000
1088.5,1.000000,1.000000,-0.000000,2.000000,2.000000,0.500000,0.500000,0.500000,0.500000,0.500000,0.500000,0.500000
1089.0,1.000000,1.000000,-0.000000,2.000000,2.000000,0.500000,0.500000,0.500000,0.500000,0.500000,0.500000,0.500000
1089.5,1.000000,1.000000,-0.000000,2.000000,2.000000,0.500000,0.500000,0.500000,0.500000,0.500000,0.500000,0.500000
1090.0,1.000000,1.000000,-0.000000,2.000000,2.000000,0.500000,0.500000,0.500000,0.500000,0.500000,0.500000,0.500000
1090.5,1.000000,1.000000,-0.000000,2.000000,2.000000,0.500000,0.500000,0.500000,0.500000,0.500000,0.500000,0.500000
1091.0,1.000000,1.000000,-0.000000,2.000000,2.000000,0.500000,0.500000,0.500000,0.500000,0.500000,0.500000,0.500000
1091.5,1.000000,1.000000,-0.000000,2.000000,2.000000,0.500000,0.500000,0.500000,0.500000,0.500000,0.500000,0.500000
1092.0,1.000000,1.000000,-0.000000,2.000000,2.000000,0.500000,0.500000,0.500000,0.500000,0.500000,0.500000,0.500000
1092.5,1.000000,1.000000,-0.000000,2.000000,2.000000,0.500000,0.500000,0.500000,0.500000,0.500000,0.500000,0.500000
1093.0,1.000000,1.000000,-0.000000,2.000000,2.000000,0.500000,0.500000,0.500000,0.500000,0.500000,0.500000,0.500000
1093.5,1.000000,1.000000,-0.000000,2.000000,2.000000,0.500000,0.500000,0.500000,0.500000,0.500000,0.500000,0.500000
1094.0,1.000000,1.000000,-0.000000,2.000000,2.000000,0.500000,0.500000,0.500000,0.500000,0.500000,0.500000,0.500000
1094.5,1.000000,1.000000,-0.000000,2.000000,2.000000,0.500000,0.500000,0.500000,0.500000,0.500000,0.500000,0.500000
1095.0,1.000000,1.000000,-0.000000,2.000000,2.000000,0.500000,0.500000,0.500000,0.500000,0.500000,0.500000,0.500000
1095.5,1.000000,1.000000,-0.000000,2.000000,2.000000,0.500000,0.500000,0.500000,0.500000,0.500000,0.500000,0.500000
1096.0,1.000000,1.000000,-0.000000,2.000000,2.000000,0.500000,0.500000,0.500000,0.500000,0.500000,0.500000,0.500000
1096.5,1.000000,1.000000,-0.000000,2.000000,2.000000,0.500000,0.500000,0.500000,0.500000,0.500000,0.500000,0.500000
1097.0,1.000000,1.000000,-0.000000,2.000000,2.000000,0.500000,0.500000,0.500000,0.500000,0.500000,0.500000,0.500000
1097.5,1.000000,1.000000,-0.000000,2.000000,2.000000,0.500000,0.500000,0.500000,0.500000,0.500000,0.500000,0.500000
1098.0,1.000000,1.000000,-0.000000,2.000000,2.000000,0.500000,0.500000,0.500000,0.500000,0.500000,0.500000,0.500000
1098.5,1.000000,1.000000,-0.000000,2.000000,2.000000,0.500000,0.500000,0.500000,0.500000,0.500000,0.500000,0.500000
1099.0,1.000000,1.000000,-0.000000,2.000000,2.000000,0.500000,0.500000,0.500000,0.500000,0.500000,0.500000,0.500000
1099.5,1.000000,1.000000,-0.000000,2.000000,2.000000,0.500000,0.500000,0.500000,0.500000,0.500000,0.500000,0.500000
1100.0,1.000000,1.000000,-0.000000,2.000000,2.000000,0.500000,0.500000,0.500000,0.500000,0.500000,0.500000,0.500000
1100.5,1.000000,1.000000,-0.000000,2.000000,2.000000,0.500000,0.500000,0.500000,0.500000,0.500000,0.500000,0.500000
1101.0,1.000000,1.000000,-0.000000,2.000000,2.000000,0.500000,0.500000,0.500000,0.500000,0.500000,0.500000,0.500000
1101.5,1.000000,1.000000,-0.000000,2.000000,2.000000,0.500000,0.500000,0.500000,0.500000,0.500000,0.500000,0.500000
1102.0,1.000000,1.000000,-0.000000,2.000000,2.000000,0.500000,0.500000,0.500000,0.500000,0.500000,0.500000,0.500000
1102.5,1.000000,1.000000,-0.000000,2.000000,2.000000,0.500000,0.500000,0.500000,0.500000,0.500000,0.500000,0.500000
1103.0,1.000000,1.000000,-0.000000,2.000000,2.000000,0.500000,0.500000,0.500000,0.500000,0.500000,0.500000,0.500000
1103.5,1.000000,1.000000,-0.000000,2.000000,2.000000,0.500000,0.500000,0.500000,0.500000,0.500000,0.500000,0.500000
1104.0,1.000000,1.000000,-0.000000,2.000000,2.000000,0.500000,0.500000,0.500000,0.500000,0.500000,0.500000,0.500000
1104.5,1.000000,1.000000,-0.000000,2.000000,2.000000,0.500000,0.500000,0.500000,0.500000,0.500000,0.500000,0.500000
1105.0,1.000000,1.000000,-0.000000,2.000000,2.000000,0.500000,0.500000,0.500000,0.500000,0.500000,0.500000,0.500000
1105.5,1.000000,1.000000,-0.000000,2.000000,2.000000,0.500000,0.500000,0.500000,0.500000,0.500000,0.500000,0.500000
1106.0,1.000000,1.000000,-0.000000,2.000000,2.000000,0.500000,0.500000,0.500000,0.500000,0.500000,0.500000,0.500000
1106.5,1.000000,1.000000,-0.000000,2.000000,2.000000,0.500000,0.500000,0.500000,0.500000,0.500000,0.500000,0.500000
1107.0,1.000000,1.000000,-0.000000,2.000000,2.000000,0.500000,0.500000,0.500000,0.500000,0.500000,0.500000,0.500000
1107.5,1.000000,1.000000,-0.000000,2.000000,2.000000,0.500000,0.500000,0.500000,0.500000,0.500000,0.500000,0.500000
1108.0,1.000000,1.000000,-0.000000,2.000000,2.000000,0.500000,0.500000,0.500000,0.500000,0.500000,0.500000,0.500000
1108.5,1.000000,1.000000,-0.000000,2.000000,2.000000,0.500000,0.500000,0.500000,0.500000,0.500000,0.500000,0.500000
1109.0,1.000000,1.000000,-0.000000,2.000000,2.000000,0.500000,0.500000,0.500000,0.500000,0.500000,0.500000,0.500000
1109.5,1.000000,1.000000,-0.000000,2.000000,2.000000,0.500000,0.500000,0.500000,0.500000,0.500000,0.500000,0.500000
1110.0,1.000000,1.000000,-0.000000,2.000000,2.000000,0.500000,0.500000,0.500000,0.500000,0.500000,0.500000,0.500000
1110.5,1.000000,1.000000,-0.000000,2.000000,2.000000,0.500000,0.500000,0.500000,0.500000,0.500000,0.500000,0.500000
1111.0,1.000000,1.000000,-0.000000,2.000000,2.000000,0.500000,0.500000,0.500000,0.500000,0.500000,0.500000,0.500000
1111.5,1.000000,1.000000,-0.000000,2.000000,2.000000,0.500000,0.500000,0.500000,0.500000,0.500000,0.500000,0.500000
1112.0,1.000000,1.000000,-0.000000,2.000000,2.000000,0.500000,0.500000,0.500000,0.500000,0.500000,0.500000,0.500000
1112.5,1.000000,1.000000,-0.000000,2.000000,2.000000,0.500000,0.500000,0.500000,0.500000,0.500000,0.500000,0.500000
1113.0,1.000000,1.000000,-0.000000,2.000000,2.000000,0.500000,0.500000,0.500000,0.500000,0.500000,0.500000,0.500000
1113.5,1.000000,1.000000,-0.000000,2.000000,2.000000,0.500000,0.500000,0.500000,0.500000,0.500000,0.500000,0.500000
1114.0,1.000000,1.000000,-0.000000,2.000000,2.000000,0.500000,0.500000,0.500000,0.500000,0.500000,0.500000,0.500000
1114.5,1.000000,1.000000,-0.000000,2.000000,2.000000,0.500000,0.500000,0.500000,0.500000,0.500000,0.500000,0.500000
1115.0,1.000000,1.000000,-0.000000,2.000000,2.000000,0.500000,0.500000,0.500000,0.500000,0.500000,0.500000,0.500000
1115.5,1.000000,1.000000,-0.000000,2.000000,2.000000,0.500000,0.500000,0.500000,0.500000,0.500000,0.500000,0.500000
1116.0,1.000000,1.000000,-0.000000,2.000000,2.000000,0.500000,0.500000,0.500000,0.500000,0.500000,0.500000,0.500000
1116.5,1.000000,1.000000,-0.000000,2.000000,2.000000,0.500000,0.500000,0.500000,0.500000,0.500000,0.500000,0.500000
1117.0,1.000000,1.000000,-0.000000,2.000000,2.000000,0.500000,0.500000,0.500000,0.500000,0.500000,0.500000,0.500000
1117.5,1.000000,1.000000,-0.000000,2.000000,2.000000,0.500000,0.500000,0.500000,0.500000,0.500000,0.500000,0.500000
1118.0,1.000000,1.000000,-0.000000,2.000000,2.000000,0.500000,0.500000,0.500000,0.500000,0.500000,0.500000,0.500000
1118.5,1.000000,1.000000,-0.000000,2.000000,2.000000,0.500000,0.500000,0.500000,0.500000,0.500000,0.500000,0.500000
1119.0,1.000000,1.000000,-0.000000,2.000000,2.000000,0.500000,0.500000,0.500000,0.500000,0.500000,0.500000,0.500000
1119.5,1.000000,1.000000,-0.000000,2.000000,2.000000,0.500000,0.500000,0.500000,0.500000,0.500000,0.500000,0.500000
1120.0,1.000000,1.000000,-0.000000,2.000000,2.000000,0.500000,0.500000,0.500000,0.500000,0.500000,0.500000,0.500000
1120.5,1.000000,1.000000,-0.000000,2.000000,2.000000,0.500000,0.500000,0.500000,0.500000,0.500000,0.500000,0.500000
1121.0,1.000000,1.000000,-0.000000,2.000000,2.000000,0.500000,0.500000,0.500000,0.500000,0.500000,0.500000,0.500000
1121.5,1.000000,1.000000,-0.000000,2.000000,2.000000,0.500000,0.500000,0.500000,0.500000,0.500000,0.500000,0.500000
1122.0,1.000000,1.000000,-0.000000,2.000000,2.000000,0.500000,0.500000,0.500000,0.500000,0.500000,0.500000,0.500000
1122.5,1.000000,1.000000,-0.000000,2.000000,2.000000,0.500000,0.500000,0.500000,0.500000,0.500000,0.500000,0.500000
1123.0,1.000000,1.000000,-0.000000,2.000000,2.000000,0.500000,0.500000,0.500000,0.500000,0.500000,0.500000,0.500000
1123.5,1.000000,1.000000,-0.000000,2.000000,2.000000,0.500000,0.500000,0.500000,0.500000,0.500000,0.500000,0.500000
1124.0,1.000000,1.000000,-0.000000,2.000000,2.000000,0.500000,0.500000,0.500000,0.500000,0.500000,0.500000,0.500000
1124.5,1.000000,1.000000,-0.000000,2.000000,2.000000,0.500000,0.500000,0.500000,0.500000,0.500000,0.500000,0.500000
1125.0,1.000000,1.000000,-0.000000,2.000000,2.000000,0.500000,0.500000,0.500000,0.500000,0.500000,0.500000,0.500000
1125.5,1.000000,1.000000,-0.000000,2.000000,2.000000,0.500000,0.500000,0.500000,0.500000,0.500000,0.500000,0.500000
1126.0,1.000000,1.000000,-0.000000,2.000000,2.000000,0.500000,0.500000,0.500000,0.500000,0.500000,0.500000,0.500000
1126.5,1.000000,1.000000,-0.000000,2.000000,2.000000,0.500000,0.500000,0.500000,0.500000,0.500000,0.500000,0.500000
1127.0,1.000000,1.000000,-0.000000,2.000000,2.000000,0.500000,0.500000,0.500000,0.500000,0.500000,0.500000,0.500000
1127.5,1.000000,1.000000,-0.000000,2.000000,2.000000,0.500000,0.500000,0.500000,0.500000,0.500000,0.500000,0.500000
1128.0,1.000000,1.000000,-0.000000,2.000000,2.000000,0.500000,0.500000,0.500000,0.500000,0.500000,0.500000,0.500000
1128.5,1.000000,1.000000,-0.000000,2.000000,2.000000,0.500000,0.500000,0.500000,0.500000,0.500000,0.500000,0.500000
1129.0,1.000000,1.000000,-0.000000,2.000000,2.000000,0.500000,0.500000,0.500000,0.500000,0.500000,0.500000,0.500000
1129.5,1.000000,1.000000,-0.000000,2.000000,2.000000,0.500000,0.500000,0.500000,0.500000,0.500000,0.500000,0.500000
1130.0,1.000000,1.000000,-0.000000,2.000000,2.000000,0.500000,0.500000,0.500000,0.500000,0.500000,0.500000,0.500000
1130.5,1.000000,1.000000,-0.000000,2.000000,2.000000,0.500000,0.500000,0.500000,0.500000,0.500000,0.500000,0.500000
1131.0,1.000000,1.000000,-0.000000,2.000000,2.000000,0.500000,0.500000,0.500000,0.500000,0.500000,0.500000,0.500000
1131.5,1.000000,1.000000,-0.000000,2.000000,2.000000,0.500000,0.500000,0.500000,0.500000,0.500000,0.500000,0.500000
1132.0,1.000000,1.000000,-0.000000,2.000000,2.000000,0.500000,0.500000,0.500000,0.500000,0.500000,0.500000,0.500000
1132.5,1.000000,1.000000,-0.000000,2.000000,2.000000,0.500000,0.500000,0.500000,0.500000,0.500000,0.500000,0.500000
1133.0,1.000000,1.000000,-0.000000,2.000000,2.000000,0.500000,0.500000,0.500000,0.500000,0.500000,0.500000,0.500000
1133.5,1.000000,1.000000,-0.000000,2.000000,2.000000,0.500000,0.500000,0.500000,0.500000,0.500000,0.500000,0.500000
1134.0,1.000000,1.000000,-0.000000,2.000000,2.000000,0.500000,0.500000,0.500000,0.500000,0.500000,0.500000,0.500000
1134.5,1.000000,1.000000,-0.000000,2.000000,2.000000,0.500000,0.500000,0.500000,0.500000,0.500000,0.500000,0.500000
1135.0,1.000000,1.000000,-0.000000,2.000000,2.000000,0.500000,0.500000,0.500000,0.500000,0.500000,0.500000,0.500000
1135.5,1.000000,1.000000,-0.000000,2.000000,2.000000,0.500000,0.500000,0.500000,0.500000,0.500000,0.500000,0.500000
1136.0,1.000000,1.000000,-0.000000,2.000000,2.000000,0.500000,0.500000,0.500000,0.500000,0.500000,0.500000,0.500000
1136.5,1.000000,1.000000,-0.000000,2.000000,2.000000,0.500000,0.500000,0.500000,0.500000,0.500000,0.500000,0.500000
1137.0,1.000000,1.000000,-0.000000,2.000000,2.000000,0.500000,0.500000,0.500000,0.500000,0.500000,0.500000,0.500000
1137.5,1.000000,1.000000,-0.000000,2.000000,2.000000,0.500000,0.500000,0.500000,0.500000,0.500000,0.500000,0.500000
1138.0,1.000000,1.000000,-0.000000,2.000000,2.000000,0.500000,0.500000,0.500000,0.500000,0.500000,0.500000,0.500000
1138.5,1.000000,1.000000,-0.000000,2.000000,2.000000,0.500000,0.500000,0.500000,0.500000,0.500000,0.500000,0.500000
1139.0,1.000000,1.000000,-0.000000,2.000000,2.000000,0.500000,0.500000,0.500000,0.500000,0.500000,0.500000,0.500000
1139.5,1.000000,1.000000,-0.000000,2.000000,2.000000,0.500000,0.500000,0.500000,0.500000,0.500000,0.500000,0.500000
1140.0,1.000000,1.000000,-0.000000,2.000000,2.000000,0.500000,0.500000,0.500000,0.500000,0.500000,0.500000,0.500000
1140.5,1.000000,1.000000,-0.000000,2.000000,2.000000,0.500000,0.500000,0.500000,0.500000,0.500000,0.500000,0.500000
1141.0,1.000000,1.000000,-0.000000,2.000000,2.000000,0.500000,0.500000,0.500000,0.500000,0.500000,0.500000,0.500000
1141.5,1.000000,1.000000,-0.000000,2.000000,2.000000,0.500000,0.500000,0.500000,0.500000,0.500000,0.500000,0.500000
1142.0,1.000000,1.000000,-0.000000,2.000000,2.000000,0.500000,0.500000,0.500000,0.500000,0.500000,0.500000,0.500000
1142.5,1.000000,1.000000,-0.000000,2.000000,2.000000,0.500000,0.500000,0.500000,0.500000,0.500000,0.500000,0.500000
1143.0,1.000000,1.000000,-0.000000,2.000000,2.000000,0.500000,0.500000,0.500000,0.500000,0.500000,0.500000,0.500000
1143.5,1.000000,1.000000,-0.000000,2.000000,2.000000,0.500000,0.500000,0.500000,0.500000,0.500000,0.500000,0.500000
1144.0,1.000000,1.000000,-0.000000,2.000000,2.000000,0.500000,0.500000,0.500000,0.500000,0.500000,0.500000,0.500000
1144.5,1.000000,1.000000,-0.000000,2.000000,2.000000,0.500000,0.500000,0.500000,0.500000,0.500000,0.500000,0.500000
1145.0,1.000000,1.000000,-0.000000,2.000000,2.000000,0.500000,0.500000,0.500000,0.500000,0.500000,0.500000,0.500000
1145.5,1.000000,1.000000,-0.000000,2.000000,2.000000,0.500000,0.500000,0.500000,0.500000,0.500000,0.500000,0.500000
1146.0,1.000000,1.000000,-0.000000,2.000000,2.000000,0.500000,0.500000,0.500000,0.500000,0.500000,0.500000,0.500000
1146.5,1.000000,1.000000,-0.000000,2.000000,2.000000,0.500000,0.500000,0.500000,0.500000,0.500000,0.500000,0.500000
1147.0,1.000000,1.000000,-0.000000,2.000000,2.000000,0.500000,0.500000,0.500000,0.500000,0.500000,0.500000,0.500000
1147.5,1.000000,1.000000,-0.000000,2.000000,2.000000,0.500000,0.500000,0.500000,0.500000,0.500000,0.500000,0.500000
1148.0,1.000000,1.000000,-0.000000,2.000000,2.000000,0.500000,0.500000,0.500000,0.500000,0.500000,0.500000,0.500000
1148.5,1.000000,1.000000,-0.000000,2.000000,2.000000,0.500000,0.500000,0.500000,0.500000,0.500000,0.500000,0.500000
1149.0,1.000000,1.000000,-0.000000,2.000000,2.000000,0.500000,0.500000,0.500000,0.500000,0.500000,0.500000,0.500000
1149.5,1.000000,1.000000,-0.000000,2.000000,2.000000,0.500000,0.500000,0.500000,0.500000,0.500000,0.500000,0.500000
1150.0,1.000000,1.000000,-0.000000,2.000000,2.000000,0.500000,0.500000,0.500000,0.500000,0.500000,0.500000,0.500000
1150.5,1.000000,1.000000,-0.000000,2.000000,2.000000,0.500000,0.500000,0.500000,0.500000,0.500000,0.500000,0.500000
1151.0,1.000000,1.000000,-0.000000,2.000000,2.000000,0.500000,0.500000,0.500000,0.500000,0.500000,0.500000,0.500000
1151.5,1.000000,1.000000,-0.000000,2.000000,2.000000,0.500000,0.500000,0.500000,0.500000,0.500000,0.500000,0.500000
1152.0,1.000000,1.000000,-0.000000,2.000000,2.000000,0.500000,0.500000,0.500000,0.500000,0.500000,0.500000,0.500000
1152.5,1.000000,1.000000,-0.000000,2.000000,2.000000,0.500000,0.500000,0.500000,0.500000,0.500000,0.500000,0.500000
1153.0,1.000000,1.000000,-0.000000,2.000000,2.000000,0.500000,0.500000,0.500000,0.500000,0.500000,0.500000,0.500000
1153.5,1.000000,1.000000,-0.000000,2.000000,2.000000,0.500000,0.500000,0.500000,0.500000,0.500000,0.500000,0.500000
1154.0,1.000000,1.000000,-0.000000,2.000000,2.000000,0.500000,0.500000,0.500000,0.500000,0.500000,0.500000,0.500000
1154.5,1.000000,1.000000,-0.000000,2.000000,2.000000,0.500000,0.500000,0.500000,0.500000,0.500000,0.500000,0.500000
1155.0,1.000000,1.000000,-0.000000,2.000000,2.000000,0.500000,0.500000,0.500000,0.500000,0.500000,0.500000,0.500000
1155.5,1.000000,1.000000,-0.000000,2.000000,2.000000,0.500000,0.500000,0.500000,0.500000,0.500000,0.500000,0.500000
1156.0,1.000000,1.000000,-0.000000,2.000000,2.000000,0.500000,0.500000,0.500000,0.500000,0.500000,0.500000,0.500000
1156.5,1.000000,1.000000,-0.000000,2.000000,2.000000,0.500000,0.500000,0.500000,0.500000,0.500000,0.500000,0.500000
1157.0,1.000000,1.000000,-0.000000,2.000000,2.000000,0.500000,0.500000,0.500000,0.500000,0.500000,0.500000,0.500000
1157.5,1.000000,1.000000,-0.000000,2.000000,2.000000,0.500000,0.500000,0.500000,0.500000,0.500000,0.500000,0.500000
1158.0,1.000000,1.000000,-0.000000,2.000000,2.000000,0.500000,0.500000,0.500000,0.500000,0.500000,0.500000,0.500000
1158.5,1.000000,1.000000,-0.000000,2.000000,2.000000,0.500000,0.500000,0.500000,0.500000,0.500000,0.500000,0.500000
1159.0,1.000000,1.000000,-0.000000,2.000000,2.000000,0.500000,0.500000,0.500000,0.500000,0.500000,0.500000,0.500000
1159.5,1.000000,1.000000,-0.000000,2.000000,2.000000,0.500000,0.500000,0.500000,0.500000,0.500000,0.500000,0.500000
1160.0,1.000000,1.000000,-0.000000,2.000000,2.000000,0.500000,0.500000,0.500000,0.500000,0.500000,0.500000,0.500000
1160.5,1.000000,1.000000,-0.000000,2.000000,2.000000,0.500000,0.500000,0.500000,0.500000,0.500000,0.500000,0.500000
1161.0,1.000000,1.000000,-0.000000,2.000000,2.000000,0.500000,0.500000,0.500000,0.500000,0.500000,0.500000,0.500000
1161.5,1.000000,1.000000,-0.000000,2.000000,2.000000,0.500000,0.500000,0.500000,0.500000,0.500000,0.500000,0.500000
1162.0,1.000000,1.000000,-0.000000,2.000000,2.000000,0.500000,0.500000,0.500000,0.500000,0.500000,0.500000,0.500000
1162.5,1.000000,1.000000,-0.000000,2.000000,2.000000,0.500000,0.500000,0.500000,0.500000,0.500000,0.500000,0.500000
1163.0,1.000000,1.000000,-0.000000,2.000000,2.000000,0.500000,0.500000,0.500000,0.500000,0.500000,0.500000,0.500000
1163.5,1.000000,1.000000,-0.000000,2.000000,2.000000,0.500000,0.500000,0.500000,0.500000,0.500000,0.500000,0.500000
1164.0,1.000000,1.000000,-0.000000,2.000000,2.000000,0.500000,0.500000,0.500000,0.500000,0.500000,0.500000,0.500000
1164.5,1.000000,1.000000,-0.000000,2.000000,2.000000,0.500000,0.500000,0.500000,0.500000,0.500000,0.500000,0.500000
1165.0,1.000000,1.000000,-0.000000,2.000000,2.000000,0.500000,0.500000,0.500000,0.500000,0.500000,0.500000,0.500000
1165.5,1.000000,1.000000,-0.000000,2.000000,2.000000,0.500000,0.500000,0.500000,0.500000,0.500000,0.500000,0.500000
1166.0,1.000000,1.000000,-0.000000,2.000000,2.000000,0.500000,0.500000,0.500000,0.500000,0.500000,0.500000,0.500000
1166.5,1.000000,1.000000,-0.000000,2.000000,2.000000,0.500000,0.500000,0.500000,0.500000,0.500000,0.500000,0.500000
1167.0,1.000000,1.000000,-0.000000,2.000000,2.000000,0.500000,0.500000,0.500000,0.500000,0.500000,0.500000,0.500000
1167.5,1.000000,1.000000,-0.000000,2.000000,2.000000,0.500000,0.500000,0.500000,0.500000,0.500000,0.500000,0.500000
1168.0,1.000000,1.000000,-0.000000,2.000000,2.000000,0.500000,0.500000,0.500000,0.500000,0.500000,0.500000,0.500000
1168.5,1.000000,1.000000,-0.000000,2.000000,2.000000,0.500000,0.500000,0.500000,0.500000,0.500000,0.500000,0.500000
1169.0,1.000000,1.000000,-0.000000,2.000000,2.000000,0.500000,0.500000,0.500000,0.500000,0.500000,0.500000,0.500000
1169.5,1.000000,1.000000,-0.000000,2.000000,2.000000,0.500000,0.500000,0.500000,0.500000,0.500000,0.500000,0.500000
1170.0,1.000000,1.000000,-0.000000,2.000000,2.000000,0.500000,0.500000,0.500000,0.500000,0.500000,0.500000,0.500000
1170.5,1.000000,1.000000,-0.000000,2.000000,2.000000,0.500000,0.500000,0.500000,0.500000,0.500000,0.500000,0.500000
1171.0,1.000000,1.000000,-0.000000,2.000000,2.000000,0.500000,0.500000,0.500000,0.500000,0.500000,0.500000,0.500000
1171.5,1.000000,1.000000,-0.000000,2.000000,2.000000,0.500000,0.500000,0.500000,0.500000,0.500000,0.500000,0.500000
1172.0,1.000000,1.000000,-0.000000,2.000000,2.000000,0.500000,0.500000,0.500000,0.500000,0.500000,0.500000,0.500000
1172.5,1.000000,1.000000,-0.000000,2.000000,2.000000,0.500000,0.500000,0.500000,0.500000,0.500000,0.500000,0.500000
1173.0,1.000000,1.000000,-0.000000,2.000000,2.000000,0.500000,0.500000,0.500000,0.500000,0.500000,0.500000,0.500000
1173.5,1.000000,1.000000,-0.000000,2.000000,2.000000,0.500000,0.500000,0.500000,0.500000,0.500000,0.500000,0.500000
1174.0,1.000000,1.000000,-0.000000,2.000000,2.000000,0.500000,0.500000,0.500000,0.500000,0.500000,0.500000,0.500000
1174.5,1.000000,1.000000,-0.000000,2.000000,2.000000,0.500000,0.500000,0.500000,0.500000,0.500000,0.500000,0.500000
1175.0,1.000000,1.000000,-0.000000,2.000000,2.000000,0.500000,0.500000,0.500000,0.500000,0.500000,0.500000,0.500000
1175.5,1.000000,1.000000,-0.000000,2.000000,2.000000,0.500000,0.500000,0.500000,0.500000,0.500000,0.500000,0.500000
1176.0,1.000000,1.000000,-0.000000,2.000000,2.000000,0.500000,0.500000,0.500000,0.500000,0.500000,0.500000,0.500000
1176.5,1.000000,1.000000,-0.000000,2.000000,2.000000,0.500000,0.500000,0.500000,0.500000,0.500000,0.500000,0.500000
1177.0,1.000000,1.000000,-0.000000,2.000000,2.000000,0.500000,0.500000,0.500000,0.500000,0.500000,0.500000,0.500000
1177.5,1.000000,1.000000,-0.000000,2.000000,2.000000,0.500000,0.500000,0.500000,0.500000,0.500000,0.500000,0.500000
1178.0,1.000000,1.000000,-0.000000,2.000000,2.000000,0.500000,0.500000,0.500000,0.500000,0.500000,0.500000,0.500000
1178.5,1.000000,1.000000,-0.000000,2.000000,2.000000,0.500000,0.500000,0.500000,0.500000,0.500000,0.500000,0.500000
1179.0,1.000000,1.000000,-0.000000,2.000000,2.000000,0.500000,0.500000,0.500000,0.500000,0.500000,0.500000,0.500000
1179.5,1.000000,1.000000,-0.000000,2.000000,2.000000,0.500000,0.500000,0.500000,0.500000,0.500000,0.500000,0.500000
1180.0,1.000000,1.000000,-0.000000,2.000000,2.000000,0.500000,0.500000,0.500000,0.500000,0.500000,0.500000,0.500000
1180.5,1.000000,1.000000,-0.000000,2.000000,2.000000,0.500000,0.500000,0.500000,0.500000,0.500000,0.500000,0.500000
1181.0,1.000000,1.000000,-0.000000,2.000000,2.000000,0.500000,0.500000,0.500000,0.500000,0.500000,0.500000,0.500000
1181.5,1.000000,1.000000,-0.000000,2.000000,2.000000,0.500000,0.500000,0.500000,0.500000,0.500000,0.500000,0.500000
1182.0,1.000000,1.000000,-0.000000,2.000000,2.000000,0.500000,0.500000,0.500000,0.500000,0.500000,0.500000,0.500000
1182.5,1.000000,1.000000,-0.000000,2.000000,2.000000,0.500000,0.500000,0.500000,0.500000,0.500000,0.500000,0.500000
1183.0,1.000000,1.000000,-0.000000,2.000000,2.000000,0.500000,0.500000,0.500000,0.500000,0.500000,0.500000,0.500000
1183.5,1.000000,1.000000,-0.000000,2.000000,2.000000,0.500000,0.500000,0.500000,0.500000,0.500000,0.500000,0.500000
1184.0,1.000000,1.000000,-0.000000,2.000000,2.000000,0.500000,0.500000,0.500000,0.500000,0.500000,0.500000,0.500000
1184.5,1.000000,1.000000,-0.000000,2.000000,2.000000,0.500000,0.500000,0.500000,0.500000,0.500000,0.500000,0.500000
1185.0,1.000000,1.000000,-0.000000,2.000000,2.000000,0.500000,0.500000,0.500000,0.500000,0.500000,0.500000,0.500000
1185.5,1.000000,1.000000,-0.000000,2.000000,2.000000,0.500000,0.500000,0.500000,0.500000,0.500000,0.500000,0.500000
1186.0,1.000000,1.000000,-0.000000,2.000000,2.000000,0.500000,0.500000,0.500000,0.500000,0.500000,0.500000,0.500000
1186.5,1.000000,1.000000,-0.000000,2.000000,2.000000,0.500000,0.500000,0.500000,0.500000,0.500000,0.500000,0.500000
1187.0,1.000000,1.000000,-0.000000,2.000000,2.000000,0.500000,0.500000,0.500000,0.500000,0.500000,0.500000,0.500000
1187.5,1.000000,1.000000,-0.000000,2.000000,2.000000,0.500000,0.500000,0.500000,0.500000,0.500000,0.500000,0.500000
1188.0,1.000000,1.000000,-0.000000,2.000000,2.000000,0.500000,0.500000,0.500000,0.500000,0.500000,0.500000,0.500000
1188.5,1.000000,1.000000,-0.000000,2.000000,2.000000,0.500000,0.500000,0.500000,0.500000,0.500000,0.500000,0.500000
1189.0,1.000000,1.000000,-0.000000,2.000000,2.000000,0.500000,0.500000,0.500000,0.500000,0.500000,0.500000,0.500000
1189.5,1.000000,1.000000,-0.000000,2.000000,2.000000,0.500000,0.500000,0.500000,0.500000,0.500000,0.500000,0.500000
1190.0,1.000000,1.000000,-0.000000,2.000000,2.000000,0.500000,0.500000,0.500000,0.500000,0.500000,0.500000,0.500000
1190.5,1.000000,1.000000,-0.000000,2.000000,2.000000,0.500000,0.500000,0.500000,0.500000,0.500000,0.500000,0.500000
1191.0,1.000000,1.000000,-0.000000,2.000000,2.000000,0.500000,0.500000,0.500000,0.500000,0.500000,0.500000,0.500000
1191.5,1.000000,1.000000,-0.000000,2.000000,2.000000,0.500000,0.500000,0.500000,0.500000,0.500000,0.500000,0.500000
1192.0,1.000000,1.000000,-0.000000,2.000000,2.000000,0.500000,0.500000,0.500000,0.500000,0.500000,0.500000,0.500000
1192.5,1.000000,1.000000,-0.000000,2.000000,2.000000,0.500000,0.500000,0.500000,0.500000,0.500000,0.500000,0.500000
1193.0,1.000000,1.000000,-0.000000,2.000000,2.000000,0.500000,0.500000,0.500000,0.500000,0.500000,0.500000,0.500000
1193.5,1.000000,1.000000,-0.000000,2.000000,2.000000,0.500000,0.500000,0.500000,0.500000,0.500000,0.500000,0.500000
1194.0,1.000000,1.000000,-0.000000,2.000000,2.000000,0.500000,0.500000,0.500000,0.500000,0.500000,0.500000,0.500000
1194.5,1.000000,1.000000,-0.000000,2.000000,2.000000,0.500000,0.500000,0.500000,0.500000,0.500000,0.500000,0.500000
1195.0,1.000000,1.000000,-0.000000,2.000000,2.000000,0.500000,0.500000,0.500000,0.500000,0.500000,0.500000,0.500000
1195.5,1.000000,1.000000,-0.000000,2.000000,2.000000,0.500000,0.500000,0.500000,0.500000,0.500000,0.500000,0.500000
1196.0,1.000000,1.000000,-0.000000,2.000000,2.000000,0.500000,0.500000,0.500000,0.500000,0.500000,0.500000,0.500000
1196.5,1.000000,1.000000,-0.000000,2.000000,2.000000,0.500000,0.500000,0.500000,0.500000,0.500000,0.500000,0.500000
1197.0,1.000000,1.000000,-0.000000,2.000000,2.000000,0.500000,0.500000,0.500000,0.500000,0.500000,0.500000,0.500000
1197.5,1.000000,1.000000,-0.000000,2.000000,2.000000,0.500000,0.500000,0.500000,0.500000,0.500000,0.500000,0.500000
1198.0,1.000000,1.000000,-0.000000,2.000000,2.000000,0.500000,0.500000,0.500000,0.500000,0.500000,0.500000,0.500000
1198.5,1.000000,1.000000,-0.000000,2.000000,2.000000,0.500000,0.500000,0.500000,0.500000,0.500000,0.500000,0.500000
1199.0,1.000000,1.000000,-0.000000,2.000000,2.000000,0.500000,0.500000,0.500000,0.500000,0.500000,0.500000,0.500000
1199.5,1.000000,1.000000,-0.000000,2.000000,2.000000,0.500000,0.500000,0.500000,0.500000,0.500000,0.500000,0.500000
1200.0,1.200000,1.400000,-0.880000,1.997556,1.997556,0.500000,0.502679,0.500000,0.500384,0.500000,0.511518,0.502679
1200.5,1.200000,1.400000,-0.880000,1.995118,1.995118,0.599053,0.545067,0.514198,0.506803,0.925928,0.692942,0.505319
1201.0,1.200000,1.400000,-0.880000,1.992687,1.992687,0.600057,0.548199,0.527021,0.512983,0.898913,0.692212,0.507921
1201.5,1.200000,1.400000,-0.880000,1.990263,1.990263,0.601063,0.551293,0.538582,0.518929,0.873852,0.691363,0.510487
1202.0,1.200000,1.400000,-0.880000,1.987845,1.987845,0.602070,0.554352,0.548986,0.524646,0.850683,0.690439,0.513016
1202.5,1.200000,1.400000,-0.880000,1.985435,1.985435,0.603078,0.557374,0.558331,0.530140,0.829330,0.689479,0.515508
1203.0,1.200000,1.400000,-0.880000,1.983031,1.983031,0.604088,0.560361,0.566710,0.535420,0.809717,0.688517,0.517965
1203.5,1.200000,1.400000,-0.880000,1.980634,1.980634,0.605099,0.563314,0.574212,0.540491,0.791760,0.687579,0.520387
1204.0,1.200000,1.400000,-0.880000,1.978243,1.978243,0.606112,0.566232,0.580917,0.545365,0.775373,0.686686,0.522775
1204.5,1.200000,1.400000,-0.880000,1.975859,1.975859,0.607125,0.569117,0.586902,0.550048,0.760469,0.685858,0.525128
1205.0,1.200000,1.400000,-0.880000,1.973481,1.973481,0.608140,0.571968,0.592238,0.554550,0.746960,0.685106,0.527447
1205.5,1.200000,1.400000,-0.880000,1.971111,1.971111,0.609157,0.574787,0.596988,0.558880,0.734761,0.684444,0.529734
1206.0,1.200000,1.400000,-0.880000,1.968746,1.968746,0.610175,0.577573,0.601215,0.563046,0.723785,0.683877,0.531988
1206.5,1.200000,1.400000,-0.880000,1.966389,1.966389,0.611194,0.580327,0.604973,0.567058,0.713949,0.683413,0.534209
1207.0,1.200000,1.400000,-0.880000,1.964038,1.964038,0.612214,0.583050,0.608313,0.570925,0.705171,0.683054,0.536399
1207.5,1.200000,1.400000,-0.880000,1.961693,1.961693,0.613236,0.585742,0.611281,0.574654,0.697376,0.682801,0.538558
1208.0,1.200000,1.400000,-0.880000,1.959355,1.959355,0.614259,0.588404,0.613922,0.578254,0.690486,0.682655,0.540685
1208.5,1.200000,1.400000,-0.880000,1.957024,1.957024,0.615283,0.591035,0.616272,0.581733,0.684431,0.682616,0.542783
1209.0,1.200000,1.400000,-0.880000,1.954699,1.954699,0.616309,0.593637,0.618368,0.585098,0.679144,0.682680,0.544850
1209.5,1.200000,1.400000,-0.880000,1.952380,1.952380,0.617336,0.596210,0.620241,0.588356,0.674559,0.682845,0.546888
1210.0,1.200000,1.400000,-0.880000,1.950068,1.950068,0.618364,0.598754,0.621920,0.591514,0.670617,0.683107,0.548897
1210.5,1.200000,1.400000,-0.880000,1.947762,1.947762,0.619394,0.601270,0.623431,0.594579,0.667261,0.683463,0.550877
1211.0,1.200000,1.400000,-0.880000,1.945463,1.945463,0.620425,0.603757,0.624798,0.597557,0.664437,0.683907,0.552829
1211.5,1.200000,1.400000,-0.880000,1.943170,1.943170,0.621457,0.606217,0.626041,0.600453,0.662096,0.684435,0.554752
1212.0,1.200000,1.400000,-0.880000,1.940883,1.940883,0.622490,0.608650,0.627180,0.603272,0.660191,0.685043,0.556649
1212.5,1.200000,1.400000,-0.880000,1.938603,1.938603,0.623525,0.611057,0.628230,0.606021,0.658681,0.685724,0.558518
1213.0,1.200000,1.400000,-0.880000,1.936329,1.936329,0.624561,0.613437,0.629206,0.608703,0.657524,0.686475,0.560361
1213.5,1.200000,1.400000,-0.880000,1.934061,1.934061,0.625598,0.615790,0.630122,0.611322,0.656685,0.687290,0.562177
1214.0,1.200000,1.400000,-0.880000,1.931800,1.931800,0.626637,0.618119,0.630989,0.613884,0.656130,0.688163,0.563967
1214.5,1.200000,1.400000,-0.880000,1.929545,1.929545,0.627677,0.620422,0.631817,0.616391,0.655828,0.689092,0.565732
1215.0,1.200000,1.400000,-0.880000,1.927296,1.927296,0.628718,0.622700,0.632615,0.618846,0.655751,0.690069,0.567472
1215.5,1.200000,1.400000,-0.880000,1.925054,1.925054,0.629760,0.624954,0.633390,0.621255,0.655873,0.691092,0.569186
1216.0,1.200000,1.400000,-0.880000,1.922818,1.922818,0.630804,0.627183,0.634149,0.623618,0.656171,0.692156,0.570877
1216.5,1.200000,1.400000,-0.880000,1.920588,1.920588,0.631849,0.629389,0.634899,0.625939,0.656623,0.693257,0.572543
1217.0,1.200000,1.400000,-0.880000,1.918364,1.918364,0.632895,0.631571,0.635642,0.628221,0.657210,0.694390,0.574185
1217.5,1.200000,1.400000,-0.880000,1.916146,1.916146,0.633942,0.633730,0.636385,0.630465,0.657915,0.695552,0.575804
1218.0,1.200000,1.400000,-0.880000,1.913935,1.913935,0.634991,0.635866,0.637129,0.632675,0.658721,0.696740,0.577399
1218.5,1.200000,1.400000,-0.880000,1.911729,1.911729,0.636041,0.637980,0.637879,0.634850,0.659616,0.697951,0.578972
1219.0,1.200000,1.400000,-0.880000,1.909530,1.909530,0.637092,0.640072,0.638636,0.636995,0.660587,0.699181,0.580523
1219.5,1.200000,1.400000,-0.880000,1.907337,1.907337,0.638144,0.642142,0.639402,0.639109,0.661621,0.700427,0.582051
1220.0,1.200000,1.400000,-0.880000,1.905150,1.905150,0.639198,0.644190,0.640179,0.641195,0.662709,0.701687,0.583557
1220.5,1.200000,1.400000,-0.880000,1.902969,1.902969,0.640253,0.646217,0.640968,0.643254,0.663843,0.702959,0.585042
1221.0,1.200000,1.400000,-0.880000,1.900794,1.900794,0.641309,0.648224,0.641769,0.645287,0.665015,0.704240,0.586506
1221.5,1.200000,1.400000,-0.880000,1.898625,1.898625,0.642366,0.650210,0.642584,0.647295,0.666217,0.705528,0.587949
1222.0,1.200000,1.400000,-0.880000,1.896462,1.896462,0.643425,0.652175,0.643413,0.649279,0.667443,0.706822,0.589371
1222.5,1.200000,1.400000,-0.880000,1.894305,1.894305,0.644484,0.654120,0.644255,0.651240,0.668689,0.708119,0.590773
1223.0,1.200000,1.400000,-0.880000,1.892155,1.892155,0.645545,0.656046,0.645112,0.653180,0.669949,0.709418,0.592154
1223.5,1.200000,1.400000,-0.880000,1.890010,1.890010,0.646607,0.657952,0.645982,0.655098,0.671221,0.710719,0.593516
1224.0,1.200000,1.400000,-0.880000,1.887871,1.887871,0.647671,0.659840,0.646866,0.656995,0.672500,0.712018,0.594859
1224.5,1.200000,1.400000,-0.880000,1.885738,1.885738,0.648735,0.661708,0.647763,0.658872,0.673783,0.713316,0.596183
1225.0,1.200000,1.400000,-0.880000,1.883611,1.883611,0.649801,0.663558,0.648673,0.660730,0.675068,0.714611,0.597487
1225.5,1.200000,1.400000,-0.880000,1.881490,1.881490,0.650868,0.665389,0.649596,0.662569,0.676354,0.715903,0.598773
1226.0,1.200000,1.400000,-0.880000,1.879374,1.879374,0.651936,0.667203,0.650531,0.664390,0.677637,0.717190,0.600041
1226.5,1.200000,1.400000,-0.880000,1.877265,1.877265,0.653005,0.668998,0.651477,0.666193,0.678918,0.718472,0.601290
1227.0,1.200000,1.400000,-0.880000,1.875161,1.875161,0.654076,0.670776,0.652434,0.667978,0.680195,0.719748,0.602521
1227.5,1.200000,1.400000,-0.880000,1.873064,1.873064,0.655148,0.672537,0.653402,0.669746,0.681467,0.721018,0.603735
1228.0,1.200000,1.400000,-0.880000,1.870972,1.870972,0.656220,0.674281,0.654380,0.671497,0.682733,0.722281,0.604932
1228.5,1.200000,1.400000,-0.880000,1.868886,1.868886,0.657295,0.676008,0.655367,0.673232,0.683992,0.723538,0.606112
1229.0,1.200000,1.400000,-0.880000,1.866806,1.866806,0.658370,0.677718,0.656363,0.674950,0.685246,0.724787,0.607274
1229.5,1.200000,1.400000,-0.880000,1.864731,1.864731,0.659446,0.679412,0.657367,0.676653,0.686492,0.726028,0.608420
1230.0,1.200000,1.400000,-0.880000,1.862662,1.862667,0.660524,0.681090,0.658379,0.678340,0.687732,0.727261,0.609550
1230.5,1.200000,1.400000,-0.880000,1.860757,1.860679,0.661602,0.682683,0.659399,0.680001,0.688965,0.728188,0.610664
1231.0,1.200000,1.400000,-0.880000,1.859000,1.858766,0.656290,0.683169,0.659509,0.681483,0.662704,0.724436,0.611761
1231.5,1.200000,1.400000,-0.880000,1.857376,1.856924,0.651532,0.683667,0.658887,0.682805,0.640840,0.721160,0.612843
1232.0,1.200000,1.400000,-0.880000,1.855872,1.855151,0.647286,0.684178,0.657686,0.683989,0.622863,0.718324,0.613910
1232.5,1.200000,1.400000,-0.880000,1.854476,1.853444,0.643509,0.684701,0.656040,0.685053,0.608305,0.715892,0.614961
1233.0,1.200000,1.400000,-0.880000,1.853177,1.851800,0.640162,0.685235,0.654063,0.686012,0.596737,0.713831,0.615997
1233.5,1.200000,1.400000,-0.880000,1.851965,1.850217,0.637207,0.685781,0.651853,0.686882,0.587770,0.712107,0.617019
1234.0,1.200000,1.400000,-0.880000,1.850831,1.848693,0.634611,0.686337,0.649493,0.687675,0.581051,0.710688,0.618026
1234.5,1.200000,1.400000,-0.880000,1.849766,1.847225,0.632339,0.686902,0.647052,0.688404,0.576259,0.709545,0.619018
1235.0,1.200000,1.400000,-0.880000,1.848764,1.845811,0.630362,0.687477,0.644587,0.689079,0.573108,0.708648,0.619997
1235.5,1.200000,1.400000,-0.880000,1.847817,1.844449,0.628651,0.688059,0.642146,0.689709,0.571341,0.707971,0.620961
1236.0,1.200000,1.400000,-0.880000,1.846920,1.843137,0.627179,0.688647,0.639765,0.690301,0.570730,0.707488,0.621911
1236.5,1.200000,1.400000,-0.880000,1.846067,1.841874,0.625922,0.689242,0.637475,0.690864,0.571072,0.707178,0.622848
1237.0,1.200000,1.400000,-0.880000,1.845254,1.840656,0.624858,0.689841,0.635299,0.691402,0.572187,0.707017,0.623772
1237.5,1.200000,1.400000,-0.880000,1.844476,1.839484,0.623964,0.690444,0.633253,0.691922,0.573919,0.706987,0.624682
1238.0,1.200000,1.400000,-0.880000,1.843729,1.838355,0.623224,0.691049,0.631349,0.692427,0.576131,0.707070,0.625580
1238.5,1.200000,1.400000,-0.880000,1.843011,1.837268,0.622618,0.691657,0.629594,0.692921,0.578704,0.707248,0.626464
1239.0,1.200000,1.400000,-0.880000,1.842317,1.836221,0.622131,0.692265,0.627992,0.693407,0.581536,0.707507,0.627336
1239.5,1.200000,1.400000,-0.880000,1.841647,1.835213,0.621748,0.692873,0.626544,0.693888,0.584539,0.707834,0.628196
1240.0,1.200000,1.400000,-0.880000,1.840997,1.834243,0.621456,0.693480,0.625247,0.694366,0.587640,0.708216,0.629043
1240.5,1.200000,1.400000,-0.880000,1.840366,1.833310,0.621244,0.694085,0.624098,0.694841,0.590776,0.708643,0.629878
1241.0,1.200000,1.400000,-0.880000,1.839751,1.832413,0.621099,0.694688,0.623091,0.695317,0.593895,0.709104,0.630701
1241.5,1.200000,1.400000,-0.880000,1.839153,1.831550,0.621014,0.695288,0.622220,0.695793,0.596956,0.709592,0.631513
1242.0,1.200000,1.400000,-0.880000,1.838568,1.830721,0.620978,0.695883,0.621477,0.696270,0.599924,0.710099,0.632313
1242.5,1.200000,1.400000,-0.880000,1.837997,1.829925,0.620984,0.696475,0.620853,0.696748,0.602773,0.710618,0.633101
1243.0,1.200000,1.400000,-0.880000,1.837438,1.829160,0.621024,0.697061,0.620341,0.697228,0.605481,0.711144,0.633878
1243.5,1.200000,1.400000,-0.880000,1.836891,1.828427,0.621094,0.697642,0.619931,0.697709,0.608035,0.711671,0.634644
1244.0,1.200000,1.400000,-0.880000,1.836355,1.827725,0.621186,0.698216,0.619614,0.698192,0.610422,0.712196,0.635399
1244.5,1.200000,1.400000,-0.880000,1.835830,1.827052,0.621297,0.698784,0.619381,0.698676,0.612638,0.712715,0.636143
1245.0,1.200000,1.400000,-0.880000,1.835315,1.826409,0.621422,0.699346,0.619225,0.699161,0.614679,0.713225,0.636877
1245.5,1.200000,1.400000,-0.880000,1.834810,1.825794,0.621557,0.699900,0.619135,0.699647,0.616545,0.713724,0.637600
1246.0,1.200000,1.400000,-0.880000,1.834315,1.825207,0.621698,0.700447,0.619105,0.700132,0.618238,0.714209,0.638313
1246.5,1.200000,1.400000,-0.880000,1.833830,1.824647,0.621844,0.700986,0.619127,0.700617,0.619761,0.714679,0.639016
1247.0,1.200000,1.400000,-0.880000,1.833354,1.824115,0.621991,0.701516,0.619194,0.701101,0.621120,0.715133,0.639708
1247.5,1.200000,1.400000,-0.880000,1.832888,1.823608,0.622137,0.702039,0.619298,0.701583,0.622322,0.715569,0.640391
1248.0,1.200000,1.400000,-0.880000,1.832431,1.823128,0.622281,0.702553,0.619434,0.702063,0.623375,0.715988,0.641064
1248.5,1.200000,1.400000,-0.880000,1.831984,1.822673,0.622420,0.703059,0.619596,0.702541,0.624285,0.716389,0.641728
1249.0,1.200000,1.400000,-0.880000,1.831547,1.822243,0.622554,0.703556,0.619778,0.703015,0.625063,0.716771,0.642381
1249.5,1.200000,1.400000,-0.880000,1.831119,1.821838,0.622682,0.704044,0.619976,0.703486,0.625716,0.717135,0.643026
1250.0,1.200000,1.400000,-0.880000,1.830701,1.821458,0.622802,0.704523,0.620185,0.703952,0.626254,0.717481,0.643661
1250.5,1.200000,1.400000,-0.880000,1.830294,1.821101,0.622915,0.704994,0.620402,0.704414,0.626684,0.717809,0.644288
1251.0,1.200000,1.400000,-0.880000,1.829896,1.820768,0.623018,0.705455,0.620622,0.704871,0.627017,0.718119,0.644905
1251.5,1.200000,1.400000,-0.880000,1.829508,1.820458,0.623113,0.705907,0.620843,0.705322,0.627260,0.718411,0.645513
1252.0,1.200000,1.400000,-0.880000,1.829131,1.820171,0.623198,0.706351,0.621063,0.705768,0.627422,0.718688,0.646113
1252.5,1.200000,1.400000,-0.880000,1.828764,1.819906,0.623273,0.706785,0.621278,0.706207,0.627509,0.718948,0.646704
1253.0,1.200000,1.400000,-0.880000,1.828407,1.819664,0.623339,0.707210,0.621486,0.706640,0.627530,0.719192,0.647287
1253.5,1.200000,1.400000,-0.880000,1.828061,1.819444,0.623394,0.707626,0.621686,0.707066,0.627491,0.719421,0.647862
1254.0,1.200000,1.400000,-0.880000,1.827726,1.819245,0.623440,0.708033,0.621877,0.707485,0.627400,0.719636,0.648428
1254.5,1.200000,1.400000,-0.880000,1.827402,1.819068,0.623476,0.708432,0.622056,0.707897,0.627261,0.719837,0.648986
1255.0,1.200000,1.400000,-0.880000,1.827089,1.818912,0.623502,0.708821,0.622224,0.708301,0.627080,0.720025,0.649536
1255.5,1.200000,1.400000,-0.880000,1.826787,1.818777,0.623518,0.709201,0.622378,0.708698,0.626864,0.720200,0.650079
1256.0,1.200000,1.400000,-0.880000,1.826497,1.818663,0.623525,0.709573,0.622519,0.709086,0.626615,0.720363,0.650613
1256.5,1.200000,1.400000,-0.880000,1.826217,1.818569,0.623522,0.709936,0.622647,0.709467,0.626340,0.720515,0.651140
1257.0,1.200000,1.400000,-0.880000,1.825949,1.818494,0.623510,0.710291,0.622760,0.709840,0.626041,0.720656,0.651660
1257.5,1.200000,1.400000,-0.880000,1.825693,1.818440,0.623488,0.710637,0.622859,0.710205,0.625722,0.720786,0.652172
1258.0,1.200000,1.400000,-0.880000,1.825448,1.818406,0.623458,0.710974,0.622943,0.710562,0.625386,0.720907,0.652676
1258.5,1.200000,1.400000,-0.880000,1.825215,1.818390,0.623419,0.711303,0.623013,0.710910,0.625036,0.721018,0.653174
1259.0,1.200000,1.400000,-0.880000,1.824993,1.818394,0.623372,0.711623,0.623068,0.711251,0.624675,0.721120,0.653664
1259.5,1.200000,1.400000,-0.880000,1.824783,1.818417,0.623316,0.711936,0.623109,0.711583,0.624304,0.721214,0.654148
1260.0,1.200000,1.400000,-0.880000,1.824585,1.818459,0.623252,0.712240,0.623136,0.711907,0.623926,0.721299,0.654624
1260.5,1.200000,1.400000,-0.880000,1.824399,1.818519,0.623180,0.712536,0.623150,0.712222,0.623542,0.721377,0.655094
1261.0,1.200000,1.400000,-0.880000,1.824215,1.818595,0.623100,0.712826,0.623150,0.712530,0.623154,0.721455,0.655557
1261.5,1.200000,1.400000,-0.880000,1.824024,1.818685,0.623425,0.713138,0.623196,0.712834,0.624536,0.721654,0.656013
1262.0,1.200000,1.400000,-0.880000,1.823820,1.818789,0.624079,0.713469,0.623331,0.713138,0.627234,0.721950,0.656463
1262.5,1.200000,1.400000,-0.880000,1.823599,1.818904,0.624997,0.713814,0.623582,0.713444,0.630867,0.722321,0.656906
1263.0,1.200000,1.400000,-0.880000,1.823357,1.819029,0.626121,0.714173,0.623967,0.713754,0.635119,0.722749,0.657343
1263.5,1.200000,1.400000,-0.880000,1.823090,1.819164,0.627402,0.714541,0.624492,0.714070,0.639733,0.723219,0.657774
1264.0,1.200000,1.400000,-0.880000,1.822798,1.819307,0.628796,0.714918,0.625159,0.714391,0.644500,0.723716,0.658199
1264.5,1.200000,1.400000,-0.880000,1.822480,1.819458,0.630269,0.715299,0.625962,0.714719,0.649255,0.724229,0.658617
1265.0,1.200000,1.400000,-0.880000,1.822135,1.819616,0.631788,0.715685,0.626893,0.715054,0.653869,0.724750,0.659030
1265.5,1.200000,1.400000,-0.880000,1.821764,1.819781,0.633330,0.716073,0.627938,0.715394,0.658247,0.725269,0.659437
1266.0,1.200000,1.400000,-0.880000,1.821368,1.819951,0.634873,0.716461,0.629084,0.715740,0.662318,0.725780,0.659838
1266.5,1.200000,1.400000,-0.880000,1.820947,1.820128,0.636399,0.716849,0.630315,0.716092,0.666035,0.726279,0.660233
1267.0,1.200000,1.400000,-0.880000,1.820503,1.820309,0.637896,0.717235,0.631617,0.716447,0.669369,0.726762,0.660622
1267.5,1.200000,1.400000,-0.880000,1.820038,1.820497,0.639353,0.717619,0.632974,0.716807,0.672308,0.727225,0.661006
1268.0,1.200000,1.400000,-0.880000,1.819553,1.820689,0.640761,0.717999,0.634369,0.717169,0.674851,0.727666,0.661385
1268.5,1.200000,1.400000,-0.880000,1.819049,1.820886,0.642114,0.718375,0.635791,0.717532,0.677005,0.728084,0.661758
1269.0,1.200000,1.400000,-0.880000,1.818530,1.821088,0.643409,0.718746,0.637224,0.717897,0.678787,0.728479,0.662126
1269.5,1.200000,1.400000,-0.880000,1.817995,1.821295,0.644644,0.719113,0.638657,0.718262,0.680219,0.728850,0.662488
1270.0,1.200000,1.400000,-0.880000,1.817448,1.821507,0.645818,0.719474,0.640079,0.718627,0.681328,0.729197,0.662845
1270.5,1.200000,1.400000,-0.880000,1.816890,1.821723,0.646929,0.719829,0.641481,0.718990,0.682141,0.729522,0.663198
1271.0,1.200000,1.400000,-0.880000,1.816322,1.821944,0.647981,0.720179,0.642855,0.719351,0.682689,0.729823,0.663545
1271.5,1.200000,1.400000,-0.880000,1.815745,1.822169,0.648974,0.720522,0.644193,0.719710,0.683003,0.730104,0.663887
1272.0,1.200000,1.400000,-0.880000,1.815163,1.822400,0.649911,0.720859,0.645491,0.720065,0.683113,0.730364,0.664224
1272.5,1.200000,1.400000,-0.880000,1.814574,1.822635,0.650795,0.721190,0.646743,0.720416,0.683049,0.730606,0.664557
1273.0,1.200000,1.400000,-0.880000,1.813982,1.822874,0.651628,0.721515,0.647946,0.720763,0.682841,0.730829,0.664885
1273.5,1.200000,1.400000,-0.880000,1.813387,1.823119,0.652415,0.721834,0.649098,0.721106,0.682514,0.731037,0.665208
1274.0,1.200000,1.400000,-0.880000,1.812790,1.823368,0.653158,0.722147,0.650198,0.721443,0.682096,0.731230,0.665526
1274.5,1.200000,1.400000,-0.880000,1.812192,1.823621,0.653861,0.722453,0.651245,0.721775,0.681609,0.731410,0.665840
1275.0,1.200000,1.400000,-0.880000,1.811594,1.823880,0.654528,0.722754,0.652239,0.722102,0.681075,0.731578,0.666149
1275.5,1.200000,1.400000,-0.880000,1.810997,1.824143,0.655163,0.723049,0.653182,0.722423,0.680513,0.731735,0.666454
1276.0,1.200000,1.400000,-0.880000,1.810400,1.824411,0.655768,0.723338,0.654074,0.722739,0.679940,0.731882,0.666755
1276.5,1.200000,1.400000,-0.880000,1.809806,1.824683,0.656347,0.723622,0.654917,0.723048,0.679371,0.732022,0.667051
1277.0,1.200000,1.400000,-0.880000,1.809215,1.824960,0.656904,0.723901,0.655714,0.723352,0.678819,0.732154,0.667344
1277.5,1.200000,1.400000,-0.880000,1.808626,1.825242,0.657440,0.724174,0.656466,0.723649,0.678296,0.732280,0.667631
1278.0,1.200000,1.400000,-0.880000,1.808040,1.825528,0.657960,0.724442,0.657178,0.723941,0.677811,0.732400,0.667915
1278.5,1.200000,1.400000,-0.880000,1.807457,1.825818,0.658465,0.724706,0.657851,0.724227,0.677372,0.732516,0.668195
1279.0,1.200000,1.400000,-0.880000,1.806879,1.826113,0.658958,0.724964,0.658489,0.724507,0.676984,0.732629,0.668471
1279.5,1.200000,1.400000,-0.880000,1.806304,1.826413,0.659442,0.725219,0.659094,0.724781,0.676653,0.732739,0.668743
1280.0,1.200000,1.400000,-0.880000,1.805733,1.826717,0.659918,0.725468,0.659671,0.725050,0.676382,0.732846,0.669011
1280.5,1.200000,1.400000,-0.880000,1.805166,1.827025,0.660388,0.725714,0.660221,0.725313,0.676173,0.732952,0.669275
1281.0,1.200000,1.400000,-0.880000,1.804603,1.827337,0.660854,0.725955,0.660748,0.725571,0.676028,0.733056,0.669535
1281.5,1.200000,1.400000,-0.880000,1.804044,1.827654,0.661318,0.726192,0.661254,0.725824,0.675947,0.733160,0.669792
1282.0,1.200000,1.400000,-0.880000,1.803489,1.827975,0.661781,0.726426,0.661743,0.726072,0.675930,0.733263,0.670045
1282.5,1.200000,1.400000,-0.880000,1.802938,1.828299,0.662244,0.726656,0.662218,0.726315,0.675976,0.733366,0.670294
1283.0,1.200000,1.400000,-0.880000,1.802391,1.828628,0.662708,0.726882,0.662680,0.726554,0.676083,0.733469,0.670540
1283.5,1.200000,1.400000,-0.880000,1.801847,1.828960,0.663175,0.727105,0.663132,0.726788,0.676250,0.733572,0.670782
1284.0,1.200000,1.400000,-0.880000,1.801307,1.829296,0.663645,0.727325,0.663577,0.727017,0.676473,0.733675,0.671021
1284.5,1.200000,1.400000,-0.880000,1.800771,1.829636,0.664118,0.727541,0.664016,0.727243,0.676750,0.733779,0.671256
1285.0,1.200000,1.400000,-0.880000,1.800238,1.829979,0.664596,0.727754,0.664452,0.727464,0.677079,0.733884,0.671489
1285.5,1.200000,1.400000,-0.880000,1.799708,1.830326,0.665079,0.727965,0.664885,0.727682,0.677457,0.733990,0.671717
1286.0,1.200000,1.400000,-0.880000,1.799181,1.830676,0.665567,0.728172,0.665318,0.727896,0.677879,0.734096,0.671943
1286.5,1.200000,1.400000,-0.880000,1.798657,1.831029,0.666061,0.728376,0.665752,0.728106,0.678344,0.734203,0.672165
1287.0,1.200000,1.400000,-0.880000,1.798136,1.831386,0.666560,0.728578,0.666189,0.728313,0.678848,0.734311,0.672384
1287.5,1.200000,1.400000,-0.880000,1.797618,1.831745,0.667066,0.728777,0.666629,0.728516,0.679388,0.734419,0.672600
1288.0,1.200000,1.400000,-0.880000,1.797101,1.832108,0.667578,0.728974,0.667073,0.728717,0.679960,0.734529,0.672813
1288.5,1.200000,1.400000,-0.880000,1.796587,1.832473,0.668096,0.729168,0.667523,0.728914,0.680563,0.734639,0.673023
1289.0,1.200000,1.400000,-0.880000,1.796075,1.832841,0.668621,0.729359,0.667979,0.729108,0.681192,0.734749,0.673229
1289.5,1.200000,1.400000,-0.880000,1.795565,1.833212,0.669152,0.729549,0.668441,0.729300,0.681846,0.734860,0.673433
1290.0,1.200000,1.400000,-0.880000,1.795057,1.833585,0.669690,0.729736,0.668910,0.729489,0.682522,0.734972,0.673634
1290.5,1.200000,1.400000,-0.880000,1.794550,1.833961,0.670234,0.729920,0.669387,0.729676,0.683218,0.735084,0.673832
1291.0,1.200000,1.400000,-0.880000,1.794045,1.834339,0.670784,0.730103,0.669872,0.729860,0.683930,0.735196,0.674028
1291.5,1.200000,1.400000,-0.880000,1.793541,1.834720,0.671340,0.730283,0.670365,0.730041,0.684658,0.735309,0.674220
1292.0,1.200000,1.400000,-0.880000,1.793041,1.835103,0.671877,0.730461,0.670862,0.730221,0.685285,0.735418,0.674410
1292.5,1.200000,1.400000,-0.880000,1.792544,1.835488,0.672373,0.730635,0.671358,0.730397,0.685734,0.735521,0.674597
1293.0,1.200000,1.400000,-0.880000,1.792053,1.835876,0.672816,0.730805,0.671845,0.730571,0.685963,0.735617,0.674781
1293.5,1.200000,1.400000,-0.880000,1.791570,1.836266,0.673199,0.730971,0.672315,0.730742,0.685952,0.735705,0.674963
1294.0,1.200000,1.400000,-0.880000,1.791095,1.836658,0.673517,0.731133,0.672761,0.730911,0.685703,0.735784,0.675142
1294.5,1.200000,1.400000,-0.880000,1.790630,1.837053,0.673769,0.731290,0.673177,0.731075,0.685227,0.735855,0.675318
1295.0,1.200000,1.400000,-0.880000,1.790178,1.837451,0.673956,0.731442,0.673556,0.731237,0.684550,0.735916,0.675493
1295.5,1.200000,1.400000,-0.880000,1.789737,1.837851,0.674084,0.731591,0.673894,0.731394,0.683701,0.735970,0.675664
1296.0,1.200000,1.400000,-0.880000,1.789311,1.838254,0.674155,0.731734,0.674188,0.731548,0.682712,0.736016,0.675833
1296.5,1.200000,1.400000,-0.880000,1.788900,1.838660,0.674177,0.731874,0.674436,0.731699,0.681619,0.736055,0.676000
1297.0,1.200000,1.400000,-0.880000,1.788504,1.839069,0.674155,0.732009,0.674636,0.731845,0.680456,0.736088,0.676164
1297.5,1.200000,1.400000,-0.880000,1.788125,1.839480,0.674096,0.732140,0.674790,0.731987,0.679255,0.736116,0.676326
1298.0,1.200000,1.400000,-0.880000,1.787762,1.839895,0.674006,0.732268,0.674899,0.732126,0.678047,0.736140,0.676486
1298.5,1.200000,1.400000,-0.880000,1.787416,1.840312,0.673893,0.732391,0.674964,0.732260,0.676859,0.736160,0.676643
1299.0,1.200000,1.400000,-0.880000,1.787087,1.840732,0.673763,0.732511,0.674989,0.732391,0.675715,0.736178,0.676798
1299.5,1.200000,1.400000,-0.880000,1.786774,1.841155,0.673620,0.732628,0.674977,0.732518,0.674635,0.736194,0.676951
1300.0,1.200000,1.400000,-0.880000,1.786479,1.841581,0.673472,0.732742,0.674933,0.732641,0.673636,0.736208,0.677102
1300.5,1.200000,1.400000,-0.880000,1.786199,1.842010,0.673322,0.732852,0.674859,0.732760,0.672731,0.736222,0.677250
1301.0,1.200000,1.400000,-0.880000,1.785936,1.842442,0.673174,0.732960,0.674762,0.732876,0.671930,0.736236,0.677397
1301.5,1.200000,1.400000,-0.880000,1.785688,1.842876,0.673034,0.733065,0.674644,0.732988,0.671239,0.736250,0.677541
1302.0,1.200000,1.400000,-0.880000,1.785456,1.843313,0.672903,0.733168,0.674511,0.733098,0.670663,0.736264,0.677683
1302.5,1.200000,1.400000,-0.880000,1.785238,1.843753,0.672784,0.733268,0.674368,0.733204,0.670202,0.736280,0.677824
1303.0,1.200000,1.400000,-0.880000,1.785034,1.844196,0.672680,0.733366,0.674217,0.733307,0.669855,0.736296,0.677962
1303.5,1.200000,1.400000,-0.880000,1.784843,1.844641,0.672593,0.733462,0.674064,0.733407,0.669619,0.736314,0.678098
1304.0,1.200000,1.400000,-0.880000,1.784665,1.845089,0.672523,0.733556,0.673912,0.733504,0.669491,0.736333,0.678232
1304.5,1.200000,1.400000,-0.880000,1.784499,1.845539,0.672472,0.733648,0.673763,0.733599,0.669463,0.736354,0.678365
1305.0,1.200000,1.400000,-0.880000,1.784345,1.845991,0.672439,0.733738,0.673622,0.733692,0.669528,0.736376,0.678495
1305.5,1.200000,1.400000,-0.880000,1.784202,1.846446,0.672426,0.733826,0.673491,0.733782,0.669680,0.736400,0.678624
1306.0,1.200000,1.400000,-0.880000,1.784069,1.846903,0.672431,0.733913,0.673371,0.733870,0.669909,0.736425,0.678751
1306.5,1.200000,1.400000,-0.880000,1.783945,1.847362,0.672455,0.733998,0.673266,0.733956,0.670208,0.736452,0.678876
1307.0,1.200000,1.400000,-0.880000,1.783831,1.847823,0.672497,0.734082,0.673176,0.734041,0.670566,0.736480,0.678999
1307.5,1.200000,1.400000,-0.880000,1.783726,1.848286,0.672556,0.734164,0.673103,0.734123,0.670976,0.736509,0.679120
1308.0,1.200000,1.400000,-0.880000,1.783628,1.848752,0.672631,0.734245,0.673047,0.734203,0.671429,0.736539,0.679240
1308.5,1.200000,1.400000,-0.880000,1.783539,1.849219,0.672722,0.734324,0.673009,0.734282,0.671917,0.736570,0.679358
1309.0,1.200000,1.400000,-0.880000,1.783457,1.849688,0.672826,0.734402,0.672990,0.734360,0.672431,0.736601,0.679474
1309.5,1.200000,1.400000,-0.880000,1.783382,1.850158,0.672944,0.734478,0.672989,0.734435,0.672964,0.736633,0.679589
1310.0,1.200000,1.400000,-0.880000,1.783313,1.850631,0.673073,0.734553,0.673006,0.734510,0.673509,0.736666,0.679702
1310.5,1.200000,1.400000,-0.880000,1.783251,1.851104,0.673212,0.734627,0.673041,0.734583,0.674060,0.736699,0.679813
1311.0,1.200000,1.400000,-0.880000,1.783194,1.851580,0.673361,0.734699,0.673094,0.734654,0.674610,0.736732,0.679923
1311.5,1.200000,1.400000,-0.880000,1.783144,1.852057,0.673518,0.734771,0.673162,0.734725,0.675155,0.736764,0.680031
1312.0,1.200000,1.400000,-0.880000,1.783099,1.852535,0.673681,0.734840,0.673247,0.734794,0.675690,0.736797,0.680138
1312.5,1.200000,1.400000,-0.880000,1.783059,1.853015,0.673850,0.734909,0.673345,0.734862,0.676210,0.736829,0.680243
1313.0,1.200000,1.400000,-0.880000,1.783025,1.853496,0.674024,0.734976,0.673458,0.734928,0.676712,0.736861,0.680347
1313.5,1.200000,1.400000,-0.880000,1.782996,1.853979,0.674201,0.735042,0.673582,0.734994,0.677194,0.736892,0.680449
1314.0,1.200000,1.400000,-0.880000,1.782972,1.854462,0.674380,0.735107,0.673718,0.735058,0.677652,0.736923,0.680550
1314.5,1.200000,1.400000,-0.880000,1.782953,1.854947,0.674561,0.735170,0.673863,0.735121,0.678085,0.736952,0.680649
1315.0,1.200000,1.400000,-0.880000,1.782938,1.855433,0.674742,0.735232,0.674018,0.735183,0.678490,0.736981,0.680747
1315.5,1.200000,1.400000,-0.880000,1.782929,1.855920,0.674922,0.735293,0.674179,0.735244,0.678868,0.737009,0.680844
1316.0,1.200000,1.400000,-0.880000,1.782924,1.856408,0.675102,0.735352,0.674347,0.735304,0.679217,0.737036,0.680939
1316.5,1.200000,1.400000,-0.880000,1.782925,1.856897,0.675280,0.735410,0.674520,0.735362,0.679536,0.737062,0.681032
1317.0,1.200000,1.400000,-0.880000,1.782930,1.857387,0.675455,0.735467,0.674697,0.735420,0.679827,0.737086,0.681125
1317.5,1.200000,1.400000,-0.880000,1.782940,1.857877,0.675628,0.735523,0.674877,0.735476,0.680088,0.737110,0.681216
1318.0,1.200000,1.400000,-0.880000,1.782954,1.858369,0.675797,0.735577,0.675058,0.735531,0.680321,0.737132,0.681306
1318.5,1.200000,1.400000,-0.880000,1.782974,1.858861,0.675962,0.735630,0.675241,0.735585,0.680525,0.737154,0.681394
1319.0,1.200000,1.400000,-0.880000,1.782999,1.859355,0.676122,0.735682,0.675423,0.735638,0.680702,0.737173,0.681481
1319.5,1.200000,1.400000,-0.880000,1.783029,1.859849,0.676278,0.735733,0.675604,0.735690,0.680853,0.737192,0.681567
1320.0,1.200000,1.400000,-0.880000,1.783064,1.860343,0.676428,0.735782,0.675783,0.735741,0.680979,0.737210,0.681652
1320.5,1.200000,1.400000,-0.880000,1.783104,1.860839,0.676574,0.735830,0.675959,0.735790,0.681081,0.737226,0.681736
1321.0,1.200000,1.400000,-0.880000,1.783150,1.861335,0.676713,0.735877,0.676133,0.735839,0.681159,0.737241,0.681818
1321.5,1.200000,1.400000,-0.880000,1.783201,1.861832,0.676847,0.735922,0.676302,0.735886,0.681216,0.737254,0.681899
1322.0,1.200000,1.400000,-0.880000,1.783257,1.862329,0.676975,0.735966,0.676467,0.735932,0.681253,0.737267,0.681979
1322.5,1.200000,1.400000,-0.880000,1.783318,1.862827,0.677099,0.736009,0.676628,0.735977,0.681278,0.737278,0.682058
1323.0,1.200000,1.400000,-0.880000,1.783385,1.863326,0.677221,0.736051,0.676783,0.736020,0.681304,0.737288,0.682136
1323.5,1.200000,1.400000,-0.880000,1.783457,1.863825,0.677345,0.736092,0.676935,0.736063,0.681345,0.737298,0.682212
1324.0,1.200000,1.400000,-0.880000,1.783534,1.864324,0.677475,0.736132,0.677085,0.736104,0.681415,0.737307,0.682288
1324.5,1.200000,1.400000,-0.880000,1.783615,1.864824,0.677612,0.736170,0.677233,0.736145,0.681527,0.737315,0.682362
1325.0,1.200000,1.400000,-0.880000,1.783700,1.865324,0.677762,0.736208,0.677381,0.736184,0.681692,0.737323,0.682436
1325.5,1.200000,1.400000,-0.880000,1.783788,1.865825,0.677926,0.736245,0.677533,0.736222,0.681916,0.737332,0.682508
1326.0,1.200000,1.400000,-0.880000,1.783880,1.866326,0.678107,0.736281,0.677688,0.736260,0.682207,0.737340,0.682579
1326.5,1.200000,1.400000,-0.880000,1.783974,1.866827,0.678306,0.736316,0.677851,0.736296,0.682565,0.737348,0.682650
1327.0,1.200000,1.400000,-0.880000,1.784070,1.867329,0.678524,0.736350,0.678022,0.736331,0.682990,0.737357,0.682719
1327.5,1.200000,1.400000,-0.880000,1.784168,1.867831,0.678762,0.736384,0.678204,0.736366,0.683480,0.737366,0.682787
1328.0,1.200000,1.400000,-0.880000,1.784266,1.868332,0.679021,0.736417,0.678398,0.736399,0.684032,0.737375,0.682855
1328.5,1.200000,1.400000,-0.880000,1.784365,1.868834,0.679299,0.736449,0.678606,0.736432,0.684637,0.737385,0.682921
1329.0,1.200000,1.400000,-0.880000,1.784464,1.869336,0.679596,0.736481,0.678829,0.736464,0.685291,0.737395,0.682986
1329.5,1.200000,1.400000,-0.880000,1.784562,1.869839,0.679911,0.736512,0.679068,0.736496,0.685983,0.737405,0.683051
1330.0,1.200000,1.400000,-0.880000,1.784660,1.870341,0.680242,0.736542,0.679322,0.736526,0.686707,0.737415,0.683114
1330.5,1.200000,1.400000,-0.880000,1.784756,1.870842,0.680588,0.736572,0.679593,0.736556,0.687453,0.737426,0.683177
1331.0,1.200000,1.400000,-0.880000,1.784852,1.871344,0.680948,0.736601,0.679881,0.736586,0.688211,0.737436,0.683239
1331.5,1.200000,1.400000,-0.880000,1.784945,1.871846,0.681318,0.736630,0.680184,0.736614,0.688975,0.737447,0.683300
1332.0,1.200000,1.400000,-0.880000,1.785037,1.872348,0.681698,0.736658,0.680502,0.736642,0.689735,0.737457,0.683360
1332.5,1.200000,1.400000,-0.880000,1.785127,1.872849,0.682085,0.736685,0.680835,0.736670,0.690484,0.737467,0.683419
1333.0,1.200000,1.400000,-0.880000,1.785216,1.873350,0.682477,0.736712,0.681181,0.736697,0.691216,0.737477,0.683477
1333.5,1.200000,1.400000,-0.880000,1.785302,1.873851,0.682873,0.736738,0.681539,0.736723,0.691924,0.737486,0.683535
1334.0,1.200000,1.400000,-0.880000,1.785386,1.874351,0.683271,0.736764,0.681908,0.736749,0.692604,0.737495,0.683591
1334.5,1.200000,1.400000,-0.880000,1.785469,1.874851,0.683670,0.736789,0.682286,0.736774,0.693250,0.737504,0.683647
1335.0,1.200000,1.400000,-0.880000,1.785549,1.875351,0.684067,0.736813,0.682672,0.736799,0.693861,0.737511,0.683702
1335.5,1.200000,1.400000,-0.880000,1.785628,1.875850,0.684461,0.736836,0.683064,0.736823,0.694432,0.737519,0.683756
1336.0,1.200000,1.400000,-0.880000,1.785705,1.876349,0.684852,0.736859,0.683460,0.736846,0.694964,0.737525,0.683810
1336.5,1.200000,1.400000,-0.880000,1.785781,1.876848,0.685238,0.736882,0.683860,0.736869,0.695454,0.737531,0.683863
1337.0,1.200000,1.400000,-0.880000,1.785856,1.877346,0.685618,0.736903,0.684262,0.736891,0.695903,0.737537,0.683915
1337.5,1.200000,1.400000,-0.880000,1.785930,1.877844,0.685992,0.736924,0.684663,0.736913,0.696310,0.737541,0.683966
1338.0,1.200000,1.400000,-0.880000,1.786003,1.878341,0.686358,0.736944,0.685064,0.736934,0.696678,0.737545,0.684016
1338.5,1.200000,1.400000,-0.880000,1.786075,1.878837,0.686717,0.736964,0.685462,0.736954,0.697008,0.737548,0.684066
1339.0,1.200000,1.400000,-0.880000,1.786147,1.879334,0.687068,0.736983,0.685857,0.736974,0.697300,0.737550,0.684115
1339.5,1.200000,1.400000,-0.880000,1.786219,1.879829,0.687411,0.737001,0.686247,0.736993,0.697559,0.737551,0.684163
1340.0,1.200000,1.400000,-0.880000,1.786291,1.880324,0.687745,0.737018,0.686631,0.737012,0.697787,0.737552,0.684211
1340.5,1.200000,1.400000,-0.880000,1.786362,1.880819,0.688071,0.737035,0.687010,0.737030,0.697985,0.737552,0.684258
1341.0,1.200000,1.400000,-0.880000,1.786435,1.881312,0.688390,0.737051,0.687381,0.737047,0.698158,0.737551,0.684304
1341.5,1.200000,1.400000,-0.880000,1.786507,1.881806,0.688700,0.737067,0.687746,0.737064,0.698308,0.737549,0.684350
1342.0,1.200000,1.400000,-0.880000,1.786581,1.882298,0.689002,0.737082,0.688102,0.737080,0.698438,0.737547,0.684395
1342.5,1.200000,1.400000,-0.880000,1.786655,1.882791,0.689298,0.737096,0.688450,0.737096,0.698552,0.737544,0.684439
1343.0,1.200000,1.400000,-0.880000,1.786731,1.883282,0.689586,0.737110,0.688790,0.737111,0.698653,0.737541,0.684483
1343.5,1.200000,1.400000,-0.880000,1.786808,1.883773,0.689868,0.737122,0.689122,0.737125,0.698742,0.737536,0.684526
1344.0,1.200000,1.400000,-0.880000,1.786886,1.884263,0.690143,0.737135,0.689446,0.737138,0.698824,0.737532,0.684569
1344.5,1.200000,1.400000,-0.880000,1.786965,1.884752,0.690413,0.737146,0.689761,0.737151,0.698901,0.737526,0.684611
1345.0,1.200000,1.400000,-0.880000,1.787046,1.885241,0.690678,0.737157,0.690068,0.737164,0.698975,0.737520,0.684652
1345.5,1.200000,1.400000,-0.880000,1.787128,1.885729,0.690938,0.737168,0.690367,0.737175,0.699048,0.737514,0.684693
1346.0,1.200000,1.400000,-0.880000,1.787212,1.886217,0.691194,0.737177,0.690659,0.737186,0.699124,0.737507,0.684733
1346.5,1.200000,1.400000,-0.880000,1.787298,1.886704,0.691447,0.737187,0.690944,0.737197,0.699203,0.737500,0.684772
1347.0,1.200000,1.400000,-0.880000,1.787385,1.887190,0.691696,0.737195,0.691222,0.737207,0.699287,0.737492,0.684811
1347.5,1.200000,1.400000,-0.880000,1.787475,1.887675,0.691943,0.737203,0.691494,0.737216,0.699379,0.737484,0.684850
1348.0,1.200000,1.400000,-0.880000,1.787566,1.888160,0.692188,0.737211,0.691760,0.737224,0.699478,0.737476,0.684887
1348.5,1.200000,1.400000,-0.880000,1.787658,1.888643,0.692431,0.737218,0.692021,0.737233,0.699587,0.737467,0.684925
1349.0,1.200000,1.400000,-0.880000,1.787753,1.889127,0.692673,0.737224,0.692277,0.737240,0.699707,0.737458,0.684962
1349.5,1.200000,1.400000,-0.880000,1.787849,1.889609,0.692914,0.737230,0.692529,0.737247,0.699837,0.737448,0.684998
1350.0,1.200000,1.400000,-0.880000,1.787947,1.890090,0.693155,0.737236,0.692777,0.737253,0.699980,0.737439,0.685034
1350.5,1.200000,1.400000,-0.880000,1.788047,1.890571,0.693395,0.737240,0.693023,0.737259,0.700134,0.737429,0.685069
1351.0,1.200000,1.400000,-0.880000,1.788148,1.891051,0.693636,0.737245,0.693265,0.737265,0.700301,0.737419,0.685104
1351.5,1.200000,1.400000,-0.880000,1.788251,1.891530,0.693878,0.737249,0.693506,0.737269,0.700480,0.737409,0.685138
1352.0,1.200000,1.400000,-0.880000,1.788356,1.892009,0.694120,0.737252,0.693745,0.737274,0.700672,0.737398,0.685172
1352.5,1.200000,1.400000,-0.880000,1.788462,1.892486,0.694364,0.737255,0.693982,0.737277,0.700876,0.737387,0.685205
1353.0,1.200000,1.400000,-0.880000,1.788569,1.892963,0.694608,0.737258,0.694219,0.737281,0.701093,0.737377,0.685238
1353.5,1.200000,1.400000,-0.880000,1.788678,1.893439,0.694855,0.737260,0.694456,0.737284,0.701319,0.737366,0.685270
1354.0,1.200000,1.400000,-0.880000,1.788788,1.893913,0.695102,0.737262,0.694693,0.737286,0.701554,0.737355,0.685302
1354.5,1.200000,1.400000,-0.880000,1.788900,1.894388,0.695349,0.737263,0.694929,0.737288,0.701795,0.737343,0.685333
1355.0,1.200000,1.400000,-0.880000,1.789013,1.894861,0.695596,0.737264,0.695166,0.737289,0.702037,0.737332,0.685364
1355.5,1.200000,1.400000,-0.880000,1.789127,1.895333,0.695843,0.737264,0.695403,0.737290,0.702278,0.737320,0.685395
1356.0,1.200000,1.400000,-0.880000,1.789242,1.895804,0.696087,0.737264,0.695640,0.737291,0.702513,0.737308,0.685425
1356.5,1.200000,1.400000,-0.880000,1.789359,1.896275,0.696329,0.737264,0.695877,0.737291,0.702738,0.737296,0.685454
1357.0,1.200000,1.400000,-0.880000,1.789478,1.896745,0.696567,0.737263,0.696113,0.737291,0.702949,0.737284,0.685484
1357.5,1.200000,1.400000,-0.880000,1.789599,1.897213,0.696800,0.737262,0.696347,0.737290,0.703145,0.737271,0.685512
1358.0,1.200000,1.400000,-0.880000,1.789721,1.897681,0.697027,0.737260,0.696580,0.737289,0.703321,0.737258,0.685541
1358.5,1.200000,1.400000,-0.880000,1.789845,1.898148,0.697248,0.737258,0.696809,0.737288,0.703475,0.737245,0.685569
1359.0,1.200000,1.400000,-0.880000,1.789971,1.898614,0.697462,0.737256,0.697036,0.737286,0.703607,0.737231,0.685596
1359.5,1.200000,1.400000,-0.880000,1.790100,1.899078,0.697668,0.737253,0.697259,0.737283,0.703715,0.737218,0.685624
1360.0,1.200000,1.400000,-0.880000,1.790231,1.899542,0.697866,0.737250,0.697477,0.737281,0.703798,0.737204,0.685650
1360.5,1.200000,1.400000,-0.880000,1.790365,1.900005,0.698056,0.737246,0.697689,0.737278,0.703858,0.737189,0.685677
1361.0,1.200000,1.400000,-0.880000,1.790501,1.900467,0.698236,0.737242,0.697896,0.737274,0.703895,0.737174,0.685703
1361.5,1.200000,1.400000,-0.880000,1.790641,1.900929,0.698409,0.737237,0.698097,0.737270,0.703911,0.737159,0.685728
1362.0,1.200000,1.400000,-0.880000,1.790783,1.901389,0.698573,0.737233,0.698290,0.737266,0.703907,0.737144,0.685754
1362.5,1.200000,1.400000,-0.880000,1.790929,1.901848,0.698728,0.737227,0.698477,0.737262,0.703885,0.737128,0.685779
1363.0,1.200000,1.400000,-0.880000,1.791079,1.902306,0.698876,0.737222,0.698656,0.737257,0.703849,0.737112,0.685803
1363.5,1.200000,1.400000,-0.880000,1.791232,1.902763,0.699015,0.737216,0.698827,0.737251,0.703800,0.737096,0.685828
1364.0,1.200000,1.400000,-0.880000,1.791389,1.903219,0.699148,0.737209,0.698991,0.737246,0.703742,0.737079,0.685851
1364.5,1.200000,1.400000,-0.880000,1.791549,1.903675,0.699274,0.737203,0.699147,0.737239,0.703676,0.737062,0.685875
1365.0,1.200000,1.400000,-0.880000,1.791713,1.904129,0.699395,0.737196,0.699296,0.737233,0.703607,0.737045,0.685898
1365.5,1.200000,1.400000,-0.880000,1.791881,1.904582,0.699510,0.737188,0.699437,0.737226,0.703537,0.737028,0.685921
1366.0,1.200000,1.400000,-0.880000,1.792054,1.905034,0.699620,0.737180,0.699572,0.737219,0.703468,0.737010,0.685944
1366.5,1.200000,1.400000,-0.880000,1.792230,1.905486,0.699727,0.737172,0.699699,0.737211,0.703402,0.736992,0.685966
1367.0,1.200000,1.400000,-0.880000,1.792410,1.905936,0.699830,0.737164,0.699821,0.737204,0.703343,0.736974,0.685988
1367.5,1.200000,1.400000,-0.880000,1.792594,1.906385,0.699930,0.737155,0.699937,0.737195,0.703292,0.736956,0.686009
1368.0,1.200000,1.400000,-0.880000,1.792782,1.906833,0.700029,0.737146,0.700047,0.737187,0.703250,0.736938,0.686031
1368.5,1.200000,1.400000,-0.880000,1.792973,1.907280,0.700125,0.737136,0.700153,0.737178,0.703220,0.736919,0.686052
1369.0,1.200000,1.400000,-0.880000,1.793169,1.907726,0.700222,0.737127,0.700254,0.737169,0.703202,0.736900,0.686072
1369.5,1.200000,1.400000,-0.880000,1.793369,1.908172,0.700317,0.737116,0.700353,0.737159,0.703197,0.736882,0.686093
1370.0,1.200000,1.400000,-0.880000,1.793572,1.908616,0.700413,0.737106,0.700448,0.737149,0.703207,0.736863,0.686113
1370.5,1.200000,1.400000,-0.880000,1.793779,1.909059,0.700510,0.737095,0.700540,0.737139,0.703231,0.736843,0.686133
1371.0,1.200000,1.400000,-0.880000,1.793989,1.909501,0.700607,0.737085,0.700631,0.737128,0.703269,0.736824,0.686152
1371.5,1.200000,1.400000,-0.880000,1.794203,1.909942,0.700706,0.737073,0.700721,0.737118,0.703322,0.736805,0.686171
1372.0,1.200000,1.400000,-0.880000,1.794420,1.910382,0.700806,0.737062,0.700810,0.737107,0.703389,0.736785,0.686190
1372.5,1.200000,1.400000,-0.880000,1.794641,1.910821,0.700908,0.737050,0.700899,0.737095,0.703471,0.736766,0.686209
1373.0,1.200000,1.400000,-0.880000,1.794864,1.911258,0.701012,0.737038,0.700988,0.737084,0.703565,0.736746,0.686228
1373.5,1.200000,1.400000,-0.880000,1.795091,1.911695,0.701117,0.737026,0.701077,0.737072,0.703671,0.736727,0.686246
1374.0,1.200000,1.400000,-0.880000,1.795321,1.912131,0.701225,0.737013,0.701167,0.737060,0.703789,0.736707,0.686264
1374.5,1.200000,1.400000,-0.880000,1.795553,1.912566,0.701335,0.737001,0.701259,0.737047,0.703918,0.736687,0.686281
1375.0,1.200000,1.400000,-0.880000,1.795789,1.912999,0.701447,0.736988,0.701352,0.737034,0.704056,0.736667,0.686299
1375.5,1.200000,1.400000,-0.880000,1.796027,1.913432,0.701561,0.736975,0.701447,0.737022,0.704202,0.736647,0.686316
1376.0,1.200000,1.400000,-0.880000,1.796267,1.913863,0.701677,0.736961,0.701544,0.737008,0.704356,0.736627,0.686333
1376.5,1.200000,1.400000,-0.880000,1.796510,1.914293,0.701795,0.736948,0.701643,0.736995,0.704515,0.736607,0.686350
1377.0,1.200000,1.400000,-0.880000,1.796756,1.914723,0.701915,0.736934,0.701745,0.736981,0.704679,0.736586,0.686366
1377.5,1.200000,1.400000,-0.880000,1.797004,1.915151,0.702036,0.736920,0.701848,0.736968,0.704847,0.736566,0.686382
1378.0,1.200000,1.400000,-0.880000,1.797254,1.915578,0.702159,0.736905,0.701954,0.736953,0.705017,0.736546,0.686398
1378.5,1.200000,1.400000,-0.880000,1.797506,1.916004,0.702283,0.736891,0.702061,0.736939,0.705189,0.736525,0.686414
1379.0,1.200000,1.400000,-0.880000,1.797761,1.916429,0.702408,0.736876,0.702171,0.736925,0.705361,0.736505,0.686429
1379.5,1.200000,1.400000,-0.880000,1.798017,1.916853,0.702533,0.736861,0.702283,0.736910,0.705532,0.736484,0.686445
1380.0,1.200000,1.400000,-0.880000,1.798276,1.917275,0.702660,0.736846,0.702397,0.736895,0.705702,0.736463,0.686460
1380.5,1.200000,1.400000,-0.880000,1.798536,1.917697,0.702786,0.736831,0.702513,0.736880,0.705869,0.736442,0.686475
1381.0,1.200000,1.400000,-0.880000,1.798799,1.918117,0.702913,0.736815,0.702630,0.736865,0.706033,0.736421,0.686489
1381.5,1.200000,1.400000,-0.880000,1.799063,1.918537,0.703040,0.736800,0.702749,0.736849,0.706193,0.736400,0.686504
1382.0,1.200000,1.400000,-0.880000,1.799330,1.918955,0.703166,0.736784,0.702869,0.736834,0.706349,0.736379,0.686518
1382.5,1.200000,1.400000,-0.880000,1.799598,1.919372,0.703292,0.736768,0.702990,0.736818,0.706499,0.736358,0.686532
1383.0,1.200000,1.400000,-0.880000,1.799868,1.919788,0.703417,0.736752,0.703112,0.736802,0.706643,0.736337,0.686546
1383.5,1.200000,1.400000,-0.880000,1.800140,1.920203,0.703541,0.736735,0.703234,0.736785,0.706782,0.736315,0.686559
1384.0,1.200000,1.400000,-0.880000,1.800414,1.920616,0.703664,0.736719,0.703357,0.736769,0.706914,0.736294,0.686573
1384.5,1.200000,1.400000,-0.880000,1.800690,1.921029,0.703786,0.736702,0.703480,0.736752,0.707039,0.736272,0.686586
1385.0,1.200000,1.400000,-0.880000,1.800968,1.921441,0.703907,0.736685,0.703602,0.736736,0.707159,0.736250,0.686599
1385.5,1.200000,1.400000,-0.880000,1.801248,1.921851,0.704026,0.736668,0.703725,0.736719,0.707273,0.736228,0.686612
1386.0,1.200000,1.400000,-0.880000,1.801529,1.922260,0.704144,0.736650,0.703847,0.736702,0.707381,0.736206,0.686625
1386.5,1.200000,1.400000,-0.880000,1.801812,1.922668,0.704261,0.736633,0.703968,0.736684,0.707485,0.736184,0.686637
1387.0,1.200000,1.400000,-0.880000,1.802097,1.923075,0.704377,0.736615,0.704088,0.736667,0.707586,0.736162,0.686650
1387.5,1.200000,1.400000,-0.880000,1.802384,1.923481,0.704491,0.736598,0.704208,0.736649,0.707684,0.736140,0.686662
1388.0,1.200000,1.400000,-0.880000,1.802673,1.923886,0.704606,0.736580,0.704327,0.736632,0.707780,0.736117,0.686674
1388.5,1.200000,1.400000,-0.880000,1.802963,1.924289,0.704720,0.736562,0.704446,0.736614,0.707877,0.736095,0.686685
1389.0,1.200000,1.400000,-0.880000,1.803256,1.924691,0.704833,0.736543,0.704563,0.736596,0.707976,0.736072,0.686697
1389.5,1.200000,1.400000,-0.880000,1.803549,1.925093,0.704948,0.736525,0.704680,0.736578,0.708077,0.736050,0.686709
1390.0,1.200000,1.400000,-0.880000,1.803845,1.925493,0.705062,0.736506,0.704797,0.736559,0.708182,0.736027,0.686720
1390.5,1.200000,1.400000,-0.880000,1.804142,1.925892,0.705178,0.736488,0.704914,0.736541,0.708291,0.736004,0.686731
1391.0,1.200000,1.400000,-0.880000,1.804440,1.926289,0.705295,0.736469,0.705030,0.736522,0.708407,0.735981,0.686742
1391.5,1.200000,1.400000,-0.880000,1.804740,1.926686,0.705413,0.736450,0.705147,0.736503,0.708529,0.735958,0.686753
1392.0,1.200000,1.400000,-0.880000,1.805041,1.927082,0.705533,0.736431,0.705264,0.736484,0.708659,0.735935,0.686764
1392.5,1.200000,1.400000,-0.880000,1.805344,1.927476,0.705655,0.736412,0.705382,0.736465,0.708796,0.735912,0.686774
1393.0,1.200000,1.400000,-0.880000,1.805647,1.927869,0.705779,0.736392,0.705500,0.736446,0.708942,0.735889,0.686784
1393.5,1.200000,1.400000,-0.880000,1.805952,1.928261,0.705906,0.736373,0.705620,0.736427,0.709095,0.735866,0.686795
1394.0,1.200000,1.400000,-0.880000,1.806258,1.928652,0.706035,0.736353,0.705741,0.736407,0.709256,0.735843,0.686805
1394.5,1.200000,1.400000,-0.880000,1.806564,1.929042,0.706166,0.736333,0.705864,0.736388,0.709425,0.735819,0.686815
1395.0,1.200000,1.400000,-0.880000,1.806871,1.929430,0.706300,0.736313,0.705989,0.736368,0.709601,0.735796,0.686824
1395.5,1.200000,1.400000,-0.880000,1.807179,1.929818,0.706437,0.736293,0.706115,0.736348,0.709783,0.735773,0.686834
1396.0,1.200000,1.400000,-0.880000,1.807488,1.930204,0.706576,0.736273,0.706244,0.736328,0.709971,0.735749,0.686844
1396.5,1.200000,1.400000,-0.880000,1.807797,1.930589,0.706717,0.736253,0.706374,0.736308,0.710164,0.735726,0.686853
1397.0,1.200000,1.400000,-0.880000,1.808107,1.930973,0.706861,0.736233,0.706507,0.736288,0.710361,0.735702,0.686862
1397.5,1.200000,1.400000,-0.880000,1.808417,1.931356,0.707006,0.736212,0.706642,0.736268,0.710562,0.735679,0.686871
1398.0,1.200000,1.400000,-0.880000,1.808727,1.931738,0.707154,0.736192,0.706780,0.736247,0.710764,0.735655,0.686880
1398.5,1.200000,1.400000,-0.880000,1.809038,1.932118,0.707303,0.736171,0.706919,0.736227,0.710968,0.735631,0.686889
1399.0,1.200000,1.400000,-0.880000,1.809349,1.932497,0.707453,0.736150,0.707061,0.736206,0.711172,0.735608,0.686898
1399.5,1.200000,1.400000,-0.880000,1.809660,1.932876,0.707605,0.736130,0.707205,0.736185,0.711375,0.735584,0.686906
1400.0,1.200000,1.400000,-0.880000,1.809972,1.933253,0.707758,0.736109,0.707351,0.736164,0.711576,0.735560,0.686915
1400.5,1.200000,1.400000,-0.880000,1.810284,1.933628,0.707911,0.736088,0.707498,0.736143,0.711775,0.735536,0.686923
1401.0,1.200000,1.400000,-0.880000,1.810595,1.934003,0.708065,0.736067,0.707647,0.736122,0.711970,0.735512,0.686932
1401.5,1.200000,1.400000,-0.880000,1.810907,1.934377,0.708219,0.736045,0.707798,0.736101,0.712162,0.735489,0.686940
1402.0,1.200000,1.400000,-0.880000,1.811219,1.934749,0.708373,0.736024,0.707949,0.736080,0.712349,0.735465,0.686948
1402.5,1.200000,1.400000,-0.880000,1.811531,1.935120,0.708527,0.736003,0.708102,0.736059,0.712530,0.735441,0.686956
1403.0,1.200000,1.400000,-0.880000,1.811844,1.935490,0.708680,0.735981,0.708255,0.736037,0.712706,0.735416,0.686963
1403.5,1.200000,1.400000,-0.880000,1.812156,1.935859,0.708833,0.735959,0.708410,0.736016,0.712876,0.735392,0.686971
1404.0,1.200000,1.400000,-0.880000,1.812469,1.936227,0.708985,0.735938,0.708564,0.735994,0.713040,0.735368,0.686979
1404.5,1.200000,1.400000,-0.880000,1.812781,1.936593,0.709135,0.735916,0.708718,0.735973,0.713197,0.735344,0.686986
1405.0,1.200000,1.400000,-0.880000,1.813094,1.936959,0.709285,0.735894,0.708873,0.735951,0.713348,0.735320,0.686993
1405.5,1.200000,1.400000,-0.880000,1.813407,1.937323,0.709433,0.735872,0.709027,0.735929,0.713492,0.735295,0.687001
1406.0,1.200000,1.400000,-0.880000,1.813721,1.937686,0.709580,0.735850,0.709180,0.735907,0.713630,0.735271,0.687008
1406.5,1.200000,1.400000,-0.880000,1.814034,1.938048,0.709726,0.735828,0.709333,0.735885,0.713762,0.735247,0.687015
1407.0,1.200000,1.400000,-0.880000,1.814348,1.938409,0.709870,0.735806,0.709485,0.735863,0.713888,0.735222,0.687022
1407.5,1.200000,1.400000,-0.880000,1.814662,1.938768,0.710012,0.735784,0.709635,0.735841,0.714008,0.735198,0.687029
1408.0,1.200000,1.400000,-0.880000,1.814976,1.939127,0.710153,0.735761,0.709785,0.735819,0.714123,0.735173,0.687035
1408.5,1.200000,1.400000,-0.880000,1.815291,1.939484,0.710292,0.735739,0.709933,0.735796,0.714233,0.735149,0.687042
1409.0,1.200000,1.400000,-0.880000,1.815606,1.939840,0.710429,0.735716,0.710080,0.735774,0.714338,0.735124,0.687048
1409.5,1.200000,1.400000,-0.880000,1.815921,1.940195,0.710565,0.735694,0.710225,0.735751,0.714439,0.735099,0.687055
1410.0,1.200000,1.400000,-0.880000,1.816237,1.940549,0.710699,0.735671,0.710369,0.735729,0.714537,0.735075,0.687061
1410.5,1.200000,1.400000,-0.880000,1.816553,1.940902,0.710832,0.735648,0.710511,0.735706,0.714631,0.735050,0.687068
1411.0,1.200000,1.400000,-0.880000,1.816870,1.941253,0.710963,0.735626,0.710652,0.735683,0.714723,0.735025,0.687074
1411.5,1.200000,1.400000,-0.880000,1.817187,1.941604,0.711093,0.735603,0.710790,0.735661,0.714812,0.735000,0.687080
1412.0,1.200000,1.400000,-0.880000,1.817504,1.941953,0.711221,0.735580,0.710927,0.735638,0.714900,0.734975,0.687086
1412.5,1.200000,1.400000,-0.880000,1.817822,1.942301,0.711348,0.735557,0.711063,0.735615,0.714986,0.734950,0.687092
1413.0,1.200000,1.400000,-0.880000,1.818140,1.942648,0.711474,0.735534,0.711196,0.735592,0.715072,0.734926,0.687098
1413.5,1.200000,1.400000,-0.880000,1.818459,1.942994,0.711599,0.735511,0.711328,0.735569,0.715157,0.734901,0.687103
1414.0,1.200000,1.400000,-0.880000,1.818779,1.943339,0.711722,0.735487,0.711459,0.735546,0.715243,0.734876,0.687109
1414.5,1.200000,1.400000,-0.880000,1.819098,1.943682,0.711845,0.735464,0.711588,0.735523,0.715328,0.734851,0.687115
1415.0,1.200000,1.400000,-0.880000,1.819419,1.944025,0.711967,0.735441,0.711715,0.735499,0.715415,0.734826,0.687120
1415.5,1.200000,1.400000,-0.880000,1.819740,1.944366,0.712089,0.735418,0.711842,0.735476,0.715503,0.734800,0.687125
1416.0,1.200000,1.400000,-0.880000,1.820061,1.944706,0.712210,0.735394,0.711967,0.735453,0.715592,0.734775,0.687131
1416.5,1.200000,1.400000,-0.880000,1.820382,1.945045,0.712330,0.735371,0.712090,0.735429,0.715682,0.734750,0.687136
1417.0,1.200000,1.400000,-0.880000,1.820705,1.945383,0.712450,0.735347,0.712213,0.735406,0.715774,0.734725,0.687141
1417.5,1.200000,1.400000,-0.880000,1.821027,1.945719,0.712569,0.735324,0.712335,0.735382,0.715867,0.734700,0.687146
1418.0,1.200000,1.400000,-0.880000,1.821350,1.946055,0.712688,0.735300,0.712456,0.735359,0.715962,0.734675,0.687151
1418.5,1.200000,1.400000,-0.880000,1.821674,1.946389,0.712807,0.735276,0.712576,0.735335,0.716059,0.734650,0.687156
1419.0,1.200000,1.400000,-0.880000,1.821997,1.946723,0.712925,0.735252,0.712695,0.735311,0.716156,0.734624,0.687161
1419.5,1.200000,1.400000,-0.880000,1.822322,1.947055,0.713043,0.735229,0.712814,0.735288,0.716255,0.734599,0.687166
1420.0,1.200000,1.400000,-0.880000,1.822646,1.947386,0.713161,0.735205,0.712932,0.735264,0.716354,0.734574,0.687171
1420.5,1.200000,1.400000,-0.880000,1.822971,1.947716,0.713277,0.735181,0.713049,0.735240,0.716453,0.734549,0.687176
1421.0,1.200000,1.400000,-0.880000,1.823297,1.948045,0.713394,0.735157,0.713166,0.735216,0.716551,0.734523,0.687180
1421.5,1.200000,1.400000,-0.880000,1.823623,1.948372,0.713509,0.735133,0.713282,0.735192,0.716650,0.734498,0.687185
1422.0,1.200000,1.400000,-0.880000,1.823949,1.948699,0.713624,0.735109,0.713398,0.735168,0.716747,0.734473,0.687189
1422.5,1.200000,1.400000,-0.880000,1.824275,1.949024,0.713738,0.735085,0.713512,0.735144,0.716842,0.734447,0.687194
1423.0,1.200000,1.400000,-0.880000,1.824602,1.949349,0.713851,0.735061,0.713627,0.735120,0.716936,0.734422,0.687198
1423.5,1.200000,1.400000,-0.880000,1.824930,1.949672,0.713962,0.735037,0.713740,0.735096,0.717027,0.734397,0.687203
1424.0,1.200000,1.400000,-0.880000,1.825258,1.949994,0.714073,0.735012,0.713852,0.735072,0.717115,0.734371,0.687207
1424.5,1.200000,1.400000,-0.880000,1.825586,1.950315,0.714182,0.734988,0.713964,0.735048,0.717200,0.734346,0.687211
1425.0,1.200000,1.400000,-0.880000,1.825915,1.950635,0.714289,0.734964,0.714075,0.735023,0.717282,0.734321,0.687215
1425.5,1.200000,1.400000,-0.880000,1.826244,1.950954,0.714396,0.734940,0.714184,0.734999,0.717360,0.734295,0.687219
1426.0,1.200000,1.400000,-0.880000,1.826574,1.951271,0.714500,0.734915,0.714292,0.734975,0.717435,0.734270,0.687223
1426.5,1.200000,1.400000,-0.880000,1.826904,1.951588,0.714603,0.734891,0.714400,0.734950,0.717505,0.734244,0.687227
1427.0,1.200000,1.400000,-0.880000,1.827235,1.951903,0.714704,0.734867,0.714505,0.734926,0.717573,0.734219,0.687231
1427.5,1.200000,1.400000,-0.880000,1.827567,1.952218,0.714803,0.734842,0.714610,0.734902,0.717636,0.734194,0.687235
1428.0,1.200000,1.400000,-0.880000,1.827899,1.952531,0.714901,0.734818,0.714713,0.734877,0.717696,0.734168,0.687239
1428.5,1.200000,1.400000,-0.880000,1.828231,1.952843,0.714996,0.734793,0.714814,0.734853,0.717752,0.734143,0.687242
1429.0,1.200000,1.400000,-0.880000,1.828565,1.953154,0.715090,0.734769,0.714914,0.734828,0.717805,0.734117,0.687246
1429.5,1.200000,1.400000,-0.880000,1.828899,1.953464,0.715182,0.734744,0.715012,0.734804,0.717855,0.734092,0.687250
1430.0,1.200000,1.400000,-0.880000,1.829234,1.953773,0.715272,0.734719,0.715108,0.734779,0.717902,0.734066,0.687253
1430.5,1.200000,1.400000,-0.880000,1.829569,1.954081,0.715361,0.734695,0.715203,0.734754,0.717947,0.734041,0.687257
1431.0,1.200000,1.400000,-0.880000,1.829905,1.954388,0.715448,0.734670,0.715295,0.734730,0.717990,0.734015,0.687260
1431.5,1.200000,1.400000,-0.880000,1.830242,1.954693,0.715533,0.734645,0.715387,0.734705,0.718031,0.733990,0.687264
1432.0,1.200000,1.400000,-0.880000,1.830580,1.954998,0.715617,0.734621,0.715476,0.734680,0.718071,0.733964,0.687267
1432.5,1.200000,1.400000,-0.880000,1.830918,1.955301,0.715700,0.734596,0.715564,0.734656,0.718110,0.733939,0.687270
1433.0,1.200000,1.400000,-0.880000,1.831257,1.955604,0.715781,0.734571,0.715650,0.734631,0.718148,0.733913,0.687274
1433.5,1.200000,1.400000,-0.880000,1.831597,1.955905,0.715861,0.734546,0.715735,0.734606,0.718186,0.733888,0.687277
1434.0,1.200000,1.400000,-0.880000,1.831938,1.956205,0.715939,0.734522,0.715818,0.734581,0.718225,0.733862,0.687280
1434.5,1.200000,1.400000,-0.880000,1.832279,1.956504,0.716017,0.734497,0.715899,0.734557,0.718263,0.733837,0.687283
1435.0,1.200000,1.400000,-0.880000,1.832622,1.956802,0.716094,0.734472,0.715979,0.734532,0.718303,0.733811,0.687286
1435.5,1.200000,1.400000,-0.880000,1.832965,1.957099,0.716170,0.734447,0.716058,0.734507,0.718343,0.733786,0.687289
1436.0,1.200000,1.400000,-0.880000,1.833309,1.957395,0.716245,0.734422,0.716136,0.734482,0.718385,0.733760,0.687292
1436.5,1.200000,1.400000,-0.880000,1.833653,1.957690,0.716319,0.734397,0.716212,0.734457,0.718428,0.733735,0.687295
1437.0,1.200000,1.400000,-0.880000,1.833998,1.957984,0.716393,0.734372,0.716287,0.734432,0.718472,0.733709,0.687298
1437.5,1.200000,1.400000,-0.880000,1.834344,1.958276,0.716467,0.734347,0.716362,0.734407,0.718519,0.733683,0.687301
1438.0,1.200000,1.400000,-0.880000,1.834691,1.958568,0.716540,0.734322,0.716435,0.734382,0.718567,0.733658,0.687304
1438.5,1.200000,1.400000,-0.880000,1.835038,1.958859,0.716613,0.734297,0.716508,0.734357,0.718617,0.733632,0.687307
1439.0,1.200000,1.400000,-0.880000,1.835386,1.959148,0.716685,0.734272,0.716580,0.734332,0.718669,0.733607,0.687310
1439.5,1.200000,1.400000,-0.880000,1.835735,1.959437,0.716757,0.734247,0.716651,0.734307,0.718723,0.733581,0.687312
1440.0,1.200000,1.400000,-0.880000,1.836084,1.959724,0.716829,0.734222,0.716722,0.734282,0.718779,0.733556,0.687315
1440.5,1.200000,1.400000,-0.880000,1.836434,1.960011,0.716901,0.734197,0.716793,0.734257,0.718836,0.733530,0.687318
1441.0,1.200000,1.400000,-0.880000,1.836785,1.960296,0.716973,0.734172,0.716863,0.734232,0.718896,0.733505,0.687320
1441.5,1.200000,1.400000,-0.880000,1.837136,1.960580,0.717045,0.734147,0.716933,0.734207,0.718957,0.733479,0.687323
1442.0,1.200000,1.400000,-0.880000,1.837487,1.960863,0.717116,0.734122,0.717002,0.734182,0.719019,0.733454,0.687325
1442.5,1.200000,1.400000,-0.880000,1.837839,1.961146,0.717188,0.734097,0.717072,0.734157,0.719083,0.733428,0.687328
1443.0,1.200000,1.400000,-0.880000,1.838192,1.961427,0.717259,0.734072,0.717141,0.734132,0.719148,0.733403,0.687330
1443.5,1.200000,1.400000,-0.880000,1.838545,1.961707,0.717331,0.734047,0.717210,0.734106,0.719214,0.733377,0.687333
1444.0,1.200000,1.400000,-0.880000,1.838899,1.961986,0.717402,0.734022,0.717279,0.734081,0.719281,0.733352,0.687335
1444.5,1.200000,1.400000,-0.880000,1.839253,1.962264,0.717474,0.733996,0.717348,0.734056,0.719348,0.733327,0.687337
1445.0,1.200000,1.400000,-0.880000,1.839607,1.962541,0.717545,0.733971,0.717417,0.734031,0.719416,0.733301,0.687340
1445.5,1.200000,1.400000,-0.880000,1.839962,1.962817,0.717616,0.733946,0.717486,0.734006,0.719483,0.733276,0.687342
1446.0,1.200000,1.400000,-0.880000,1.840317,1.963092,0.717686,0.733921,0.717555,0.733981,0.719551,0.733250,0.687344
1446.5,1.200000,1.400000,-0.880000,1.840673,1.963366,0.717757,0.733896,0.717623,0.733955,0.719619,0.733225,0.687347
1447.0,1.200000,1.400000,-0.880000,1.841029,1.963639,0.717827,0.733871,0.717692,0.733930,0.719686,0.733199,0.687349
1447.5,1.200000,1.400000,-0.880000,1.841385,1.963911,0.717897,0.733845,0.717761,0.733905,0.719753,0.733174,0.687351
1448.0,1.200000,1.400000,-0.880000,1.841742,1.964182,0.717967,0.733820,0.717829,0.733880,0.719819,0.733149,0.687353
1448.5,1.200000,1.400000,-0.880000,1.842099,1.964452,0.718037,0.733795,0.717898,0.733855,0.719884,0.733123,0.687355
1449.0,1.200000,1.400000,-0.880000,1.842457,1.964721,0.718106,0.733770,0.717966,0.733829,0.719949,0.733098,0.687357
1449.5,1.200000,1.400000,-0.880000,1.842815,1.964988,0.718174,0.733745,0.718034,0.733804,0.720012,0.733073,0.687359
1450.0,1.200000,1.400000,-0.880000,1.843173,1.965255,0.718242,0.733719,0.718102,0.733779,0.720074,0.733047,0.687361
1450.5,1.200000,1.400000,-0.880000,1.843531,1.965521,0.718310,0.733694,0.718170,0.733754,0.720135,0.733022,0.687363
1451.0,1.200000,1.400000,-0.880000,1.843890,1.965786,0.718377,0.733669,0.718238,0.733728,0.720195,0.732997,0.687365
1451.5,1.200000,1.400000,-0.880000,1.844249,1.966050,0.718444,0.733644,0.718305,0.733703,0.720254,0.732971,0.687367
1452.0,1.200000,1.400000,-0.880000,1.844608,1.966313,0.718510,0.733619,0.718372,0.733678,0.720313,0.732946,0.687369
1452.5,1.200000,1.400000,-0.880000,1.844968,1.966575,0.718576,0.733593,0.718438,0.733653,0.720370,0.732921,0.687371
1453.0,1.200000,1.400000,-0.880000,1.845327,1.966835,0.718642,0.733568,0.718505,0.733627,0.720426,0.732896,0.687373
1453.5,1.200000,1.400000,-0.880000,1.845688,1.967095,0.718707,0.733543,0.718571,0.733602,0.720482,0.732870,0.687375
1454.0,1.200000,1.400000,-0.880000,1.846048,1.967354,0.718772,0.733518,0.718636,0.733577,0.720538,0.732845,0.687376
1454.5,1.200000,1.400000,-0.880000,1.846408,1.967612,0.718836,0.733493,0.718701,0.733552,0.720593,0.732820,0.687378
1455.0,1.200000,1.400000,-0.880000,1.846769,1.967869,0.718900,0.733467,0.718766,0.733527,0.720648,0.732795,0.687380
1455.5,1.200000,1.400000,-0.880000,1.847130,1.968125,0.718964,0.733442,0.718831,0.733501,0.720702,0.732769,0.687382
1456.0,1.200000,1.400000,-0.880000,1.847491,1.968380,0.719027,0.733417,0.718895,0.733476,0.720757,0.732744,0.687383
1456.5,1.200000,1.400000,-0.880000,1.847853,1.968634,0.719091,0.733392,0.718959,0.733451,0.720813,0.732719,0.687385
1457.0,1.200000,1.400000,-0.880000,1.848214,1.968887,0.719154,0.733366,0.719023,0.733426,0.720869,0.732694,0.687387
1457.5,1.200000,1.400000,-0.880000,1.848576,1.969139,0.719217,0.733341,0.719086,0.733400,0.720925,0.732669,0.687388
1458.0,1.200000,1.400000,-0.880000,1.848938,1.969390,0.719280,0.733316,0.719149,0.733375,0.720982,0.732644,0.687390
1458.5,1.200000,1.400000,-0.880000,1.849300,1.969640,0.719343,0.733291,0.719212,0.733350,0.721040,0.732618,0.687391
1459.0,1.200000,1.400000,-0.880000,1.849662,1.969889,0.719406,0.733266,0.719275,0.733325,0.721099,0.732593,0.687393
1459.5,1.200000,1.400000,-0.880000,1.850024,1.970137,0.719470,0.733241,0.719338,0.733299,0.721158,0.732568,0.687394
1460.0,1.200000,1.400000,-0.880000,1.850387,1.970384,0.719533,0.733215,0.719401,0.733274,0.721219,0.732543,0.687396
1460.5,1.200000,1.400000,-0.880000,1.850749,1.970630,0.719596,0.733190,0.719463,0.733249,0.721280,0.732518,0.687397
1461.0,1.200000,1.400000,-0.880000,1.851111,1.970876,0.719660,0.733165,0.719526,0.733224,0.721343,0.732493,0.687399
1461.5,1.200000,1.400000,-0.880000,1.851473,1.971120,0.719724,0.733140,0.719589,0.733199,0.721406,0.732468,0.687400
1462.0,1.200000,1.400000,-0.880000,1.851836,1.971363,0.719787,0.733115,0.719651,0.733173,0.721470,0.732443,0.687402
1462.5,1.200000,1.400000,-0.880000,1.852198,1.971606,0.719851,0.733090,0.719714,0.733148,0.721535,0.732418,0.687403
1463.0,1.200000,1.400000,-0.880000,1.852560,1.971847,0.719915,0.733064,0.719777,0.733123,0.721601,0.732393,0.687405
1463.5,1.200000,1.400000,-0.880000,1.852922,1.972088,0.719980,0.733039,0.719840,0.733098,0.721667,0.732368,0.687406
1464.0,1.200000,1.400000,-0.880000,1.853285,1.972327,0.720044,0.733014,0.719903,0.733073,0.721734,0.732343,0.687407
1464.5,1.200000,1.400000,-0.880000,1.853647,1.972566,0.720109,0.732989,0.719966,0.733048,0.721801,0.732318,0.687409
1465.0,1.200000,1.400000,-0.880000,1.854008,1.972803,0.720173,0.732964,0.720030,0.733023,0.721868,0.732294,0.687410
1465.5,1.200000,1.400000,-0.880000,1.854370,1.973040,0.720238,0.732939,0.720093,0.732997,0.721936,0.732269,0.687411
1466.0,1.200000,1.400000,-0.880000,1.854732,1.973276,0.720302,0.732914,0.720157,0.732972,0.722003,0.732244,0.687412
1466.5,1.200000,1.400000,-0.880000,1.855093,1.973511,0.720367,0.732889,0.720221,0.732947,0.722070,0.732219,0.687414
1467.0,1.200000,1.400000,-0.880000,1.855454,1.973745,0.720432,0.732864,0.720285,0.732922,0.722137,0.732194,0.687415
1467.5,1.200000,1.400000,-0.880000,1.855816,1.973978,0.720496,0.732839,0.720349,0.732897,0.722203,0.732169,0.687416
1468.0,1.200000,1.400000,-0.880000,1.856176,1.974210,0.720561,0.732814,0.720413,0.732872,0.722268,0.732145,0.687417
1468.5,1.200000,1.400000,-0.880000,1.856537,1.974441,0.720625,0.732789,0.720477,0.732847,0.722333,0.732120,0.687419
1469.0,1.200000,1.400000,-0.880000,1.856898,1.974671,0.720689,0.732764,0.720541,0.732822,0.722397,0.732095,0.687420
1469.5,1.200000,1.400000,-0.880000,1.857258,1.974901,0.720753,0.732739,0.720605,0.732797,0.722460,0.732070,0.687421
1470.0,1.200000,1.400000,-0.880000,1.857618,1.975129,0.720817,0.732714,0.720668,0.732772,0.722522,0.732046,0.687422
1470.5,1.200000,1.400000,-0.880000,1.857978,1.975356,0.720880,0.732689,0.720732,0.732747,0.722583,0.732021,0.687423
1471.0,1.200000,1.400000,-0.880000,1.858338,1.975583,0.720943,0.732664,0.720796,0.732722,0.722643,0.731996,0.687424
1471.5,1.200000,1.400000,-0.880000,1.858697,1.975809,0.721005,0.732639,0.720860,0.732697,0.722702,0.731972,0.687425
1472.0,1.200000,1.400000,-0.880000,1.859056,1.976033,0.721068,0.732614,0.720923,0.732672,0.722759,0.731947,0.687426
1472.5,1.200000,1.400000,-0.880000,1.859415,1.976257,0.721130,0.732589,0.720986,0.732647,0.722815,0.731923,0.687427
1473.0,1.200000,1.400000,-0.880000,1.859774,1.976480,0.721191,0.732564,0.721049,0.732622,0.722870,0.731898,0.687428
1473.5,1.200000,1.400000,-0.880000,1.860132,1.976702,0.721252,0.732539,0.721111,0.732597,0.722924,0.731873,0.687429
1474.0,1.200000,1.400000,-0.880000,1.860491,1.976924,0.721312,0.732514,0.721173,0.732572,0.722976,0.731849,0.687430
1474.5,1.200000,1.400000,-0.880000,1.860849,1.977144,0.721372,0.732489,0.721235,0.732547,0.723027,0.731824,0.687431
1475.0,1.200000,1.400000,-0.880000,1.861207,1.977363,0.721432,0.732465,0.721297,0.732522,0.723077,0.731800,0.687432
1475.5,1.200000,1.400000,-0.880000,1.861564,1.977582,0.721491,0.732440,0.721358,0.732497,0.723126,0.731776,0.687433
1476.0,1.200000,1.400000,-0.880000,1.861922,1.977799,0.721550,0.732415,0.721418,0.732472,0.723174,0.731751,0.687434
1476.5,1.200000,1.400000,-0.880000,1.862279,1.978016,0.721608,0.732390,0.721478,0.732447,0.723221,0.731727,0.687435
1477.0,1.200000,1.400000,-0.880000,1.862636,1.978232,0.721665,0.732365,0.721538,0.732423,0.723266,0.731702,0.687436
1477.5,1.200000,1.400000,-0.880000,1.862992,1.978447,0.721722,0.732341,0.721597,0.732398,0.723312,0.731678,0.687437
1478.0,1.200000,1.400000,-0.880000,1.863349,1.978661,0.721779,0.732316,0.721656,0.732373,0.723356,0.731654,0.687438
1478.5,1.200000,1.400000,-0.880000,1.863705,1.978874,0.721835,0.732291,0.721714,0.732348,0.723399,0.731629,0.687439
1479.0,1.200000,1.400000,-0.880000,1.864061,1.979087,0.721890,0.732266,0.721771,0.732323,0.723442,0.731605,0.687440
1479.5,1.200000,1.400000,-0.880000,1.864417,1.979298,0.721946,0.732242,0.721828,0.732299,0.723485,0.731581,0.687441
1480.0,1.200000,1.400000,-0.880000,1.864772,1.979509,0.722000,0.732217,0.721885,0.732274,0.723527,0.731556,0.687441
1480.5,1.200000,1.400000,-0.880000,1.865128,1.979718,0.722055,0.732192,0.721941,0.732249,0.723569,0.731532,0.687442
1481.0,1.200000,1.400000,-0.880000,1.865483,1.979927,0.722109,0.732168,0.721997,0.732225,0.723610,0.731508,0.687443
1481.5,1.200000,1.400000,-0.880000,1.865837,1.980135,0.722162,0.732143,0.722052,0.732200,0.723651,0.731484,0.687444
1482.0,1.200000,1.400000,-0.880000,1.866192,1.980342,0.722215,0.732118,0.722107,0.732175,0.723692,0.731460,0.687445
1482.5,1.200000,1.400000,-0.880000,1.866546,1.980549,0.722268,0.732094,0.722161,0.732150,0.723733,0.731436,0.687446
1483.0,1.200000,1.400000,-0.880000,1.866900,1.980754,0.722320,0.732069,0.722215,0.732126,0.723774,0.731411,0.687446
1483.5,1.200000,1.400000,-0.880000,1.867254,1.980959,0.722372,0.732045,0.722268,0.732101,0.723814,0.731387,0.687447
1484.0,1.200000,1.400000,-0.880000,1.867608,1.981162,0.722424,0.732020,0.722321,0.732077,0.723855,0.731363,0.687448
1484.5,1.200000,1.400000,-0.880000,1.867961,1.981365,0.722476,0.731996,0.722373,0.732052,0.723895,0.731339,0.687449
1485.0,1.200000,1.400000,-0.880000,1.868314,1.981567,0.722527,0.731971,0.722425,0.732028,0.723935,0.731315,0.687449
1485.5,1.200000,1.400000,-0.880000,1.868667,1.981769,0.722577,0.731947,0.722477,0.732003,0.723975,0.731291,0.687450
1486.0,1.200000,1.400000,-0.880000,1.869020,1.981969,0.722628,0.731922,0.722528,0.731978,0.724015,0.731267,0.687451
1486.5,1.200000,1.400000,-0.880000,1.869372,1.982169,0.722678,0.731898,0.722579,0.731954,0.724055,0.731243,0.687451
1487.0,1.200000,1.400000,-0.880000,1.869724,1.982367,0.722727,0.731873,0.722630,0.731929,0.724095,0.731220,0.687452
1487.5,1.200000,1.400000,-0.880000,1.870076,1.982565,0.722777,0.731849,0.722680,0.731905,0.724134,0.731196,0.687453
1488.0,1.200000,1.400000,-0.880000,1.870427,1.982762,0.722826,0.731824,0.722730,0.731881,0.724173,0.731172,0.687454
1488.5,1.200000,1.400000,-0.880000,1.870778,1.982958,0.722874,0.731800,0.722779,0.731856,0.724211,0.731148,0.687454
1489.0,1.200000,1.400000,-0.880000,1.871129,1.983154,0.722922,0.731776,0.722828,0.731832,0.724249,0.731124,0.687455
1489.5,1.200000,1.400000,-0.880000,1.871480,1.983348,0.722970,0.731751,0.722877,0.731807,0.724286,0.731100,0.687455
1490.0,1.200000,1.400000,-0.880000,1.871830,1.983542,0.723017,0.731727,0.722925,0.731783,0.724323,0.731077,0.687456
1490.5,1.200000,1.400000,-0.880000,1.872180,1.983735,0.723064,0.731703,0.722973,0.731759,0.724359,0.731053,0.687457
1491.0,1.200000,1.400000,-0.880000,1.872530,1.983927,0.723110,0.731679,0.723020,0.731734,0.724394,0.731029,0.687457
1491.5,1.200000,1.400000,-0.880000,1.872879,1.984118,0.723156,0.731654,0.723067,0.731710,0.724429,0.731006,0.687458
1492.0,1.200000,1.400000,-0.880000,1.873229,1.984309,0.723201,0.731630,0.723113,0.731686,0.724463,0.730982,0.687459
1492.5,1.200000,1.400000,-0.880000,1.873578,1.984499,0.723246,0.731606,0.723160,0.731662,0.724496,0.730958,0.687459
1493.0,1.200000,1.400000,-0.880000,1.873926,1.984687,0.723291,0.731582,0.723205,0.731637,0.724529,0.730935,0.687460
1493.5,1.200000,1.400000,-0.880000,1.874275,1.984876,0.723335,0.731558,0.723250,0.731613,0.724560,0.730911,0.687460
1494.0,1.200000,1.400000,-0.880000,1.874623,1.985063,0.723378,0.731534,0.723295,0.731589,0.724591,0.730888,0.687461
1494.5,1.200000,1.400000,-0.880000,1.874971,1.985249,0.723421,0.731509,0.723339,0.731565,0.724621,0.730864,0.687461
1495.0,1.200000,1.400000,-0.880000,1.875318,1.985435,0.723463,0.731485,0.723383,0.731541,0.724650,0.730841,0.687462
1495.5,1.200000,1.400000,-0.880000,1.875666,1.985620,0.723504,0.731461,0.723426,0.731517,0.724678,0.730817,0.687463
1496.0,1.200000,1.400000,-0.880000,1.876013,1.985804,0.723546,0.731437,0.723469,0.731492,0.724706,0.730794,0.687463
1496.5,1.200000,1.400000,-0.880000,1.876360,1.985987,0.723586,0.731413,0.723511,0.731468,0.724733,0.730770,0.687464
1497.0,1.200000,1.400000,-0.880000,1.876706,1.986170,0.723626,0.731389,0.723553,0.731444,0.724759,0.730747,0.687464
1497.5,1.200000,1.400000,-0.880000,1.877053,1.986351,0.723666,0.731365,0.723594,0.731420,0.724785,0.730724,0.687465
1498.0,1.200000,1.400000,-0.880000,1.877399,1.986532,0.723705,0.731341,0.723634,0.731396,0.724810,0.730700,0.687465
1498.5,1.200000,1.400000,-0.880000,1.877745,1.986713,0.723743,0.731318,0.723674,0.731372,0.724834,0.730677,0.687466
1499.0,1.200000,1.400000,-0.880000,1.878090,1.986892,0.723781,0.731294,0.723714,0.731348,0.724858,0.730654,0.687466
1499.5,1.200000,1.400000,-0.880000,1.878436,1.987070,0.723819,0.731270,0.723753,0.731324,0.724882,0.730631,0.687467
1500.0,1.200000,1.400000,-0.880000,1.878781,1.987248,0.723856,0.731246,0.723791,0.731301,0.724905,0.730607,0.687467
1500.5,1.200000,1.400000,-0.880000,1.879126,1.987425,0.723892,0.731222,0.723829,0.731277,0.724928,0.730584,0.687468
1501.0,1.200000,1.400000,-0.880000,1.879470,1.987602,0.723928,0.731198,0.723866,0.731253,0.724951,0.730561,0.687468
1501.5,1.200000,1.400000,-0.880000,1.879815,1.987777,0.723964,0.731175,0.723903,0.731229,0.724974,0.730538,0.687468
1502.0,1.200000,1.400000,-0.880000,1.880159,1.987952,0.723999,0.731151,0.723940,0.731205,0.724996,0.730515,0.687469
1502.5,1.200000,1.400000,-0.880000,1.880503,1.988126,0.724034,0.731127,0.723976,0.731181,0.725018,0.730492,0.687469
1503.0,1.200000,1.400000,-0.880000,1.880846,1.988299,0.724069,0.731103,0.724011,0.731158,0.725041,0.730469,0.687470
1503.5,1.200000,1.400000,-0.880000,1.881190,1.988472,0.724103,0.731080,0.724046,0.731134,0.725063,0.730446,0.687470
1504.0,1.200000,1.400000,-0.880000,1.881533,1.988643,0.724137,0.731056,0.724081,0.731110,0.725085,0.730423,0.687471
1504.5,1.200000,1.400000,-0.880000,1.881875,1.988814,0.724170,0.731033,0.724115,0.731087,0.725108,0.730400,0.687471
1505.0,1.200000,1.400000,-0.880000,1.882218,1.988984,0.724204,0.731009,0.724149,0.731063,0.725130,0.730377,0.687471
1505.5,1.200000,1.400000,-0.880000,1.882560,1.989154,0.724237,0.730985,0.724182,0.731039,0.725153,0.730354,0.687472
1506.0,1.200000,1.400000,-0.880000,1.882902,1.989323,0.724269,0.730962,0.724215,0.731016,0.725176,0.730331,0.687472
1506.5,1.200000,1.400000,-0.880000,1.883244,1.989491,0.724302,0.730938,0.724248,0.730992,0.725199,0.730308,0.687473
1507.0,1.200000,1.400000,-0.880000,1.883585,1.989658,0.724334,0.730915,0.724281,0.730969,0.725221,0.730286,0.687473
1507.5,1.200000,1.400000,-0.880000,1.883926,1.989824,0.724366,0.730891,0.724313,0.730945,0.725245,0.730263,0.687473
1508.0,1.200000,1.400000,-0.880000,1.884267,1.989990,0.724397,0.730868,0.724345,0.730922,0.725268,0.730240,0.687474
1508.5,1.200000,1.400000,-0.880000,1.884608,1.990155,0.724429,0.730845,0.724376,0.730898,0.725291,0.730217,0.687474
1509.0,1.200000,1.400000,-0.880000,1.884948,1.990319,0.724460,0.730821,0.724407,0.730875,0.725314,0.730195,0.687475
1509.5,1.200000,1.400000,-0.880000,1.885288,1.990483,0.724491,0.730798,0.724438,0.730851,0.725338,0.730172,0.687475
1510.0,1.200000,1.400000,-0.880000,1.885627,1.990646,0.724521,0.730775,0.724469,0.730828,0.725361,0.730149,0.687475
1510.5,1.200000,1.400000,-0.880000,1.885967,1.990808,0.724552,0.730751,0.724500,0.730804,0.725385,0.730127,0.687476
1511.0,1.200000,1.400000,-0.880000,1.886306,1.990969,0.724582,0.730728,0.724530,0.730781,0.725408,0.730104,0.687476
1511.5,1.200000,1.400000,-0.880000,1.886644,1.991130,0.724612,0.730705,0.724560,0.730758,0.725432,0.730082,0.687476
1512.0,1.200000,1.400000,-0.880000,1.886983,1.991290,0.724642,0.730682,0.724590,0.730735,0.725455,0.730059,0.687477
1512.5,1.200000,1.400000,-0.880000,1.887320,1.991449,0.724671,0.730658,0.724620,0.730711,0.725478,0.730037,0.687477
1513.0,1.200000,1.400000,-0.880000,1.887658,1.991607,0.724701,0.730635,0.724649,0.730688,0.725501,0.730014,0.687477
1513.5,1.200000,1.400000,-0.880000,1.887995,1.991765,0.724730,0.730612,0.724678,0.730665,0.725524,0.729992,0.687478
1514.0,1.200000,1.400000,-0.880000,1.888332,1.991922,0.724758,0.730589,0.724707,0.730642,0.725547,0.729970,0.687478
1514.5,1.200000,1.400000,-0.880000,1.888669,1.992079,0.724787,0.730566,0.724736,0.730618,0.725570,0.729947,0.687478
1515.0,1.200000,1.400000,-0.880000,1.889005,1.992234,0.724815,0.730543,0.724764,0.730595,0.725592,0.729925,0.687479
1515.5,1.200000,1.400000,-0.880000,1.889341,1.992389,0.724844,0.730520,0.724793,0.730572,0.725614,0.729903,0.687479
1516.0,1.200000,1.400000,-0.880000,1.889676,1.992543,0.724871,0.730497,0.724821,0.730549,0.725636,0.729880,0.687479
1516.5,1.200000,1.400000,-0.880000,1.890011,1.992697,0.724899,0.730474,0.724849,0.730526,0.725657,0.729858,0.687480
1517.0,1.200000,1.400000,-0.880000,1.890346,1.992850,0.724926,0.730451,0.724876,0.730503,0.725679,0.729836,0.687480
1517.5,1.200000,1.400000,-0.880000,1.890681,1.993002,0.724954,0.730428,0.724904,0.730480,0.725700,0.729814,0.687480
1518.0,1.200000,1.400000,-0.880000,1.891015,1.993153,0.724980,0.730405,0.724931,0.730457,0.725720,0.729792,0.687480
1518.5,1.200000,1.400000,-0.880000,1.891348,1.993304,0.725007,0.730382,0.724958,0.730434,0.725741,0.729769,0.687481
1519.0,1.200000,1.400000,-0.880000,1.891681,1.993454,0.725033,0.730359,0.724985,0.730411,0.725761,0.729747,0.687481
1519.5,1.200000,1.400000,-0.880000,1.892014,1.993604,0.725060,0.730337,0.725011,0.730389,0.725781,0.729725,0.687481
1520.0,1.200000,1.400000,-0.880000,1.892347,1.993752,0.725086,0.730314,0.725038,0.730366,0.725801,0.729703,0.687481
1520.5,1.200000,1.400000,-0.880000,1.892679,1.993900,0.725111,0.730291,0.725064,0.730343,0.725820,0.729681,0.687482
1521.0,1.200000,1.400000,-0.880000,1.893010,1.994048,0.725137,0.730268,0.725090,0.730320,0.725840,0.729659,0.687482
1521.5,1.200000,1.400000,-0.880000,1.893342,1.994194,0.725162,0.730246,0.725115,0.730297,0.725859,0.729637,0.687482
1522.0,1.200000,1.400000,-0.880000,1.893673,1.994340,0.725187,0.730223,0.725141,0.730275,0.725878,0.729616,0.687483
1522.5,1.200000,1.400000,-0.880000,1.894003,1.994485,0.725212,0.730200,0.725166,0.730252,0.725897,0.729594,0.687483
1523.0,1.200000,1.400000,-0.880000,1.894333,1.994630,0.725236,0.730178,0.725191,0.730229,0.725916,0.729572,0.687483
1523.5,1.200000,1.400000,-0.880000,1.894663,1.994774,0.725261,0.730155,0.725216,0.730207,0.725935,0.729550,0.687483
1524.0,1.200000,1.400000,-0.880000,1.894992,1.994917,0.725285,0.730133,0.725240,0.730184,0.725953,0.729528,0.687484
1524.5,1.200000,1.400000,-0.880000,1.895321,1.995060,0.725309,0.730110,0.725265,0.730161,0.725972,0.729507,0.687484
1525.0,1.200000,1.400000,-0.880000,1.895649,1.995202,0.725333,0.730088,0.725289,0.730139,0.725991,0.729485,0.687484
1525.5,1.200000,1.400000,-0.880000,1.895977,1.995343,0.725357,0.730065,0.725313,0.730116,0.726009,0.729463,0.687484
1526.0,1.200000,1.400000,-0.880000,1.896305,1.995484,0.725381,0.730043,0.725337,0.730094,0.726028,0.729442,0.687484
1526.5,1.200000,1.400000,-0.880000,1.896632,1.995624,0.725404,0.730020,0.725360,0.730071,0.726047,0.729420,0.687485
1527.0,1.200000,1.400000,-0.880000,1.896958,1.995763,0.725427,0.729998,0.725384,0.730049,0.726065,0.729398,0.687485
1527.5,1.200000,1.400000,-0.880000,1.897284,1.995902,0.725450,0.729976,0.725407,0.730027,0.726084,0.729377,0.687485
1528.0,1.200000,1.400000,-0.880000,1.897610,1.996040,0.725474,0.729953,0.725430,0.730004,0.726103,0.729355,0.687485
1528.5,1.200000,1.400000,-0.880000,1.897935,1.996177,0.725496,0.729931,0.725453,0.729982,0.726122,0.729334,0.687486
1529.0,1.200000,1.400000,-0.880000,1.898260,1.996314,0.725519,0.729909,0.725476,0.729960,0.726140,0.729312,0.687486
1529.5,1.200000,1.400000,-0.880000,1.898584,1.996450,0.725542,0.729887,0.725499,0.729937,0.726159,0.729291,0.687486
1530.0,1.200000,1.400000,-0.880000,1.898908,1.996585,0.725564,0.729865,0.725522,0.729915,0.726178,0.729270,0.687486
1530.5,1.200000,1.400000,-0.880000,1.899232,1.996720,0.725587,0.729842,0.725544,0.729893,0.726197,0.729248,0.687486
1531.0,1.200000,1.400000,-0.880000,1.899554,1.996854,0.725609,0.729820,0.725567,0.729871,0.726215,0.729227,0.687487
1531.5,1.200000,1.400000,-0.880000,1.899877,1.996988,0.725631,0.729798,0.725589,0.729848,0.726234,0.729206,0.687487
1532.0,1.200000,1.400000,-0.880000,1.900199,1.997121,0.725653,0.729776,0.725611,0.729826,0.726252,0.729184,0.687487
1532.5,1.200000,1.400000,-0.880000,1.900520,1.997253,0.725675,0.729754,0.725633,0.729804,0.726271,0.729163,0.687487
1533.0,1.200000,1.400000,-0.880000,1.900841,1.997384,0.725697,0.729732,0.725655,0.729782,0.726289,0.729142,0.687487
1533.5,1.200000,1.400000,-0.880000,1.901161,1.997515,0.725719,0.729710,0.725677,0.729760,0.726307,0.729121,0.687487
1534.0,1.200000,1.400000,-0.880000,1.901481,1.997646,0.725740,0.729688,0.725698,0.729738,0.726325,0.729099,0.687488
1534.5,1.200000,1.400000,-0.880000,1.901801,1.997775,0.725762,0.729666,0.725720,0.729716,0.726343,0.729078,0.687488
1535.0,1.200000,1.400000,-0.880000,1.902120,1.997905,0.725783,0.729644,0.725741,0.729694,0.726361,0.729057,0.687488
1535.5,1.200000,1.400000,-0.880000,1.902438,1.998033,0.725804,0.729623,0.725762,0.729672,0.726378,0.729036,0.687488
1536.0,1.200000,1.400000,-0.880000,1.902756,1.998161,0.725825,0.729601,0.725783,0.729650,0.726395,0.729015,0.687488
1536.5,1.200000,1.400000,-0.880000,1.903073,1.998288,0.725845,0.729579,0.725804,0.729628,0.726412,0.728994,0.687488
1537.0,1.200000,1.400000,-0.880000,1.903390,1.998415,0.725866,0.729557,0.725825,0.729607,0.726429,0.728973,0.687489
1537.5,1.200000,1.400000,-0.880000,1.903706,1.998541,0.725886,0.729535,0.725846,0.729585,0.726445,0.728952,0.687489
1538.0,1.200000,1.400000,-0.880000,1.904022,1.998666,0.725906,0.729514,0.725866,0.729563,0.726461,0.728932,0.687489
1538.5,1.200000,1.400000,-0.880000,1.904337,1.998791,0.725926,0.729492,0.725887,0.729541,0.726477,0.728911,0.687489
1539.0,1.200000,1.400000,-0.880000,1.904652,1.998915,0.725946,0.729470,0.725907,0.729519,0.726493,0.728890,0.687489
1539.5,1.200000,1.400000,-0.880000,1.904966,1.999039,0.725966,0.729449,0.725927,0.729498,0.726508,0.728869,0.687489
1540.0,1.200000,1.400000,-0.880000,1.905280,1.999162,0.725985,0.729427,0.725947,0.729476,0.726523,0.728848,0.687490
1540.5,1.200000,1.400000,-0.880000,1.905593,1.999284,0.726004,0.729406,0.725967,0.729455,0.726537,0.728828,0.687490
1541.0,1.200000,1.400000,-0.880000,1.905905,1.999406,0.726023,0.729384,0.725986,0.729433,0.726551,0.728807,0.687490
1541.5,1.200000,1.400000,-0.880000,1.906217,1.999527,0.726042,0.729363,0.726005,0.729411,0.726565,0.728786,0.687490
1542.0,1.200000,1.400000,-0.880000,1.906529,1.999648,0.726060,0.729341,0.726024,0.729390,0.726578,0.728766,0.687490
1542.5,1.200000,1.400000,-0.880000,1.906840,1.999768,0.726079,0.729320,0.726043,0.729368,0.726592,0.728745,0.687490
1543.0,1.200000,1.400000,-0.880000,1.907150,1.999887,0.726097,0.729298,0.726062,0.729347,0.726605,0.728724,0.687490
1543.5,1.200000,1.400000,-0.880000,1.907460,2.000006,0.726115,0.729277,0.726081,0.729325,0.726617,0.728704,0.687491
1544.0,1.200000,1.400000,-0.880000,1.907770,2.000124,0.726132,0.729256,0.726099,0.729304,0.726630,0.728683,0.687491
1544.5,1.200000,1.400000,-0.880000,1.908078,2.000242,0.726150,0.729234,0.726117,0.729283,0.726642,0.728663,0.687491
1545.0,1.200000,1.400000,-0.880000,1.908387,2.000359,0.726167,0.729213,0.726135,0.729261,0.726653,0.728642,0.687491
1545.5,1.200000,1.400000,-0.880000,1.908694,2.000475,0.726184,0.729192,0.726152,0.729240,0.726665,0.728622,0.687491
1546.0,1.200000,1.400000,-0.880000,1.909002,2.000591,0.726201,0.729171,0.726170,0.729219,0.726676,0.728602,0.687491
1546.5,1.200000,1.400000,-0.880000,1.909308,2.000706,0.726218,0.729150,0.726187,0.729198,0.726688,0.728581,0.687491
1547.0,1.200000,1.400000,-0.880000,1.909614,2.000821,0.726234,0.729128,0.726204,0.729176,0.726698,0.728561,0.687491
1547.5,1.200000,1.400000,-0.880000,1.909920,2.000935,0.726251,0.729107,0.726221,0.729155,0.726709,0.728541,0.687492
1548.0,1.200000,1.400000,-0.880000,1.910225,2.001049,0.726267,0.729086,0.726238,0.729134,0.726720,0.728520,0.687492
1548.5,1.200000,1.400000,-0.880000,1.910529,2.001162,0.726282,0.729065,0.726254,0.729113,0.726730,0.728500,0.687492
1549.0,1.200000,1.400000,-0.880000,1.910833,2.001274,0.726298,0.729044,0.726270,0.729092,0.726740,0.728480,0.687492
1549.5,1.200000,1.400000,-0.880000,1.911137,2.001386,0.726314,0.729023,0.726286,0.729071,0.726750,0.728460,0.687492
1550.0,1.200000,1.400000,-0.880000,1.911439,2.001498,0.726329,0.729002,0.726302,0.729050,0.726760,0.728440,0.687492
1550.5,1.200000,1.400000,-0.880000,1.911742,2.001608,0.726344,0.728981,0.726318,0.729029,0.726770,0.728420,0.687492
1551.0,1.200000,1.400000,-0.880000,1.912043,2.001719,0.726359,0.728960,0.726333,0.729008,0.726780,0.728400,0.687492
1551.5,1.200000,1.400000,-0.880000,1.912345,2.001828,0.726374,0.728940,0.726348,0.728987,0.726789,0.728380,0.687493
1552.0,1.200000,1.400000,-0.880000,1.912645,2.001937,0.726388,0.728919,0.726363,0.728966,0.726798,0.728360,0.687493
1552.5,1.200000,1.400000,-0.880000,1.912945,2.002046,0.726403,0.728898,0.726378,0.728945,0.726808,0.728340,0.687493
1553.0,1.200000,1.400000,-0.880000,1.913245,2.002154,0.726417,0.728877,0.726393,0.728924,0.726817,0.728320,0.687493
1553.5,1.200000,1.400000,-0.880000,1.913544,2.002261,0.726431,0.728856,0.726407,0.728903,0.726825,0.728300,0.687493
1554.0,1.200000,1.400000,-0.880000,1.913842,2.002368,0.726444,0.728836,0.726421,0.728883,0.726834,0.728280,0.687493
1554.5,1.200000,1.400000,-0.880000,1.914140,2.002475,0.726458,0.728815,0.726435,0.728862,0.726842,0.728260,0.687493
1555.0,1.200000,1.400000,-0.880000,1.914437,2.002580,0.726471,0.728794,0.726449,0.728841,0.726851,0.728240,0.687493
1555.5,1.200000,1.400000,-0.880000,1.914734,2.002686,0.726485,0.728774,0.726463,0.728820,0.726859,0.728221,0.687493
1556.0,1.200000,1.400000,-0.880000,1.915030,2.002790,0.726498,0.728753,0.726476,0.728800,0.726867,0.728201,0.687493
1556.5,1.200000,1.400000,-0.880000,1.915326,2.002894,0.726510,0.728733,0.726490,0.728779,0.726874,0.728181,0.687494
1557.0,1.200000,1.400000,-0.880000,1.915621,2.002998,0.726523,0.728712,0.726503,0.728759,0.726882,0.728162,0.687494
1557.5,1.200000,1.400000,-0.880000,1.915915,2.003101,0.726536,0.728692,0.726516,0.728738,0.726889,0.728142,0.687494
1558.0,1.200000,1.400000,-0.880000,1.916209,2.003204,0.726548,0.728671,0.726528,0.728717,0.726896,0.728122,0.687494
1558.5,1.200000,1.400000,-0.880000,1.916502,2.003306,0.726560,0.728651,0.726541,0.728697,0.726903,0.728103,0.687494
1559.0,1.200000,1.400000,-0.880000,1.916795,2.003407,0.726572,0.728630,0.726553,0.728677,0.726910,0.728083,0.687494
1559.5,1.200000,1.400000,-0.880000,1.917087,2.003508,0.726583,0.728610,0.726565,0.728656,0.726916,0.728064,0.687494
1560.0,1.200000,1.400000,-0.880000,1.917379,2.003608,0.726595,0.728590,0.726577,0.728636,0.726922,0.728044,0.687494
1560.5,1.200000,1.400000,-0.880000,1.917670,2.003708,0.726606,0.728569,0.726589,0.728615,0.726928,0.728025,0.687494
1561.0,1.200000,1.400000,-0.880000,1.917961,2.003808,0.726617,0.728549,0.726600,0.728595,0.726934,0.728005,0.687494
1561.5,1.200000,1.400000,-0.880000,1.918251,2.003907,0.726628,0.728529,0.726612,0.728575,0.726939,0.727986,0.687494
1562.0,1.200000,1.400000,-0.880000,1.918540,2.004005,0.726638,0.728509,0.726623,0.728554,0.726944,0.727967,0.687494
1562.5,1.200000,1.400000,-0.880000,1.918829,2.004103,0.726649,0.728489,0.726634,0.728534,0.726949,0.727947,0.687495
1563.0,1.200000,1.400000,-0.880000,1.919117,2.004200,0.726659,0.728468,0.726644,0.728514,0.726954,0.727928,0.687495
1563.5,1.200000,1.400000,-0.880000,1.919405,2.004297,0.726669,0.728448,0.726655,0.728494,0.726958,0.727909,0.687495
1564.0,1.200000,1.400000,-0.880000,1.919692,2.004393,0.726678,0.728428,0.726665,0.728474,0.726962,0.727890,0.687495
1564.5,1.200000,1.400000,-0.880000,1.919979,2.004489,0.726688,0.728408,0.726675,0.728454,0.726967,0.727870,0.687495
1565.0,1.200000,1.400000,-0.880000,1.920265,2.004584,0.726697,0.728388,0.726685,0.728433,0.726970,0.727851,0.687495
1565.5,1.200000,1.400000,-0.880000,1.920550,2.004679,0.726706,0.728368,0.726694,0.728413,0.726974,0.727832,0.687495
1566.0,1.200000,1.400000,-0.880000,1.920835,2.004773,0.726715,0.728348,0.726704,0.728393,0.726978,0.727813,0.687495
1566.5,1.200000,1.400000,-0.880000,1.921120,2.004867,0.726724,0.728328,0.726713,0.728373,0.726981,0.727794,0.687495
1567.0,1.200000,1.400000,-0.880000,1.921404,2.004960,0.726733,0.728309,0.726722,0.728353,0.726984,0.727775,0.687495
1567.5,1.200000,1.400000,-0.880000,1.921687,2.005053,0.726741,0.728289,0.726731,0.728334,0.726987,0.727756,0.687495
1568.0,1.200000,1.400000,-0.880000,1.921970,2.005145,0.726749,0.728269,0.726740,0.728314,0.726990,0.727737,0.687495
1568.5,1.200000,1.400000,-0.880000,1.922252,2.005237,0.726757,0.728249,0.726748,0.728294,0.726993,0.727718,0.687495
1569.0,1.200000,1.400000,-0.880000,1.922533,2.005328,0.726765,0.728229,0.726756,0.728274,0.726995,0.727699,0.687495
1569.5,1.200000,1.400000,-0.880000,1.922814,2.005419,0.726773,0.728210,0.726764,0.728254,0.726998,0.727680,0.687496
1570.0,1.200000,1.400000,-0.880000,1.923095,2.005509,0.726780,0.728190,0.726772,0.728234,0.727000,0.727662,0.687496
1570.5,1.200000,1.400000,-0.880000,1.923375,2.005599,0.726787,0.728170,0.726780,0.728215,0.727003,0.727643,0.687496
1571.0,1.200000,1.400000,-0.880000,1.923654,2.005688,0.726795,0.728151,0.726787,0.728195,0.727005,0.727624,0.687496
1571.5,1.200000,1.400000,-0.880000,1.923933,2.005777,0.726802,0.728131,0.726795,0.728175,0.727007,0.727605,0.687496
1572.0,1.200000,1.400000,-0.880000,1.924211,2.005865,0.726808,0.728112,0.726802,0.728156,0.727009,0.727587,0.687496
1572.5,1.200000,1.400000,-0.880000,1.924489,2.005953,0.726815,0.728092,0.726809,0.728136,0.727011,0.727568,0.687496
1573.0,1.200000,1.400000,-0.880000,1.924766,2.006040,0.726822,0.728073,0.726816,0.728117,0.727013,0.727549,0.687496
1573.5,1.200000,1.400000,-0.880000,1.925043,2.006127,0.726828,0.728053,0.726822,0.728097,0.727015,0.727531,0.687496
1574.0,1.200000,1.400000,-0.880000,1.925319,2.006213,0.726834,0.728034,0.726829,0.728078,0.727016,0.727512,0.687496
1574.5,1.200000,1.400000,-0.880000,1.925594,2.006299,0.726840,0.728014,0.726835,0.728058,0.727018,0.727494,0.687496
1575.0,1.200000,1.400000,-0.880000,1.925869,2.006384,0.726846,0.727995,0.726841,0.728039,0.727020,0.727475,0.687496
1575.5,1.200000,1.400000,-0.880000,1.926143,2.006469,0.726852,0.727976,0.726847,0.728019,0.727021,0.727457,0.687496
1576.0,1.200000,1.400000,-0.880000,1.926417,2.006554,0.726857,0.727956,0.726853,0.728000,0.727023,0.727438,0.687496
1576.5,1.200000,1.400000,-0.880000,1.926690,2.006638,0.726863,0.727937,0.726859,0.727981,0.727024,0.727420,0.687496
1577.0,1.200000,1.400000,-0.880000,1.926962,2.006721,0.726868,0.727918,0.726864,0.727961,0.727026,0.727401,0.687496
1577.5,1.200000,1.400000,-0.880000,1.927234,2.006804,0.726873,0.727899,0.726870,0.727942,0.727027,0.727383,0.687496
1578.0,1.200000,1.400000,-0.880000,1.927506,2.006887,0.726878,0.727879,0.726875,0.727923,0.727028,0.727365,0.687497
1578.5,1.200000,1.400000,-0.880000,1.927777,2.006969,0.726883,0.727860,0.726880,0.727904,0.727029,0.727346,0.687497
1579.0,1.200000,1.400000,-0.880000,1.928047,2.007051,0.726888,0.727841,0.726885,0.727884,0.727030,0.727328,0.687497
1579.5,1.200000,1.400000,-0.880000,1.928317,2.007132,0.726893,0.727822,0.726890,0.727865,0.727031,0.727310,0.687497
1580.0,1.200000,1.400000,-0.880000,1.928586,2.007213,0.726897,0.727803,0.726895,0.727846,0.727032,0.727292,0.687497
1580.5,1.200000,1.400000,-0.880000,1.928855,2.007293,0.726902,0.727784,0.726899,0.727827,0.727033,0.727274,0.687497
1581.0,1.200000,1.400000,-0.880000,1.929122,2.007373,0.726906,0.727765,0.726904,0.727808,0.727033,0.727255,0.687497
1581.5,1.200000,1.400000,-0.880000,1.929390,2.007452,0.726910,0.727746,0.726908,0.727789,0.727034,0.727237,0.687497
1582.0,1.200000,1.400000,-0.880000,1.929657,2.007531,0.726914,0.727727,0.726912,0.727770,0.727034,0.727219,0.687497
1582.5,1.200000,1.400000,-0.880000,1.929923,2.007610,0.726918,0.727708,0.726916,0.727751,0.727035,0.727201,0.687497
1583.0,1.200000,1.400000,-0.880000,1.930189,2.007688,0.726922,0.727690,0.726920,0.727732,0.727035,0.727183,0.687497
1583.5,1.200000,1.400000,-0.880000,1.930454,2.007765,0.726925,0.727671,0.726924,0.727713,0.727035,0.727165,0.687497
1584.0,1.200000,1.400000,-0.880000,1.930718,2.007842,0.726929,0.727652,0.726928,0.727694,0.727035,0.727147,0.687497
1584.5,1.200000,1.400000,-0.880000,1.930982,2.007919,0.726932,0.727633,0.726931,0.727675,0.727035,0.727130,0.687497
1585.0,1.200000,1.400000,-0.880000,1.931246,2.007995,0.726935,0.727615,0.726935,0.727657,0.727035,0.727112,0.687497
1585.5,1.200000,1.400000,-0.880000,1.931508,2.008071,0.726939,0.727596,0.726938,0.727638,0.727035,0.727094,0.687497
1586.0,1.200000,1.400000,-0.880000,1.931771,2.008146,0.726941,0.727577,0.726941,0.727619,0.727034,0.727076,0.687497
1586.5,1.200000,1.400000,-0.880000,1.932032,2.008221,0.726944,0.727559,0.726944,0.727600,0.727034,0.727058,0.687497
1587.0,1.200000,1.400000,-0.880000,1.932293,2.008296,0.726947,0.727540,0.726947,0.727582,0.727033,0.727041,0.687497
1587.5,1.200000,1.400000,-0.880000,1.932554,2.008370,0.726950,0.727521,0.726950,0.727563,0.727032,0.727023,0.687497
1588.0,1.200000,1.400000,-0.880000,1.932814,2.008443,0.726952,0.727503,0.726953,0.727545,0.727032,0.727005,0.687497
1588.5,1.200000,1.400000,-0.880000,1.933073,2.008517,0.726955,0.727484,0.726956,0.727526,0.727031,0.726988,0.687497
1589.0,1.200000,1.400000,-0.880000,1.933332,2.008589,0.726957,0.727466,0.726958,0.727507,0.727030,0.726970,0.687497
1589.5,1.200000,1.400000,-0.880000,1.933590,2.008662,0.726959,0.727447,0.726960,0.727489,0.727029,0.726952,0.687497
1590.0,1.200000,1.400000,-0.880000,1.933847,2.008734,0.726961,0.727429,0.726963,0.727471,0.727028,0.726935,0.687498
1590.5,1.200000,1.400000,-0.880000,1.934104,2.008805,0.726963,0.727411,0.726965,0.727452,0.727027,0.726917,0.687498
1591.0,1.200000,1.400000,-0.880000,1.934361,2.008876,0.726965,0.727392,0.726967,0.727434,0.727025,0.726900,0.687498
1591.5,1.200000,1.400000,-0.880000,1.934617,2.008947,0.726966,0.727374,0.726969,0.727415,0.727024,0.726882,0.687498
1592.0,1.200000,1.400000,-0.880000,1.934872,2.009017,0.726968,0.727356,0.726971,0.727397,0.727023,0.726865,0.687498
1592.5,1.200000,1.400000,-0.880000,1.935126,2.009087,0.726970,0.727338,0.726972,0.727379,0.727021,0.726848,0.687498
1593.0,1.200000,1.400000,-0.880000,1.935380,2.009156,0.726971,0.727319,0.726974,0.727360,0.727020,0.726830,0.687498
1593.5,1.200000,1.400000,-0.880000,1.935634,2.009225,0.726972,0.727301,0.726975,0.727342,0.727018,0.726813,0.687498
1594.0,1.200000,1.400000,-0.880000,1.935887,2.009294,0.726974,0.727283,0.726977,0.727324,0.727017,0.726796,0.687498
1594.5,1.200000,1.400000,-0.880000,1.936139,2.009362,0.726975,0.727265,0.726978,0.727306,0.727015,0.726778,0.687498
1595.0,1.200000,1.400000,-0.880000,1.936391,2.009429,0.726976,0.727247,0.726979,0.727288,0.727013,0.726761,0.687498
1595.5,1.200000,1.400000,-0.880000,1.936642,2.009497,0.726977,0.727229,0.726980,0.727269,0.727011,0.726744,0.687498
1596.0,1.200000,1.400000,-0.880000,1.936892,2.009564,0.726977,0.727211,0.726981,0.727251,0.727010,0.726727,0.687498
1596.5,1.200000,1.400000,-0.880000,1.937142,2.009630,0.726978,0.727193,0.726982,0.727233,0.727008,0.726710,0.687498
1597.0,1.200000,1.400000,-0.880000,1.937391,2.009696,0.726979,0.727175,0.726983,0.727215,0.727006,0.726693,0.687498
1597.5,1.200000,1.400000,-0.880000,1.937640,2.009762,0.726979,0.727157,0.726984,0.727197,0.727004,0.726675,0.687498
1598.0,1.200000,1.400000,-0.880000,1.937888,2.009827,0.726980,0.727139,0.726984,0.727179,0.727002,0.726658,0.687498
1598.5,1.200000,1.400000,-0.880000,1.938136,2.009892,0.726980,0.727121,0.726985,0.727161,0.727000,0.726641,0.687498
1599.0,1.200000,1.400000,-0.880000,1.938383,2.009956,0.726980,0.727103,0.726985,0.727143,0.726997,0.726624,0.687498
1599.5,1.200000,1.400000,-0.880000,1.938629,2.010020,0.726981,0.727086,0.726985,0.727126,0.726995,0.726607,0.687498
1600.0,1.200000,1.400000,-0.880000,1.938875,2.010084,0.726981,0.727068,0.726986,0.727108,0.726993,0.726591,0.687498
1600.5,1.200000,1.400000,-0.880000,1.939120,2.010147,0.726981,0.727050,0.726986,0.727090,0.726990,0.726574,0.687498
1601.0,1.200000,1.400000,-0.880000,1.939364,2.010210,0.726981,0.727032,0.726986,0.727072,0.726988,0.726557,0.687498
1601.5,1.200000,1.400000,-0.880000,1.939608,2.010273,0.726980,0.727015,0.726986,0.727054,0.726985,0.726540,0.687498
1602.0,1.200000,1.400000,-0.880000,1.939852,2.010335,0.726980,0.726997,0.726986,0.727037,0.726983,0.726523,0.687498
1602.5,1.200000,1.400000,-0.880000,1.940094,2.010396,0.726980,0.726979,0.726986,0.727019,0.726980,0.726506,0.687498
1603.0,1.200000,1.400000,-0.880000,1.940336,2.010458,0.726979,0.726962,0.726985,0.727001,0.726977,0.726490,0.687498
1603.5,1.200000,1.400000,-0.880000,1.940578,2.010519,0.726979,0.726944,0.726985,0.726984,0.726974,0.726473,0.687498
1604.0,1.200000,1.400000,-0.880000,1.940819,2.010579,0.726978,0.726927,0.726984,0.726966,0.726971,0.726456,0.687498
1604.5,1.200000,1.400000,-0.880000,1.941059,2.010639,0.726978,0.726909,0.726984,0.726949,0.726968,0.726440,0.687498
1605.0,1.200000,1.400000,-0.880000,1.941299,2.010699,0.726977,0.726892,0.726983,0.726931,0.726965,0.726423,0.687498
1605.5,1.200000,1.400000,-0.880000,1.941538,2.010758,0.726976,0.726875,0.726983,0.726914,0.726962,0.726407,0.687498
1606.0,1.200000,1.400000,-0.880000,1.941777,2.010817,0.726975,0.726857,0.726982,0.726896,0.726958,0.726390,0.687498
1606.5,1.200000,1.400000,-0.880000,1.942015,2.010876,0.726974,0.726840,0.726981,0.726879,0.726955,0.726374,0.687498
1607.0,1.200000,1.400000,-0.880000,1.942252,2.010934,0.726973,0.726823,0.726980,0.726861,0.726951,0.726357,0.687498
1607.5,1.200000,1.400000,-0.880000,1.942489,2.010992,0.726971,0.726805,0.726979,0.726844,0.726947,0.726341,0.687499
1608.0,1.200000,1.400000,-0.880000,1.942725,2.011050,0.726970,0.726788,0.726978,0.726827,0.726944,0.726324,0.687499
1608.5,1.200000,1.400000,-0.880000,1.942960,2.011107,0.726968,0.726771,0.726976,0.726809,0.726940,0.726308,0.687499
1609.0,1.200000,1.400000,-0.880000,1.943195,2.011164,0.726967,0.726754,0.726975,0.726792,0.726936,0.726292,0.687499
1609.5,1.200000,1.400000,-0.880000,1.943430,2.011220,0.726965,0.726736,0.726974,0.726775,0.726932,0.726275,0.687499
1610.0,1.200000,1.400000,-0.880000,1.943663,2.011276,0.726963,0.726719,0.726972,0.726758,0.726927,0.726259,0.687499
1610.5,1.200000,1.400000,-0.880000,1.943897,2.011332,0.726962,0.726702,0.726970,0.726741,0.726923,0.726243,0.687499
1611.0,1.200000,1.400000,-0.880000,1.944129,2.011387,0.726960,0.726685,0.726969,0.726723,0.726919,0.726226,0.687499
1611.5,1.200000,1.400000,-0.880000,1.944361,2.011442,0.726958,0.726668,0.726967,0.726706,0.726914,0.726210,0.687499
1612.0,1.200000,1.400000,-0.880000,1.944592,2.011496,0.726956,0.726651,0.726965,0.726689,0.726910,0.726194,0.687499
1612.5,1.200000,1.400000,-0.880000,1.944823,2.011551,0.726953,0.726634,0.726963,0.726672,0.726905,0.726178,0.687499
1613.0,1.200000,1.400000,-0.880000,1.945053,2.011604,0.726951,0.726617,0.726961,0.726655,0.726900,0.726162,0.687499
1613.5,1.200000,1.400000,-0.880000,1.945283,2.011658,0.726949,0.726600,0.726959,0.726638,0.726895,0.726146,0.687499
1614.0,1.200000,1.400000,-0.880000,1.945512,2.011711,0.726946,0.726583,0.726956,0.726621,0.726890,0.726130,0.687499
1614.5,1.200000,1.400000,-0.880000,1.945740,2.011764,0.726944,0.726567,0.726954,0.726604,0.726885,0.726114,0.687499
1615.0,1.200000,1.400000,-0.880000,1.945968,2.011816,0.726941,0.726550,0.726952,0.726587,0.726880,0.726098,0.687499
1615.5,1.200000,1.400000,-0.880000,1.946195,2.011868,0.726938,0.726533,0.726949,0.726571,0.726875,0.726082,0.687499
1616.0,1.200000,1.400000,-0.880000,1.946422,2.011920,0.726935,0.726516,0.726946,0.726554,0.726870,0.726066,0.687499
1616.5,1.200000,1.400000,-0.880000,1.946648,2.011971,0.726932,0.726499,0.726944,0.726537,0.726865,0.726050,0.687499
1617.0,1.200000,1.400000,-0.880000,1.946873,2.012022,0.726929,0.726483,0.726941,0.726520,0.726859,0.726034,0.687499
1617.5,1.200000,1.400000,-0.880000,1.947098,2.012073,0.726926,0.726466,0.726938,0.726504,0.726854,0.726018,0.687499
1618.0,1.200000,1.400000,-0.880000,1.947322,2.012123,0.726923,0.726449,0.726935,0.726487,0.726848,0.726003,0.687499
1618.5,1.200000,1.400000,-0.880000,1.947546,2.012173,0.726920,0.726433,0.726932,0.726470,0.726843,0.725987,0.687499
1619.0,1.200000,1.400000,-0.880000,1.947769,2.012223,0.726917,0.726416,0.726929,0.726454,0.726837,0.725971,0.687499
1619.5,1.200000,1.400000,-0.880000,1.947991,2.012272,0.726913,0.726400,0.726925,0.726437,0.726831,0.725955,0.687499
1620.0,1.200000,1.400000,-0.880000,1.948213,2.012321,0.726910,0.726383,0.726922,0.726420,0.726825,0.725940,0.687499
1620.5,1.200000,1.400000,-0.880000,1.948434,2.012369,0.726906,0.726367,0.726919,0.726404,0.726820,0.725924,0.687499
1621.0,1.200000,1.400000,-0.880000,1.948655,2.012418,0.726902,0.726350,0.726915,0.726387,0.726814,0.725908,0.687499
1621.5,1.200000,1.400000,-0.880000,1.948875,2.012466,0.726899,0.726334,0.726912,0.726371,0.726808,0.725893,0.687499
1622.0,1.200000,1.400000,-0.880000,1.949094,2.012513,0.726895,0.726318,0.726908,0.726354,0.726802,0.725877,0.687499
1622.5,1.200000,1.400000,-0.880000,1.949313,2.012560,0.726891,0.726301,0.726904,0.726338,0.726795,0.725862,0.687499
1623.0,1.200000,1.400000,-0.880000,1.949532,2.012607,0.726887,0.726285,0.726900,0.726322,0.726789,0.725846,0.687499
1623.5,1.200000,1.400000,-0.880000,1.949749,2.012654,0.726883,0.726269,0.726896,0.726305,0.726783,0.725831,0.687499
1624.0,1.200000,1.400000,-0.880000,1.949966,2.012700,0.726879,0.726252,0.726892,0.726289,0.726776,0.725815,0.687499
1624.5,1.200000,1.400000,-0.880000,1.950183,2.012746,0.726874,0.726236,0.726888,0.726273,0.726770,0.725800,0.687499
1625.0,1.200000,1.400000,-0.880000,1.950399,2.012791,0.726870,0.726220,0.726884,0.726256,0.726763,0.725785,0.687499
1625.5,1.200000,1.400000,-0.880000,1.950614,2.012837,0.726866,0.726204,0.726880,0.726240,0.726757,0.725769,0.687499
1626.0,1.200000,1.400000,-0.880000,1.950829,2.012882,0.726861,0.726188,0.726876,0.726224,0.726750,0.725754,0.687499
1626.5,1.200000,1.400000,-0.880000,1.951043,2.012926,0.726856,0.726172,0.726871,0.726208,0.726743,0.725739,0.687499
1627.0,1.200000,1.400000,-0.880000,1.951257,2.012970,0.726852,0.726156,0.726867,0.726192,0.726736,0.725724,0.687499
1627.5,1.200000,1.400000,-0.880000,1.951470,2.013014,0.726847,0.726139,0.726862,0.726175,0.726729,0.725708,0.687499
1628.0,1.200000,1.400000,-0.880000,1.951682,2.013058,0.726842,0.726123,0.726857,0.726159,0.726722,0.725693,0.687499
1628.5,1.200000,1.400000,-0.880000,1.951894,2.013101,0.726837,0.726107,0.726853,0.726143,0.726715,0.725678,0.687499
1629.0,1.200000,1.400000,-0.880000,1.952105,2.013144,0.726832,0.726092,0.726848,0.726127,0.726708,0.725663,0.687499
1629.5,1.200000,1.400000,-0.880000,1.952316,2.013187,0.726827,0.726076,0.726843,0.726111,0.726701,0.725648,0.687499
1630.0,1.200000,1.400000,-0.880000,1.952526,2.013229,0.726822,0.726060,0.726838,0.726095,0.726694,0.725633,0.687499
1630.5,1.200000,1.400000,-0.880000,1.952735,2.013271,0.726817,0.726044,0.726833,0.726079,0.726686,0.725618,0.687499
1631.0,1.200000,1.400000,-0.880000,1.952944,2.013313,0.726811,0.726028,0.726828,0.726064,0.726679,0.725603,0.687499
1631.5,1.200000,1.400000,-0.880000,1.953153,2.013354,0.726806,0.726012,0.726823,0.726048,0.726671,0.725588,0.687499
1632.0,1.200000,1.400000,-0.880000,1.953360,2.013396,0.726801,0.725997,0.726817,0.726032,0.726664,0.725573,0.687499
1632.5,1.200000,1.400000,-0.880000,1.953568,2.013436,0.726795,0.725981,0.726812,0.726016,0.726656,0.725558,0.687499
1633.0,1.200000,1.400000,-0.880000,1.953774,2.013477,0.726789,0.725965,0.726806,0.726000,0.726648,0.725543,0.687499
1633.5,1.200000,1.400000,-0.880000,1.953980,2.013517,0.726784,0.725949,0.726801,0.725985,0.726640,0.725528,0.687499
1634.0,1.200000,1.400000,-0.880000,1.954186,2.013557,0.726778,0.725934,0.726795,0.725969,0.726633,0.725513,0.687499
1634.5,1.200000,1.400000,-0.880000,1.954390,2.013596,0.726772,0.725918,0.726790,0.725953,0.726625,0.725498,0.687499
1635.0,1.200000,1.400000,-0.880000,1.954595,2.013636,0.726766,0.725903,0.726784,0.725937,0.726617,0.725484,0.687499
1635.5,1.200000,1.400000,-0.880000,1.954798,2.013675,0.726760,0.725887,0.726778,0.725922,0.726609,0.725469,0.687499
1636.0,1.200000,1.400000,-0.880000,1.955002,2.013713,0.726754,0.725872,0.726772,0.725906,0.726601,0.725454,0.687499
1636.5,1.200000,1.400000,-0.880000,1.955204,2.013752,0.726748,0.725856,0.726766,0.725891,0.726592,0.725440,0.687499
1637.0,1.200000,1.400000,-0.880000,1.955406,2.013790,0.726742,0.725841,0.726760,0.725875,0.726584,0.725425,0.687499
1637.5,1.200000,1.400000,-0.880000,1.955608,2.013827,0.726735,0.725825,0.726754,0.725860,0.726576,0.725410,0.687499
1638.0,1.200000,1.400000,-0.880000,1.955808,2.013865,0.726729,0.725810,0.726748,0.725844,0.726568,0.725396,0.687499
1638.5,1.200000,1.400000,-0.880000,1.956009,2.013902,0.726723,0.725794,0.726741,0.725829,0.726559,0.725381,0.687499
1639.0,1.200000,1.400000,-0.880000,1.956208,2.013939,0.726716,0.725779,0.726735,0.725813,0.726551,0.725367,0.687499
1639.5,1.200000,1.400000,-0.880000,1.956407,2.013975,0.726710,0.725764,0.726729,0.725798,0.726543,0.725352,0.687499
1640.0,1.200000,1.400000,-0.880000,1.956606,2.014012,0.726703,0.725748,0.726722,0.725783,0.726534,0.725338,0.687499
1640.5,1.200000,1.400000,-0.880000,1.956804,2.014048,0.726696,0.725733,0.726716,0.725767,0.726526,0.725323,0.687499
1641.0,1.200000,1.400000,-0.880000,1.957001,2.014083,0.726690,0.725718,0.726709,0.725752,0.726517,0.725309,0.687499
1641.5,1.200000,1.400000,-0.880000,1.957198,2.014119,0.726683,0.725703,0.726702,0.725737,0.726509,0.725294,0.687499
1642.0,1.200000,1.400000,-0.880000,1.957395,2.014154,0.726676,0.725688,0.726696,0.725722,0.726500,0.725280,0.687499
1642.5,1.200000,1.400000,-0.880000,1.957590,2.014189,0.726669,0.725673,0.726689,0.725706,0.726491,0.725266,0.687499
1643.0,1.200000,1.400000,-0.880000,1.957785,2.014223,0.726662,0.725657,0.726682,0.725691,0.726483,0.725251,0.687499
1643.5,1.200000,1.400000,-0.880000,1.957980,2.014257,0.726655,0.725642,0.726675,0.725676,0.726474,0.725237,0.687499
1644.0,1.200000,1.400000,-0.880000,1.958174,2.014291,0.726648,0.725627,0.726668,0.725661,0.726465,0.725223,0.687499
1644.5,1.200000,1.400000,-0.880000,1.958367,2.014325,0.726641,0.725612,0.726661,0.725646,0.726457,0.725209,0.687499
1645.0,1.200000,1.400000,-0.880000,1.958560,2.014358,0.726634,0.725597,0.726654,0.725631,0.726448,0.725195,0.687499
1645.5,1.200000,1.400000,-0.880000,1.958753,2.014391,0.726626,0.725582,0.726647,0.725616,0.726439,0.725180,0.687500
1646.0,1.200000,1.400000,-0.880000,1.958944,2.014424,0.726619,0.725567,0.726639,0.725601,0.726430,0.725166,0.687500
1646.5,1.200000,1.400000,-0.880000,1.959136,2.014457,0.726612,0.725553,0.726632,0.725586,0.726421,0.725152,0.687500
1647.0,1.200000,1.400000,-0.880000,1.959326,2.014489,0.726604,0.725538,0.726625,0.725571,0.726412,0.725138,0.687500
1647.5,1.200000,1.400000,-0.880000,1.959516,2.014521,0.726597,0.725523,0.726617,0.725556,0.726403,0.725124,0.687500
1648.0,1.200000,1.400000,-0.880000,1.959706,2.014553,0.726589,0.725508,0.726610,0.725541,0.726394,0.725110,0.687500
1648.5,1.200000,1.400000,-0.880000,1.959895,2.014584,0.726582,0.725493,0.726602,0.725526,0.726385,0.725096,0.687500
1649.0,1.200000,1.400000,-0.880000,1.960083,2.014616,0.726574,0.725479,0.726595,0.725512,0.726376,0.725082,0.687500
1649.5,1.200000,1.400000,-0.880000,1.960271,2.014647,0.726566,0.725464,0.726587,0.725497,0.726367,0.725068,0.687500
1650.0,1.200000,1.400000,-0.880000,1.960458,2.014677,0.726559,0.725449,0.726580,0.725482,0.726357,0.725054,0.687500
1650.5,1.200000,1.400000,-0.880000,1.960645,2.014708,0.726551,0.725435,0.726572,0.725467,0.726348,0.725041,0.687500
1651.0,1.200000,1.400000,-0.880000,1.960831,2.014738,0.726543,0.725420,0.726564,0.725453,0.726339,0.725027,0.687500
1651.5,1.200000,1.400000,-0.880000,1.961017,2.014768,0.726535,0.725405,0.726556,0.725438,0.726329,0.725013,0.687500
1652.0,1.200000,1.400000,-0.880000,1.961202,2.014797,0.726527,0.725391,0.726548,0.725423,0.726320,0.724999,0.687500
1652.5,1.200000,1.400000,-0.880000,1.961386,2.014826,0.726519,0.725376,0.726541,0.725409,0.726311,0.724985,0.687500
1653.0,1.200000,1.400000,-0.880000,1.961570,2.014855,0.726511,0.725362,0.726533,0.725394,0.726301,0.724972,0.687500
1653.5,1.200000,1.400000,-0.880000,1.961754,2.014884,0.726503,0.725347,0.726525,0.725380,0.726292,0.724958,0.687500
1654.0,1.200000,1.400000,-0.880000,1.961936,2.014913,0.726495,0.725333,0.726516,0.725365,0.726282,0.724944,0.687500
1654.5,1.200000,1.400000,-0.880000,1.962119,2.014941,0.726486,0.725318,0.726508,0.725351,0.726273,0.724931,0.687500
1655.0,1.200000,1.400000,-0.880000,1.962300,2.014969,0.726478,0.725304,0.726500,0.725336,0.726263,0.724917,0.687500
1655.5,1.200000,1.400000,-0.880000,1.962482,2.014997,0.726470,0.725290,0.726492,0.725322,0.726254,0.724903,0.687500
1656.0,1.200000,1.400000,-0.880000,1.962662,2.015024,0.726462,0.725275,0.726484,0.725307,0.726244,0.724890,0.687500
1656.5,1.200000,1.400000,-0.880000,1.962842,2.015052,0.726453,0.725261,0.726475,0.725293,0.726234,0.724876,0.687500
1657.0,1.200000,1.400000,-0.880000,1.963022,2.015079,0.726445,0.725247,0.726467,0.725279,0.726225,0.724863,0.687500
1657.5,1.200000,1.400000,-0.880000,1.963201,2.015105,0.726436,0.725233,0.726459,0.725264,0.726215,0.724849,0.687500
1658.0,1.200000,1.400000,-0.880000,1.963379,2.015132,0.726428,0.725218,0.726450,0.725250,0.726205,0.724836,0.687500
1658.5,1.200000,1.400000,-0.880000,1.963557,2.015158,0.726419,0.725204,0.726442,0.725236,0.726195,0.724823,0.687500
1659.0,1.200000,1.400000,-0.880000,1.963734,2.015184,0.726411,0.725190,0.726433,0.725222,0.726186,0.724809,0.687500
1659.5,1.200000,1.400000,-0.880000,1.963911,2.015210,0.726402,0.725176,0.726425,0.725207,0.726176,0.724796,0.687500
1660.0,1.200000,1.400000,-0.880000,1.964087,2.015235,0.726393,0.725162,0.726416,0.725193,0.726166,0.724783,0.687500
1660.5,1.200000,1.400000,-0.880000,1.964263,2.015260,0.726384,0.725148,0.726407,0.725179,0.726156,0.724769,0.687500
1661.0,1.200000,1.400000,-0.880000,1.964438,2.015285,0.726376,0.725134,0.726399,0.725165,0.726146,0.724756,0.687500
1661.5,1.200000,1.400000,-0.880000,1.964613,2.015310,0.726367,0.725120,0.726390,0.725151,0.726136,0.724743,0.687500
1662.0,1.200000,1.400000,-0.880000,1.964787,2.015335,0.726358,0.725106,0.726381,0.725137,0.726126,0.724730,0.687500
1662.5,1.200000,1.400000,-0.880000,1.964960,2.015359,0.726349,0.725092,0.726372,0.725123,0.726116,0.724716,0.687500
1663.0,1.200000,1.400000,-0.880000,1.965133,2.015383,0.726340,0.725078,0.726363,0.725109,0.726106,0.724703,0.687500
1663.5,1.200000,1.400000,-0.880000,1.965306,2.015407,0.726331,0.725064,0.726354,0.725095,0.726096,0.724690,0.687500
1664.0,1.200000,1.400000,-0.880000,1.965478,2.015430,0.726322,0.725050,0.726345,0.725081,0.726086,0.724677,0.687500
1664.5,1.200000,1.400000,-0.880000,1.965649,2.015453,0.726313,0.725036,0.726337,0.725067,0.726076,0.724664,0.687500
1665.0,1.200000,1.400000,-0.880000,1.965820,2.015476,0.726304,0.725022,0.726328,0.725053,0.726066,0.724651,0.687500
1665.5,1.200000,1.400000,-0.880000,1.965990,2.015499,0.726295,0.725009,0.726318,0.725039,0.726056,0.724638,0.687500
1666.0,1.200000,1.400000,-0.880000,1.966160,2.015522,0.726286,0.724995,0.726309,0.725026,0.726046,0.724625,0.687500
1666.5,1.200000,1.400000,-0.880000,1.966329,2.015544,0.726277,0.724981,0.726300,0.725012,0.726036,0.724612,0.687500
1667.0,1.200000,1.400000,-0.880000,1.966497,2.015566,0.726268,0.724967,0.726291,0.724998,0.726025,0.724599,0.687500
1667.5,1.200000,1.400000,-0.880000,1.966666,2.015588,0.726258,0.724954,0.726282,0.724984,0.726015,0.724586,0.687500
1668.0,1.200000,1.400000,-0.880000,1.966833,2.015610,0.726249,0.724940,0.726273,0.724971,0.726005,0.724573,0.687500
1668.5,1.200000,1.400000,-0.880000,1.967000,2.015631,0.726240,0.724927,0.726263,0.724957,0.725995,0.724560,0.687500
1669.0,1.200000,1.400000,-0.880000,1.967167,2.015652,0.726230,0.724913,0.726254,0.724943,0.725985,0.724548,0.687500
1669.5,1.200000,1.400000,-0.880000,1.967333,2.015673,0.726221,0.724899,0.726245,0.724930,0.725974,0.724535,0.687500
1670.0,1.200000,1.400000,-0.880000,1.967498,2.015694,0.726212,0.724886,0.726235,0.724916,0.725964,0.724522,0.687500
1670.5,1.200000,1.400000,-0.880000,1.967663,2.015715,0.726202,0.724872,0.726226,0.724903,0.725954,0.724509,0.687500
1671.0,1.200000,1.400000,-0.880000,1.967827,2.015735,0.726193,0.724859,0.726217,0.724889,0.725943,0.724497,0.687500
1671.5,1.200000,1.400000,-0.880000,1.967991,2.015755,0.726183,0.724846,0.726207,0.724876,0.725933,0.724484,0.687500
1672.0,1.200000,1.400000,-0.880000,1.968154,2.015775,0.726174,0.724832,0.726198,0.724862,0.725922,0.724471,0.687500
1672.5,1.200000,1.400000,-0.880000,1.968317,2.015794,0.726164,0.724819,0.726188,0.724849,0.725912,0.724459,0.687500
1673.0,1.200000,1.400000,-0.880000,1.968480,2.015814,0.726154,0.724805,0.726179,0.724835,0.725901,0.724446,0.687500
1673.5,1.200000,1.400000,-0.880000,1.968641,2.015833,0.726145,0.724792,0.726169,0.724822,0.725891,0.724434,0.687500
1674.0,1.200000,1.400000,-0.880000,1.968802,2.015852,0.726135,0.724779,0.726159,0.724808,0.725880,0.724421,0.687500
1674.5,1.200000,1.400000,-0.880000,1.968963,2.015870,0.726125,0.724765,0.726150,0.724795,0.725870,0.724408,0.687500
1675.0,1.200000,1.400000,-0.880000,1.969123,2.015889,0.726116,0.724752,0.726140,0.724782,0.725859,0.724396,0.687500
1675.5,1.200000,1.400000,-0.880000,1.969283,2.015907,0.726106,0.724739,0.726130,0.724769,0.725848,0.724384,0.687500
1676.0,1.200000,1.400000,-0.880000,1.969442,2.015925,0.726096,0.724726,0.726121,0.724755,0.725838,0.724371,0.687500
1676.5,1.200000,1.400000,-0.880000,1.969601,2.015943,0.726086,0.724713,0.726111,0.724742,0.725827,0.724359,0.687500
1677.0,1.200000,1.400000,-0.880000,1.969759,2.015961,0.726076,0.724700,0.726101,0.724729,0.725816,0.724346,0.687500
1677.5,1.200000,1.400000,-0.880000,1.969916,2.015978,0.726066,0.724686,0.726091,0.724716,0.725806,0.724334,0.687500
1678.0,1.200000,1.400000,-0.880000,1.970073,2.015995,0.726056,0.724673,0.726081,0.724703,0.725795,0.724322,0.687500
1678.5,1.200000,1.400000,-0.880000,1.970230,2.016012,0.726046,0.724660,0.726071,0.724689,0.725784,0.724309,0.687500
1679.0,1.200000,1.400000,-0.880000,1.970386,2.016029,0.726036,0.724647,0.726061,0.724676,0.725773,0.724297,0.687500
1679.5,1.200000,1.400000,-0.880000,1.970541,2.016045,0.726026,0.724634,0.726051,0.724663,0.725763,0.724285,0.687500
1680.0,1.200000,1.400000,-0.880000,1.970696,2.016062,0.726016,0.724621,0.726041,0.724650,0.725752,0.724273,0.687500
1680.5,1.200000,1.400000,-0.880000,1.970850,2.016078,0.726006,0.724608,0.726031,0.724637,0.725741,0.724260,0.687500
1681.0,1.200000,1.400000,-0.880000,1.971004,2.016094,0.725996,0.724596,0.726021,0.724624,0.725730,0.724248,0.687500
1681.5,1.200000,1.400000,-0.880000,1.971158,2.016110,0.725986,0.724583,0.726011,0.724611,0.725719,0.724236,0.687500
1682.0,1.200000,1.400000,-0.880000,1.971311,2.016125,0.725976,0.724570,0.726001,0.724598,0.725708,0.724224,0.687500
1682.5,1.200000,1.400000,-0.880000,1.971463,2.016140,0.725966,0.724557,0.725991,0.724586,0.725697,0.724212,0.687500
1683.0,1.200000,1.400000,-0.880000,1.971615,2.016155,0.725956,0.724544,0.725981,0.724573,0.725686,0.724200,0.687500
1683.5,1.200000,1.400000,-0.880000,1.971766,2.016170,0.725945,0.724531,0.725971,0.724560,0.725675,0.724188,0.687500
1684.0,1.200000,1.400000,-0.880000,1.971917,2.016185,0.725935,0.724519,0.725961,0.724547,0.725664,0.724176,0.687500
1684.5,1.200000,1.400000,-0.880000,1.972067,2.016200,0.725925,0.724506,0.725950,0.724534,0.725653,0.724164,0.687500
1685.0,1.200000,1.400000,-0.880000,1.972217,2.016214,0.725915,0.724493,0.725940,0.724522,0.725642,0.724152,0.687500
1685.5,1.200000,1.400000,-0.880000,1.972366,2.016228,0.725904,0.724481,0.725930,0.724509,0.725631,0.724140,0.687500
1686.0,1.200000,1.400000,-0.880000,1.972515,2.016242,0.725894,0.724468,0.725919,0.724496,0.725620,0.724128,0.687500
1686.5,1.200000,1.400000,-0.880000,1.972664,2.016256,0.725883,0.724455,0.725909,0.724483,0.725609,0.724116,0.687500
1687.0,1.200000,1.400000,-0.880000,1.972811,2.016269,0.725873,0.724443,0.725899,0.724471,0.725598,0.724104,0.687500
1687.5,1.200000,1.400000,-0.880000,1.972959,2.016282,0.725863,0.724430,0.725888,0.724458,0.725587,0.724092,0.687500
1688.0,1.200000,1.400000,-0.880000,1.973105,2.016295,0.725852,0.724418,0.725878,0.724446,0.725576,0.724081,0.687500
1688.5,1.200000,1.400000,-0.880000,1.973252,2.016308,0.725842,0.724405,0.725867,0.724433,0.725565,0.724069,0.687500
1689.0,1.200000,1.400000,-0.880000,1.973397,2.016321,0.725831,0.724393,0.725857,0.724421,0.725553,0.724057,0.687500
1689.5,1.200000,1.400000,-0.880000,1.973543,2.016334,0.725821,0.724380,0.725847,0.724408,0.725542,0.724045,0.687500
1690.0,1.200000,1.400000,-0.880000,1.973688,2.016346,0.725810,0.724368,0.725836,0.724396,0.725531,0.724034,0.687500
1690.5,1.200000,1.400000,-0.880000,1.973832,2.016358,0.725799,0.724355,0.725825,0.724383,0.725520,0.724022,0.687500
1691.0,1.200000,1.400000,-0.880000,1.973976,2.016370,0.725789,0.724343,0.725815,0.724371,0.725509,0.724010,0.687500
1691.5,1.200000,1.400000,-0.880000,1.974119,2.016382,0.725778,0.724331,0.725804,0.724358,0.725497,0.723999,0.687500
1692.0,1.200000,1.400000,-0.880000,1.974262,2.016393,0.725768,0.724318,0.725794,0.724346,0.725486,0.723987,0.687500
1692.5,1.200000,1.400000,-0.880000,1.974404,2.016405,0.725757,0.724306,0.725783,0.724334,0.725475,0.723976,0.687500
1693.0,1.200000,1.400000,-0.880000,1.974546,2.016416,0.725746,0.724294,0.725772,0.724321,0.725463,0.723964,0.687500
1693.5,1.200000,1.400000,-0.880000,1.974687,2.016427,0.725735,0.724282,0.725762,0.724309,0.725452,0.723953,0.687500
1694.0,1.200000,1.400000,-0.880000,1.974828,2.016438,0.725725,0.724270,0.725751,0.724297,0.725441,0.723941,0.687500
1694.5,1.200000,1.400000,-0.880000,1.974968,2.016448,0.725714,0.724257,0.725740,0.724284,0.725429,0.723930,0.687500
1695.0,1.200000,1.400000,-0.880000,1.975108,2.016459,0.725703,0.724245,0.725730,0.724272,0.725418,0.723918,0.687500
1695.5,1.200000,1.400000,-0.880000,1.975247,2.016469,0.725692,0.724233,0.725719,0.724260,0.725407,0.723907,0.687500
1696.0,1.200000,1.400000,-0.880000,1.975386,2.016479,0.725682,0.724221,0.725708,0.724248,0.725395,0.723895,0.687500
1696.5,1.200000,1.400000,-0.880000,1.975525,2.016489,0.725671,0.724209,0.725697,0.724236,0.725384,0.723884,0.687500
1697.0,1.200000,1.400000,-0.880000,1.975663,2.016499,0.725660,0.724197,0.725686,0.724224,0.725372,0.723873,0.687500
1697.5,1.200000,1.400000,-0.880000,1.975800,2.016508,0.725649,0.724185,0.725676,0.724212,0.725361,0.723861,0.687500
1698.0,1.200000,1.400000,-0.880000,1.975937,2.016518,0.725638,0.724173,0.725665,0.724200,0.725350,0.723850,0.687500
1698.5,1.200000,1.400000,-0.880000,1.976073,2.016527,0.725627,0.724161,0.725654,0.724188,0.725338,0.723839,0.687500
1699.0,1.200000,1.400000,-0.880000,1.976209,2.016536,0.725616,0.724149,0.725643,0.724176,0.725327,0.723828,0.687500
1699.5,1.200000,1.400000,-0.880000,1.976345,2.016545,0.725605,0.724137,0.725632,0.724164,0.725315,0.723816,0.687500
1700.0,1.200000,1.400000,-0.880000,1.976480,2.016554,0.725594,0.724125,0.725621,0.724152,0.725304,0.723805,0.687500
1700.5,1.200000,1.400000,-0.880000,1.976614,2.016562,0.725583,0.724113,0.725610,0.724140,0.725292,0.723794,0.687500
1701.0,1.200000,1.400000,-0.880000,1.976748,2.016570,0.725572,0.724101,0.725599,0.724128,0.725281,0.723783,0.687500
1701.5,1.200000,1.400000,-0.880000,1.976882,2.016578,0.725561,0.724090,0.725588,0.724116,0.725269,0.723772,0.687500
1702.0,1.200000,1.400000,-0.880000,1.977015,2.016586,0.725550,0.724078,0.725577,0.724104,0.725257,0.723761,0.687500
1702.5,1.200000,1.400000,-0.880000,1.977147,2.016594,0.725539,0.724066,0.725566,0.724092,0.725246,0.723750,0.687500
1703.0,1.200000,1.400000,-0.880000,1.977280,2.016602,0.725528,0.724054,0.725555,0.724081,0.725234,0.723739,0.687500
1703.5,1.200000,1.400000,-0.880000,1.977411,2.016609,0.725517,0.724043,0.725544,0.724069,0.725223,0.723728,0.687500
1704.0,1.200000,1.400000,-0.880000,1.977542,2.016617,0.725506,0.724031,0.725533,0.724057,0.725211,0.723717,0.687500
1704.5,1.200000,1.400000,-0.880000,1.977673,2.016624,0.725495,0.724019,0.725522,0.724045,0.725200,0.723706,0.687500
1705.0,1.200000,1.400000,-0.880000,1.977803,2.016631,0.725484,0.724008,0.725511,0.724034,0.725188,0.723695,0.687500
1705.5,1.200000,1.400000,-0.880000,1.977933,2.016637,0.725472,0.723996,0.725499,0.724022,0.725176,0.723684,0.687500
1706.0,1.200000,1.400000,-0.880000,1.978062,2.016644,0.725461,0.723985,0.725488,0.724010,0.725165,0.723673,0.687500
1706.5,1.200000,1.400000,-0.880000,1.978191,2.016651,0.725450,0.723973,0.725477,0.723999,0.725153,0.723662,0.687500
1707.0,1.200000,1.400000,-0.880000,1.978320,2.016657,0.725439,0.723962,0.725466,0.723987,0.725141,0.723651,0.687500
1707.5,1.200000,1.400000,-0.880000,1.978448,2.016663,0.725428,0.723950,0.725455,0.723976,0.725130,0.723641,0.687500
1708.0,1.200000,1.400000,-0.880000,1.978575,2.016669,0.725416,0.723939,0.725443,0.723964,0.725118,0.723630,0.687500
1708.5,1.200000,1.400000,-0.880000,1.978702,2.016675,0.725405,0.723927,0.725432,0.723953,0.725107,0.723619,0.687500
1709.0,1.200000,1.400000,-0.880000,1.978829,2.016680,0.725394,0.723916,0.725421,0.723941,0.725095,0.723608,0.687500
1709.5,1.200000,1.400000,-0.880000,1.978955,2.016686,0.725383,0.723904,0.725410,0.723930,0.725083,0.723598,0.687500
1710.0,1.200000,1.400000,-0.880000,1.979080,2.016691,0.725371,0.723893,0.725398,0.723918,0.725072,0.723587,0.687500
1710.5,1.200000,1.400000,-0.880000,1.979205,2.016696,0.725360,0.723882,0.725387,0.723907,0.725060,0.723576,0.687500
1711.0,1.200000,1.400000,-0.880000,1.979330,2.016701,0.725349,0.723870,0.725376,0.723895,0.725048,0.723566,0.687500
1711.5,1.200000,1.400000,-0.880000,1.979454,2.016706,0.725337,0.723859,0.725365,0.723884,0.725037,0.723555,0.687500
1712.0,1.200000,1.400000,-0.880000,1.979578,2.016711,0.725326,0.723848,0.725353,0.723873,0.725025,0.723544,0.687500
1712.5,1.200000,1.400000,-0.880000,1.979701,2.016715,0.725315,0.723836,0.725342,0.723861,0.725013,0.723534,0.687500
1713.0,1.200000,1.400000,-0.880000,1.979824,2.016720,0.725303,0.723825,0.725331,0.723850,0.725002,0.723523,0.687500
1713.5,1.200000,1.400000,-0.880000,1.979946,2.016724,0.725292,0.723814,0.725319,0.723839,0.724990,0.723513,0.687500
1714.0,1.200000,1.400000,-0.880000,1.980068,2.016728,0.725281,0.723803,0.725308,0.723828,0.724978,0.723502,0.687500
1714.5,1.200000,1.400000,-0.880000,1.980190,2.016732,0.725269,0.723792,0.725296,0.723817,0.724967,0.723492,0.687500
1715.0,1.200000,1.400000,-0.880000,1.980311,2.016736,0.725258,0.723781,0.725285,0.723805,0.724955,0.723481,0.687500
1715.5,1.200000,1.400000,-0.880000,1.980431,2.016739,0.725246,0.723770,0.725274,0.723794,0.724943,0.723471,0.687500
1716.0,1.200000,1.400000,-0.880000,1.980552,2.016743,0.725235,0.723758,0.725262,0.723783,0.724932,0.723461,0.687500
1716.5,1.200000,1.400000,-0.880000,1.980671,2.016746,0.725224,0.723747,0.725251,0.723772,0.724920,0.723450,0.687500
1717.0,1.200000,1.400000,-0.880000,1.980790,2.016749,0.725212,0.723736,0.725239,0.723761,0.724908,0.723440,0.687500
1717.5,1.200000,1.400000,-0.880000,1.980909,2.016752,0.725201,0.723725,0.725228,0.723750,0.724897,0.723430,0.687500
1718.0,1.200000,1.400000,-0.880000,1.981028,2.016755,0.725189,0.723714,0.725217,0.723739,0.724885,0.723419,0.687500
1718.5,1.200000,1.400000,-0.880000,1.981145,2.016758,0.725178,0.723704,0.725205,0.723728,0.724873,0.723409,0.687500
1719.0,1.200000,1.400000,-0.880000,1.981263,2.016760,0.725166,0.723693,0.725194,0.723717,0.724861,0.723399,0.687500
1719.5,1.200000,1.400000,-0.880000,1.981380,2.016763,0.725155,0.723682,0.725182,0.723706,0.724850,0.723389,0.687500
1720.0,1.200000,1.400000,-0.880000,1.981497,2.016765,0.725143,0.723671,0.725171,0.723695,0.724838,0.723378,0.687500
1720.5,1.200000,1.400000,-0.880000,1.981613,2.016767,0.725132,0.723660,0.725159,0.723684,0.724826,0.723368,0.687500
1721.0,1.200000,1.400000,-0.880000,1.981728,2.016769,0.725120,0.723649,0.725148,0.723673,0.724815,0.723358,0.687500
1721.5,1.200000,1.400000,-0.880000,1.981844,2.016771,0.725109,0.723638,0.725136,0.723662,0.724803,0.723348,0.687500
1722.0,1.200000,1.400000,-0.880000,1.981958,2.016773,0.725097,0.723628,0.725125,0.723652,0.724791,0.723338,0.687500
1722.5,1.200000,1.400000,-0.880000,1.982073,2.016774,0.725086,0.723617,0.725113,0.723641,0.724780,0.723328,0.687500
1723.0,1.200000,1.400000,-0.880000,1.982187,2.016776,0.725074,0.723606,0.725102,0.723630,0.724768,0.723318,0.687500
1723.5,1.200000,1.400000,-0.880000,1.982300,2.016777,0.725063,0.723596,0.725090,0.723619,0.724756,0.723308,0.687500
1724.0,1.200000,1.400000,-0.880000,1.982413,2.016778,0.725051,0.723585,0.725079,0.723609,0.724744,0.723298,0.687500
1724.5,1.200000,1.400000,-0.880000,1.982526,2.016779,0.725040,0.723574,0.725067,0.723598,0.724733,0.723288,0.687500
1725.0,1.200000,1.400000,-0.880000,1.982638,2.016780,0.725028,0.723564,0.725056,0.723587,0.724721,0.723278,0.687500
1725.5,1.200000,1.400000,-0.880000,1.982750,2.016781,0.725017,0.723553,0.725044,0.723577,0.724709,0.723268,0.687500
1726.0,1.200000,1.400000,-0.880000,1.982861,2.016781,0.725005,0.723542,0.725033,0.723566,0.724698,0.723258,0.687500
1726.5,1.200000,1.400000,-0.880000,1.982972,2.016782,0.724994,0.723532,0.725021,0.723555,0.724686,0.723248,0.687500
1727.0,1.200000,1.400000,-0.880000,1.983083,2.016782,0.724982,0.723521,0.725009,0.723545,0.724674,0.723238,0.687500
1727.5,1.200000,1.400000,-0.880000,1.983193,2.016782,0.724971,0.723511,0.724998,0.723534,0.724663,0.723228,0.687500
1728.0,1.200000,1.400000,-0.880000,1.983302,2.016782,0.724959,0.723500,0.724986,0.723524,0.724651,0.723218,0.687500
1728.5,1.200000,1.400000,-0.880000,1.983411,2.016782,0.724947,0.723490,0.724975,0.723513,0.724639,0.723209,0.687500
1729.0,1.200000,1.400000,-0.880000,1.983520,2.016782,0.724936,0.723480,0.724963,0.723503,0.724628,0.723199,0.687500
1729.5,1.200000,1.400000,-0.880000,1.983629,2.016782,0.724924,0.723469,0.724952,0.723492,0.724616,0.723189,0.687500
1730.0,1.200000,1.400000,-0.880000,1.983737,2.016781,0.724913,0.723459,0.724940,0.723482,0.724604,0.723179,0.687500
1730.5,1.200000,1.400000,-0.880000,1.983844,2.016781,0.724901,0.723448,0.724928,0.723471,0.724593,0.723170,0.687500
1731.0,1.200000,1.400000,-0.880000,1.983951,2.016780,0.724890,0.723438,0.724917,0.723461,0.724581,0.723160,0.687500
1731.5,1.200000,1.400000,-0.880000,1.984058,2.016779,0.724878,0.723428,0.724905,0.723451,0.724569,0.723150,0.687500
1732.0,1.200000,1.400000,-0.880000,1.984164,2.016778,0.724866,0.723418,0.724894,0.723440,0.724558,0.723141,0.687500
1732.5,1.200000,1.400000,-0.880000,1.984270,2.016777,0.724855,0.723407,0.724882,0.723430,0.724546,0.723131,0.687500
1733.0,1.200000,1.400000,-0.880000,1.984375,2.016776,0.724843,0.723397,0.724871,0.723420,0.724534,0.723121,0.687500
1733.5,1.200000,1.400000,-0.880000,1.984480,2.016774,0.724832,0.723387,0.724859,0.723409,0.724523,0.723112,0.687500
1734.0,1.200000,1.400000,-0.880000,1.984585,2.016773,0.724820,0.723377,0.724847,0.723399,0.724511,0.723102,0.687500
1734.5,1.200000,1.400000,-0.880000,1.984689,2.016771,0.724809,0.723366,0.724836,0.723389,0.724500,0.723093,0.687500
1735.0,1.200000,1.400000,-0.880000,1.984793,2.016769,0.724797,0.723356,0.724824,0.723379,0.724488,0.723083,0.687500
1735.5,1.200000,1.400000,-0.880000,1.984896,2.016767,0.724785,0.723346,0.724813,0.723369,0.724476,0.723074,0.687500
1736.0,1.200000,1.400000,-0.880000,1.984999,2.016765,0.724774,0.723336,0.724801,0.723359,0.724465,0.723064,0.687500
1736.5,1.200000,1.400000,-0.880000,1.985102,2.016763,0.724762,0.723326,0.724789,0.723348,0.724453,0.723055,0.687500
1737.0,1.200000,1.400000,-0.880000,1.985204,2.016761,0.724751,0.723316,0.724778,0.723338,0.724442,0.723046,0.687500
1737.5,1.200000,1.400000,-0.880000,1.985305,2.016759,0.724739,0.723306,0.724766,0.723328,0.724430,0.723036,0.687500
1738.0,1.200000,1.400000,-0.880000,1.985407,2.016756,0.724727,0.723296,0.724755,0.723318,0.724418,0.723027,0.687500
1738.5,1.200000,1.400000,-0.880000,1.985508,2.016753,0.724716,0.723286,0.724743,0.723308,0.724407,0.723017,0.687500
1739.0,1.200000,1.400000,-0.880000,1.985608,2.016751,0.724704,0.723276,0.724731,0.723298,0.724395,0.723008,0.687500
1739.5,1.200000,1.400000,-0.880000,1.985708,2.016748,0.724693,0.723266,0.724720,0.723288,0.724384,0.722999,0.687500
1740.0,1.200000,1.400000,-0.880000,1.985808,2.016745,0.724681,0.723256,0.724708,0.723278,0.724372,0.722990,0.687500
1740.5,1.200000,1.400000,-0.880000,1.985907,2.016742,0.724670,0.723246,0.724697,0.723268,0.724361,0.722980,0.687500
1741.0,1.200000,1.400000,-0.880000,1.986006,2.016738,0.724658,0.723237,0.724685,0.723258,0.724349,0.722971,0.687500
1741.5,1.200000,1.400000,-0.880000,1.986105,2.016735,0.724646,0.723227,0.724673,0.723249,0.724337,0.722962,0.687500
1742.0,1.200000,1.400000,-0.880000,1.986203,2.016732,0.724635,0.723217,0.724662,0.723239,0.724326,0.722953,0.687500
1742.5,1.200000,1.400000,-0.880000,1.986300,2.016728,0.724623,0.723207,0.724650,0.723229,0.724314,0.722944,0.687500
1743.0,1.200000,1.400000,-0.880000,1.986398,2.016724,0.724612,0.723197,0.724639,0.723219,0.724303,0.722934,0.687500
1743.5,1.200000,1.400000,-0.880000,1.986494,2.016721,0.724600,0.723188,0.724627,0.723209,0.724291,0.722925,0.687500
1744.0,1.200000,1.400000,-0.880000,1.986591,2.016717,0.724589,0.723178,0.724616,0.723199,0.724280,0.722916,0.687500
1744.5,1.200000,1.400000,-0.880000,1.986687,2.016713,0.724577,0.723168,0.724604,0.723190,0.724268,0.722907,0.687500
1745.0,1.200000,1.400000,-0.880000,1.986783,2.016709,0.724565,0.723159,0.724592,0.723180,0.724257,0.722898,0.687500
1745.5,1.200000,1.400000,-0.880000,1.986878,2.016704,0.724554,0.723149,0.724581,0.723170,0.724245,0.722889,0.687500
1746.0,1.200000,1.400000,-0.880000,1.986973,2.016700,0.724542,0.723139,0.724569,0.723161,0.724234,0.722880,0.687500
1746.5,1.200000,1.400000,-0.880000,1.987068,2.016695,0.724531,0.723130,0.724558,0.723151,0.724222,0.722871,0.687500
1747.0,1.200000,1.400000,-0.880000,1.987162,2.016691,0.724519,0.723120,0.724546,0.723141,0.724211,0.722862,0.687500
1747.5,1.200000,1.400000,-0.880000,1.987255,2.016686,0.724508,0.723111,0.724535,0.723132,0.724199,0.722853,0.687500
1748.0,1.200000,1.400000,-0.880000,1.987349,2.016681,0.724496,0.723101,0.724523,0.723122,0.724188,0.722844,0.687500
1748.5,1.200000,1.400000,-0.880000,1.987442,2.016676,0.724485,0.723091,0.724511,0.723113,0.724176,0.722835,0.687500
1749.0,1.200000,1.400000,-0.880000,1.987534,2.016671,0.724473,0.723082,0.724500,0.723103,0.724165,0.722826,0.687500
1749.5,1.200000,1.400000,-0.880000,1.987627,2.016666,0.724461,0.723073,0.724488,0.723094,0.724153,0.722818,0.687500
1750.0,1.200000,1.400000,-0.880000,1.987718,2.016661,0.724450,0.723063,0.724477,0.723084,0.724142,0.722809,0.687500
1750.5,1.200000,1.400000,-0.880000,1.987810,2.016656,0.724438,0.723054,0.724465,0.723075,0.724131,0.722800,0.687500
1751.0,1.200000,1.400000,-0.880000,1.987901,2.016650,0.724427,0.723044,0.724454,0.723065,0.724119,0.722791,0.687500
1751.5,1.200000,1.400000,-0.880000,1.987992,2.016645,0.724415,0.723035,0.724442,0.723056,0.724108,0.722782,0.687500
1752.0,1.200000,1.400000,-0.880000,1.988082,2.016639,0.724404,0.723026,0.724431,0.723046,0.724096,0.722774,0.687500
1752.5,1.200000,1.400000,-0.880000,1.988172,2.016633,0.724392,0.723016,0.724419,0.723037,0.724085,0.722765,0.687500
1753.0,1.200000,1.400000,-0.880000,1.988261,2.016627,0.724381,0.723007,0.724408,0.723028,0.724074,0.722756,0.687500
1753.5,1.200000,1.400000,-0.880000,1.988350,2.016621,0.724369,0.722998,0.724396,0.723018,0.724062,0.722747,0.687500
1754.0,1.200000,1.400000,-0.880000,1.988439,2.016615,0.724358,0.722988,0.724385,0.723009,0.724051,0.722739,0.687500
1754.5,1.200000,1.400000,-0.880000,1.988528,2.016609,0.724346,0.722979,0.724373,0.723000,0.724039,0.722730,0.687500
1755.0,1.200000,1.400000,-0.880000,1.988616,2.016603,0.724335,0.722970,0.724362,0.722990,0.724028,0.722722,0.687500
1755.5,1.200000,1.400000,-0.880000,1.988703,2.016596,0.724323,0.722961,0.724350,0.722981,0.724017,0.722713,0.687500
1756.0,1.200000,1.400000,-0.880000,1.988791,2.016590,0.724312,0.722952,0.724339,0.722972,0.724005,0.722704,0.687500
1756.5,1.200000,1.400000,-0.880000,1.988878,2.016583,0.724300,0.722942,0.724327,0.722963,0.723994,0.722696,0.687500
1757.0,1.200000,1.400000,-0.880000,1.988964,2.016577,0.724289,0.722933,0.724316,0.722953,0.723983,0.722687,0.687500
1757.5,1.200000,1.400000,-0.880000,1.989050,2.016570,0.724278,0.722924,0.724304,0.722944,0.723971,0.722679,0.687500
1758.0,1.200000,1.400000,-0.880000,1.989136,2.016563,0.724266,0.722915,0.724293,0.722935,0.723960,0.722670,0.687500
1758.5,1.200000,1.400000,-0.880000,1.989222,2.016556,0.724255,0.722906,0.724281,0.722926,0.723949,0.722662,0.687500
1759.0,1.200000,1.400000,-0.880000,1.989307,2.016549,0.724243,0.722897,0.724270,0.722917,0.723938,0.722653,0.687500
1759.5,1.200000,1.400000,-0.880000,1.989391,2.016542,0.724232,0.722888,0.724258,0.722908,0.723926,0.722645,0.687500
1760.0,1.200000,1.400000,-0.880000,1.989476,2.016535,0.724220,0.722879,0.724247,0.722899,0.723915,0.722636,0.687500
1760.5,1.200000,1.400000,-0.880000,1.989560,2.016527,0.724209,0.722870,0.724235,0.722890,0.723904,0.722628,0.687500
1761.0,1.200000,1.400000,-0.880000,1.989643,2.016520,0.724198,0.722861,0.724224,0.722881,0.723892,0.722620,0.687500
1761.5,1.200000,1.400000,-0.880000,1.989727,2.016512,0.724186,0.722852,0.724213,0.722872,0.723881,0.722611,0.687500
1762.0,1.200000,1.400000,-0.880000,1.989810,2.016505,0.724175,0.722843,0.724201,0.722863,0.723870,0.722603,0.687500
1762.5,1.200000,1.400000,-0.880000,1.989892,2.016497,0.724163,0.722834,0.724190,0.722854,0.723859,0.722595,0.687500
1763.0,1.200000,1.400000,-0.880000,1.989974,2.016489,0.724152,0.722825,0.724178,0.722845,0.723848,0.722586,0.687500
1763.5,1.200000,1.400000,-0.880000,1.990056,2.016481,0.724141,0.722817,0.724167,0.722836,0.723836,0.722578,0.687500
1764.0,1.200000,1.400000,-0.880000,1.990138,2.016473,0.724129,0.722808,0.724156,0.722827,0.723825,0.722570,0.687500
1764.5,1.200000,1.400000,-0.880000,1.990219,2.016465,0.724118,0.722799,0.724144,0.722818,0.723814,0.722562,0.687500
1765.0,1.200000,1.400000,-0.880000,1.990300,2.016457,0.724107,0.722790,0.724133,0.722810,0.723803,0.722553,0.687500
1765.5,1.200000,1.400000,-0.880000,1.990380,2.016449,0.724095,0.722781,0.724121,0.722801,0.723792,0.722545,0.687500
1766.0,1.200000,1.400000,-0.880000,1.990460,2.016440,0.724084,0.722773,0.724110,0.722792,0.723781,0.722537,0.687500
1766.5,1.200000,1.400000,-0.880000,1.990540,2.016432,0.724073,0.722764,0.724099,0.722783,0.723769,0.722529,0.687500
1767.0,1.200000,1.400000,-0.880000,1.990619,2.016423,0.724061,0.722755,0.724087,0.722774,0.723758,0.722521,0.687500
1767.5,1.200000,1.400000,-0.880000,1.990698,2.016415,0.724050,0.722747,0.724076,0.722766,0.723747,0.722513,0.687500
1768.0,1.200000,1.400000,-0.880000,1.990777,2.016406,0.724039,0.722738,0.724065,0.722757,0.723736,0.722505,0.687500
1768.5,1.200000,1.400000,-0.880000,1.990855,2.016397,0.724027,0.722729,0.724053,0.722748,0.723725,0.722497,0.687500
1769.0,1.200000,1.400000,-0.880000,1.990933,2.016388,0.724016,0.722721,0.724042,0.722740,0.723714,0.722489,0.687500
1769.5,1.200000,1.400000,-0.880000,1.991011,2.016379,0.724005,0.722712,0.724031,0.722731,0.723703,0.722481,0.687500
1770.0,1.200000,1.400000,-0.880000,1.991088,2.016370,0.723993,0.722703,0.724019,0.722722,0.723692,0.722473,0.687500
1770.5,1.200000,1.400000,-0.880000,1.991165,2.016361,0.723982,0.722695,0.724008,0.722714,0.723681,0.722465,0.687500
1771.0,1.200000,1.400000,-0.880000,1.991242,2.016352,0.723971,0.722686,0.723997,0.722705,0.723670,0.722457,0.687500
1771.5,1.200000,1.400000,-0.880000,1.991318,2.016342,0.723960,0.722678,0.723986,0.722697,0.723659,0.722449,0.687500
1772.0,1.200000,1.400000,-0.880000,1.991394,2.016333,0.723948,0.722669,0.723974,0.722688,0.723648,0.722441,0.687500
1772.5,1.200000,1.400000,-0.880000,1.991469,2.016323,0.723937,0.722661,0.723963,0.722680,0.723637,0.722433,0.687500
1773.0,1.200000,1.400000,-0.880000,1.991545,2.016314,0.723926,0.722653,0.723952,0.722671,0.723626,0.722425,0.687500
1773.5,1.200000,1.400000,-0.880000,1.991619,2.016304,0.723915,0.722644,0.723941,0.722663,0.723615,0.722417,0.687500
1774.0,1.200000,1.400000,-0.880000,1.991694,2.016294,0.723904,0.722636,0.723929,0.722654,0.723604,0.722409,0.687500
1774.5,1.200000,1.400000,-0.880000,1.991768,2.016285,0.723892,0.722627,0.723918,0.722646,0.723593,0.722401,0.687500
1775.0,1.200000,1.400000,-0.880000,1.991842,2.016275,0.723881,0.722619,0.723907,0.722637,0.723582,0.722394,0.687500
1775.5,1.200000,1.400000,-0.880000,1.991916,2.016265,0.723870,0.722611,0.723896,0.722629,0.723571,0.722386,0.687500
1776.0,1.200000,1.400000,-0.880000,1.991989,2.016255,0.723859,0.722602,0.723885,0.722621,0.723560,0.722378,0.687500
1776.5,1.200000,1.400000,-0.880000,1.992062,2.016245,0.723848,0.722594,0.723873,0.722612,0.723549,0.722370,0.687500
1777.0,1.200000,1.400000,-0.880000,1.992134,2.016234,0.723837,0.722586,0.723862,0.722604,0.723539,0.722363,0.687500
1777.5,1.200000,1.400000,-0.880000,1.992207,2.016224,0.723826,0.722577,0.723851,0.722596,0.723528,0.722355,0.687500
1778.0,1.200000,1.400000,-0.880000,1.992279,2.016214,0.723814,0.722569,0.723840,0.722587,0.723517,0.722347,0.687500
1778.5,1.200000,1.400000,-0.880000,1.992350,2.016203,0.723803,0.722561,0.723829,0.722579,0.723506,0.722340,0.687500
1779.0,1.200000,1.400000,-0.880000,1.992421,2.016193,0.723792,0.722553,0.723818,0.722571,0.723495,0.722332,0.687500
1779.5,1.200000,1.400000,-0.880000,1.992492,2.016182,0.723781,0.722545,0.723807,0.722563,0.723484,0.722324,0.687500
1780.0,1.200000,1.400000,-0.880000,1.992563,2.016171,0.723770,0.722536,0.723796,0.722555,0.723474,0.722317,0.687500
1780.5,1.200000,1.400000,-0.880000,1.992633,2.016161,0.723759,0.722528,0.723784,0.722546,0.723463,0.722309,0.687500
1781.0,1.200000,1.400000,-0.880000,1.992703,2.016150,0.723748,0.722520,0.723773,0.722538,0.723452,0.722302,0.687500
1781.5,1.200000,1.400000,-0.880000,1.992773,2.016139,0.723737,0.722512,0.723762,0.722530,0.723441,0.722294,0.687500
1782.0,1.200000,1.400000,-0.880000,1.992842,2.016128,0.723726,0.722504,0.723751,0.722522,0.723431,0.722286,0.687500
1782.5,1.200000,1.400000,-0.880000,1.992911,2.016117,0.723715,0.722496,0.723740,0.722514,0.723420,0.722279,0.687500
1783.0,1.200000,1.400000,-0.880000,1.992980,2.016106,0.723704,0.722488,0.723729,0.722506,0.723409,0.722271,0.687500
1783.5,1.200000,1.400000,-0.880000,1.993048,2.016094,0.723693,0.722480,0.723718,0.722498,0.723399,0.722264,0.687500
1784.0,1.200000,1.400000,-0.880000,1.993116,2.016083,0.723682,0.722472,0.723707,0.722490,0.723388,0.722257,0.687500
1784.5,1.200000,1.400000,-0.880000,1.993184,2.016072,0.723671,0.722464,0.723696,0.722482,0.723377,0.722249,0.687500
1785.0,1.200000,1.400000,-0.880000,1.993251,2.016060,0.723660,0.722456,0.723685,0.722474,0.723367,0.722242,0.687500
1785.5,1.200000,1.400000,-0.880000,1.993318,2.016049,0.723649,0.722448,0.723674,0.722466,0.723356,0.722234,0.687500
1786.0,1.200000,1.400000,-0.880000,1.993385,2.016037,0.723638,0.722440,0.723663,0.722458,0.723345,0.722227,0.687500
1786.5,1.200000,1.400000,-0.880000,1.993451,2.016026,0.723627,0.722432,0.723652,0.722450,0.723335,0.722220,0.687500
1787.0,1.200000,1.400000,-0.880000,1.993518,2.016014,0.723616,0.722424,0.723641,0.722442,0.723324,0.722212,0.687500
1787.5,1.200000,1.400000,-0.880000,1.993583,2.016002,0.723606,0.722417,0.723630,0.722434,0.723314,0.722205,0.687500
1788.0,1.200000,1.400000,-0.880000,1.993649,2.015990,0.723595,0.722409,0.723620,0.722426,0.723303,0.722198,0.687500
1788.5,1.200000,1.400000,-0.880000,1.993714,2.015979,0.723584,0.722401,0.723609,0.722418,0.723293,0.722190,0.687500
1789.0,1.200000,1.400000,-0.880000,1.993779,2.015967,0.723573,0.722393,0.723598,0.722410,0.723282,0.722183,0.687500
1789.5,1.200000,1.400000,-0.880000,1.993844,2.015955,0.723562,0.722385,0.723587,0.722403,0.723272,0.722176,0.687500
1790.0,1.200000,1.400000,-0.880000,1.993908,2.015942,0.723551,0.722378,0.723576,0.722395,0.723261,0.722169,0.687500
1790.5,1.200000,1.400000,-0.880000,1.993972,2.015930,0.723540,0.722370,0.723565,0.722387,0.723251,0.722161,0.687500
1791.0,1.200000,1.400000,-0.880000,1.994036,2.015918,0.723530,0.722362,0.723554,0.722379,0.723240,0.722154,0.687500
1791.5,1.200000,1.400000,-0.880000,1.994099,2.015906,0.723519,0.722354,0.723544,0.722371,0.723230,0.722147,0.687500
1792.0,1.200000,1.400000,-0.880000,1.994162,2.015893,0.723508,0.722347,0.723533,0.722364,0.723219,0.722140,0.687500
1792.5,1.200000,1.400000,-0.880000,1.994225,2.015881,0.723497,0.722339,0.723522,0.722356,0.723209,0.722133,0.687500
1793.0,1.200000,1.400000,-0.880000,1.994287,2.015868,0.723487,0.722331,0.723511,0.722348,0.723199,0.722126,0.687500
1793.5,1.200000,1.400000,-0.880000,1.994349,2.015856,0.723476,0.722324,0.723500,0.722341,0.723188,0.722119,0.687500
1794.0,1.200000,1.400000,-0.880000,1.994411,2.015843,0.723465,0.722316,0.723490,0.722333,0.723178,0.722111,0.687500
1794.5,1.200000,1.400000,-0.880000,1.994473,2.015830,0.723454,0.722309,0.723479,0.722325,0.723167,0.722104,0.687500
1795.0,1.200000,1.400000,-0.880000,1.994534,2.015818,0.723444,0.722301,0.723468,0.722318,0.723157,0.722097,0.687500
1795.5,1.200000,1.400000,-0.880000,1.994595,2.015805,0.723433,0.722294,0.723457,0.722310,0.723147,0.722090,0.687500
1796.0,1.200000,1.400000,-0.880000,1.994656,2.015792,0.723422,0.722286,0.723447,0.722303,0.723137,0.722083,0.687500
1796.5,1.200000,1.400000,-0.880000,1.994716,2.015779,0.723412,0.722279,0.723436,0.722295,0.723126,0.722076,0.687500
1797.0,1.200000,1.400000,-0.880000,1.994776,2.015766,0.723401,0.722271,0.723425,0.722288,0.723116,0.722069,0.687500
1797.5,1.200000,1.400000,-0.880000,1.994836,2.015753,0.723391,0.722264,0.723415,0.722280,0.723106,0.722062,0.687500
1798.0,1.200000,1.400000,-0.880000,1.994896,2.015740,0.723380,0.722256,0.723404,0.722273,0.723096,0.722055,0.687500
1798.5,1.200000,1.400000,-0.880000,1.994955,2.015727,0.723369,0.722249,0.723393,0.722265,0.723085,0.722049,0.687500
1799.0,1.200000,1.400000,-0.880000,1.995014,2.015713,0.723359,0.722241,0.723383,0.722258,0.723075,0.722042,0.687500
1799.5,1.200000,1.400000,-0.880000,1.995072,2.015700,0.723348,0.722234,0.723372,0.722250,0.723065,0.722035,0.687500
1800.0,1.200000,1.400000,-0.880000,1.995131,2.015687,0.723338,0.722227,0.723362,0.722243,0.723055,0.722028,0.687500
1800.5,1.200000,1.400000,-0.880000,1.995189,2.015673,0.723327,0.722219,0.723351,0.722235,0.723045,0.722021,0.687500
1801.0,1.200000,1.400000,-0.880000,1.995247,2.015660,0.723317,0.722212,0.723341,0.722228,0.723035,0.722014,0.687500
1801.5,1.200000,1.400000,-0.880000,1.995304,2.015646,0.723306,0.722205,0.723330,0.722221,0.723024,0.722007,0.687500
1802.0,1.200000,1.400000,-0.880000,1.995361,2.015633,0.723296,0.722197,0.723320,0.722213,0.723014,0.722001,0.687500
1802.5,1.200000,1.400000,-0.880000,1.995418,2.015619,0.723285,0.722190,0.723309,0.722206,0.723004,0.721994,0.687500
1803.0,1.200000,1.400000,-0.880000,1.995475,2.015605,0.723275,0.722183,0.723299,0.722199,0.722994,0.721987,0.687500
1803.5,1.200000,1.400000,-0.880000,1.995531,2.015592,0.723264,0.722176,0.723288,0.722191,0.722984,0.721980,0.687500
1804.0,1.200000,1.400000,-0.880000,1.995587,2.015578,0.723254,0.722168,0.723278,0.722184,0.722974,0.721974,0.687500
1804.5,1.200000,1.400000,-0.880000,1.995643,2.015564,0.723244,0.722161,0.723267,0.722177,0.722964,0.721967,0.687500
1805.0,1.200000,1.400000,-0.880000,1.995699,2.015550,0.723233,0.722154,0.723257,0.722170,0.722954,0.721960,0.687500
1805.5,1.200000,1.400000,-0.880000,1.995754,2.015536,0.723223,0.722147,0.723246,0.722163,0.722944,0.721954,0.687500
1806.0,1.200000,1.400000,-0.880000,1.995809,2.015522,0.723212,0.722140,0.723236,0.722155,0.722934,0.721947,0.687500
1806.5,1.200000,1.400000,-0.880000,1.995863,2.015508,0.723202,0.722132,0.723226,0.722148,0.722924,0.721940,0.687500
1807.0,1.200000,1.400000,-0.880000,1.995918,2.015494,0.723192,0.722125,0.723215,0.722141,0.722914,0.721934,0.687500
1807.5,1.200000,1.400000,-0.880000,1.995972,2.015480,0.723181,0.722118,0.723205,0.722134,0.722905,0.721927,0.687500
1808.0,1.200000,1.400000,-0.880000,1.996026,2.015465,0.723171,0.722111,0.723194,0.722127,0.722895,0.721921,0.687500
1808.5,1.200000,1.400000,-0.880000,1.996079,2.015451,0.723161,0.722104,0.723184,0.722120,0.722885,0.721914,0.687500
1809.0,1.200000,1.400000,-0.880000,1.996133,2.015437,0.723151,0.722097,0.723174,0.722113,0.722875,0.721907,0.687500
1809.5,1.200000,1.400000,-0.880000,1.996186,2.015422,0.723140,0.722090,0.723164,0.722106,0.722865,0.721901,0.687500
1810.0,1.200000,1.400000,-0.880000,1.996239,2.015408,0.723130,0.722083,0.723153,0.722099,0.722855,0.721894,0.687500
1810.5,1.200000,1.400000,-0.880000,1.996291,2.015393,0.723120,0.722076,0.723143,0.722092,0.722845,0.721888,0.687500
1811.0,1.200000,1.400000,-0.880000,1.996343,2.015379,0.723110,0.722069,0.723133,0.722085,0.722836,0.721881,0.687500
1811.5,1.200000,1.400000,-0.880000,1.996395,2.015364,0.723099,0.722062,0.723123,0.722078,0.722826,0.721875,0.687500
1812.0,1.200000,1.400000,-0.880000,1.996447,2.015349,0.723089,0.722055,0.723112,0.722071,0.722816,0.721869,0.687500
1812.5,1.200000,1.400000,-0.880000,1.996498,2.015335,0.723079,0.722048,0.723102,0.722064,0.722806,0.721862,0.687500
1813.0,1.200000,1.400000,-0.880000,1.996549,2.015320,0.723069,0.722042,0.723092,0.722057,0.722797,0.721856,0.687500
1813.5,1.200000,1.400000,-0.880000,1.996600,2.015305,0.723059,0.722035,0.723082,0.722050,0.722787,0.721849,0.687500
1814.0,1.200000,1.400000,-0.880000,1.996651,2.015290,0.723049,0.722028,0.723072,0.722043,0.722777,0.721843,0.687500
1814.5,1.200000,1.400000,-0.880000,1.996701,2.015275,0.723039,0.722021,0.723061,0.722036,0.722768,0.721837,0.687500
1815.0,1.200000,1.400000,-0.880000,1.996752,2.015261,0.723029,0.722014,0.723051,0.722029,0.722758,0.721830,0.687500
1815.5,1.200000,1.400000,-0.880000,1.996801,2.015246,0.723019,0.722007,0.723041,0.722022,0.722748,0.721824,0.687500
1816.0,1.200000,1.400000,-0.880000,1.996851,2.015230,0.723008,0.722001,0.723031,0.722016,0.722739,0.721818,0.687500
1816.5,1.200000,1.400000,-0.880000,1.996900,2.015215,0.722998,0.721994,0.723021,0.722009,0.722729,0.721811,0.687500
1817.0,1.200000,1.400000,-0.880000,1.996949,2.015200,0.722988,0.721987,0.723011,0.722002,0.722720,0.721805,0.687500
1817.5,1.200000,1.400000,-0.880000,1.996998,2.015185,0.722978,0.721980,0.723001,0.721995,0.722710,0.721799,0.687500
1818.0,1.200000,1.400000,-0.880000,1.997047,2.015170,0.722969,0.721974,0.722991,0.721988,0.722701,0.721793,0.687500
1818.5,1.200000,1.400000,-0.880000,1.997095,2.015155,0.722959,0.721967,0.722981,0.721982,0.722691,0.721786,0.687500
1819.0,1.200000,1.400000,-0.880000,1.997143,2.015139,0.722949,0.721960,0.722971,0.721975,0.722682,0.721780,0.687500
1819.5,1.200000,1.400000,-0.880000,1.997191,2.015124,0.722939,0.721954,0.722961,0.721968,0.722672,0.721774,0.687500
1820.0,1.200000,1.400000,-0.880000,1.997238,2.015109,0.722929,0.721947,0.722951,0.721962,0.722663,0.721768,0.687500
1820.5,1.200000,1.400000,-0.880000,1.997286,2.015093,0.722919,0.721940,0.722941,0.721955,0.722653,0.721762,0.687500
1821.0,1.200000,1.400000,-0.880000,1.997333,2.015078,0.722909,0.721934,0.722931,0.721948,0.722644,0.721756,0.687500
1821.5,1.200000,1.400000,-0.880000,1.997379,2.015062,0.722899,0.721927,0.722921,0.721942,0.722634,0.721749,0.687500
1822.0,1.200000,1.400000,-0.880000,1.997426,2.015046,0.722889,0.721921,0.722912,0.721935,0.722625,0.721743,0.687500
1822.5,1.200000,1.400000,-0.880000,1.997472,2.015031,0.722880,0.721914,0.722902,0.721928,0.722616,0.721737,0.687500
1823.0,1.200000,1.400000,-0.880000,1.997518,2.015015,0.722870,0.721907,0.722892,0.721922,0.722606,0.721731,0.687500
1823.5,1.200000,1.400000,-0.880000,1.997564,2.015000,0.722860,0.721901,0.722882,0.721915,0.722597,0.721725,0.687500
1824.0,1.200000,1.400000,-0.880000,1.997610,2.014984,0.722850,0.721894,0.722872,0.721909,0.722588,0.721719,0.687500
1824.5,1.200000,1.400000,-0.880000,1.997655,2.014968,0.722840,0.721888,0.722862,0.721902,0.722578,0.721713,0.687500
1825.0,1.200000,1.400000,-0.880000,1.997700,2.014952,0.722831,0.721881,0.722853,0.721896,0.722569,0.721707,0.687500
1825.5,1.200000,1.400000,-0.880000,1.997745,2.014936,0.722821,0.721875,0.722843,0.721889,0.722560,0.721701,0.687500
1826.0,1.200000,1.400000,-0.880000,1.997789,2.014920,0.722811,0.721869,0.722833,0.721883,0.722551,0.721695,0.687500
1826.5,1.200000,1.400000,-0.880000,1.997834,2.014904,0.722802,0.721862,0.722823,0.721876,0.722541,0.721689,0.687500
1827.0,1.200000,1.400000,-0.880000,1.997878,2.014888,0.722792,0.721856,0.722814,0.721870,0.722532,0.721683,0.687500
1827.5,1.200000,1.400000,-0.880000,1.997922,2.014872,0.722782,0.721849,0.722804,0.721863,0.722523,0.721677,0.687500
1828.0,1.200000,1.400000,-0.880000,1.997965,2.014856,0.722773,0.721843,0.722794,0.721857,0.722514,0.721671,0.687500
1828.5,1.200000,1.400000,-0.880000,1.998009,2.014840,0.722763,0.721837,0.722785,0.721851,0.722505,0.721666,0.687500
1829.0,1.200000,1.400000,-0.880000,1.998052,2.014824,0.722753,0.721830,0.722775,0.721844,0.722496,0.721660,0.687500
1829.5,1.200000,1.400000,-0.880000,1.998095,2.014808,0.722744,0.721824,0.722765,0.721838,0.722486,0.721654,0.687500
1830.0,1.200000,1.400000,-0.880000,1.998137,2.014792,0.722734,0.721818,0.722756,0.721832,0.722477,0.721648,0.687500
1830.5,1.200000,1.400000,-0.880000,1.998180,2.014776,0.722725,0.721811,0.722746,0.721825,0.722468,0.721642,0.687500
1831.0,1.200000,1.400000,-0.880000,1.998222,2.014759,0.722715,0.721805,0.722737,0.721819,0.722459,0.721636,0.687500
1831.5,1.200000,1.400000,-0.880000,1.998264,2.014743,0.722706,0.721799,0.722727,0.721813,0.722450,0.721631,0.687500
1832.0,1.200000,1.400000,-0.880000,1.998305,2.014727,0.722696,0.721793,0.722718,0.721806,0.722441,0.721625,0.687500
1832.5,1.200000,1.400000,-0.880000,1.998347,2.014710,0.722687,0.721787,0.722708,0.721800,0.722432,0.721619,0.687500
1833.0,1.200000,1.400000,-0.880000,1.998388,2.014694,0.722677,0.721780,0.722699,0.721794,0.722423,0.721613,0.687500
1833.5,1.200000,1.400000,-0.880000,1.998429,2.014677,0.722668,0.721774,0.722689,0.721788,0.722414,0.721607,0.687500
1834.0,1.200000,1.400000,-0.880000,1.998470,2.014661,0.722658,0.721768,0.722680,0.721782,0.722405,0.721602,0.687500
1834.5,1.200000,1.400000,-0.880000,1.998510,2.014644,0.722649,0.721762,0.722670,0.721775,0.722396,0.721596,0.687500
1835.0,1.200000,1.400000,-0.880000,1.998551,2.014628,0.722640,0.721756,0.722661,0.721769,0.722387,0.721590,0.687500
1835.5,1.200000,1.400000,-0.880000,1.998591,2.014611,0.722630,0.721750,0.722651,0.721763,0.722379,0.721585,0.687500
1836.0,1.200000,1.400000,-0.880000,1.998631,2.014594,0.722621,0.721744,0.722642,0.721757,0.722370,0.721579,0.687500
1836.5,1.200000,1.400000,-0.880000,1.998670,2.014578,0.722612,0.721737,0.722633,0.721751,0.722361,0.721573,0.687500
1837.0,1.200000,1.400000,-0.880000,1.998710,2.014561,0.722602,0.721731,0.722623,0.721745,0.722352,0.721568,0.687500
1837.5,1.200000,1.400000,-0.880000,1.998749,2.014544,0.722593,0.721725,0.722614,0.721739,0.722343,0.721562,0.687500
1838.0,1.200000,1.400000,-0.880000,1.998788,2.014528,0.722584,0.721719,0.722605,0.721733,0.722334,0.721557,0.687500
1838.5,1.200000,1.400000,-0.880000,1.998827,2.014511,0.722575,0.721713,0.722595,0.721727,0.722326,0.721551,0.687500
1839.0,1.200000,1.400000,-0.880000,1.998865,2.014494,0.722565,0.721707,0.722586,0.721720,0.722317,0.721545,0.687500
1839.5,1.200000,1.400000,-0.880000,1.998904,2.014477,0.722556,0.721701,0.722577,0.721714,0.722308,0.721540,0.687500
1840.0,1.200000,1.400000,-0.880000,1.998942,2.014460,0.722547,0.721695,0.722568,0.721708,0.722299,0.721534,0.687500
1840.5,1.200000,1.400000,-0.880000,1.998980,2.014443,0.722538,0.721689,0.722558,0.721702,0.722291,0.721529,0.687500
1841.0,1.200000,1.400000,-0.880000,1.999017,2.014426,0.722529,0.721683,0.722549,0.721696,0.722282,0.721523,0.687500
1841.5,1.200000,1.400000,-0.880000,1.999055,2.014409,0.722519,0.721678,0.722540,0.721691,0.722273,0.721518,0.687500
1842.0,1.200000,1.400000,-0.880000,1.999092,2.014392,0.722510,0.721672,0.722531,0.721685,0.722265,0.721512,0.687500
1842.5,1.200000,1.400000,-0.880000,1.999129,2.014375,0.722501,0.721666,0.722522,0.721679,0.722256,0.721507,0.687500
1843.0,1.200000,1.400000,-0.880000,1.999166,2.014358,0.722492,0.721660,0.722512,0.721673,0.722248,0.721502,0.687500
1843.5,1.200000,1.400000,-0.880000,1.999202,2.014341,0.722483,0.721654,0.722503,0.721667,0.722239,0.721496,0.687500
1844.0,1.200000,1.400000,-0.880000,1.999238,2.014324,0.722474,0.721648,0.722494,0.721661,0.722230,0.721491,0.687500
1844.5,1.200000,1.400000,-0.880000,1.999275,2.014307,0.722465,0.721642,0.722485,0.721655,0.722222,0.721485,0.687500
1845.0,1.200000,1.400000,-0.880000,1.999311,2.014289,0.722456,0.721637,0.722476,0.721649,0.722213,0.721480,0.687500
1845.5,1.200000,1.400000,-0.880000,1.999346,2.014272,0.722447,0.721631,0.722467,0.721643,0.722205,0.721475,0.687500
1846.0,1.200000,1.400000,-0.880000,1.999382,2.014255,0.722438,0.721625,0.722458,0.721638,0.722196,0.721469,0.687500
1846.5,1.200000,1.400000,-0.880000,1.999417,2.014238,0.722429,0.721619,0.722449,0.721632,0.722188,0.721464,0.687500
1847.0,1.200000,1.400000,-0.880000,1.999452,2.014220,0.722420,0.721613,0.722440,0.721626,0.722179,0.721459,0.687500
1847.5,1.200000,1.400000,-0.880000,1.999487,2.014203,0.722411,0.721608,0.722431,0.721620,0.722171,0.721453,0.687500
1848.0,1.200000,1.400000,-0.880000,1.999522,2.014186,0.722402,0.721602,0.722422,0.721615,0.722163,0.721448,0.687500
1848.5,1.200000,1.400000,-0.880000,1.999556,2.014168,0.722393,0.721596,0.722413,0.721609,0.722154,0.721443,0.687500
1849.0,1.200000,1.400000,-0.880000,1.999590,2.014151,0.722384,0.721591,0.722404,0.721603,0.722146,0.721437,0.687500
1849.5,1.200000,1.400000,-0.880000,1.999624,2.014133,0.722376,0.721585,0.722395,0.721597,0.722138,0.721432,0.687500
1850.0,1.200000,1.400000,-0.880000,1.999658,2.014116,0.722367,0.721579,0.722387,0.721592,0.722129,0.721427,0.687500
1850.5,1.200000,1.400000,-0.880000,1.999692,2.014099,0.722358,0.721574,0.722378,0.721586,0.722121,0.721422,0.687500
1851.0,1.200000,1.400000,-0.880000,1.999725,2.014081,0.722349,0.721568,0.722369,0.721580,0.722113,0.721417,0.687500
1851.5,1.200000,1.400000,-0.880000,1.999758,2.014063,0.722340,0.721562,0.722360,0.721575,0.722104,0.721411,0.687500
1852.0,1.200000,1.400000,-0.880000,1.999791,2.014046,0.722332,0.721557,0.722351,0.721569,0.722096,0.721406,0.687500
1852.5,1.200000,1.400000,-0.880000,1.999824,2.014028,0.722323,0.721551,0.722342,0.721564,0.722088,0.721401,0.687500
1853.0,1.200000,1.400000,-0.880000,1.999857,2.014011,0.722314,0.721546,0.722334,0.721558,0.722080,0.721396,0.687500
1853.5,1.200000,1.400000,-0.880000,1.999889,2.013993,0.722305,0.721540,0.722325,0.721552,0.722071,0.721391,0.687500
1854.0,1.200000,1.400000,-0.880000,1.999922,2.013975,0.722297,0.721535,0.722316,0.721547,0.722063,0.721386,0.687500
1854.5,1.200000,1.400000,-0.880000,1.999954,2.013958,0.722288,0.721529,0.722308,0.721541,0.722055,0.721381,0.687500
1855.0,1.200000,1.400000,-0.880000,1.999985,2.013940,0.722280,0.721524,0.722299,0.721536,0.722047,0.721375,0.687500
1855.5,1.200000,1.400000,-0.880000,2.000017,2.013922,0.722271,0.721518,0.722290,0.721530,0.722039,0.721370,0.687500
1856.0,1.200000,1.400000,-0.880000,2.000048,2.013905,0.722262,0.721513,0.722282,0.721525,0.722031,0.721365,0.687500
1856.5,1.200000,1.400000,-0.880000,2.000080,2.013887,0.722254,0.721507,0.722273,0.721519,0.722023,0.721360,0.687500
1857.0,1.200000,1.400000,-0.880000,2.000111,2.013869,0.722245,0.721502,0.722264,0.721514,0.722015,0.721355,0.687500
1857.5,1.200000,1.400000,-0.880000,2.000142,2.013851,0.722237,0.721496,0.722256,0.721508,0.722007,0.721350,0.687500
1858.0,1.200000,1.400000,-0.880000,2.000172,2.013833,0.722228,0.721491,0.722247,0.721503,0.721999,0.721345,0.687500
1858.5,1.200000,1.400000,-0.880000,2.000203,2.013815,0.722220,0.721486,0.722239,0.721497,0.721991,0.721340,0.687500
1859.0,1.200000,1.400000,-0.880000,2.000233,2.013798,0.722211,0.721480,0.722230,0.721492,0.721983,0.721335,0.687500
1859.5,1.200000,1.400000,-0.880000,2.000263,2.013780,0.722203,0.721475,0.722222,0.721487,0.721975,0.721330,0.687500
1860.0,1.200000,1.400000,-0.880000,2.000293,2.013762,0.722194,0.721470,0.722213,0.721481,0.721967,0.721325,0.687500
1860.5,1.200000,1.400000,-0.880000,2.000323,2.013744,0.722186,0.721464,0.722205,0.721476,0.721959,0.721320,0.687500
1861.0,1.200000,1.400000,-0.880000,2.000352,2.013726,0.722177,0.721459,0.722196,0.721471,0.721951,0.721315,0.687500
1861.5,1.200000,1.400000,-0.880000,2.000381,2.013708,0.722169,0.721454,0.722188,0.721465,0.721943,0.721311,0.687500
1862.0,1.200000,1.400000,-0.880000,2.000411,2.013690,0.722161,0.721448,0.722179,0.721460,0.721935,0.721306,0.687500
1862.5,1.200000,1.400000,-0.880000,2.000440,2.013672,0.722152,0.721443,0.722171,0.721455,0.721927,0.721301,0.687500
1863.0,1.200000,1.400000,-0.880000,2.000468,2.013654,0.722144,0.721438,0.722162,0.721449,0.721919,0.721296,0.687500
1863.5,1.200000,1.400000,-0.880000,2.000497,2.013636,0.722136,0.721433,0.722154,0.721444,0.721912,0.721291,0.687500
1864.0,1.200000,1.400000,-0.880000,2.000525,2.013618,0.722127,0.721427,0.722146,0.721439,0.721904,0.721286,0.687500
1864.5,1.200000,1.400000,-0.880000,2.000553,2.013600,0.722119,0.721422,0.722137,0.721434,0.721896,0.721281,0.687500
1865.0,1.200000,1.400000,-0.880000,2.000582,2.013581,0.722111,0.721417,0.722129,0.721428,0.721888,0.721277,0.687500
1865.5,1.200000,1.400000,-0.880000,2.000609,2.013563,0.722102,0.721412,0.722121,0.721423,0.721881,0.721272,0.687500
1866.0,1.200000,1.400000,-0.880000,2.000637,2.013545,0.722094,0.721407,0.722113,0.721418,0.721873,0.721267,0.687500
1866.5,1.200000,1.400000,-0.880000,2.000665,2.013527,0.722086,0.721401,0.722104,0.721413,0.721865,0.721262,0.687500
1867.0,1.200000,1.400000,-0.880000,2.000692,2.013509,0.722078,0.721396,0.722096,0.721408,0.721857,0.721258,0.687500
1867.5,1.200000,1.400000,-0.880000,2.000719,2.013491,0.722070,0.721391,0.722088,0.721402,0.721850,0.721253,0.687500
1868.0,1.200000,1.400000,-0.880000,2.000746,2.013472,0.722062,0.721386,0.722080,0.721397,0.721842,0.721248,0.687500
1868.5,1.200000,1.400000,-0.880000,2.000773,2.013454,0.722053,0.721381,0.722072,0.721392,0.721835,0.721243,0.687500
1869.0,1.200000,1.400000,-0.880000,2.000799,2.013436,0.722045,0.721376,0.722063,0.721387,0.721827,0.721239,0.687500
1869.5,1.200000,1.400000,-0.880000,2.000826,2.013418,0.722037,0.721371,0.722055,0.721382,0.721819,0.721234,0.687500
1870.0,1.200000,1.400000,-0.880000,2.000852,2.013399,0.722029,0.721366,0.722047,0.721377,0.721812,0.721229,0.687500
1870.5,1.200000,1.400000,-0.880000,2.000878,2.013381,0.722021,0.721361,0.722039,0.721372,0.721804,0.721225,0.687500
1871.0,1.200000,1.400000,-0.880000,2.000904,2.013363,0.722013,0.721356,0.722031,0.721367,0.721797,0.721220,0.687500
1871.5,1.200000,1.400000,-0.880000,2.000930,2.013344,0.722005,0.721351,0.722023,0.721362,0.721789,0.721215,0.687500
1872.0,1.200000,1.400000,-0.880000,2.000955,2.013326,0.721997,0.721346,0.722015,0.721357,0.721782,0.721211,0.687500
1872.5,1.200000,1.400000,-0.880000,2.000980,2.013308,0.721989,0.721341,0.722007,0.721352,0.721774,0.721206,0.687500
1873.0,1.200000,1.400000,-0.880000,2.001006,2.013289,0.721981,0.721336,0.721999,0.721347,0.721767,0.721202,0.687500
1873.5,1.200000,1.400000,-0.880000,2.001031,2.013271,0.721973,0.721331,0.721991,0.721342,0.721760,0.721197,0.687500
1874.0,1.200000,1.400000,-0.880000,2.001055,2.013252,0.721965,0.721326,0.721983,0.721337,0.721752,0.721192,0.687500
1874.5,1.200000,1.400000,-0.880000,2.001080,2.013234,0.721957,0.721321,0.721975,0.721332,0.721745,0.721188,0.687500
1875.0,1.200000,1.400000,-0.880000,2.001105,2.013216,0.721950,0.721316,0.721967,0.721327,0.721737,0.721183,0.687500
1875.5,1.200000,1.400000,-0.880000,2.001129,2.013197,0.721942,0.721311,0.721959,0.721322,0.721730,0.721179,0.687500
1876.0,1.200000,1.400000,-0.880000,2.001153,2.013179,0.721934,0.721306,0.721951,0.721317,0.721723,0.721174,0.687500
1876.5,1.200000,1.400000,-0.880000,2.001177,2.013160,0.721926,0.721301,0.721943,0.721312,0.721715,0.721170,0.687500
1877.0,1.200000,1.400000,-0.880000,2.001201,2.013142,0.721918,0.721296,0.721936,0.721307,0.721708,0.721165,0.687500
1877.5,1.200000,1.400000,-0.880000,2.001225,2.013123,0.721910,0.721292,0.721928,0.721302,0.721701,0.721161,0.687500
1878.0,1.200000,1.400000,-0.880000,2.001248,2.013105,0.721903,0.721287,0.721920,0.721297,0.721694,0.721156,0.687500
1878.5,1.200000,1.400000,-0.880000,2.001272,2.013086,0.721895,0.721282,0.721912,0.721293,0.721686,0.721152,0.687500
1879.0,1.200000,1.400000,-0.880000,2.001295,2.013068,0.721887,0.721277,0.721904,0.721288,0.721679,0.721148,0.687500
1879.5,1.200000,1.400000,-0.880000,2.001318,2.013049,0.721880,0.721272,0.721897,0.721283,0.721672,0.721143,0.687500
1880.0,1.200000,1.400000,-0.880000,2.001341,2.013030,0.721872,0.721268,0.721889,0.721278,0.721665,0.721139,0.687500
1880.5,1.200000,1.400000,-0.880000,2.001363,2.013012,0.721864,0.721263,0.721881,0.721273,0.721658,0.721134,0.687500
1881.0,1.200000,1.400000,-0.880000,2.001386,2.012993,0.721857,0.721258,0.721874,0.721269,0.721651,0.721130,0.687500
1881.5,1.200000,1.400000,-0.880000,2.001408,2.012975,0.721849,0.721253,0.721866,0.721264,0.721643,0.721126,0.687500
1882.0,1.200000,1.400000,-0.880000,2.001430,2.012956,0.721841,0.721249,0.721858,0.721259,0.721636,0.721121,0.687500
1882.5,1.200000,1.400000,-0.880000,2.001453,2.012938,0.721834,0.721244,0.721851,0.721254,0.721629,0.721117,0.687500
1883.0,1.200000,1.400000,-0.880000,2.001474,2.012919,0.721826,0.721239,0.721843,0.721250,0.721622,0.721113,0.687500
1883.5,1.200000,1.400000,-0.880000,2.001496,2.012900,0.721819,0.721235,0.721835,0.721245,0.721615,0.721108,0.687500
1884.0,1.200000,1.400000,-0.880000,2.001518,2.012882,0.721811,0.721230,0.721828,0.721240,0.721608,0.721104,0.687500
1884.5,1.200000,1.400000,-0.880000,2.001539,2.012863,0.721804,0.721225,0.721820,0.721235,0.721601,0.721100,0.687500
1885.0,1.200000,1.400000,-0.880000,2.001560,2.012844,0.721796,0.721221,0.721813,0.721231,0.721594,0.721095,0.687500
1885.5,1.200000,1.400000,-0.880000,2.001582,2.012826,0.721789,0.721216,0.721805,0.721226,0.721587,0.721091,0.687500
1886.0,1.200000,1.400000,-0.880000,2.001602,2.012807,0.721781,0.721211,0.721798,0.721221,0.721580,0.721087,0.687500
1886.5,1.200000,1.400000,-0.880000,2.001623,2.012788,0.721774,0.721207,0.721790,0.721217,0.721573,0.721083,0.687500
1887.0,1.200000,1.400000,-0.880000,2.001644,2.012770,0.721766,0.721202,0.721783,0.721212,0.721566,0.721078,0.687500
1887.5,1.200000,1.400000,-0.880000,2.001664,2.012751,0.721759,0.721198,0.721775,0.721208,0.721560,0.721074,0.687500
1888.0,1.200000,1.400000,-0.880000,2.001685,2.012732,0.721752,0.721193,0.721768,0.721203,0.721553,0.721070,0.687500
1888.5,1.200000,1.400000,-0.880000,2.001705,2.012713,0.721744,0.721189,0.721760,0.721198,0.721546,0.721066,0.687500
1889.0,1.200000,1.400000,-0.880000,2.001725,2.012695,0.721737,0.721184,0.721753,0.721194,0.721539,0.721062,0.687500
1889.5,1.200000,1.400000,-0.880000,2.001745,2.012676,0.721730,0.721179,0.721746,0.721189,0.721532,0.721057,0.687500
1890.0,1.200000,1.400000,-0.880000,2.001765,2.012657,0.721722,0.721175,0.721738,0.721185,0.721525,0.721053,0.687500
1890.5,1.200000,1.400000,-0.880000,2.001784,2.012638,0.721715,0.721170,0.721731,0.721180,0.721519,0.721049,0.687500
1891.0,1.200000,1.400000,-0.880000,2.001804,2.012620,0.721708,0.721166,0.721724,0.721176,0.721512,0.721045,0.687500
1891.5,1.200000,1.400000,-0.880000,2.001823,2.012601,0.721700,0.721162,0.721716,0.721171,0.721505,0.721041,0.687500
1892.0,1.200000,1.400000,-0.880000,2.001842,2.012582,0.721693,0.721157,0.721709,0.721167,0.721498,0.721037,0.687500
1892.5,1.200000,1.400000,-0.880000,2.001861,2.012563,0.721686,0.721153,0.721702,0.721162,0.721492,0.721033,0.687500
1893.0,1.200000,1.400000,-0.880000,2.001880,2.012544,0.721679,0.721148,0.721695,0.721158,0.721485,0.721029,0.687500
1893.5,1.200000,1.400000,-0.880000,2.001899,2.012526,0.721672,0.721144,0.721688,0.721153,0.721478,0.721025,0.687500
1894.0,1.200000,1.400000,-0.880000,2.001917,2.012507,0.721665,0.721139,0.721680,0.721149,0.721472,0.721020,0.687500
1894.5,1.200000,1.400000,-0.880000,2.001936,2.012488,0.721657,0.721135,0.721673,0.721145,0.721465,0.721016,0.687500
1895.0,1.200000,1.400000,-0.880000,2.001954,2.012469,0.721650,0.721131,0.721666,0.721140,0.721459,0.721012,0.687500
1895.5,1.200000,1.400000,-0.880000,2.001972,2.012450,0.721643,0.721126,0.721659,0.721136,0.721452,0.721008,0.687500
1896.0,1.200000,1.400000,-0.880000,2.001990,2.012432,0.721636,0.721122,0.721652,0.721131,0.721445,0.721004,0.687500
1896.5,1.200000,1.400000,-0.880000,2.002008,2.012413,0.721629,0.721118,0.721645,0.721127,0.721439,0.721000,0.687500
1897.0,1.200000,1.400000,-0.880000,2.002026,2.012394,0.721622,0.721113,0.721638,0.721123,0.721432,0.720996,0.687500
1897.5,1.200000,1.400000,-0.880000,2.002043,2.012375,0.721615,0.721109,0.721631,0.721118,0.721426,0.720992,0.687500
1898.0,1.200000,1.400000,-0.880000,2.002061,2.012356,0.721608,0.721105,0.721624,0.721114,0.721419,0.720988,0.687500
1898.5,1.200000,1.400000,-0.880000,2.002078,2.012337,0.721601,0.721100,0.721616,0.721110,0.721413,0.720984,0.687500
1899.0,1.200000,1.400000,-0.880000,2.002095,2.012319,0.721594,0.721096,0.721609,0.721105,0.721406,0.720981,0.687500
1899.5,1.200000,1.400000,-0.880000,2.002112,2.012300,0.721587,0.721092,0.721603,0.721101,0.721400,0.720977,0.687500
1900.0,1.200000,1.400000,-0.880000,2.002129,2.012281,0.721580,0.721088,0.721596,0.721097,0.721394,0.720973,0.687500
1900.5,1.200000,1.400000,-0.880000,2.002146,2.012262,0.721573,0.721083,0.721589,0.721093,0.721387,0.720969,0.687500
1901.0,1.200000,1.400000,-0.880000,2.002162,2.012243,0.721567,0.721079,0.721582,0.721088,0.721381,0.720965,0.687500
1901.5,1.200000,1.400000,-0.880000,2.002179,2.012224,0.721560,0.721075,0.721575,0.721084,0.721374,0.720961,0.687500
1902.0,1.200000,1.400000,-0.880000,2.002195,2.012205,0.721553,0.721071,0.721568,0.721080,0.721368,0.720957,0.687500
1902.5,1.200000,1.400000,-0.880000,2.002211,2.012186,0.721546,0.721066,0.721561,0.721076,0.721362,0.720953,0.687500
1903.0,1.200000,1.400000,-0.880000,2.002227,2.012167,0.721539,0.721062,0.721554,0.721071,0.721356,0.720949,0.687500
1903.5,1.200000,1.400000,-0.880000,2.002243,2.012149,0.721532,0.721058,0.721547,0.721067,0.721349,0.720946,0.687500
1904.0,1.200000,1.400000,-0.880000,2.002259,2.012130,0.721526,0.721054,0.721541,0.721063,0.721343,0.720942,0.687500
1904.5,1.200000,1.400000,-0.880000,2.002275,2.012111,0.721519,0.721050,0.721534,0.721059,0.721337,0.720938,0.687500
1905.0,1.200000,1.400000,-0.880000,2.002290,2.012092,0.721512,0.721046,0.721527,0.721055,0.721331,0.720934,0.687500
1905.5,1.200000,1.400000,-0.880000,2.002306,2.012073,0.721505,0.721042,0.721520,0.721051,0.721324,0.720930,0.687500
1906.0,1.200000,1.400000,-0.880000,2.002321,2.012054,0.721499,0.721037,0.721513,0.721046,0.721318,0.720927,0.687500
1906.5,1.200000,1.400000,-0.880000,2.002336,2.012035,0.721492,0.721033,0.721507,0.721042,0.721312,0.720923,0.687500
1907.0,1.200000,1.400000,-0.880000,2.002351,2.012016,0.721485,0.721029,0.721500,0.721038,0.721306,0.720919,0.687500
1907.5,1.200000,1.400000,-0.880000,2.002366,2.011997,0.721479,0.721025,0.721493,0.721034,0.721300,0.720915,0.687500
1908.0,1.200000,1.400000,-0.880000,2.002381,2.011978,0.721472,0.721021,0.721487,0.721030,0.721294,0.720912,0.687500
1908.5,1.200000,1.400000,-0.880000,2.002396,2.011960,0.721466,0.721017,0.721480,0.721026,0.721287,0.720908,0.687500
1909.0,1.200000,1.400000,-0.880000,2.002410,2.011941,0.721459,0.721013,0.721473,0.721022,0.721281,0.720904,0.687500
1909.5,1.200000,1.400000,-0.880000,2.002424,2.011922,0.721452,0.721009,0.721467,0.721018,0.721275,0.720901,0.687500
1910.0,1.200000,1.400000,-0.880000,2.002439,2.011903,0.721446,0.721005,0.721460,0.721014,0.721269,0.720897,0.687500
1910.5,1.200000,1.400000,-0.880000,2.002453,2.011884,0.721439,0.721001,0.721454,0.721010,0.721263,0.720893,0.687500
1911.0,1.200000,1.400000,-0.880000,2.002467,2.011865,0.721433,0.720997,0.721447,0.721006,0.721257,0.720889,0.687500
1911.5,1.200000,1.400000,-0.880000,2.002481,2.011846,0.721426,0.720993,0.721441,0.721002,0.721251,0.720886,0.687500
1912.0,1.200000,1.400000,-0.880000,2.002494,2.011827,0.721420,0.720989,0.721434,0.720998,0.721245,0.720882,0.687500
1912.5,1.200000,1.400000,-0.880000,2.002508,2.011808,0.721413,0.720985,0.721428,0.720994,0.721239,0.720879,0.687500
1913.0,1.200000,1.400000,-0.880000,2.002522,2.011789,0.721407,0.720981,0.721421,0.720990,0.721233,0.720875,0.687500
1913.5,1.200000,1.400000,-0.880000,2.002535,2.011770,0.721401,0.720977,0.721415,0.720986,0.721227,0.720871,0.687500
1914.0,1.200000,1.400000,-0.880000,2.002548,2.011751,0.721394,0.720973,0.721408,0.720982,0.721222,0.720868,0.687500
1914.5,1.200000,1.400000,-0.880000,2.002561,2.011733,0.721388,0.720970,0.721402,0.720978,0.721216,0.720864,0.687500
1915.0,1.200000,1.400000,-0.880000,2.002574,2.011714,0.721381,0.720966,0.721395,0.720974,0.721210,0.720861,0.687500
1915.5,1.200000,1.400000,-0.880000,2.002587,2.011695,0.721375,0.720962,0.721389,0.720970,0.721204,0.720857,0.687500
1916.0,1.200000,1.400000,-0.880000,2.002600,2.011676,0.721369,0.720958,0.721383,0.720966,0.721198,0.720853,0.687500
1916.5,1.200000,1.400000,-0.880000,2.002613,2.011657,0.721362,0.720954,0.721376,0.720962,0.721192,0.720850,0.687500
1917.0,1.200000,1.400000,-0.880000,2.002625,2.011638,0.721356,0.720950,0.721370,0.720959,0.721186,0.720846,0.687500
1917.5,1.200000,1.400000,-0.880000,2.002638,2.011619,0.721350,0.720946,0.721364,0.720955,0.721181,0.720843,0.687500
1918.0,1.200000,1.400000,-0.880000,2.002650,2.011600,0.721344,0.720943,0.721357,0.720951,0.721175,0.720839,0.687500
1918.5,1.200000,1.400000,-0.880000,2.002662,2.011581,0.721337,0.720939,0.721351,0.720947,0.721169,0.720836,0.687500
1919.0,1.200000,1.400000,-0.880000,2.002674,2.011562,0.721331,0.720935,0.721345,0.720943,0.721163,0.720832,0.687500
1919.5,1.200000,1.400000,-0.880000,2.002686,2.011543,0.721325,0.720931,0.721339,0.720939,0.721158,0.720829,0.687500
1920.0,1.200000,1.400000,-0.880000,2.002698,2.011525,0.721319,0.720927,0.721332,0.720936,0.721152,0.720825,0.687500
1920.5,1.200000,1.400000,-0.880000,2.002710,2.011506,0.721313,0.720924,0.721326,0.720932,0.721146,0.720822,0.687500
1921.0,1.200000,1.400000,-0.880000,2.002722,2.011487,0.721307,0.720920,0.721320,0.720928,0.721141,0.720819,0.687500
1921.5,1.200000,1.400000,-0.880000,2.002733,2.011468,0.721300,0.720916,0.721314,0.720924,0.721135,0.720815,0.687500
1922.0,1.200000,1.400000,-0.880000,2.002744,2.011449,0.721294,0.720912,0.721308,0.720921,0.721130,0.720812,0.687500
1922.5,1.200000,1.400000,-0.880000,2.002756,2.011430,0.721288,0.720909,0.721302,0.720917,0.721124,0.720808,0.687500
1923.0,1.200000,1.400000,-0.880000,2.002767,2.011411,0.721282,0.720905,0.721295,0.720913,0.721118,0.720805,0.687500
1923.5,1.200000,1.400000,-0.880000,2.002778,2.011392,0.721276,0.720901,0.721289,0.720909,0.721113,0.720801,0.687500
1924.0,1.200000,1.400000,-0.880000,2.002789,2.011373,0.721270,0.720898,0.721283,0.720906,0.721107,0.720798,0.687500
1924.5,1.200000,1.400000,-0.880000,2.002800,2.011355,0.721264,0.720894,0.721277,0.720902,0.721102,0.720795,0.687500
1925.0,1.200000,1.400000,-0.880000,2.002810,2.011336,0.721258,0.720890,0.721271,0.720898,0.721096,0.720791,0.687500
1925.5,1.200000,1.400000,-0.880000,2.002821,2.011317,0.721252,0.720887,0.721265,0.720895,0.721091,0.720788,0.687500
1926.0,1.200000,1.400000,-0.880000,2.002832,2.011298,0.721246,0.720883,0.721259,0.720891,0.721085,0.720785,0.687500
1926.5,1.200000,1.400000,-0.880000,2.002842,2.011279,0.721240,0.720879,0.721253,0.720887,0.721080,0.720781,0.687500
1927.0,1.200000,1.400000,-0.880000,2.002852,2.011260,0.721234,0.720876,0.721247,0.720884,0.721074,0.720778,0.687500
1927.5,1.200000,1.400000,-0.880000,2.002863,2.011241,0.721228,0.720872,0.721241,0.720880,0.721069,0.720775,0.687500
1928.0,1.200000,1.400000,-0.880000,2.002873,2.011223,0.721223,0.720869,0.721235,0.720876,0.721064,0.720771,0.687500
1928.5,1.200000,1.400000,-0.880000,2.002883,2.011204,0.721217,0.720865,0.721229,0.720873,0.721058,0.720768,0.687500
1929.0,1.200000,1.400000,-0.880000,2.002892,2.011185,0.721211,0.720861,0.721224,0.720869,0.721053,0.720765,0.687500
1929.5,1.200000,1.400000,-0.880000,2.002902,2.011166,0.721205,0.720858,0.721218,0.720866,0.721047,0.720762,0.687500
1930.0,1.200000,1.400000,-0.880000,2.002912,2.011147,0.721199,0.720854,0.721212,0.720862,0.721042,0.720758,0.687500
1930.5,1.200000,1.400000,-0.880000,2.002921,2.011128,0.721193,0.720851,0.721206,0.720858,0.721037,0.720755,0.687500
1931.0,1.200000,1.400000,-0.880000,2.002931,2.011110,0.721188,0.720847,0.721200,0.720855,0.721031,0.720752,0.687500
1931.5,1.200000,1.400000,-0.880000,2.002940,2.011091,0.721182,0.720844,0.721194,0.720851,0.721026,0.720749,0.687500
1932.0,1.200000,1.400000,-0.880000,2.002950,2.011072,0.721176,0.720840,0.721189,0.720848,0.721021,0.720745,0.687500
1932.5,1.200000,1.400000,-0.880000,2.002959,2.011053,0.721170,0.720837,0.721183,0.720844,0.721016,0.720742,0.687500
1933.0,1.200000,1.400000,-0.880000,2.002968,2.011034,0.721165,0.720833,0.721177,0.720841,0.721010,0.720739,0.687500
1933.5,1.200000,1.400000,-0.880000,2.002977,2.011016,0.721159,0.720830,0.721171,0.720837,0.721005,0.720736,0.687500
1934.0,1.200000,1.400000,-0.880000,2.002986,2.010997,0.721153,0.720826,0.721166,0.720834,0.721000,0.720733,0.687500
1934.5,1.200000,1.400000,-0.880000,2.002994,2.010978,0.721148,0.720823,0.721160,0.720830,0.720995,0.720729,0.687500
1935.0,1.200000,1.400000,-0.880000,2.003003,2.010959,0.721142,0.720819,0.721154,0.720827,0.720990,0.720726,0.687500
1935.5,1.200000,1.400000,-0.880000,2.003011,2.010940,0.721136,0.720816,0.721149,0.720823,0.720985,0.720723,0.687500
1936.0,1.200000,1.400000,-0.880000,2.003020,2.010922,0.721131,0.720812,0.721143,0.720820,0.720979,0.720720,0.687500
1936.5,1.200000,1.400000,-0.880000,2.003028,2.010903,0.721125,0.720809,0.721137,0.720816,0.720974,0.720717,0.687500
1937.0,1.200000,1.400000,-0.880000,2.003037,2.010884,0.721120,0.720806,0.721132,0.720813,0.720969,0.720714,0.687500
1937.5,1.200000,1.400000,-0.880000,2.003045,2.010865,0.721114,0.720802,0.721126,0.720810,0.720964,0.720711,0.687500
1938.0,1.200000,1.400000,-0.880000,2.003053,2.010847,0.721109,0.720799,0.721121,0.720806,0.720959,0.720708,0.687500
1938.5,1.200000,1.400000,-0.880000,2.003061,2.010828,0.721103,0.720796,0.721115,0.720803,0.720954,0.720704,0.687500
1939.0,1.200000,1.400000,-0.880000,2.003069,2.010809,0.721098,0.720792,0.721110,0.720799,0.720949,0.720701,0.687500
1939.5,1.200000,1.400000,-0.880000,2.003076,2.010791,0.721092,0.720789,0.721104,0.720796,0.720944,0.720698,0.687500
1940.0,1.200000,1.400000,-0.880000,2.003084,2.010772,0.721087,0.720785,0.721098,0.720793,0.720939,0.720695,0.687500
1940.5,1.200000,1.400000,-0.880000,2.003092,2.010753,0.721081,0.720782,0.721093,0.720789,0.720934,0.720692,0.687500
1941.0,1.200000,1.400000,-0.880000,2.003099,2.010734,0.721076,0.720779,0.721088,0.720786,0.720929,0.720689,0.687500
1941.5,1.200000,1.400000,-0.880000,2.003107,2.010716,0.721070,0.720775,0.721082,0.720783,0.720924,0.720686,0.687500
1942.0,1.200000,1.400000,-0.880000,2.003114,2.010697,0.721065,0.720772,0.721077,0.720779,0.720919,0.720683,0.687500
1942.5,1.200000,1.400000,-0.880000,2.003121,2.010678,0.721060,0.720769,0.721071,0.720776,0.720914,0.720680,0.687500
1943.0,1.200000,1.400000,-0.880000,2.003128,2.010660,0.721054,0.720766,0.721066,0.720773,0.720909,0.720677,0.687500
1943.5,1.200000,1.400000,-0.880000,2.003135,2.010641,0.721049,0.720762,0.721060,0.720769,0.720904,0.720674,0.687500
1944.0,1.200000,1.400000,-0.880000,2.003142,2.010622,0.721044,0.720759,0.721055,0.720766,0.720900,0.720671,0.687500
1944.5,1.200000,1.400000,-0.880000,2.003149,2.010604,0.721038,0.720756,0.721050,0.720763,0.720895,0.720668,0.687500
1945.0,1.200000,1.400000,-0.880000,2.003156,2.010585,0.721033,0.720753,0.721044,0.720760,0.720890,0.720665,0.687500
1945.5,1.200000,1.400000,-0.880000,2.003162,2.010567,0.721028,0.720749,0.721039,0.720756,0.720885,0.720662,0.687500
1946.0,1.200000,1.400000,-0.880000,2.003169,2.010548,0.721022,0.720746,0.721034,0.720753,0.720880,0.720659,0.687500
1946.5,1.200000,1.400000,-0.880000,2.003175,2.010529,0.721017,0.720743,0.721029,0.720750,0.720876,0.720656,0.687500
1947.0,1.200000,1.400000,-0.880000,2.003182,2.010511,0.721012,0.720740,0.721023,0.720747,0.720871,0.720653,0.687500
1947.5,1.200000,1.400000,-0.880000,2.003188,2.010492,0.721007,0.720737,0.721018,0.720744,0.720866,0.720650,0.687500
1948.0,1.200000,1.400000,-0.880000,2.003194,2.010474,0.721002,0.720733,0.721013,0.720740,0.720861,0.720648,0.687500
1948.5,1.200000,1.400000,-0.880000,2.003201,2.010455,0.720996,0.720730,0.721008,0.720737,0.720857,0.720645,0.687500
1949.0,1.200000,1.400000,-0.880000,2.003207,2.010436,0.720991,0.720727,0.721002,0.720734,0.720852,0.720642,0.687500
1949.5,1.200000,1.400000,-0.880000,2.003213,2.010418,0.720986,0.720724,0.720997,0.720731,0.720847,0.720639,0.687500
1950.0,1.200000,1.400000,-0.880000,2.003218,2.010399,0.720981,0.720721,0.720992,0.720728,0.720842,0.720636,0.687500
1950.5,1.200000,1.400000,-0.880000,2.003224,2.010381,0.720976,0.720718,0.720987,0.720724,0.720838,0.720633,0.687500
1951.0,1.200000,1.400000,-0.880000,2.003230,2.010362,0.720971,0.720715,0.720982,0.720721,0.720833,0.720630,0.687500
1951.5,1.200000,1.400000,-0.880000,2.003236,2.010344,0.720966,0.720711,0.720977,0.720718,0.720829,0.720627,0.687500
1952.0,1.200000,1.400000,-0.880000,2.003241,2.010325,0.720961,0.720708,0.720972,0.720715,0.720824,0.720625,0.687500
1952.5,1.200000,1.400000,-0.880000,2.003247,2.010307,0.720956,0.720705,0.720967,0.720712,0.720819,0.720622,0.687500
1953.0,1.200000,1.400000,-0.880000,2.003252,2.010288,0.720951,0.720702,0.720961,0.720709,0.720815,0.720619,0.687500
1953.5,1.200000,1.400000,-0.880000,2.003257,2.010270,0.720946,0.720699,0.720956,0.720706,0.720810,0.720616,0.687500
1954.0,1.200000,1.400000,-0.880000,2.003262,2.010251,0.720941,0.720696,0.720951,0.720703,0.720806,0.720613,0.687500
1954.5,1.200000,1.400000,-0.880000,2.003268,2.010233,0.720936,0.720693,0.720946,0.720700,0.720801,0.720611,0.687500
1955.0,1.200000,1.400000,-0.880000,2.003273,2.010214,0.720931,0.720690,0.720941,0.720697,0.720797,0.720608,0.687500
1955.5,1.200000,1.400000,-0.880000,2.003278,2.010196,0.720926,0.720687,0.720936,0.720694,0.720792,0.720605,0.687500
1956.0,1.200000,1.400000,-0.880000,2.003282,2.010178,0.720921,0.720684,0.720931,0.720690,0.720788,0.720602,0.687500
1956.5,1.200000,1.400000,-0.880000,2.003287,2.010159,0.720916,0.720681,0.720927,0.720687,0.720783,0.720600,0.687500
1957.0,1.200000,1.400000,-0.880000,2.003292,2.010141,0.720911,0.720678,0.720922,0.720684,0.720779,0.720597,0.687500
1957.5,1.200000,1.400000,-0.880000,2.003297,2.010122,0.720906,0.720675,0.720917,0.720681,0.720774,0.720594,0.687500
1958.0,1.200000,1.400000,-0.880000,2.003301,2.010104,0.720901,0.720672,0.720912,0.720678,0.720770,0.720591,0.687500
1958.5,1.200000,1.400000,-0.880000,2.003306,2.010086,0.720896,0.720669,0.720907,0.720675,0.720766,0.720589,0.687500
1959.0,1.200000,1.400000,-0.880000,2.003310,2.010067,0.720892,0.720666,0.720902,0.720672,0.720761,0.720586,0.687500
1959.5,1.200000,1.400000,-0.880000,2.003314,2.010049,0.720887,0.720663,0.720897,0.720669,0.720757,0.720583,0.687500
1960.0,1.200000,1.400000,-0.880000,2.003319,2.010031,0.720882,0.720660,0.720892,0.720667,0.720752,0.720581,0.687500
1960.5,1.200000,1.400000,-0.880000,2.003323,2.010012,0.720877,0.720657,0.720888,0.720664,0.720748,0.720578,0.687500
1961.0,1.200000,1.400000,-0.880000,2.003327,2.009994,0.720873,0.720654,0.720883,0.720661,0.720744,0.720575,0.687500
1961.5,1.200000,1.400000,-0.880000,2.003331,2.009976,0.720868,0.720651,0.720878,0.720658,0.720740,0.720572,0.687500
1962.0,1.200000,1.400000,-0.880000,2.003335,2.009957,0.720863,0.720648,0.720873,0.720655,0.720735,0.720570,0.687500
1962.5,1.200000,1.400000,-0.880000,2.003339,2.009939,0.720858,0.720646,0.720869,0.720652,0.720731,0.720567,0.687500
1963.0,1.200000,1.400000,-0.880000,2.003343,2.009921,0.720854,0.720643,0.720864,0.720649,0.720727,0.720565,0.687500
1963.5,1.200000,1.400000,-0.880000,2.003346,2.009903,0.720849,0.720640,0.720859,0.720646,0.720722,0.720562,0.687500
1964.0,1.200000,1.400000,-0.880000,2.003350,2.009884,0.720844,0.720637,0.720854,0.720643,0.720718,0.720559,0.687500
1964.5,1.200000,1.400000,-0.880000,2.003354,2.009866,0.720840,0.720634,0.720850,0.720640,0.720714,0.720557,0.687500
1965.0,1.200000,1.400000,-0.880000,2.003357,2.009848,0.720835,0.720631,0.720845,0.720637,0.720710,0.720554,0.687500
1965.5,1.200000,1.400000,-0.880000,2.003361,2.009830,0.720830,0.720628,0.720840,0.720635,0.720706,0.720551,0.687500
1966.0,1.200000,1.400000,-0.880000,2.003364,2.009811,0.720826,0.720625,0.720836,0.720632,0.720701,0.720549,0.687500
1966.5,1.200000,1.400000,-0.880000,2.003367,2.009793,0.720821,0.720623,0.720831,0.720629,0.720697,0.720546,0.687500
1967.0,1.200000,1.400000,-0.880000,2.003370,2.009775,0.720817,0.720620,0.720827,0.720626,0.720693,0.720544,0.687500
1967.5,1.200000,1.400000,-0.880000,2.003374,2.009757,0.720812,0.720617,0.720822,0.720623,0.720689,0.720541,0.687500
1968.0,1.200000,1.400000,-0.880000,2.003377,2.009739,0.720808,0.720614,0.720817,0.720620,0.720685,0.720539,0.687500
1968.5,1.200000,1.400000,-0.880000,2.003380,2.009721,0.720803,0.720611,0.720813,0.720618,0.720681,0.720536,0.687500
1969.0,1.200000,1.400000,-0.880000,2.003383,2.009703,0.720799,0.720609,0.720808,0.720615,0.720677,0.720534,0.687500
1969.5,1.200000,1.400000,-0.880000,2.003386,2.009684,0.720794,0.720606,0.720804,0.720612,0.720673,0.720531,0.687500
1970.0,1.200000,1.400000,-0.880000,2.003388,2.009666,0.720790,0.720603,0.720799,0.720609,0.720669,0.720528,0.687500
1970.5,1.200000,1.400000,-0.880000,2.003391,2.009648,0.720785,0.720600,0.720795,0.720606,0.720665,0.720526,0.687500
1971.0,1.200000,1.400000,-0.880000,2.003394,2.009630,0.720781,0.720598,0.720790,0.720604,0.720661,0.720523,0.687500
1971.5,1.200000,1.400000,-0.880000,2.003396,2.009612,0.720776,0.720595,0.720786,0.720601,0.720657,0.720521,0.687500
1972.0,1.200000,1.400000,-0.880000,2.003399,2.009594,0.720772,0.720592,0.720781,0.720598,0.720653,0.720518,0.687500
1972.5,1.200000,1.400000,-0.880000,2.003401,2.009576,0.720768,0.720589,0.720777,0.720595,0.720649,0.720516,0.687500
1973.0,1.200000,1.400000,-0.880000,2.003404,2.009558,0.720763,0.720587,0.720773,0.720593,0.720645,0.720514,0.687500
1973.5,1.200000,1.400000,-0.880000,2.003406,2.009540,0.720759,0.720584,0.720768,0.720590,0.720641,0.720511,0.687500
1974.0,1.200000,1.400000,-0.880000,2.003408,2.009522,0.720754,0.720581,0.720764,0.720587,0.720637,0.720509,0.687500
1974.5,1.200000,1.400000,-0.880000,2.003411,2.009504,0.720750,0.720579,0.720759,0.720585,0.720633,0.720506,0.687500
1975.0,1.200000,1.400000,-0.880000,2.003413,2.009486,0.720746,0.720576,0.720755,0.720582,0.720629,0.720504,0.687500
1975.5,1.200000,1.400000,-0.880000,2.003415,2.009468,0.720742,0.720573,0.720751,0.720579,0.720625,0.720501,0.687500
1976.0,1.200000,1.400000,-0.880000,2.003417,2.009450,0.720737,0.720571,0.720746,0.720576,0.720621,0.720499,0.687500
1976.5,1.200000,1.400000,-0.880000,2.003419,2.009432,0.720733,0.720568,0.720742,0.720574,0.720617,0.720496,0.687500
1977.0,1.200000,1.400000,-0.880000,2.003421,2.009414,0.720729,0.720565,0.720738,0.720571,0.720614,0.720494,0.687500
1977.5,1.200000,1.400000,-0.880000,2.003422,2.009397,0.720724,0.720563,0.720734,0.720568,0.720610,0.720492,0.687500
1978.0,1.200000,1.400000,-0.880000,2.003424,2.009379,0.720720,0.720560,0.720729,0.720566,0.720606,0.720489,0.687500
1978.5,1.200000,1.400000,-0.880000,2.003426,2.009361,0.720716,0.720558,0.720725,0.720563,0.720602,0.720487,0.687500
1979.0,1.200000,1.400000,-0.880000,2.003427,2.009343,0.720712,0.720555,0.720721,0.720561,0.720598,0.720485,0.687500
1979.5,1.200000,1.400000,-0.880000,2.003429,2.009325,0.720708,0.720552,0.720717,0.720558,0.720595,0.720482,0.687500
1980.0,1.200000,1.400000,-0.880000,2.003430,2.009307,0.720704,0.720550,0.720713,0.720555,0.720591,0.720480,0.687500
1980.5,1.200000,1.400000,-0.880000,2.003432,2.009290,0.720699,0.720547,0.720708,0.720553,0.720587,0.720477,0.687500
1981.0,1.200000,1.400000,-0.880000,2.003433,2.009272,0.720695,0.720545,0.720704,0.720550,0.720583,0.720475,0.687500
1981.5,1.200000,1.400000,-0.880000,2.003435,2.009254,0.720691,0.720542,0.720700,0.720548,0.720580,0.720473,0.687500
1982.0,1.200000,1.400000,-0.880000,2.003436,2.009236,0.720687,0.720539,0.720696,0.720545,0.720576,0.720470,0.687500
1982.5,1.200000,1.400000,-0.880000,2.003437,2.009218,0.720683,0.720537,0.720692,0.720542,0.720572,0.720468,0.687500
1983.0,1.200000,1.400000,-0.880000,2.003438,2.009201,0.720679,0.720534,0.720688,0.720540,0.720569,0.720466,0.687500
1983.5,1.200000,1.400000,-0.880000,2.003439,2.009183,0.720675,0.720532,0.720684,0.720537,0.720565,0.720464,0.687500
1984.0,1.200000,1.400000,-0.880000,2.003440,2.009165,0.720671,0.720529,0.720680,0.720535,0.720561,0.720461,0.687500
1984.5,1.200000,1.400000,-0.880000,2.003441,2.009148,0.720667,0.720527,0.720675,0.720532,0.720558,0.720459,0.687500
1985.0,1.200000,1.400000,-0.880000,2.003442,2.009130,0.720663,0.720524,0.720671,0.720530,0.720554,0.720457,0.687500
1985.5,1.200000,1.400000,-0.880000,2.003443,2.009112,0.720659,0.720522,0.720667,0.720527,0.720551,0.720454,0.687500
1986.0,1.200000,1.400000,-0.880000,2.003444,2.009095,0.720655,0.720519,0.720663,0.720525,0.720547,0.720452,0.687500
1986.5,1.200000,1.400000,-0.880000,2.003444,2.009077,0.720651,0.720517,0.720659,0.720522,0.720543,0.720450,0.687500
1987.0,1.200000,1.400000,-0.880000,2.003445,2.009059,0.720647,0.720514,0.720655,0.720520,0.720540,0.720448,0.687500
1987.5,1.200000,1.400000,-0.880000,2.003446,2.009042,0.720643,0.720512,0.720651,0.720517,0.720536,0.720445,0.687500
1988.0,1.200000,1.400000,-0.880000,2.003446,2.009024,0.720639,0.720510,0.720647,0.720515,0.720533,0.720443,0.687500
1988.5,1.200000,1.400000,-0.880000,2.003447,2.009007,0.720635,0.720507,0.720644,0.720512,0.720529,0.720441,0.687500
1989.0,1.200000,1.400000,-0.880000,2.003447,2.008989,0.720631,0.720505,0.720640,0.720510,0.720526,0.720439,0.687500
1989.5,1.200000,1.400000,-0.880000,2.003448,2.008972,0.720627,0.720502,0.720636,0.720507,0.720522,0.720436,0.687500
1990.0,1.200000,1.400000,-0.880000,2.003448,2.008954,0.720623,0.720500,0.720632,0.720505,0.720519,0.720434,0.687500
1990.5,1.200000,1.400000,-0.880000,2.003448,2.008937,0.720620,0.720497,0.720628,0.720503,0.720515,0.720432,0.687500
1991.0,1.200000,1.400000,-0.880000,2.003449,2.008919,0.720616,0.720495,0.720624,0.720500,0.720512,0.720430,0.687500
1991.5,1.200000,1.400000,-0.880000,2.003449,2.008902,0.720612,0.720493,0.720620,0.720498,0.720508,0.720428,0.687500
1992.0,1.200000,1.400000,-0.880000,2.003449,2.008884,0.720608,0.720490,0.720616,0.720495,0.720505,0.720426,0.687500
1992.5,1.200000,1.400000,-0.880000,2.003449,2.008867,0.720604,0.720488,0.720613,0.720493,0.720502,0.720423,0.687500
1993.0,1.200000,1.400000,-0.880000,2.003449,2.008849,0.720601,0.720485,0.720609,0.720491,0.720498,0.720421,0.687500
1993.5,1.200000,1.400000,-0.880000,2.003449,2.008832,0.720597,0.720483,0.720605,0.720488,0.720495,0.720419,0.687500
1994.0,1.200000,1.400000,-0.880000,2.003449,2.008815,0.720593,0.720481,0.720601,0.720486,0.720491,0.720417,0.687500
1994.5,1.200000,1.400000,-0.880000,2.003449,2.008797,0.720589,0.720478,0.720597,0.720483,0.720488,0.720415,0.687500
1995.0,1.200000,1.400000,-0.880000,2.003448,2.008780,0.720586,0.720476,0.720594,0.720481,0.720485,0.720413,0.687500
1995.5,1.200000,1.400000,-0.880000,2.003448,2.008762,0.720582,0.720474,0.720590,0.720479,0.720481,0.720411,0.687500
1996.0,1.200000,1.400000,-0.880000,2.003448,2.008745,0.720578,0.720471,0.720586,0.720476,0.720478,0.720408,0.687500
1996.5,1.200000,1.400000,-0.880000,2.003448,2.008728,0.720575,0.720469,0.720582,0.720474,0.720475,0.720406,0.687500
1997.0,1.200000,1.400000,-0.880000,2.003447,2.008711,0.720571,0.720467,0.720579,0.720472,0.720472,0.720404,0.687500
1997.5,1.200000,1.400000,-0.880000,2.003447,2.008693,0.720567,0.720464,0.720575,0.720469,0.720468,0.720402,0.687500
1998.0,1.200000,1.400000,-0.880000,2.003446,2.008676,0.720564,0.720462,0.720571,0.720467,0.720465,0.720400,0.687500
1998.5,1.200000,1.400000,-0.880000,2.003446,2.008659,0.720560,0.720460,0.720568,0.720465,0.720462,0.720398,0.687500
1999.0,1.200000,1.400000,-0.880000,2.003445,2.008642,0.720556,0.720458,0.720564,0.720462,0.720459,0.720396,0.687500
1999.5,1.200000,1.400000,-0.880000,2.003444,2.008624,0.720553,0.720455,0.720560,0.720460,0.720455,0.720394,0.687500
2000.0,1.200000,1.400000,-0.880000,2.003444,2.008607,0.720549,0.720453,0.720557,0.720458,0.720452,0.720392,0.687500
2000.5,1.200000,1.400000,-0.880000,2.003443,2.008590,0.720546,0.720451,0.720553,0.720456,0.720449,0.720390,0.687500
2001.0,1.200000,1.400000,-0.880000,2.003442,2.008573,0.720542,0.720448,0.720550,0.720453,0.720446,0.720388,0.687500
2001.5,1.200000,1.400000,-0.880000,2.003441,2.008556,0.720539,0.720446,0.720546,0.720451,0.720443,0.720386,0.687500
2002.0,1.200000,1.400000,-0.880000,2.003441,2.008539,0.720535,0.720444,0.720543,0.720449,0.720439,0.720384,0.687500
2002.5,1.200000,1.400000,-0.880000,2.003440,2.008521,0.720531,0.720442,0.720539,0.720447,0.720436,0.720382,0.687500
2003.0,1.200000,1.400000,-0.880000,2.003439,2.008504,0.720528,0.720440,0.720535,0.720444,0.720433,0.720380,0.687500
2003.5,1.200000,1.400000,-0.880000,2.003438,2.008487,0.720525,0.720437,0.720532,0.720442,0.720430,0.720378,0.687500
2004.0,1.200000,1.400000,-0.880000,2.003437,2.008470,0.720521,0.720435,0.720528,0.720440,0.720427,0.720376,0.687500
2004.5,1.200000,1.400000,-0.880000,2.003436,2.008453,0.720518,0.720433,0.720525,0.720438,0.720424,0.720374,0.687500
2005.0,1.200000,1.400000,-0.880000,2.003434,2.008436,0.720514,0.720431,0.720522,0.720436,0.720421,0.720372,0.687500
2005.5,1.200000,1.400000,-0.880000,2.003433,2.008419,0.720511,0.720429,0.720518,0.720433,0.720418,0.720370,0.687500
2006.0,1.200000,1.400000,-0.880000,2.003432,2.008402,0.720507,0.720426,0.720515,0.720431,0.720415,0.720368,0.687500
2006.5,1.200000,1.400000,-0.880000,2.003431,2.008385,0.720504,0.720424,0.720511,0.720429,0.720412,0.720366,0.687500
2007.0,1.200000,1.400000,-0.880000,2.003429,2.008368,0.720501,0.720422,0.720508,0.720427,0.720409,0.720364,0.687500
2007.5,1.200000,1.400000,-0.880000,2.003428,2.008351,0.720497,0.720420,0.720504,0.720425,0.720406,0.720362,0.687500
2008.0,1.200000,1.400000,-0.880000,2.003426,2.008334,0.720494,0.720418,0.720501,0.720422,0.720403,0.720360,0.687500
2008.5,1.200000,1.400000,-0.880000,2.003425,2.008318,0.720490,0.720416,0.720498,0.720420,0.720400,0.720358,0.687500
2009.0,1.200000,1.400000,-0.880000,2.003424,2.008301,0.720487,0.720414,0.720494,0.720418,0.720397,0.720356,0.687500
2009.5,1.200000,1.400000,-0.880000,2.003422,2.008284,0.720484,0.720411,0.720491,0.720416,0.720394,0.720354,0.687500
2010.0,1.200000,1.400000,-0.880000,2.003420,2.008267,0.720480,0.720409,0.720488,0.720414,0.720391,0.720352,0.687500
2010.5,1.200000,1.400000,-0.880000,2.003419,2.008250,0.720477,0.720407,0.720484,0.720412,0.720388,0.720350,0.687500
2011.0,1.200000,1.400000,-0.880000,2.003417,2.008233,0.720474,0.720405,0.720481,0.720410,0.720385,0.720348,0.687500
2011.5,1.200000,1.400000,-0.880000,2.003415,2.008217,0.720471,0.720403,0.720478,0.720408,0.720382,0.720346,0.687500
2012.0,1.200000,1.400000,-0.880000,2.003414,2.008200,0.720467,0.720401,0.720474,0.720405,0.720379,0.720344,0.687500
2012.5,1.200000,1.400000,-0.880000,2.003412,2.008183,0.720464,0.720399,0.720471,0.720403,0.720376,0.720343,0.687500
2013.0,1.200000,1.400000,-0.880000,2.003410,2.008166,0.720461,0.720397,0.720468,0.720401,0.720373,0.720341,0.687500
2013.5,1.200000,1.400000,-0.880000,2.003408,2.008150,0.720458,0.720395,0.720465,0.720399,0.720370,0.720339,0.687500
2014.0,1.200000,1.400000,-0.880000,2.003406,2.008133,0.720454,0.720393,0.720461,0.720397,0.720368,0.720337,0.687500
2014.5,1.200000,1.400000,-0.880000,2.003404,2.008116,0.720451,0.720391,0.720458,0.720395,0.720365,0.720335,0.687500
2015.0,1.200000,1.400000,-0.880000,2.003402,2.008100,0.720448,0.720389,0.720455,0.720393,0.720362,0.720333,0.687500
2015.5,1.200000,1.400000,-0.880000,2.003400,2.008083,0.720445,0.720387,0.720452,0.720391,0.720359,0.720331,0.687500
2016.0,1.200000,1.400000,-0.880000,2.003398,2.008066,0.720442,0.720384,0.720448,0.720389,0.720356,0.720330,0.687500
2016.5,1.200000,1.400000,-0.880000,2.003396,2.008050,0.720439,0.720382,0.720445,0.720387,0.720353,0.720328,0.687500
2017.0,1.200000,1.400000,-0.880000,2.003394,2.008033,0.720435,0.720380,0.720442,0.720385,0.720351,0.720326,0.687500
2017.5,1.200000,1.400000,-0.880000,2.003392,2.008017,0.720432,0.720378,0.720439,0.720383,0.720348,0.720324,0.687500
2018.0,1.200000,1.400000,-0.880000,2.003389,2.008000,0.720429,0.720376,0.720436,0.720381,0.720345,0.720322,0.687500
2018.5,1.200000,1.400000,-0.880000,2.003387,2.007984,0.720426,0.720374,0.720433,0.720379,0.720342,0.720320,0.687500
2019.0,1.200000,1.400000,-0.880000,2.003385,2.007967,0.720423,0.720372,0.720430,0.720377,0.720340,0.720319,0.687500
2019.5,1.200000,1.400000,-0.880000,2.003383,2.007951,0.720420,0.720370,0.720427,0.720375,0.720337,0.720317,0.687500
2020.0,1.200000,1.400000,-0.880000,2.003380,2.007934,0.720417,0.720368,0.720423,0.720373,0.720334,0.720315,0.687500
2020.5,1.200000,1.400000,-0.880000,2.003378,2.007918,0.720414,0.720367,0.720420,0.720371,0.720331,0.720313,0.687500
2021.0,1.200000,1.400000,-0.880000,2.003375,2.007901,0.720411,0.720365,0.720417,0.720369,0.720329,0.720312,0.687500
2021.5,1.200000,1.400000,-0.880000,2.003373,2.007885,0.720408,0.720363,0.720414,0.720367,0.720326,0.720310,0.687500
2022.0,1.200000,1.400000,-0.880000,2.003370,2.007868,0.720405,0.720361,0.720411,0.720365,0.720323,0.720308,0.687500
2022.5,1.200000,1.400000,-0.880000,2.003368,2.007852,0.720402,0.720359,0.720408,0.720363,0.720321,0.720306,0.687500
2023.0,1.200000,1.400000,-0.880000,2.003365,2.007836,0.720399,0.720357,0.720405,0.720361,0.720318,0.720304,0.687500
2023.5,1.200000,1.400000,-0.880000,2.003363,2.007819,0.720396,0.720355,0.720402,0.720359,0.720316,0.720303,0.687500
2024.0,1.200000,1.400000,-0.880000,2.003360,2.007803,0.720393,0.720353,0.720399,0.720357,0.720313,0.720301,0.687500
2024.5,1.200000,1.400000,-0.880000,2.003357,2.007787,0.720390,0.720351,0.720396,0.720355,0.720310,0.720299,0.687500
2025.0,1.200000,1.400000,-0.880000,2.003354,2.007770,0.720387,0.720349,0.720393,0.720353,0.720308,0.720298,0.687500
2025.5,1.200000,1.400000,-0.880000,2.003352,2.007754,0.720384,0.720347,0.720390,0.720351,0.720305,0.720296,0.687500
2026.0,1.200000,1.400000,-0.880000,2.003349,2.007738,0.720381,0.720345,0.720388,0.720349,0.720303,0.720294,0.687500
2026.5,1.200000,1.400000,-0.880000,2.003346,2.007722,0.720378,0.720343,0.720385,0.720348,0.720300,0.720292,0.687500
2027.0,1.200000,1.400000,-0.880000,2.003343,2.007705,0.720376,0.720342,0.720382,0.720346,0.720297,0.720291,0.687500
2027.5,1.200000,1.400000,-0.880000,2.003340,2.007689,0.720373,0.720340,0.720379,0.720344,0.720295,0.720289,0.687500
2028.0,1.200000,1.400000,-0.880000,2.003337,2.007673,0.720370,0.720338,0.720376,0.720342,0.720292,0.720287,0.687500
2028.5,1.200000,1.400000,-0.880000,2.003334,2.007657,0.720367,0.720336,0.720373,0.720340,0.720290,0.720286,0.687500
2029.0,1.200000,1.400000,-0.880000,2.003331,2.007641,0.720364,0.720334,0.720370,0.720338,0.720287,0.720284,0.687500
2029.5,1.200000,1.400000,-0.880000,2.003328,2.007625,0.720361,0.720332,0.720367,0.720336,0.720285,0.720282,0.687500
2030.0,1.200000,1.400000,-0.880000,2.003325,2.007609,0.720359,0.720330,0.720365,0.720334,0.720282,0.720281,0.687500
2030.5,1.200000,1.400000,-0.880000,2.003322,2.007592,0.720356,0.720329,0.720362,0.720333,0.720280,0.720279,0.687500
2031.0,1.200000,1.400000,-0.880000,2.003319,2.007576,0.720353,0.720327,0.720359,0.720331,0.720277,0.720277,0.687500
2031.5,1.200000,1.400000,-0.880000,2.003316,2.007560,0.720350,0.720325,0.720356,0.720329,0.720275,0.720276,0.687500
2032.0,1.200000,1.400000,-0.880000,2.003313,2.007544,0.720347,0.720323,0.720353,0.720327,0.720273,0.720274,0.687500
2032.5,1.200000,1.400000,-0.880000,2.003310,2.007528,0.720345,0.720321,0.720351,0.720325,0.720270,0.720272,0.687500
2033.0,1.200000,1.400000,-0.880000,2.003306,2.007512,0.720342,0.720320,0.720348,0.720323,0.720268,0.720271,0.687500
2033.5,1.200000,1.400000,-0.880000,2.003303,2.007496,0.720339,0.720318,0.720345,0.720322,0.720265,0.720269,0.687500
2034.0,1.200000,1.400000,-0.880000,2.003300,2.007481,0.720337,0.720316,0.720342,0.720320,0.720263,0.720268,0.687500
2034.5,1.200000,1.400000,-0.880000,2.003296,2.007465,0.720334,0.720314,0.720340,0.720318,0.720261,0.720266,0.687500
2035.0,1.200000,1.400000,-0.880000,2.003293,2.007449,0.720331,0.720312,0.720337,0.720316,0.720258,0.720264,0.687500
2035.5,1.200000,1.400000,-0.880000,2.003290,2.007433,0.720328,0.720311,0.720334,0.720314,0.720256,0.720263,0.687500
2036.0,1.200000,1.400000,-0.880000,2.003286,2.007417,0.720326,0.720309,0.720331,0.720313,0.720253,0.720261,0.687500
2036.5,1.200000,1.400000,-0.880000,2.003283,2.007401,0.720323,0.720307,0.720329,0.720311,0.720251,0.720260,0.687500
2037.0,1.200000,1.400000,-0.880000,2.003279,2.007385,0.720321,0.720305,0.720326,0.720309,0.720249,0.720258,0.687500
2037.5,1.200000,1.400000,-0.880000,2.003276,2.007370,0.720318,0.720304,0.720323,0.720307,0.720246,0.720256,0.687500
2038.0,1.200000,1.400000,-0.880000,2.003272,2.007354,0.720315,0.720302,0.720321,0.720306,0.720244,0.720255,0.687500
2038.5,1.200000,1.400000,-0.880000,2.003269,2.007338,0.720313,0.720300,0.720318,0.720304,0.720242,0.720253,0.687500
2039.0,1.200000,1.400000,-0.880000,2.003265,2.007322,0.720310,0.720298,0.720316,0.720302,0.720240,0.720252,0.687500
2039.5,1.200000,1.400000,-0.880000,2.003262,2.007307,0.720307,0.720297,0.720313,0.720300,0.720237,0.720250,0.687500
2040.0,1.200000,1.400000,-0.880000,2.003258,2.007291,0.720305,0.720295,0.720310,0.720299,0.720235,0.720249,0.687500
2040.5,1.200000,1.400000,-0.880000,2.003254,2.007275,0.720302,0.720293,0.720308,0.720297,0.720233,0.720247,0.687500
2041.0,1.200000,1.400000,-0.880000,2.003250,2.007260,0.720300,0.720292,0.720305,0.720295,0.720230,0.720246,0.687500
2041.5,1.200000,1.400000,-0.880000,2.003247,2.007244,0.720297,0.720290,0.720303,0.720294,0.720228,0.720244,0.687500
2042.0,1.200000,1.400000,-0.880000,2.003243,2.007228,0.720295,0.720288,0.720300,0.720292,0.720226,0.720242,0.687500
2042.5,1.200000,1.400000,-0.880000,2.003239,2.007213,0.720292,0.720287,0.720298,0.720290,0.720224,0.720241,0.687500
2043.0,1.200000,1.400000,-0.880000,2.003235,2.007197,0.720290,0.720285,0.720295,0.720288,0.720222,0.720239,0.687500
2043.5,1.200000,1.400000,-0.880000,2.003232,2.007182,0.720287,0.720283,0.720292,0.720287,0.720219,0.720238,0.687500
2044.0,1.200000,1.400000,-0.880000,2.003228,2.007166,0.720285,0.720282,0.720290,0.720285,0.720217,0.720236,0.687500
2044.5,1.200000,1.400000,-0.880000,2.003224,2.007150,0.720282,0.720280,0.720287,0.720283,0.720215,0.720235,0.687500
2045.0,1.200000,1.400000,-0.880000,2.003220,2.007135,0.720280,0.720278,0.720285,0.720282,0.720213,0.720233,0.687500
2045.5,1.200000,1.400000,-0.880000,2.003216,2.007120,0.720277,0.720277,0.720283,0.720280,0.720211,0.720232,0.687500
2046.0,1.200000,1.400000,-0.880000,2.003212,2.007104,0.720275,0.720275,0.720280,0.720278,0.720209,0.720231,0.687500
2046.5,1.200000,1.400000,-0.880000,2.003208,2.007089,0.720272,0.720273,0.720278,0.720277,0.720206,0.720229,0.687500
2047.0,1.200000,1.400000,-0.880000,2.003204,2.007073,0.720270,0.720272,0.720275,0.720275,0.720204,0.720228,0.687500
2047.5,1.200000,1.400000,-0.880000,2.003200,2.007058,0.720268,0.720270,0.720273,0.720274,0.720202,0.720226,0.687500
2048.0,1.200000,1.400000,-0.880000,2.003196,2.007042,0.720265,0.720268,0.720270,0.720272,0.720200,0.720225,0.687500
2048.5,1.200000,1.400000,-0.880000,2.003192,2.007027,0.720263,0.720267,0.720268,0.720270,0.720198,0.720223,0.687500
2049.0,1.200000,1.400000,-0.880000,2.003188,2.007012,0.720260,0.720265,0.720265,0.720269,0.720196,0.720222,0.687500
2049.5,1.200000,1.400000,-0.880000,2.003184,2.006996,0.720258,0.720264,0.720263,0.720267,0.720194,0.720220,0.687500
2050.0,1.200000,1.400000,-0.880000,2.003180,2.006981,0.720256,0.720262,0.720261,0.720265,0.720192,0.720219,0.687500
2050.5,1.200000,1.400000,-0.880000,2.003176,2.006966,0.720253,0.720260,0.720258,0.720264,0.720190,0.720217,0.687500
2051.0,1.200000,1.400000,-0.880000,2.003171,2.006951,0.720251,0.720259,0.720256,0.720262,0.720188,0.720216,0.687500
2051.5,1.200000,1.400000,-0.880000,2.003167,2.006935,0.720249,0.720257,0.720254,0.720261,0.720186,0.720215,0.687500
2052.0,1.200000,1.400000,-0.880000,2.003163,2.006920,0.720246,0.720256,0.720251,0.720259,0.720184,0.720213,0.687500
2052.5,1.200000,1.400000,-0.880000,2.003159,2.006905,0.720244,0.720254,0.720249,0.720257,0.720182,0.720212,0.687500
2053.0,1.200000,1.400000,-0.880000,2.003154,2.006890,0.720242,0.720253,0.720247,0.720256,0.720180,0.720210,0.687500
2053.5,1.200000,1.400000,-0.880000,2.003150,2.006875,0.720240,0.720251,0.720244,0.720254,0.720178,0.720209,0.687500
2054.0,1.200000,1.400000,-0.880000,2.003146,2.006860,0.720237,0.720249,0.720242,0.720253,0.720176,0.720208,0.687500
2054.5,1.200000,1.400000,-0.880000,2.003141,2.006844,0.720235,0.720248,0.720240,0.720251,0.720174,0.720206,0.687500
2055.0,1.200000,1.400000,-0.880000,2.003137,2.006829,0.720233,0.720246,0.720238,0.720250,0.720172,0.720205,0.687500
2055.5,1.200000,1.400000,-0.880000,2.003133,2.006814,0.720231,0.720245,0.720235,0.720248,0.720170,0.720203,0.687500
2056.0,1.200000,1.400000,-0.880000,2.003128,2.006799,0.720228,0.720243,0.720233,0.720247,0.720168,0.720202,0.687500
2056.5,1.200000,1.400000,-0.880000,2.003124,2.006784,0.720226,0.720242,0.720231,0.720245,0.720166,0.720201,0.687500
2057.0,1.200000,1.400000,-0.880000,2.003119,2.006769,0.720224,0.720240,0.720229,0.720244,0.720164,0.720199,0.687500
2057.5,1.200000,1.400000,-0.880000,2.003115,2.006754,0.720222,0.720239,0.720226,0.720242,0.720162,0.720198,0.687500
2058.0,1.200000,1.400000,-0.880000,2.003111,2.006739,0.720220,0.720237,0.720224,0.720241,0.720160,0.720197,0.687500
2058.5,1.200000,1.400000,-0.880000,2.003106,2.006724,0.720217,0.720236,0.720222,0.720239,0.720158,0.720195,0.687500
2059.0,1.200000,1.400000,-0.880000,2.003102,2.006709,0.720215,0.720234,0.720220,0.720238,0.720156,0.720194,0.687500
2059.5,1.200000,1.400000,-0.880000,2.003097,2.006694,0.720213,0.720233,0.720218,0.720236,0.720154,0.720193,0.687500
2060.0,1.200000,1.400000,-0.880000,2.003092,2.006680,0.720211,0.720231,0.720215,0.720235,0.720153,0.720191,0.687500
2060.5,1.200000,1.400000,-0.880000,2.003088,2.006665,0.720209,0.720230,0.720213,0.720233,0.720151,0.720190,0.687500
2061.0,1.200000,1.400000,-0.880000,2.003083,2.006650,0.720207,0.720228,0.720211,0.720232,0.720149,0.720189,0.687500
2061.5,1.200000,1.400000,-0.880000,2.003079,2.006635,0.720205,0.720227,0.720209,0.720230,0.720147,0.720187,0.687500
2062.0,1.200000,1.400000,-0.880000,2.003074,2.006620,0.720202,0.720225,0.720207,0.720229,0.720145,0.720186,0.687500
2062.5,1.200000,1.400000,-0.880000,2.003069,2.006606,0.720200,0.720224,0.720205,0.720227,0.720143,0.720185,0.687500
2063.0,1.200000,1.400000,-0.880000,2.003065,2.006591,0.720198,0.720223,0.720203,0.720226,0.720142,0.720183,0.687500
2063.5,1.200000,1.400000,-0.880000,2.003060,2.006576,0.720196,0.720221,0.720201,0.720224,0.720140,0.720182,0.687500
2064.0,1.200000,1.400000,-0.880000,2.003055,2.006561,0.720194,0.720220,0.720198,0.720223,0.720138,0.720181,0.687500
2064.5,1.200000,1.400000,-0.880000,2.003051,2.006547,0.720192,0.720218,0.720196,0.720221,0.720136,0.720180,0.687500
2065.0,1.200000,1.400000,-0.880000,2.003046,2.006532,0.720190,0.720217,0.720194,0.720220,0.720134,0.720178,0.687500
2065.5,1.200000,1.400000,-0.880000,2.003041,2.006517,0.720188,0.720215,0.720192,0.720218,0.720133,0.720177,0.687500
2066.0,1.200000,1.400000,-0.880000,2.003036,2.006503,0.720186,0.720214,0.720190,0.720217,0.720131,0.720176,0.687500
2066.5,1.200000,1.400000,-0.880000,2.003032,2.006488,0.720184,0.720213,0.720188,0.720216,0.720129,0.720174,0.687500
2067.0,1.200000,1.400000,-0.880000,2.003027,2.006473,0.720182,0.720211,0.720186,0.720214,0.720127,0.720173,0.687500
2067.5,1.200000,1.400000,-0.880000,2.003022,2.006459,0.720180,0.720210,0.720184,0.720213,0.720126,0.720172,0.687500
2068.0,1.200000,1.400000,-0.880000,2.003017,2.006444,0.720178,0.720208,0.720182,0.720211,0.720124,0.720171,0.687500
2068.5,1.200000,1.400000,-0.880000,2.003012,2.006430,0.720176,0.720207,0.720180,0.720210,0.720122,0.720169,0.687500
2069.0,1.200000,1.400000,-0.880000,2.003007,2.006415,0.720174,0.720206,0.720178,0.720209,0.720120,0.720168,0.687500
2069.5,1.200000,1.400000,-0.880000,2.003003,2.006401,0.720172,0.720204,0.720176,0.720207,0.720119,0.720167,0.687500
2070.0,1.200000,1.400000,-0.880000,2.002998,2.006386,0.720170,0.720203,0.720174,0.720206,0.720117,0.720166,0.687500
2070.5,1.200000,1.400000,-0.880000,2.002993,2.006372,0.720168,0.720202,0.720172,0.720204,0.720115,0.720165,0.687500
2071.0,1.200000,1.400000,-0.880000,2.002988,2.006358,0.720166,0.720200,0.720170,0.720203,0.720114,0.720163,0.687500
2071.5,1.200000,1.400000,-0.880000,2.002983,2.006343,0.720164,0.720199,0.720168,0.720202,0.720112,0.720162,0.687500
2072.0,1.200000,1.400000,-0.880000,2.002978,2.006329,0.720162,0.720197,0.720166,0.720200,0.720110,0.720161,0.687500
2072.5,1.200000,1.400000,-0.880000,2.002973,2.006314,0.720161,0.720196,0.720164,0.720199,0.720109,0.720160,0.687500
2073.0,1.200000,1.400000,-0.880000,2.002968,2.006300,0.720159,0.720195,0.720163,0.720198,0.720107,0.720158,0.687500
2073.5,1.200000,1.400000,-0.880000,2.002963,2.006286,0.720157,0.720193,0.720161,0.720196,0.720105,0.720157,0.687500
2074.0,1.200000,1.400000,-0.880000,2.002958,2.006271,0.720155,0.720192,0.720159,0.720195,0.720104,0.720156,0.687500
2074.5,1.200000,1.400000,-0.880000,2.002953,2.006257,0.720153,0.720191,0.720157,0.720194,0.720102,0.720155,0.687500
2075.0,1.200000,1.400000,-0.880000,2.002948,2.006243,0.720151,0.720189,0.720155,0.720192,0.720101,0.720154,0.687500
2075.5,1.200000,1.400000,-0.880000,2.002943,2.006229,0.720149,0.720188,0.720153,0.720191,0.720099,0.720153,0.687500
2076.0,1.200000,1.400000,-0.880000,2.002938,2.006214,0.720147,0.720187,0.720151,0.720190,0.720097,0.720151,0.687500
2076.5,1.200000,1.400000,-0.880000,2.002933,2.006200,0.720146,0.720186,0.720149,0.720188,0.720096,0.720150,0.687500
2077.0,1.200000,1.400000,-0.880000,2.002928,2.006186,0.720144,0.720184,0.720148,0.720187,0.720094,0.720149,0.687500
2077.5,1.200000,1.400000,-0.880000,2.002923,2.006172,0.720142,0.720183,0.720146,0.720186,0.720093,0.720148,0.687500
2078.0,1.200000,1.400000,-0.880000,2.002917,2.006158,0.720140,0.720182,0.720144,0.720184,0.720091,0.720147,0.687500
2078.5,1.200000,1.400000,-0.880000,2.002912,2.006144,0.720138,0.720180,0.720142,0.720183,0.720090,0.720146,0.687500
2079.0,1.200000,1.400000,-0.880000,2.002907,2.006130,0.720137,0.720179,0.720140,0.720182,0.720088,0.720144,0.687500
2079.5,1.200000,1.400000,-0.880000,2.002902,2.006116,0.720135,0.720178,0.720139,0.720181,0.720087,0.720143,0.687500
2080.0,1.200000,1.400000,-0.880000,2.002897,2.006102,0.720133,0.720177,0.720137,0.720179,0.720085,0.720142,0.687500
2080.5,1.200000,1.400000,-0.880000,2.002892,2.006088,0.720131,0.720175,0.720135,0.720178,0.720084,0.720141,0.687500
2081.0,1.200000,1.400000,-0.880000,2.002887,2.006074,0.720130,0.720174,0.720133,0.720177,0.720082,0.720140,0.687500
2081.5,1.200000,1.400000,-0.880000,2.002881,2.006060,0.720128,0.720173,0.720131,0.720175,0.720080,0.720139,0.687500
2082.0,1.200000,1.400000,-0.880000,2.002876,2.006046,0.720126,0.720172,0.720130,0.720174,0.720079,0.720138,0.687500
2082.5,1.200000,1.400000,-0.880000,2.002871,2.006032,0.720124,0.720170,0.720128,0.720173,0.720078,0.720136,0.687500
2083.0,1.200000,1.400000,-0.880000,2.002866,2.006018,0.720123,0.720169,0.720126,0.720172,0.720076,0.720135,0.687500
2083.5,1.200000,1.400000,-0.880000,2.002860,2.006004,0.720121,0.720168,0.720125,0.720170,0.720075,0.720134,0.687500
2084.0,1.200000,1.400000,-0.880000,2.002855,2.005990,0.720119,0.720167,0.720123,0.720169,0.720073,0.720133,0.687500
2084.5,1.200000,1.400000,-0.880000,2.002850,2.005976,0.720118,0.720165,0.720121,0.720168,0.720072,0.720132,0.687500
2085.0,1.200000,1.400000,-0.880000,2.002845,2.005962,0.720116,0.720164,0.720119,0.720167,0.720070,0.720131,0.687500
2085.5,1.200000,1.400000,-0.880000,2.002839,2.005949,0.720114,0.720163,0.720118,0.720166,0.720069,0.720130,0.687500
2086.0,1.200000,1.400000,-0.880000,2.002834,2.005935,0.720113,0.720162,0.720116,0.720164,0.720067,0.720129,0.687500
2086.5,1.200000,1.400000,-0.880000,2.002829,2.005921,0.720111,0.720160,0.720114,0.720163,0.720066,0.720128,0.687500
2087.0,1.200000,1.400000,-0.880000,2.002823,2.005907,0.720109,0.720159,0.720113,0.720162,0.720065,0.720127,0.687500
2087.5,1.200000,1.400000,-0.880000,2.002818,2.005894,0.720108,0.720158,0.720111,0.720161,0.720063,0.720126,0.687500
2088.0,1.200000,1.400000,-0.880000,2.002813,2.005880,0.720106,0.720157,0.720109,0.720159,0.720062,0.720125,0.687500
2088.5,1.200000,1.400000,-0.880000,2.002807,2.005866,0.720104,0.720156,0.720108,0.720158,0.720060,0.720123,0.687500
2089.0,1.200000,1.400000,-0.880000,2.002802,2.005853,0.720103,0.720155,0.720106,0.720157,0.720059,0.720122,0.687500
2089.5,1.200000,1.400000,-0.880000,2.002797,2.005839,0.720101,0.720153,0.720105,0.720156,0.720058,0.720121,0.687500
2090.0,1.200000,1.400000,-0.880000,2.002791,2.005825,0.720100,0.720152,0.720103,0.720155,0.720056,0.720120,0.687500
2090.5,1.200000,1.400000,-0.880000,2.002786,2.005812,0.720098,0.720151,0.720101,0.720153,0.720055,0.720119,0.687500
2091.0,1.200000,1.400000,-0.880000,2.002781,2.005798,0.720096,0.720150,0.720100,0.720152,0.720054,0.720118,0.687500
2091.5,1.200000,1.400000,-0.880000,2.002775,2.005785,0.720095,0.720149,0.720098,0.720151,0.720052,0.720117,0.687500
2092.0,1.200000,1.400000,-0.880000,2.002770,2.005771,0.720093,0.720147,0.720097,0.720150,0.720051,0.720116,0.687500
2092.5,1.200000,1.400000,-0.880000,2.002764,2.005758,0.720092,0.720146,0.720095,0.720149,0.720050,0.720115,0.687500
2093.0,1.200000,1.400000,-0.880000,2.002759,2.005744,0.720090,0.720145,0.720093,0.720148,0.720048,0.720114,0.687500
2093.5,1.200000,1.400000,-0.880000,2.002753,2.005731,0.720089,0.720144,0.720092,0.720146,0.720047,0.720113,0.687500
2094.0,1.200000,1.400000,-0.880000,2.002748,2.005717,0.720087,0.720143,0.720090,0.720145,0.720046,0.720112,0.687500
2094.5,1.200000,1.400000,-0.880000,2.002743,2.005704,0.720086,0.720142,0.720089,0.720144,0.720044,0.720111,0.687500
2095.0,1.200000,1.400000,-0.880000,2.002737,2.005690,0.720084,0.720141,0.720087,0.720143,0.720043,0.720110,0.687500
2095.5,1.200000,1.400000,-0.880000,2.002732,2.005677,0.720083,0.720140,0.720086,0.720142,0.720042,0.720109,0.687500
2096.0,1.200000,1.400000,-0.880000,2.002726,2.005664,0.720081,0.720138,0.720084,0.720141,0.720040,0.720108,0.687500
2096.5,1.200000,1.400000,-0.880000,2.002721,2.005650,0.720080,0.720137,0.720083,0.720140,0.720039,0.720107,0.687500
2097.0,1.200000,1.400000,-0.880000,2.002715,2.005637,0.720078,0.720136,0.720081,0.720139,0.720038,0.720106,0.687500
2097.5,1.200000,1.400000,-0.880000,2.002710,2.005624,0.720077,0.720135,0.720080,0.720137,0.720037,0.720105,0.687500
2098.0,1.200000,1.400000,-0.880000,2.002704,2.005610,0.720075,0.720134,0.720078,0.720136,0.720035,0.720104,0.687500
2098.5,1.200000,1.400000,-0.880000,2.002699,2.005597,0.720074,0.720133,0.720077,0.720135,0.720034,0.720103,0.687500
2099.0,1.200000,1.400000,-0.880000,2.002693,2.005584,0.720072,0.720132,0.720075,0.720134,0.720033,0.720102,0.687500
2099.5,1.200000,1.400000,-0.880000,2.002688,2.005571,0.720071,0.720131,0.720074,0.720133,0.720032,0.720101,0.687500
2100.0,1.200000,1.400000,-0.880000,2.002682,2.005558,0.720070,0.720130,0.720072,0.720132,0.720030,0.720100,0.687500
2100.5,1.200000,1.400000,-0.880000,2.002677,2.005544,0.720068,0.720129,0.720071,0.720131,0.720029,0.720099,0.687500
2101.0,1.200000,1.400000,-0.880000,2.002671,2.005531,0.720067,0.720127,0.720070,0.720130,0.720028,0.720098,0.687500
2101.5,1.200000,1.400000,-0.880000,2.002665,2.005518,0.720065,0.720126,0.720068,0.720129,0.720027,0.720097,0.687500
2102.0,1.200000,1.400000,-0.880000,2.002660,2.005505,0.720064,0.720125,0.720067,0.720128,0.720026,0.720096,0.687500
2102.5,1.200000,1.400000,-0.880000,2.002654,2.005492,0.720062,0.720124,0.720065,0.720127,0.720025,0.720095,0.687500
2103.0,1.200000,1.400000,-0.880000,2.002649,2.005479,0.720061,0.720123,0.720064,0.720125,0.720023,0.720094,0.687500
2103.5,1.200000,1.400000,-0.880000,2.002643,2.005466,0.720060,0.720122,0.720063,0.720124,0.720022,0.720094,0.687500
2104.0,1.200000,1.400000,-0.880000,2.002638,2.005453,0.720058,0.720121,0.720061,0.720123,0.720021,0.720093,0.687500
2104.5,1.200000,1.400000,-0.880000,2.002632,2.005440,0.720057,0.720120,0.720060,0.720122,0.720020,0.720092,0.687500
2105.0,1.200000,1.400000,-0.880000,2.002626,2.005427,0.720056,0.720119,0.720058,0.720121,0.720019,0.720091,0.687500
2105.5,1.200000,1.400000,-0.880000,2.002621,2.005414,0.720054,0.720118,0.720057,0.720120,0.720018,0.720090,0.687500
2106.0,1.200000,1.400000,-0.880000,2.002615,2.005401,0.720053,0.720117,0.720056,0.720119,0.720016,0.720089,0.687500
2106.5,1.200000,1.400000,-0.880000,2.002610,2.005388,0.720052,0.720116,0.720054,0.720118,0.720015,0.720088,0.687500
2107.0,1.200000,1.400000,-0.880000,2.002604,2.005375,0.720050,0.720115,0.720053,0.720117,0.720014,0.720087,0.687500
2107.5,1.200000,1.400000,-0.880000,2.002598,2.005362,0.720049,0.720114,0.720052,0.720116,0.720013,0.720086,0.687500
2108.0,1.200000,1.400000,-0.880000,2.002593,2.005349,0.720048,0.720113,0.720050,0.720115,0.720012,0.720085,0.687500
2108.5,1.200000,1.400000,-0.880000,2.002587,2.005337,0.720046,0.720112,0.720049,0.720114,0.720011,0.720084,0.687500
2109.0,1.200000,1.400000,-0.880000,2.002582,2.005324,0.720045,0.720111,0.720048,0.720113,0.720010,0.720083,0.687500
2109.5,1.200000,1.400000,-0.880000,2.002576,2.005311,0.720044,0.720110,0.720046,0.720112,0.720009,0.720083,0.687500
2110.0,1.200000,1.400000,-0.880000,2.002570,2.005298,0.720043,0.720109,0.720045,0.720111,0.720008,0.720082,0.687500
2110.5,1.200000,1.400000,-0.880000,2.002565,2.005285,0.720041,0.720108,0.720044,0.720110,0.720007,0.720081,0.687500
2111.0,1.200000,1.400000,-0.880000,2.002559,2.005273,0.720040,0.720107,0.720043,0.720109,0.720005,0.720080,0.687500
2111.5,1.200000,1.400000,-0.880000,2.002553,2.005260,0.720039,0.720106,0.720041,0.720108,0.720004,0.720079,0.687500
2112.0,1.200000,1.400000,-0.880000,2.002548,2.005247,0.720037,0.720105,0.720040,0.720107,0.720003,0.720078,0.687500
2112.5,1.200000,1.400000,-0.880000,2.002542,2.005235,0.720036,0.720104,0.720039,0.720106,0.720002,0.720077,0.687500
2113.0,1.200000,1.400000,-0.880000,2.002536,2.005222,0.720035,0.720103,0.720038,0.720105,0.720001,0.720076,0.687500
2113.5,1.200000,1.400000,-0.880000,2.002531,2.005210,0.720034,0.720102,0.720036,0.720104,0.720000,0.720076,0.687500
2114.0,1.200000,1.400000,-0.880000,2.002525,2.005197,0.720033,0.720101,0.720035,0.720103,0.719999,0.720075,0.687500
2114.5,1.200000,1.400000,-0.880000,2.002519,2.005184,0.720031,0.720100,0.720034,0.720102,0.719998,0.720074,0.687500
2115.0,1.200000,1.400000,-0.880000,2.002514,2.005172,0.720030,0.720099,0.720033,0.720101,0.719997,0.720073,0.687500
2115.5,1.200000,1.400000,-0.880000,2.002508,2.005159,0.720029,0.720098,0.720031,0.720100,0.719996,0.720072,0.687500
2116.0,1.200000,1.400000,-0.880000,2.002502,2.005147,0.720028,0.720097,0.720030,0.720099,0.719995,0.720071,0.687500
2116.5,1.200000,1.400000,-0.880000,2.002497,2.005134,0.720027,0.720096,0.720029,0.720098,0.719994,0.720070,0.687500
2117.0,1.200000,1.400000,-0.880000,2.002491,2.005122,0.720025,0.720095,0.720028,0.720097,0.719993,0.720070,0.687500
2117.5,1.200000,1.400000,-0.880000,2.002485,2.005109,0.720024,0.720094,0.720027,0.720096,0.719992,0.720069,0.687500
2118.0,1.200000,1.400000,-0.880000,2.002480,2.005097,0.720023,0.720093,0.720025,0.720095,0.719991,0.720068,0.687500
2118.5,1.200000,1.400000,-0.880000,2.002474,2.005085,0.720022,0.720092,0.720024,0.720094,0.719990,0.720067,0.687500
2119.0,1.200000,1.400000,-0.880000,2.002468,2.005072,0.720021,0.720091,0.720023,0.720093,0.719989,0.720066,0.687500
2119.5,1.200000,1.400000,-0.880000,2.002463,2.005060,0.720020,0.720091,0.720022,0.720093,0.719988,0.720065,0.687500
2120.0,1.200000,1.400000,-0.880000,2.002457,2.005047,0.720018,0.720090,0.720021,0.720092,0.719987,0.720065,0.687500
2120.5,1.200000,1.400000,-0.880000,2.002451,2.005035,0.720017,0.720089,0.720020,0.720091,0.719986,0.720064,0.687500
2121.0,1.200000,1.400000,-0.880000,2.002445,2.005023,0.720016,0.720088,0.720018,0.720090,0.719985,0.720063,0.687500
2121.5,1.200000,1.400000,-0.880000,2.002440,2.005011,0.720015,0.720087,0.720017,0.720089,0.719984,0.720062,0.687500
2122.0,1.200000,1.400000,-0.880000,2.002434,2.004998,0.720014,0.720086,0.720016,0.720088,0.719984,0.720061,0.687500
2122.5,1.200000,1.400000,-0.880000,2.002428,2.004986,0.720013,0.720085,0.720015,0.720087,0.719983,0.720061,0.687500
2123.0,1.200000,1.400000,-0.880000,2.002423,2.004974,0.720012,0.720084,0.720014,0.720086,0.719982,0.720060,0.687500
2123.5,1.200000,1.400000,-0.880000,2.002417,2.004962,0.720011,0.720083,0.720013,0.720085,0.719981,0.720059,0.687500
2124.0,1.200000,1.400000,-0.880000,2.002411,2.004950,0.720010,0.720082,0.720012,0.720084,0.719980,0.720058,0.687500
2124.5,1.200000,1.400000,-0.880000,2.002405,2.004937,0.720008,0.720082,0.720011,0.720083,0.719979,0.720057,0.687500
2125.0,1.200000,1.400000,-0.880000,2.002400,2.004925,0.720007,0.720081,0.720010,0.720083,0.719978,0.720057,0.687500
2125.5,1.200000,1.400000,-0.880000,2.002394,2.004913,0.720006,0.720080,0.720009,0.720082,0.719977,0.720056,0.687500
2126.0,1.200000,1.400000,-0.880000,2.002388,2.004901,0.720005,0.720079,0.720007,0.720081,0.719976,0.720055,0.687500
2126.5,1.200000,1.400000,-0.880000,2.002383,2.004889,0.720004,0.720078,0.720006,0.720080,0.719975,0.720054,0.687500
2127.0,1.200000,1.400000,-0.880000,2.002377,2.004877,0.720003,0.720077,0.720005,0.720079,0.719975,0.720054,0.687500
2127.5,1.200000,1.400000,-0.880000,2.002371,2.004865,0.720002,0.720076,0.720004,0.720078,0.719974,0.720053,0.687500
2128.0,1.200000,1.400000,-0.880000,2.002365,2.004853,0.720001,0.720075,0.720003,0.720077,0.719973,0.720052,0.687500
2128.5,1.200000,1.400000,-0.880000,2.002360,2.004841,0.720000,0.720075,0.720002,0.720076,0.719972,0.720051,0.687500
2129.0,1.200000,1.400000,-0.880000,2.002354,2.004829,0.719999,0.720074,0.720001,0.720076,0.719971,0.720051,0.687500
2129.5,1.200000,1.400000,-0.880000,2.002348,2.004817,0.719998,0.720073,0.720000,0.720075,0.719970,0.720050,0.687500
2130.0,1.200000,1.400000,-0.880000,2.002343,2.004805,0.719997,0.720072,0.719999,0.720074,0.719969,0.720049,0.687500
2130.5,1.200000,1.400000,-0.880000,2.002337,2.004793,0.719996,0.720071,0.719998,0.720073,0.719969,0.720048,0.687500
2131.0,1.200000,1.400000,-0.880000,2.002331,2.004781,0.719995,0.720070,0.719997,0.720072,0.719968,0.720048,0.687500
2131.5,1.200000,1.400000,-0.880000,2.002325,2.004770,0.719994,0.720070,0.719996,0.720071,0.719967,0.720047,0.687500
2132.0,1.200000,1.400000,-0.880000,2.002320,2.004758,0.719993,0.720069,0.719995,0.720070,0.719966,0.720046,0.687500
2132.5,1.200000,1.400000,-0.880000,2.002314,2.004746,0.719992,0.720068,0.719994,0.720070,0.719965,0.720045,0.687500
2133.0,1.200000,1.400000,-0.880000,2.002308,2.004734,0.719991,0.720067,0.719993,0.720069,0.719965,0.720045,0.687500
2133.5,1.200000,1.400000,-0.880000,2.002303,2.004722,0.719990,0.720066,0.719992,0.720068,0.719964,0.720044,0.687500
2134.0,1.200000,1.400000,-0.880000,2.002297,2.004711,0.719989,0.720065,0.719991,0.720067,0.719963,0.720043,0.687500
2134.5,1.200000,1.400000,-0.880000,2.002291,2.004699,0.719988,0.720065,0.719990,0.720066,0.719962,0.720042,0.687500
2135.0,1.200000,1.400000,-0.880000,2.002285,2.004687,0.719987,0.720064,0.719989,0.720065,0.719961,0.720042,0.687500
2135.5,1.200000,1.400000,-0.880000,2.002280,2.004675,0.719986,0.720063,0.719988,0.720065,0.719961,0.720041,0.687500
2136.0,1.200000,1.400000,-0.880000,2.002274,2.004664,0.719985,0.720062,0.719987,0.720064,0.719960,0.720040,0.687500
2136.5,1.200000,1.400000,-0.880000,2.002268,2.004652,0.719985,0.720061,0.719986,0.720063,0.719959,0.720040,0.687500
2137.0,1.200000,1.400000,-0.880000,2.002263,2.004641,0.719984,0.720061,0.719985,0.720062,0.719958,0.720039,0.687500
2137.5,1.200000,1.400000,-0.880000,2.002257,2.004629,0.719983,0.720060,0.719985,0.720061,0.719958,0.720038,0.687500
2138.0,1.200000,1.400000,-0.880000,2.002251,2.004617,0.719982,0.720059,0.719984,0.720061,0.719957,0.720038,0.687500
2138.5,1.200000,1.400000,-0.880000,2.002245,2.004606,0.719981,0.720058,0.719983,0.720060,0.719956,0.720037,0.687500
2139.0,1.200000,1.400000,-0.880000,2.002240,2.004594,0.719980,0.720057,0.719982,0.720059,0.719955,0.720036,0.687500
2139.5,1.200000,1.400000,-0.880000,2.002234,2.004583,0.719979,0.720057,0.719981,0.720058,0.719955,0.720035,0.687500
2140.0,1.200000,1.400000,-0.880000,2.002228,2.004571,0.719978,0.720056,0.719980,0.720058,0.719954,0.720035,0.687500
2140.5,1.200000,1.400000,-0.880000,2.002223,2.004560,0.719977,0.720055,0.719979,0.720057,0.719953,0.720034,0.687500
2141.0,1.200000,1.400000,-0.880000,2.002217,2.004548,0.719976,0.720054,0.719978,0.720056,0.719952,0.720033,0.687500
2141.5,1.200000,1.400000,-0.880000,2.002211,2.004537,0.719976,0.720054,0.719977,0.720055,0.719952,0.720033,0.687500
2142.0,1.200000,1.400000,-0.880000,2.002206,2.004525,0.719975,0.720053,0.719976,0.720054,0.719951,0.720032,0.687500
2142.5,1.200000,1.400000,-0.880000,2.002200,2.004514,0.719974,0.720052,0.719976,0.720054,0.719950,0.720031,0.687500
2143.0,1.200000,1.400000,-0.880000,2.002194,2.004503,0.719973,0.720051,0.719975,0.720053,0.719950,0.720031,0.687500
2143.5,1.200000,1.400000,-0.880000,2.002188,2.004491,0.719972,0.720051,0.719974,0.720052,0.719949,0.720030,0.687500
2144.0,1.200000,1.400000,-0.880000,2.002183,2.004480,0.719971,0.720050,0.719973,0.720051,0.719948,0.720029,0.687500
2144.5,1.200000,1.400000,-0.880000,2.002177,2.004469,0.719970,0.720049,0.719972,0.720051,0.719948,0.720029,0.687500
2145.0,1.200000,1.400000,-0.880000,2.002171,2.004457,0.719970,0.720048,0.719971,0.720050,0.719947,0.720028,0.687500
2145.5,1.200000,1.400000,-0.880000,2.002166,2.004446,0.719969,0.720048,0.719970,0.720049,0.719946,0.720028,0.687500
2146.0,1.200000,1.400000,-0.880000,2.002160,2.004435,0.719968,0.720047,0.719970,0.720048,0.719946,0.720027,0.687500
2146.5,1.200000,1.400000,-0.880000,2.002154,2.004424,0.719967,0.720046,0.719969,0.720048,0.719945,0.720026,0.687500
2147.0,1.200000,1.400000,-0.880000,2.002149,2.004412,0.719966,0.720045,0.719968,0.720047,0.719944,0.720026,0.687500
2147.5,1.200000,1.400000,-0.880000,2.002143,2.004401,0.719966,0.720045,0.719967,0.720046,0.719944,0.720025,0.687500
2148.0,1.200000,1.400000,-0.880000,2.002137,2.004390,0.719965,0.720044,0.719966,0.720045,0.719943,0.720024,0.687500
2148.5,1.200000,1.400000,-0.880000,2.002132,2.004379,0.719964,0.720043,0.719966,0.720045,0.719942,0.720024,0.687500
2149.0,1.200000,1.400000,-0.880000,2.002126,2.004368,0.719963,0.720042,0.719965,0.720044,0.719942,0.720023,0.687500
2149.5,1.200000,1.400000,-0.880000,2.002120,2.004357,0.719962,0.720042,0.719964,0.720043,0.719941,0.720022,0.687500
2150.0,1.200000,1.400000,-0.880000,2.002115,2.004346,0.719962,0.720041,0.719963,0.720043,0.719940,0.720022,0.687500
2150.5,1.200000,1.400000,-0.880000,2.002109,2.004335,0.719961,0.720040,0.719962,0.720042,0.719940,0.720021,0.687500
2151.0,1.200000,1.400000,-0.880000,2.002103,2.004324,0.719960,0.720040,0.719962,0.720041,0.719939,0.720021,0.687500
2151.5,1.200000,1.400000,-0.880000,2.002098,2.004313,0.719959,0.720039,0.719961,0.720040,0.719939,0.720020,0.687500
2152.0,1.200000,1.400000,-0.880000,2.002092,2.004302,0.719959,0.720038,0.719960,0.720040,0.719938,0.720019,0.687500
2152.5,1.200000,1.400000,-0.880000,2.002086,2.004291,0.719958,0.720038,0.719959,0.720039,0.719937,0.720019,0.687500
2153.0,1.200000,1.400000,-0.880000,2.002081,2.004280,0.719957,0.720037,0.719959,0.720038,0.719937,0.720018,0.687500
2153.5,1.200000,1.400000,-0.880000,2.002075,2.004269,0.719956,0.720036,0.719958,0.720038,0.719936,0.720018,0.687500
2154.0,1.200000,1.400000,-0.880000,2.002070,2.004258,0.719956,0.720036,0.719957,0.720037,0.719936,0.720017,0.687500
2154.5,1.200000,1.400000,-0.880000,2.002064,2.004247,0.719955,0.720035,0.719956,0.720036,0.719935,0.720016,0.687500
2155.0,1.200000,1.400000,-0.880000,2.002058,2.004236,0.719954,0.720034,0.719956,0.720036,0.719934,0.720016,0.687500
2155.5,1.200000,1.400000,-0.880000,2.002053,2.004225,0.719953,0.720033,0.719955,0.720035,0.719934,0.720015,0.687500
2156.0,1.200000,1.400000,-0.880000,2.002047,2.004214,0.719953,0.720033,0.719954,0.720034,0.719933,0.720015,0.687500
2156.5,1.200000,1.400000,-0.880000,2.002041,2.004203,0.719952,0.720032,0.719953,0.720034,0.719933,0.720014,0.687500
2157.0,1.200000,1.400000,-0.880000,2.002036,2.004193,0.719951,0.720031,0.719953,0.720033,0.719932,0.720013,0.687500
2157.5,1.200000,1.400000,-0.880000,2.002030,2.004182,0.719951,0.720031,0.719952,0.720032,0.719932,0.720013,0.687500
2158.0,1.200000,1.400000,-0.880000,2.002025,2.004171,0.719950,0.720030,0.719951,0.720032,0.719931,0.720012,0.687500
2158.5,1.200000,1.400000,-0.880000,2.002019,2.004160,0.719949,0.720029,0.719951,0.720031,0.719930,0.720012,0.687500
2159.0,1.200000,1.400000,-0.880000,2.002013,2.004150,0.719949,0.720029,0.719950,0.720030,0.719930,0.720011,0.687500
2159.5,1.200000,1.400000,-0.880000,2.002008,2.004139,0.719948,0.720028,0.719949,0.720030,0.719929,0.720011,0.687500
2160.0,1.200000,1.400000,-0.880000,2.002002,2.004128,0.719947,0.720028,0.719949,0.720029,0.719929,0.720010,0.687500
2160.5,1.200000,1.400000,-0.880000,2.001997,2.004118,0.719947,0.720027,0.719948,0.720028,0.719928,0.720009,0.687500
2161.0,1.200000,1.400000,-0.880000,2.001991,2.004107,0.719946,0.720026,0.719947,0.720028,0.719928,0.720009,0.687500
2161.5,1.200000,1.400000,-0.880000,2.001985,2.004096,0.719945,0.720026,0.719947,0.720027,0.719927,0.720008,0.687500
2162.0,1.200000,1.400000,-0.880000,2.001980,2.004086,0.719945,0.720025,0.719946,0.720026,0.719927,0.720008,0.687500
2162.5,1.200000,1.400000,-0.880000,2.001974,2.004075,0.719944,0.720024,0.719945,0.720026,0.719926,0.720007,0.687500
2163.0,1.200000,1.400000,-0.880000,2.001969,2.004065,0.719943,0.720024,0.719945,0.720025,0.719926,0.720007,0.687500
2163.5,1.200000,1.400000,-0.880000,2.001963,2.004054,0.719943,0.720023,0.719944,0.720024,0.719925,0.720006,0.687500
2164.0,1.200000,1.400000,-0.880000,2.001958,2.004044,0.719942,0.720022,0.719943,0.720024,0.719925,0.720006,0.687500
2164.5,1.200000,1.400000,-0.880000,2.001952,2.004033,0.719941,0.720022,0.719943,0.720023,0.719924,0.720005,0.687500
2165.0,1.200000,1.400000,-0.880000,2.001947,2.004023,0.719941,0.720021,0.719942,0.720023,0.719924,0.720004,0.687500
2165.5,1.200000,1.400000,-0.880000,2.001941,2.004012,0.719940,0.720021,0.719941,0.720022,0.719923,0.720004,0.687500
2166.0,1.200000,1.400000,-0.880000,2.001936,2.004002,0.719940,0.720020,0.719941,0.720021,0.719923,0.720003,0.687500
2166.5,1.200000,1.400000,-0.880000,2.001930,2.003991,0.719939,0.720019,0.719940,0.720021,0.719922,0.720003,0.687500
2167.0,1.200000,1.400000,-0.880000,2.001924,2.003981,0.719938,0.720019,0.719940,0.720020,0.719922,0.720002,0.687500
2167.5,1.200000,1.400000,-0.880000,2.001919,2.003971,0.719938,0.720018,0.719939,0.720019,0.719921,0.720002,0.687500
2168.0,1.200000,1.400000,-0.880000,2.001913,2.003960,0.719937,0.720018,0.719938,0.720019,0.719921,0.720001,0.687500
2168.5,1.200000,1.400000,-0.880000,2.001908,2.003950,0.719937,0.720017,0.719938,0.720018,0.719920,0.720001,0.687500
2169.0,1.200000,1.400000,-0.880000,2.001902,2.003940,0.719936,0.720016,0.719937,0.720018,0.719920,0.720000,0.687500
2169.5,1.200000,1.400000,-0.880000,2.001897,2.003929,0.719935,0.720016,0.719937,0.720017,0.719919,0.720000,0.687500
2170.0,1.200000,1.400000,-0.880000,2.001891,2.003919,0.719935,0.720015,0.719936,0.720016,0.719919,0.719999,0.687500
2170.5,1.200000,1.400000,-0.880000,2.001886,2.003909,0.719934,0.720015,0.719935,0.720016,0.719919,0.719999,0.687500
2171.0,1.200000,1.400000,-0.880000,2.001880,2.003898,0.719934,0.720014,0.719935,0.720015,0.719918,0.719998,0.687500
2171.5,1.200000,1.400000,-0.880000,2.001875,2.003888,0.719933,0.720013,0.719934,0.720015,0.719918,0.719998,0.687500
2172.0,1.200000,1.400000,-0.880000,2.001870,2.003878,0.719933,0.720013,0.719934,0.720014,0.719917,0.719997,0.687500
2172.5,1.200000,1.400000,-0.880000,2.001864,2.003868,0.719932,0.720012,0.719933,0.720014,0.719917,0.719997,0.687500
2173.0,1.200000,1.400000,-0.880000,2.001859,2.003858,0.719932,0.720012,0.719933,0.720013,0.719916,0.719996,0.687500
2173.5,1.200000,1.400000,-0.880000,2.001853,2.003848,0.719931,0.720011,0.719932,0.720012,0.719916,0.719996,0.687500
2174.0,1.200000,1.400000,-0.880000,2.001848,2.003837,0.719930,0.720011,0.719931,0.720012,0.719916,0.719995,0.687500
2174.5,1.200000,1.400000,-0.880000,2.001842,2.003827,0.719930,0.720010,0.719931,0.720011,0.719915,0.719995,0.687500
2175.0,1.200000,1.400000,-0.880000,2.001837,2.003817,0.719929,0.720009,0.719930,0.720011,0.719915,0.719994,0.687500
2175.5,1.200000,1.400000,-0.880000,2.001831,2.003807,0.719929,0.720009,0.719930,0.720010,0.719914,0.719994,0.687500
2176.0,1.200000,1.400000,-0.880000,2.001826,2.003797,0.719928,0.720008,0.719929,0.720010,0.719914,0.719993,0.687500
2176.5,1.200000,1.400000,-0.880000,2.001821,2.003787,0.719928,0.720008,0.719929,0.720009,0.719913,0.719993,0.687500
2177.0,1.200000,1.400000,-0.880000,2.001815,2.003777,0.719927,0.720007,0.719928,0.720008,0.719913,0.719992,0.687500
2177.5,1.200000,1.400000,-0.880000,2.001810,2.003767,0.719927,0.720007,0.719928,0.720008,0.719913,0.719992,0.687500
2178.0,1.200000,1.400000,-0.880000,2.001804,2.003757,0.719926,0.720006,0.719927,0.720007,0.719912,0.719991,0.687500
2178.5,1.200000,1.400000,-0.880000,2.001799,2.003747,0.719926,0.720006,0.719927,0.720007,0.719912,0.719991,0.687500
2179.0,1.200000,1.400000,-0.880000,2.001794,2.003737,0.719925,0.720005,0.719926,0.720006,0.719912,0.719990,0.687500
2179.5,1.200000,1.400000,-0.880000,2.001788,2.003727,0.719925,0.720005,0.719926,0.720006,0.719911,0.719990,0.687500
2180.0,1.200000,1.400000,-0.880000,2.001783,2.003718,0.719924,0.720004,0.719925,0.720005,0.719911,0.719989,0.687500
2180.5,1.200000,1.400000,-0.880000,2.001777,2.003708,0.719924,0.720003,0.719925,0.720005,0.719910,0.719989,0.687500
2181.0,1.200000,1.400000,-0.880000,2.001772,2.003698,0.719923,0.720003,0.719924,0.720004,0.719910,0.719989,0.687500
2181.5,1.200000,1.400000,-0.880000,2.001767,2.003688,0.719923,0.720002,0.719924,0.720004,0.719910,0.719988,0.687500
2182.0,1.200000,1.400000,-0.880000,2.001761,2.003678,0.719922,0.720002,0.719923,0.720003,0.719909,0.719988,0.687500
2182.5,1.200000,1.400000,-0.880000,2.001756,2.003668,0.719922,0.720001,0.719923,0.720002,0.719909,0.719987,0.687500
2183.0,1.200000,1.400000,-0.880000,2.001751,2.003659,0.719921,0.720001,0.719922,0.720002,0.719909,0.719987,0.687500
2183.5,1.200000,1.400000,-0.880000,2.001745,2.003649,0.719921,0.720000,0.719922,0.720001,0.719908,0.719986,0.687500
2184.0,1.200000,1.400000,-0.880000,2.001740,2.003639,0.719921,0.720000,0.719921,0.720001,0.719908,0.719986,0.687500
2184.5,1.200000,1.400000,-0.880000,2.001735,2.003630,0.719920,0.719999,0.719921,0.720000,0.719908,0.719985,0.687500
2185.0,1.200000,1.400000,-0.880000,2.001729,2.003620,0.719920,0.719999,0.719920,0.720000,0.719907,0.719985,0.687500
2185.5,1.200000,1.400000,-0.880000,2.001724,2.003610,0.719919,0.719998,0.719920,0.719999,0.719907,0.719985,0.687500
2186.0,1.200000,1.400000,-0.880000,2.001719,2.003601,0.719919,0.719998,0.719920,0.719999,0.719907,0.719984,0.687500
2186.5,1.200000,1.400000,-0.880000,2.001713,2.003591,0.719918,0.719997,0.719919,0.719998,0.719906,0.719984,0.687500
2187.0,1.200000,1.400000,-0.880000,2.001708,2.003581,0.719918,0.719997,0.719919,0.719998,0.719906,0.719983,0.687500
2187.5,1.200000,1.400000,-0.880000,2.001703,2.003572,0.719917,0.719996,0.719918,0.719997,0.719906,0.719983,0.687500
2188.0,1.200000,1.400000,-0.880000,2.001698,2.003562,0.719917,0.719996,0.719918,0.719997,0.719905,0.719982,0.687500
2188.5,1.200000,1.400000,-0.880000,2.001692,2.003553,0.719917,0.719995,0.719917,0.719996,0.719905,0.719982,0.687500
2189.0,1.200000,1.400000,-0.880000,2.001687,2.003543,0.719916,0.719995,0.719917,0.719996,0.719905,0.719982,0.687500
2189.5,1.200000,1.400000,-0.880000,2.001682,2.003534,0.719916,0.719994,0.719917,0.719995,0.719904,0.719981,0.687500
2190.0,1.200000,1.400000,-0.880000,2.001677,2.003524,0.719915,0.719994,0.719916,0.719995,0.719904,0.719981,0.687500
2190.5,1.200000,1.400000,-0.880000,2.001671,2.003515,0.719915,0.719993,0.719916,0.719994,0.719904,0.719980,0.687500
2191.0,1.200000,1.400000,-0.880000,2.001666,2.003505,0.719915,0.719993,0.719915,0.719994,0.719903,0.719980,0.687500
2191.5,1.200000,1.400000,-0.880000,2.001661,2.003496,0.719914,0.719992,0.719915,0.719993,0.719903,0.719979,0.687500
2192.0,1.200000,1.400000,-0.880000,2.001656,2.003486,0.719914,0.719992,0.719915,0.719993,0.719903,0.719979,0.687500
2192.5,1.200000,1.400000,-0.880000,2.001651,2.003477,0.719913,0.719991,0.719914,0.719992,0.719903,0.719979,0.687500
2193.0,1.200000,1.400000,-0.880000,2.001645,2.003467,0.719913,0.719991,0.719914,0.719992,0.719902,0.719978,0.687500
2193.5,1.200000,1.400000,-0.880000,2.001640,2.003458,0.719913,0.719991,0.719913,0.719992,0.719902,0.719978,0.687500
2194.0,1.200000,1.400000,-0.880000,2.001635,2.003449,0.719912,0.719990,0.719913,0.719991,0.719902,0.719977,0.687500
2194.5,1.200000,1.400000,-0.880000,2.001630,2.003439,0.719912,0.719990,0.719913,0.719991,0.719901,0.719977,0.687500
2195.0,1.200000,1.400000,-0.880000,2.001625,2.003430,0.719912,0.719989,0.719912,0.719990,0.719901,0.719977,0.687500
2195.5,1.200000,1.400000,-0.880000,2.001619,2.003421,0.719911,0.719989,0.719912,0.719990,0.719901,0.719976,0.687500
2196.0,1.200000,1.400000,-0.880000,2.001614,2.003412,0.719911,0.719988,0.719911,0.719989,0.719901,0.719976,0.687500
2196.5,1.200000,1.400000,-0.880000,2.001609,2.003402,0.719910,0.719988,0.719911,0.719989,0.719900,0.719975,0.687500
2197.0,1.200000,1.400000,-0.880000,2.001604,2.003393,0.719910,0.719987,0.719911,0.719988,0.719900,0.719975,0.687500
2197.5,1.200000,1.400000,-0.880000,2.001599,2.003384,0.719910,0.719987,0.719910,0.719988,0.719900,0.719975,0.687500
2198.0,1.200000,1.400000,-0.880000,2.001594,2.003375,0.719909,0.719986,0.719910,0.719987,0.719900,0.719974,0.687500
2198.5,1.200000,1.400000,-0.880000,2.001589,2.003366,0.719909,0.719986,0.719910,0.719987,0.719899,0.719974,0.687500
2199.0,1.200000,1.400000,-0.880000,2.001583,2.003356,0.719909,0.719986,0.719909,0.719986,0.719899,0.719974,0.687500
2199.5,1.200000,1.400000,-0.880000,2.001578,2.003347,0.719908,0.719985,0.719909,0.719986,0.719899,0.719973,0.687500
2200.0,1.200000,1.400000,-0.880000,2.001573,2.003338,0.719908,0.719985,0.719909,0.719986,0.719899,0.719973,0.687500
2200.5,1.200000,1.400000,-0.880000,2.001568,2.003329,0.719908,0.719984,0.719908,0.719985,0.719898,0.719972,0.687500
2201.0,1.200000,1.400000,-0.880000,2.001563,2.003320,0.719907,0.719984,0.719908,0.719985,0.719898,0.719972,0.687500
2201.5,1.200000,1.400000,-0.880000,2.001558,2.003311,0.719907,0.719983,0.719908,0.719984,0.719898,0.719972,0.687500
2202.0,1.200000,1.400000,-0.880000,2.001553,2.003302,0.719907,0.719983,0.719907,0.719984,0.719898,0.719971,0.687500
2202.5,1.200000,1.400000,-0.880000,2.001548,2.003293,0.719906,0.719983,0.719907,0.719983,0.719898,0.719971,0.687500
2203.0,1.200000,1.400000,-0.880000,2.001543,2.003284,0.719906,0.719982,0.719907,0.719983,0.719897,0.719971,0.687500
2203.5,1.200000,1.400000,-0.880000,2.001538,2.003275,0.719906,0.719982,0.719906,0.719983,0.719897,0.719970,0.687500
2204.0,1.200000,1.400000,-0.880000,2.001533,2.003266,0.719905,0.719981,0.719906,0.719982,0.719897,0.719970,0.687500
2204.5,1.200000,1.400000,-0.880000,2.001528,2.003257,0.719905,0.719981,0.719906,0.719982,0.719897,0.719970,0.687500
2205.0,1.200000,1.400000,-0.880000,2.001523,2.003248,0.719905,0.719980,0.719905,0.719981,0.719896,0.719969,0.687500
2205.5,1.200000,1.400000,-0.880000,2.001518,2.003239,0.719905,0.719980,0.719905,0.719981,0.719896,0.719969,0.687500
2206.0,1.200000,1.400000,-0.880000,2.001513,2.003230,0.719904,0.719980,0.719905,0.719980,0.719896,0.719968,0.687500
2206.5,1.200000,1.400000,-0.880000,2.001508,2.003221,0.719904,0.719979,0.719904,0.719980,0.719896,0.719968,0.687500
2207.0,1.200000,1.400000,-0.880000,2.001503,2.003213,0.719904,0.719979,0.719904,0.719980,0.719896,0.719968,0.687500
2207.5,1.200000,1.400000,-0.880000,2.001498,2.003204,0.719903,0.719978,0.719904,0.719979,0.719895,0.719967,0.687500
2208.0,1.200000,1.400000,-0.880000,2.001493,2.003195,0.719903,0.719978,0.719904,0.719979,0.719895,0.719967,0.687500
2208.5,1.200000,1.400000,-0.880000,2.001488,2.003186,0.719903,0.719978,0.719903,0.719978,0.719895,0.719967,0.687500
2209.0,1.200000,1.400000,-0.880000,2.001483,2.003177,0.719903,0.719977,0.719903,0.719978,0.719895,0.719966,0.687500
2209.5,1.200000,1.400000,-0.880000,2.001478,2.003169,0.719902,0.719977,0.719903,0.719978,0.719895,0.719966,0.687500
2210.0,1.200000,1.400000,-0.880000,2.001473,2.003160,0.719902,0.719976,0.719902,0.719977,0.719894,0.719966,0.687500
2210.5,1.200000,1.400000,-0.880000,2.001468,2.003151,0.719902,0.719976,0.719902,0.719977,0.719894,0.719965,0.687500
2211.0,1.200000,1.400000,-0.880000,2.001463,2.003142,0.719901,0.719976,0.719902,0.719976,0.719894,0.719965,0.687500
2211.5,1.200000,1.400000,-0.880000,2.001458,2.003134,0.719901,0.719975,0.719902,0.719976,0.719894,0.719965,0.687500
2212.0,1.200000,1.400000,-0.880000,2.001453,2.003125,0.719901,0.719975,0.719901,0.719976,0.719894,0.719964,0.687500
2212.5,1.200000,1.400000,-0.880000,2.001448,2.003116,0.719901,0.719975,0.719901,0.719975,0.719894,0.719964,0.687500
2213.0,1.200000,1.400000,-0.880000,2.001444,2.003108,0.719900,0.719974,0.719901,0.719975,0.719893,0.719964,0.687500
2213.5,1.200000,1.400000,-0.880000,2.001439,2.003099,0.719900,0.719974,0.719901,0.719975,0.719893,0.719963,0.687500
2214.0,1.200000,1.400000,-0.880000,2.001434,2.003090,0.719900,0.719973,0.719900,0.719974,0.719893,0.719963,0.687500
2214.5,1.200000,1.400000,-0.880000,2.001429,2.003082,0.719900,0.719973,0.719900,0.719974,0.719893,0.719963,0.687500
2215.0,1.200000,1.400000,-0.880000,2.001424,2.003073,0.719899,0.719973,0.719900,0.719973,0.719893,0.719963,0.687500
2215.5,1.200000,1.400000,-0.880000,2.001419,2.003065,0.719899,0.719972,0.719900,0.719973,0.719893,0.719962,0.687500
2216.0,1.200000,1.400000,-0.880000,2.001414,2.003056,0.719899,0.719972,0.719899,0.719973,0.719892,0.719962,0.687500
2216.5,1.200000,1.400000,-0.880000,2.001410,2.003048,0.719899,0.719972,0.719899,0.719972,0.719892,0.719962,0.687500
2217.0,1.200000,1.400000,-0.880000,2.001405,2.003039,0.719899,0.719971,0.719899,0.719972,0.719892,0.719961,0.687500
2217.5,1.200000,1.400000,-0.880000,2.001400,2.003031,0.719898,0.719971,0.719899,0.719972,0.719892,0.719961,0.687500
2218.0,1.200000,1.400000,-0.880000,2.001395,2.003022,0.719898,0.719970,0.719898,0.719971,0.719892,0.719961,0.687500
2218.5,1.200000,1.400000,-0.880000,2.001390,2.003014,0.719898,0.719970,0.719898,0.719971,0.719892,0.719960,0.687500
2219.0,1.200000,1.400000,-0.880000,2.001386,2.003005,0.719898,0.719970,0.719898,0.719970,0.719892,0.719960,0.687500
2219.5,1.200000,1.400000,-0.880000,2.001381,2.002997,0.719897,0.719969,0.719898,0.719970,0.719892,0.719960,0.687500
2220.0,1.200000,1.400000,-0.880000,2.001376,2.002989,0.719897,0.719969,0.719898,0.719970,0.719891,0.719959,0.687500
2220.5,1.200000,1.400000,-0.880000,2.001371,2.002980,0.719897,0.719969,0.719897,0.719969,0.719891,0.719959,0.687500
2221.0,1.200000,1.400000,-0.880000,2.001367,2.002972,0.719897,0.719968,0.719897,0.719969,0.719891,0.719959,0.687500
2221.5,1.200000,1.400000,-0.880000,2.001362,2.002964,0.719897,0.719968,0.719897,0.719969,0.719891,0.719959,0.687500
2222.0,1.200000,1.400000,-0.880000,2.001357,2.002955,0.719896,0.719968,0.719897,0.719968,0.719891,0.719958,0.687500
2222.5,1.200000,1.400000,-0.880000,2.001352,2.002947,0.719896,0.719967,0.719897,0.719968,0.719891,0.719958,0.687500
2223.0,1.200000,1.400000,-0.880000,2.001348,2.002939,0.719896,0.719967,0.719896,0.719968,0.719891,0.719958,0.687500
2223.5,1.200000,1.400000,-0.880000,2.001343,2.002931,0.719896,0.719967,0.719896,0.719967,0.719891,0.719957,0.687500
2224.0,1.200000,1.400000,-0.880000,2.001338,2.002922,0.719896,0.719966,0.719896,0.719967,0.719890,0.719957,0.687500
2224.5,1.200000,1.400000,-0.880000,2.001334,2.002914,0.719896,0.719966,0.719896,0.719967,0.719890,0.719957,0.687500
2225.0,1.200000,1.400000,-0.880000,2.001329,2.002906,0.719895,0.719966,0.719896,0.719966,0.719890,0.719957,0.687500
2225.5,1.200000,1.400000,-0.880000,2.001324,2.002898,0.719895,0.719965,0.719895,0.719966,0.719890,0.719956,0.687500
2226.0,1.200000,1.400000,-0.880000,2.001320,2.002890,0.719895,0.719965,0.719895,0.719966,0.719890,0.719956,0.687500
2226.5,1.200000,1.400000,-0.880000,2.001315,2.002881,0.719895,0.719965,0.719895,0.719965,0.719890,0.719956,0.687500
2227.0,1.200000,1.400000,-0.880000,2.001310,2.002873,0.719895,0.719964,0.719895,0.719965,0.719890,0.719956,0.687500
2227.5,1.200000,1.400000,-0.880000,2.001306,2.002865,0.719894,0.719964,0.719895,0.719965,0.719890,0.719955,0.687500
2228.0,1.200000,1.400000,-0.880000,2.001301,2.002857,0.719894,0.719964,0.719895,0.719964,0.719890,0.719955,0.687500
2228.5,1.200000,1.400000,-0.880000,2.001296,2.002849,0.719894,0.719963,0.719894,0.719964,0.719890,0.719955,0.687500
2229.0,1.200000,1.400000,-0.880000,2.001292,2.002841,0.719894,0.719963,0.719894,0.719964,0.719889,0.719954,0.687500
2229.5,1.200000,1.400000,-0.880000,2.001287,2.002833,0.719894,0.719963,0.719894,0.719963,0.719889,0.719954,0.687500
2230.0,1.200000,1.400000,-0.880000,2.001283,2.002825,0.719894,0.719962,0.719894,0.719963,0.719889,0.719954,0.687500
2230.5,1.200000,1.400000,-0.880000,2.001278,2.002817,0.719894,0.719962,0.719894,0.719963,0.719889,0.719954,0.687500
2231.0,1.200000,1.400000,-0.880000,2.001273,2.002809,0.719893,0.719962,0.719894,0.719962,0.719889,0.719953,0.687500
2231.5,1.200000,1.400000,-0.880000,2.001269,2.002801,0.719893,0.719962,0.719893,0.719962,0.719889,0.719953,0.687500
2232.0,1.200000,1.400000,-0.880000,2.001264,2.002793,0.719893,0.719961,0.719893,0.719962,0.719889,0.719953,0.687500
2232.5,1.200000,1.400000,-0.880000,2.001260,2.002785,0.719893,0.719961,0.719893,0.719962,0.719889,0.719953,0.687500
2233.0,1.200000,1.400000,-0.880000,2.001255,2.002777,0.719893,0.719961,0.719893,0.719961,0.719889,0.719952,0.687500
2233.5,1.200000,1.400000,-0.880000,2.001251,2.002769,0.719893,0.719960,0.719893,0.719961,0.719889,0.719952,0.687500
2234.0,1.200000,1.400000,-0.880000,2.001246,2.002761,0.719893,0.719960,0.719893,0.719961,0.719889,0.719952,0.687500
2234.5,1.200000,1.400000,-0.880000,2.001242,2.002753,0.719892,0.719960,0.719893,0.719960,0.719889,0.719952,0.687500
2235.0,1.200000,1.400000,-0.880000,2.001237,2.002745,0.719892,0.719959,0.719892,0.719960,0.719889,0.719951,0.687500
2235.5,1.200000,1.400000,-0.880000,2.001233,2.002738,0.719892,0.719959,0.719892,0.719960,0.719888,0.719951,0.687500
2236.0,1.200000,1.400000,-0.880000,2.001228,2.002730,0.719892,0.719959,0.719892,0.719959,0.719888,0.719951,0.687500
2236.5,1.200000,1.400000,-0.880000,2.001224,2.002722,0.719892,0.719959,0.719892,0.719959,0.719888,0.719951,0.687500
2237.0,1.200000,1.400000,-0.880000,2.001219,2.002714,0.719892,0.719958,0.719892,0.719959,0.719888,0.719950,0.687500
2237.5,1.200000,1.400000,-0.880000,2.001215,2.002706,0.719892,0.719958,0.719892,0.719959,0.719888,0.719950,0.687500
2238.0,1.200000,1.400000,-0.880000,2.001210,2.002699,0.719892,0.719958,0.719892,0.719958,0.719888,0.719950,0.687500
2238.5,1.200000,1.400000,-0.880000,2.001206,2.002691,0.719891,0.719957,0.719892,0.719958,0.719888,0.719950,0.687500
2239.0,1.200000,1.400000,-0.880000,2.001201,2.002683,0.719891,0.719957,0.719891,0.719958,0.719888,0.719949,0.687500
2239.5,1.200000,1.400000,-0.880000,2.001197,2.002676,0.719891,0.719957,0.719891,0.719957,0.719888,0.719949,0.687500
2240.0,1.200000,1.400000,-0.880000,2.001193,2.002668,0.719891,0.719957,0.719891,0.719957,0.719888,0.719949,0.687500
2240.5,1.200000,1.400000,-0.880000,2.001188,2.002660,0.719891,0.719956,0.719891,0.719957,0.719888,0.719949,0.687500
2241.0,1.200000,1.400000,-0.880000,2.001184,2.002653,0.719891,0.719956,0.719891,0.719957,0.719888,0.719949,0.687500
2241.5,1.200000,1.400000,-0.880000,2.001179,2.002645,0.719891,0.719956,0.719891,0.719956,0.719888,0.719948,0.687500
2242.0,1.200000,1.400000,-0.880000,2.001175,2.002637,0.719891,0.719955,0.719891,0.719956,0.719888,0.719948,0.687500
2242.5,1.200000,1.400000,-0.880000,2.001171,2.002630,0.719891,0.719955,0.719891,0.719956,0.719888,0.719948,0.687500
2243.0,1.200000,1.400000,-0.880000,2.001166,2.002622,0.719891,0.719955,0.719891,0.719956,0.719888,0.719948,0.687500
2243.5,1.200000,1.400000,-0.880000,2.001162,2.002615,0.719890,0.719955,0.719891,0.719955,0.719888,0.719947,0.687500
2244.0,1.200000,1.400000,-0.880000,2.001158,2.002607,0.719890,0.719954,0.719890,0.719955,0.719888,0.719947,0.687500
2244.5,1.200000,1.400000,-0.880000,2.001153,2.002599,0.719890,0.719954,0.719890,0.719955,0.719888,0.719947,0.687500
2245.0,1.200000,1.400000,-0.880000,2.001149,2.002592,0.719890,0.719954,0.719890,0.719954,0.719888,0.719947,0.687500
2245.5,1.200000,1.400000,-0.880000,2.001145,2.002584,0.719890,0.719954,0.719890,0.719954,0.719888,0.719947,0.687500
2246.0,1.200000,1.400000,-0.880000,2.001140,2.002577,0.719890,0.719953,0.719890,0.719954,0.719888,0.719946,0.687500
2246.5,1.200000,1.400000,-0.880000,2.001136,2.002569,0.719890,0.719953,0.719890,0.719954,0.719888,0.719946,0.687500
2247.0,1.200000,1.400000,-0.880000,2.001132,2.002562,0.719890,0.719953,0.719890,0.719953,0.719888,0.719946,0.687500
2247.5,1.200000,1.400000,-0.880000,2.001128,2.002555,0.719890,0.719953,0.719890,0.719953,0.719888,0.719946,0.687500
2248.0,1.200000,1.400000,-0.880000,2.001123,2.002547,0.719890,0.719952,0.719890,0.719953,0.719888,0.719946,0.687500
2248.5,1.200000,1.400000,-0.880000,2.001119,2.002540,0.719890,0.719952,0.719890,0.719953,0.719888,0.719945,0.687500
2249.0,1.200000,1.400000,-0.880000,2.001115,2.002532,0.719890,0.719952,0.719890,0.719952,0.719888,0.719945,0.687500
2249.5,1.200000,1.400000,-0.880000,2.001111,2.002525,0.719890,0.719952,0.719890,0.719952,0.719888,0.719945,0.687500
2250.0,1.200000,1.400000,-0.880000,2.001106,2.002518,0.719889,0.719951,0.719889,0.719952,0.719888,0.719945,0.687500
2250.5,1.200000,1.400000,-0.880000,2.001102,2.002510,0.719889,0.719951,0.719889,0.719952,0.719888,0.719945,0.687500
2251.0,1.200000,1.400000,-0.880000,2.001098,2.002503,0.719889,0.719951,0.719889,0.719951,0.719888,0.719944,0.687500
2251.5,1.200000,1.400000,-0.880000,2.001094,2.002496,0.719889,0.719951,0.719889,0.719951,0.719888,0.719944,0.687500
2252.0,1.200000,1.400000,-0.880000,2.001090,2.002488,0.719889,0.719950,0.719889,0.719951,0.719888,0.719944,0.687500
2252.5,1.200000,1.400000,-0.880000,2.001085,2.002481,0.719889,0.719950,0.719889,0.719951,0.719888,0.719944,0.687500
2253.0,1.200000,1.400000,-0.880000,2.001081,2.002474,0.719889,0.719950,0.719889,0.719950,0.719888,0.719944,0.687500
2253.5,1.200000,1.400000,-0.880000,2.001077,2.002467,0.719889,0.719950,0.719889,0.719950,0.719888,0.719943,0.687500
2254.0,1.200000,1.400000,-0.880000,2.001073,2.002459,0.719889,0.719950,0.719889,0.719950,0.719888,0.719943,0.687500
2254.5,1.200000,1.400000,-0.880000,2.001069,2.002452,0.719889,0.719949,0.719889,0.719950,0.719888,0.719943,0.687500
2255.0,1.200000,1.400000,-0.880000,2.001065,2.002445,0.719889,0.719949,0.719889,0.719950,0.719888,0.719943,0.687500
2255.5,1.200000,1.400000,-0.880000,2.001061,2.002438,0.719889,0.719949,0.719889,0.719949,0.719888,0.719943,0.687500
2256.0,1.200000,1.400000,-0.880000,2.001056,2.002431,0.719889,0.719949,0.719889,0.719949,0.719888,0.719942,0.687500
2256.5,1.200000,1.400000,-0.880000,2.001052,2.002424,0.719889,0.719948,0.719889,0.719949,0.719888,0.719942,0.687500
2257.0,1.200000,1.400000,-0.880000,2.001048,2.002416,0.719889,0.719948,0.719889,0.719949,0.719888,0.719942,0.687500
2257.5,1.200000,1.400000,-0.880000,2.001044,2.002409,0.719889,0.719948,0.719889,0.719948,0.719888,0.719942,0.687500
2258.0,1.200000,1.400000,-0.880000,2.001040,2.002402,0.719889,0.719948,0.719889,0.719948,0.719888,0.719942,0.687500
2258.5,1.200000,1.400000,-0.880000,2.001036,2.002395,0.719889,0.719948,0.719889,0.719948,0.719888,0.719942,0.687500
2259.0,1.200000,1.400000,-0.880000,2.001032,2.002388,0.719889,0.719947,0.719889,0.719948,0.719888,0.719941,0.687500
2259.5,1.200000,1.400000,-0.880000,2.001028,2.002381,0.719889,0.719947,0.719889,0.719948,0.719888,0.719941,0.687500
2260.0,1.200000,1.400000,-0.880000,2.001024,2.002374,0.719889,0.719947,0.719889,0.719947,0.719888,0.719941,0.687500
2260.5,1.200000,1.400000,-0.880000,2.001020,2.002367,0.719889,0.719947,0.719889,0.719947,0.719888,0.719941,0.687500
2261.0,1.200000,1.400000,-0.880000,2.001016,2.002360,0.719889,0.719946,0.719889,0.719947,0.719888,0.719941,0.687500
2261.5,1.200000,1.400000,-0.880000,2.001012,2.002353,0.719889,0.719946,0.719889,0.719947,0.719888,0.719941,0.687500
2262.0,1.200000,1.400000,-0.880000,2.001008,2.002346,0.719889,0.719946,0.719888,0.719946,0.719888,0.719940,0.687500
2262.5,1.200000,1.400000,-0.880000,2.001004,2.002339,0.719889,0.719946,0.719888,0.719946,0.719888,0.719940,0.687500
2263.0,1.200000,1.400000,-0.880000,2.001000,2.002332,0.719889,0.719946,0.719888,0.719946,0.719888,0.719940,0.687500
2263.5,1.200000,1.400000,-0.880000,2.000996,2.002325,0.719889,0.719945,0.719888,0.719946,0.719888,0.719940,0.687500
2264.0,1.200000,1.400000,-0.880000,2.000992,2.002318,0.719889,0.719945,0.719888,0.719946,0.719888,0.719940,0.687500
2264.5,1.200000,1.400000,-0.880000,2.000988,2.002312,0.719889,0.719945,0.719888,0.719945,0.719888,0.719940,0.687500
2265.0,1.200000,1.400000,-0.880000,2.000984,2.002305,0.719888,0.719945,0.719888,0.719945,0.719888,0.719939,0.687500
2265.5,1.200000,1.400000,-0.880000,2.000980,2.002298,0.719888,0.719945,0.719888,0.719945,0.719888,0.719939,0.687500
2266.0,1.200000,1.400000,-0.880000,2.000976,2.002291,0.719888,0.719944,0.719888,0.719945,0.719888,0.719939,0.687500
2266.5,1.200000,1.400000,-0.880000,2.000972,2.002284,0.719888,0.719944,0.719888,0.719945,0.719888,0.719939,0.687500
2267.0,1.200000,1.400000,-0.880000,2.000968,2.002277,0.719888,0.719944,0.719888,0.719944,0.719888,0.719939,0.687500
2267.5,1.200000,1.400000,-0.880000,2.000965,2.002271,0.719888,0.719944,0.719888,0.719944,0.719888,0.719939,0.687500
2268.0,1.200000,1.400000,-0.880000,2.000961,2.002264,0.719889,0.719944,0.719888,0.719944,0.719888,0.719938,0.687500
2268.5,1.200000,1.400000,-0.880000,2.000957,2.002257,0.719889,0.719943,0.719888,0.719944,0.719889,0.719938,0.687500
2269.0,1.200000,1.400000,-0.880000,2.000953,2.002250,0.719889,0.719943,0.719888,0.719944,0.719889,0.719938,0.687500
2269.5,1.200000,1.400000,-0.880000,2.000949,2.002244,0.719889,0.719943,0.719888,0.719943,0.719889,0.719938,0.687500
2270.0,1.200000,1.400000,-0.880000,2.000945,2.002237,0.719889,0.719943,0.719888,0.719943,0.719889,0.719938,0.687500
2270.5,1.200000,1.400000,-0.880000,2.000941,2.002230,0.719889,0.719943,0.719888,0.719943,0.719889,0.719938,0.687500
2271.0,1.200000,1.400000,-0.880000,2.000938,2.002224,0.719889,0.719943,0.719888,0.719943,0.719889,0.719938,0.687500
2271.5,1.200000,1.400000,-0.880000,2.000934,2.002217,0.719889,0.719942,0.719888,0.719943,0.719889,0.719937,0.687500
2272.0,1.200000,1.400000,-0.880000,2.000930,2.002210,0.719889,0.719942,0.719888,0.719943,0.719889,0.719937,0.687500
2272.5,1.200000,1.400000,-0.880000,2.000926,2.002204,0.719889,0.719942,0.719888,0.719942,0.719889,0.719937,0.687500
2273.0,1.200000,1.400000,-0.880000,2.000922,2.002197,0.719889,0.719942,0.719889,0.719942,0.719889,0.719937,0.687500
2273.5,1.200000,1.400000,-0.880000,2.000919,2.002190,0.719889,0.719942,0.719889,0.719942,0.719889,0.719937,0.687500
2274.0,1.200000,1.400000,-0.880000,2.000915,2.002184,0.719889,0.719942,0.719889,0.719942,0.719889,0.719937,0.687500
2274.5,1.200000,1.400000,-0.880000,2.000911,2.002177,0.719889,0.719941,0.719889,0.719942,0.719889,0.719937,0.687500
2275.0,1.200000,1.400000,-0.880000,2.000907,2.002171,0.719889,0.719941,0.719889,0.719941,0.719889,0.719936,0.687500
2275.5,1.200000,1.400000,-0.880000,2.000904,2.002164,0.719889,0.719941,0.719889,0.719941,0.719889,0.719936,0.687500
2276.0,1.200000,1.400000,-0.880000,2.000900,2.002158,0.719889,0.719941,0.719889,0.719941,0.719889,0.719936,0.687500
2276.5,1.200000,1.400000,-0.880000,2.000896,2.002151,0.719889,0.719941,0.719889,0.719941,0.719890,0.719936,0.687500
2277.0,1.200000,1.400000,-0.880000,2.000892,2.002145,0.719889,0.719940,0.719889,0.719941,0.719890,0.719936,0.687500
2277.5,1.200000,1.400000,-0.880000,2.000889,2.002138,0.719889,0.719940,0.719889,0.719941,0.719890,0.719936,0.687500
2278.0,1.200000,1.400000,-0.880000,2.000885,2.002132,0.719889,0.719940,0.719889,0.719940,0.719890,0.719936,0.687500
2278.5,1.200000,1.400000,-0.880000,2.000881,2.002125,0.719889,0.719940,0.719889,0.719940,0.719890,0.719936,0.687500
2279.0,1.200000,1.400000,-0.880000,2.000878,2.002119,0.719889,0.719940,0.719889,0.719940,0.719890,0.719935,0.687500
2279.5,1.200000,1.400000,-0.880000,2.000874,2.002112,0.719889,0.719940,0.719889,0.719940,0.719890,0.719935,0.687500
2280.0,1.200000,1.400000,-0.880000,2.000870,2.002106,0.719889,0.719940,0.719889,0.719940,0.719890,0.719935,0.687500
2280.5,1.200000,1.400000,-0.880000,2.000867,2.002100,0.719889,0.719939,0.719889,0.719940,0.719890,0.719935,0.687500
2281.0,1.200000,1.400000,-0.880000,2.000863,2.002093,0.719889,0.719939,0.719889,0.719940,0.719890,0.719935,0.687500
2281.5,1.200000,1.400000,-0.880000,2.000859,2.002087,0.719889,0.719939,0.719889,0.719939,0.719890,0.719935,0.687500
2282.0,1.200000,1.400000,-0.880000,2.000856,2.002081,0.719889,0.719939,0.719889,0.719939,0.719890,0.719935,0.687500
2282.5,1.200000,1.400000,-0.880000,2.000852,2.002074,0.719889,0.719939,0.719889,0.719939,0.719890,0.719935,0.687500
2283.0,1.200000,1.400000,-0.880000,2.000849,2.002068,0.719889,0.719939,0.719889,0.719939,0.719891,0.719934,0.687500
2283.5,1.200000,1.400000,-0.880000,2.000845,2.002062,0.719889,0.719938,0.719889,0.719939,0.719891,0.719934,0.687500
2284.0,1.200000,1.400000,-0.880000,2.000841,2.002055,0.719889,0.719938,0.719889,0.719939,0.719891,0.719934,0.687500
2284.5,1.200000,1.400000,-0.880000,2.000838,2.002049,0.719890,0.719938,0.719889,0.719938,0.719891,0.719934,0.687500
2285.0,1.200000,1.400000,-0.880000,2.000834,2.002043,0.719890,0.719938,0.719889,0.719938,0.719891,0.719934,0.687500
2285.5,1.200000,1.400000,-0.880000,2.000831,2.002037,0.719890,0.719938,0.719889,0.719938,0.719891,0.719934,0.687500
2286.0,1.200000,1.400000,-0.880000,2.000827,2.002030,0.719890,0.719938,0.719890,0.719938,0.719891,0.719934,0.687500
2286.5,1.200000,1.400000,-0.880000,2.000824,2.002024,0.719890,0.719938,0.719890,0.719938,0.719891,0.719934,0.687500
2287.0,1.200000,1.400000,-0.880000,2.000820,2.002018,0.719890,0.719937,0.719890,0.719938,0.719891,0.719934,0.687500
2287.5,1.200000,1.400000,-0.880000,2.000817,2.002012,0.719890,0.719937,0.719890,0.719938,0.719891,0.719933,0.687500
2288.0,1.200000,1.400000,-0.880000,2.000813,2.002006,0.719890,0.719937,0.719890,0.719937,0.719892,0.719933,0.687500
2288.5,1.200000,1.400000,-0.880000,2.000810,2.001999,0.719890,0.719937,0.719890,0.719937,0.719892,0.719933,0.687500
2289.0,1.200000,1.400000,-0.880000,2.000806,2.001993,0.719890,0.719937,0.719890,0.719937,0.719892,0.719933,0.687500
2289.5,1.200000,1.400000,-0.880000,2.000803,2.001987,0.719890,0.719937,0.719890,0.719937,0.719892,0.719933,0.687500
2290.0,1.200000,1.400000,-0.880000,2.000799,2.001981,0.719890,0.719937,0.719890,0.719937,0.719892,0.719933,0.687500
2290.5,1.200000,1.400000,-0.880000,2.000796,2.001975,0.719890,0.719937,0.719890,0.719937,0.719892,0.719933,0.687500
2291.0,1.200000,1.400000,-0.880000,2.000792,2.001969,0.719890,0.719936,0.719890,0.719937,0.719892,0.719933,0.687500
2291.5,1.200000,1.400000,-0.880000,2.000789,2.001963,0.719890,0.719936,0.719890,0.719936,0.719892,0.719933,0.687500
2292.0,1.200000,1.400000,-0.880000,2.000785,2.001957,0.719891,0.719936,0.719890,0.719936,0.719892,0.719933,0.687500
2292.5,1.200000,1.400000,-0.880000,2.000782,2.001951,0.719891,0.719936,0.719890,0.719936,0.719892,0.719932,0.687500
2293.0,1.200000,1.400000,-0.880000,2.000779,2.001945,0.719891,0.719936,0.719890,0.719936,0.719893,0.719932,0.687500
2293.5,1.200000,1.400000,-0.880000,2.000775,2.001939,0.719891,0.719936,0.719891,0.719936,0.719893,0.719932,0.687500
2294.0,1.200000,1.400000,-0.880000,2.000772,2.001933,0.719891,0.719936,0.719891,0.719936,0.719893,0.719932,0.687500
2294.5,1.200000,1.400000,-0.880000,2.000768,2.001927,0.719891,0.719935,0.719891,0.719936,0.719893,0.719932,0.687500
2295.0,1.200000,1.400000,-0.880000,2.000765,2.001921,0.719891,0.719935,0.719891,0.719936,0.719893,0.719932,0.687500
2295.5,1.200000,1.400000,-0.880000,2.000762,2.001915,0.719891,0.719935,0.719891,0.719935,0.719893,0.719932,0.687500
2296.0,1.200000,1.400000,-0.880000,2.000758,2.001909,0.719891,0.719935,0.719891,0.719935,0.719893,0.719932,0.687500
2296.5,1.200000,1.400000,-0.880000,2.000755,2.001903,0.719891,0.719935,0.719891,0.719935,0.719893,0.719932,0.687500
2297.0,1.200000,1.400000,-0.880000,2.000752,2.001897,0.719891,0.719935,0.719891,0.719935,0.719893,0.719932,0.687500
2297.5,1.200000,1.400000,-0.880000,2.000748,2.001891,0.719891,0.719935,0.719891,0.719935,0.719894,0.719932,0.687500
2298.0,1.200000,1.400000,-0.880000,2.000745,2.001885,0.719891,0.719935,0.719891,0.719935,0.719894,0.719931,0.687500
2298.5,1.200000,1.400000,-0.880000,2.000742,2.001880,0.719892,0.719935,0.719891,0.719935,0.719894,0.719931,0.687500
2299.0,1.200000,1.400000,-0.880000,2.000738,2.001874,0.719892,0.719934,0.719891,0.719935,0.719894,0.719931,0.687500
2299.5,1.200000,1.400000,-0.880000,2.000735,2.001868,0.719892,0.719934,0.719891,0.719935,0.719894,0.719931,0.687500
2300.0,1.200000,1.400000,-0.880000,2.000732,2.001862,0.719892,0.719934,0.719892,0.719934,0.719894,0.719931,0.687500
2300.5,1.200000,1.400000,-0.880000,2.000729,2.001856,0.719892,0.719934,0.719892,0.719934,0.719894,0.719931,0.687500
2301.0,1.200000,1.400000,-0.880000,2.000725,2.001850,0.719892,0.719934,0.719892,0.719934,0.719894,0.719931,0.687500
2301.5,1.200000,1.400000,-0.880000,2.000722,2.001845,0.719892,0.719934,0.719892,0.719934,0.719895,0.719931,0.687500
2302.0,1.200000,1.400000,-0.880000,2.000719,2.001839,0.719892,0.719934,0.719892,0.719934,0.719895,0.719931,0.687500
2302.5,1.200000,1.400000,-0.880000,2.000716,2.001833,0.719892,0.719934,0.719892,0.719934,0.719895,0.719931,0.687500
2303.0,1.200000,1.400000,-0.880000,2.000712,2.001827,0.719892,0.719934,0.719892,0.719934,0.719895,0.719931,0.687500
2303.5,1.200000,1.400000,-0.880000,2.000709,2.001822,0.719893,0.719933,0.719892,0.719934,0.719895,0.719931,0.687500
2304.0,1.200000,1.400000,-0.880000,2.000706,2.001816,0.719893,0.719933,0.719892,0.719934,0.719895,0.719931,0.687500
2304.5,1.200000,1.400000,-0.880000,2.000703,2.001810,0.719893,0.719933,0.719892,0.719933,0.719895,0.719930,0.687500
2305.0,1.200000,1.400000,-0.880000,2.000699,2.001805,0.719893,0.719933,0.719893,0.719933,0.719895,0.719930,0.687500
2305.5,1.200000,1.400000,-0.880000,2.000696,2.001799,0.719893,0.719933,0.719893,0.719933,0.719896,0.719930,0.687500
2306.0,1.200000,1.400000,-0.880000,2.000693,2.001793,0.719893,0.719933,0.719893,0.719933,0.719896,0.719930,0.687500
2306.5,1.200000,1.400000,-0.880000,2.000690,2.001788,0.719893,0.719933,0.719893,0.719933,0.719896,0.719930,0.687500
2307.0,1.200000,1.400000,-0.880000,2.000687,2.001782,0.719893,0.719933,0.719893,0.719933,0.719896,0.719930,0.687500
2307.5,1.200000,1.400000,-0.880000,2.000684,2.001776,0.719893,0.719933,0.719893,0.719933,0.719896,0.719930,0.687500
2308.0,1.200000,1.400000,-0.880000,2.000681,2.001771,0.719893,0.719933,0.719893,0.719933,0.719896,0.719930,0.687500
2308.5,1.200000,1.400000,-0.880000,2.000677,2.001765,0.719894,0.719932,0.719893,0.719933,0.719896,0.719930,0.687500
2309.0,1.200000,1.400000,-0.880000,2.000674,2.001760,0.719894,0.719932,0.719893,0.719933,0.719897,0.719930,0.687500
2309.5,1.200000,1.400000,-0.880000,2.000671,2.001754,0.719894,0.719932,0.719893,0.719932,0.719897,0.719930,0.687500
2310.0,1.200000,1.400000,-0.880000,2.000668,2.001749,0.719894,0.719932,0.719894,0.719932,0.719897,0.719930,0.687500
2310.5,1.200000,1.400000,-0.880000,2.000665,2.001743,0.719894,0.719932,0.719894,0.719932,0.719897,0.719930,0.687500
2311.0,1.200000,1.400000,-0.880000,2.000662,2.001738,0.719894,0.719932,0.719894,0.719932,0.719897,0.719930,0.687500
2311.5,1.200000,1.400000,-0.880000,2.000659,2.001732,0.719894,0.719932,0.719894,0.719932,0.719897,0.719930,0.687500
2312.0,1.200000,1.400000,-0.880000,2.000656,2.001727,0.719894,0.719932,0.719894,0.719932,0.719897,0.719929,0.687500
2312.5,1.200000,1.400000,-0.880000,2.000653,2.001721,0.719894,0.719932,0.719894,0.719932,0.719897,0.719929,0.687500
2313.0,1.200000,1.400000,-0.880000,2.000650,2.001716,0.719895,0.719932,0.719894,0.719932,0.719898,0.719929,0.687500
2313.5,1.200000,1.400000,-0.880000,2.000647,2.001710,0.719895,0.719932,0.719894,0.719932,0.719898,0.719929,0.687500
2314.0,1.200000,1.400000,-0.880000,2.000644,2.001705,0.719895,0.719932,0.719895,0.719932,0.719898,0.719929,0.687500
2314.5,1.200000,1.400000,-0.880000,2.000641,2.001699,0.719895,0.719931,0.719895,0.719932,0.719898,0.719929,0.687500
2315.0,1.200000,1.400000,-0.880000,2.000638,2.001694,0.719895,0.719931,0.719895,0.719932,0.719898,0.719929,0.687500
2315.5,1.200000,1.400000,-0.880000,2.000635,2.001689,0.719895,0.719931,0.719895,0.719931,0.719898,0.719929,0.687500
2316.0,1.200000,1.400000,-0.880000,2.000632,2.001683,0.719895,0.719931,0.719895,0.719931,0.719898,0.719929,0.687500
2316.5,1.200000,1.400000,-0.880000,2.000629,2.001678,0.719895,0.719931,0.719895,0.719931,0.719899,0.719929,0.687500
2317.0,1.200000,1.400000,-0.880000,2.000626,2.001672,0.719896,0.719931,0.719895,0.719931,0.719899,0.719929,0.687500
2317.5,1.200000,1.400000,-0.880000,2.000623,2.001667,0.719896,0.719931,0.719895,0.719931,0.719899,0.719929,0.687500
2318.0,1.200000,1.400000,-0.880000,2.000620,2.001662,0.719896,0.719931,0.719895,0.719931,0.719899,0.719929,0.687500
2318.5,1.200000,1.400000,-0.880000,2.000617,2.001656,0.719896,0.719931,0.719896,0.719931,0.719899,0.719929,0.687500
2319.0,1.200000,1.400000,-0.880000,2.000614,2.001651,0.719896,0.719931,0.719896,0.719931,0.719899,0.719929,0.687500
2319.5,1.200000,1.400000,-0.880000,2.000611,2.001646,0.719896,0.719931,0.719896,0.719931,0.719900,0.719929,0.687500
2320.0,1.200000,1.400000,-0.880000,2.000608,2.001641,0.719896,0.719931,0.719896,0.719931,0.719900,0.719929,0.687500
2320.5,1.200000,1.400000,-0.880000,2.000605,2.001635,0.719896,0.719931,0.719896,0.719931,0.719900,0.719929,0.687500
2321.0,1.200000,1.400000,-0.880000,2.000602,2.001630,0.719897,0.719930,0.719896,0.719931,0.719900,0.719929,0.687500
2321.5,1.200000,1.400000,-0.880000,2.000599,2.001625,0.719897,0.719930,0.719896,0.719931,0.719900,0.719928,0.687500
2322.0,1.200000,1.400000,-0.880000,2.000596,2.001620,0.719897,0.719930,0.719896,0.719930,0.719900,0.719928,0.687500
2322.5,1.200000,1.400000,-0.880000,2.000594,2.001614,0.719897,0.719930,0.719897,0.719930,0.719900,0.719928,0.687500
2323.0,1.200000,1.400000,-0.880000,2.000591,2.001609,0.719897,0.719930,0.719897,0.719930,0.719901,0.719928,0.687500
2323.5,1.200000,1.400000,-0.880000,2.000588,2.001604,0.719897,0.719930,0.719897,0.719930,0.719901,0.719928,0.687500
2324.0,1.200000,1.400000,-0.880000,2.000585,2.001599,0.719897,0.719930,0.719897,0.719930,0.719901,0.719928,0.687500
2324.5,1.200000,1.400000,-0.880000,2.000582,2.001594,0.719898,0.719930,0.719897,0.719930,0.719901,0.719928,0.687500
2325.0,1.200000,1.400000,-0.880000,2.000579,2.001589,0.719898,0.719930,0.719897,0.719930,0.719901,0.719928,0.687500
2325.5,1.200000,1.400000,-0.880000,2.000576,2.001583,0.719898,0.719930,0.719897,0.719930,0.719901,0.719928,0.687500
2326.0,1.200000,1.400000,-0.880000,2.000574,2.001578,0.719898,0.719930,0.719898,0.719930,0.719902,0.719928,0.687500
2326.5,1.200000,1.400000,-0.880000,2.000571,2.001573,0.719898,0.719930,0.719898,0.719930,0.719902,0.719928,0.687500
2327.0,1.200000,1.400000,-0.880000,2.000568,2.001568,0.719898,0.719930,0.719898,0.719930,0.719902,0.719928,0.687500
2327.5,1.200000,1.400000,-0.880000,2.000565,2.001563,0.719898,0.719930,0.719898,0.719930,0.719902,0.719928,0.687500
2328.0,1.200000,1.400000,-0.880000,2.000562,2.001558,0.719898,0.719930,0.719898,0.719930,0.719902,0.719928,0.687500
2328.5,1.200000,1.400000,-0.880000,2.000560,2.001553,0.719899,0.719930,0.719898,0.719930,0.719902,0.719928,0.687500
2329.0,1.200000,1.400000,-0.880000,2.000557,2.001548,0.719899,0.719929,0.719898,0.719930,0.719902,0.719928,0.687500
2329.5,1.200000,1.400000,-0.880000,2.000554,2.001543,0.719899,0.719929,0.719899,0.719930,0.719903,0.719928,0.687500
2330.0,1.200000,1.400000,-0.880000,2.000551,2.001538,0.719899,0.719929,0.719899,0.719929,0.719903,0.719928,0.687500
2330.5,1.200000,1.400000,-0.880000,2.000549,2.001533,0.719899,0.719929,0.719899,0.719929,0.719903,0.719928,0.687500
2331.0,1.200000,1.400000,-0.880000,2.000546,2.001528,0.719899,0.719929,0.719899,0.719929,0.719903,0.719928,0.687500
2331.5,1.200000,1.400000,-0.880000,2.000543,2.001523,0.719899,0.719929,0.719899,0.719929,0.719903,0.719928,0.687500
2332.0,1.200000,1.400000,-0.880000,2.000541,2.001518,0.719900,0.719929,0.719899,0.719929,0.719903,0.719928,0.687500
2332.5,1.200000,1.400000,-0.880000,2.000538,2.001513,0.719900,0.719929,0.719899,0.719929,0.719904,0.719928,0.687500
2333.0,1.200000,1.400000,-0.880000,2.000535,2.001508,0.719900,0.719929,0.719900,0.719929,0.719904,0.719928,0.687500
2333.5,1.200000,1.400000,-0.880000,2.000532,2.001503,0.719900,0.719929,0.719900,0.719929,0.719904,0.719928,0.687500
2334.0,1.200000,1.400000,-0.880000,2.000530,2.001498,0.719900,0.719929,0.719900,0.719929,0.719904,0.719928,0.687500
2334.5,1.200000,1.400000,-0.880000,2.000527,2.001493,0.719900,0.719929,0.719900,0.719929,0.719904,0.719928,0.687500
2335.0,1.200000,1.400000,-0.880000,2.000524,2.001488,0.719901,0.719929,0.719900,0.719929,0.719904,0.719928,0.687500
2335.5,1.200000,1.400000,-0.880000,2.000522,2.001484,0.719901,0.719929,0.719900,0.719929,0.719905,0.719928,0.687500
2336.0,1.200000,1.400000,-0.880000,2.000519,2.001479,0.719901,0.719929,0.719900,0.719929,0.719905,0.719928,0.687500
2336.5,1.200000,1.400000,-0.880000,2.000517,2.001474,0.719901,0.719929,0.719901,0.719929,0.719905,0.719928,0.687500
2337.0,1.200000,1.400000,-0.880000,2.000514,2.001469,0.719901,0.719929,0.719901,0.719929,0.719905,0.719927,0.687500
2337.5,1.200000,1.400000,-0.880000,2.000511,2.001464,0.719901,0.719929,0.719901,0.719929,0.719905,0.719927,0.687500
2338.0,1.200000,1.400000,-0.880000,2.000509,2.001459,0.719901,0.719929,0.719901,0.719929,0.719905,0.719927,0.687500
2338.5,1.200000,1.400000,-0.880000,2.000506,2.001455,0.719902,0.719929,0.719901,0.719929,0.719906,0.719927,0.687500
2339.0,1.200000,1.400000,-0.880000,2.000504,2.001450,0.719902,0.719929,0.719901,0.719929,0.719906,0.719927,0.687500
2339.5,1.200000,1.400000,-0.880000,2.000501,2.001445,0.719902,0.719929,0.719901,0.719929,0.719906,0.719927,0.687500
2340.0,1.200000,1.400000,-0.880000,2.000498,2.001440,0.719902,0.719928,0.719902,0.719929,0.719906,0.719927,0.687500
2340.5,1.200000,1.400000,-0.880000,2.000496,2.001435,0.719902,0.719928,0.719902,0.719928,0.719906,0.719927,0.687500
2341.0,1.200000,1.400000,-0.880000,2.000493,2.001431,0.719902,0.719928,0.719902,0.719928,0.719906,0.719927,0.687500
2341.5,1.200000,1.400000,-0.880000,2.000491,2.001426,0.719903,0.719928,0.719902,0.719928,0.719907,0.719927,0.687500
2342.0,1.200000,1.400000,-0.880000,2.000488,2.001421,0.719903,0.719928,0.719902,0.719928,0.719907,0.719927,0.687500
2342.5,1.200000,1.400000,-0.880000,2.000486,2.001417,0.719903,0.719928,0.719902,0.719928,0.719907,0.719927,0.687500
2343.0,1.200000,1.400000,-0.880000,2.000483,2.001412,0.719903,0.719928,0.719903,0.719928,0.719907,0.719927,0.687500
2343.5,1.200000,1.400000,-0.880000,2.000481,2.001407,0.719903,0.719928,0.719903,0.719928,0.719907,0.719927,0.687500
2344.0,1.200000,1.400000,-0.880000,2.000478,2.001403,0.719903,0.719928,0.719903,0.719928,0.719907,0.719927,0.687500
2344.5,1.200000,1.400000,-0.880000,2.000476,2.001398,0.719903,0.719928,0.719903,0.719928,0.719908,0.719927,0.687500
2345.0,1.200000,1.400000,-0.880000,2.000473,2.001393,0.719904,0.719928,0.719903,0.719928,0.719908,0.719927,0.687500
2345.5,1.200000,1.400000,-0.880000,2.000471,2.001389,0.719904,0.719928,0.719903,0.719928,0.719908,0.719927,0.687500
2346.0,1.200000,1.400000,-0.880000,2.000468,2.001384,0.719904,0.719928,0.719904,0.719928,0.719908,0.719927,0.687500
2346.5,1.200000,1.400000,-0.880000,2.000466,2.001379,0.719904,0.719928,0.719904,0.719928,0.719908,0.719927,0.687500
2347.0,1.200000,1.400000,-0.880000,2.000463,2.001375,0.719904,0.719928,0.719904,0.719928,0.719909,0.719927,0.687500
2347.5,1.200000,1.400000,-0.880000,2.000461,2.001370,0.719904,0.719928,0.719904,0.719928,0.719909,0.719927,0.687500
2348.0,1.200000,1.400000,-0.880000,2.000458,2.001366,0.719905,0.719928,0.719904,0.719928,0.719909,0.719927,0.687500
2348.5,1.200000,1.400000,-0.880000,2.000456,2.001361,0.719905,0.719928,0.719904,0.719928,0.719909,0.719927,0.687500
2349.0,1.200000,1.400000,-0.880000,2.000453,2.001356,0.719905,0.719928,0.719905,0.719928,0.719909,0.719927,0.687500
2349.5,1.200000,1.400000,-0.880000,2.000451,2.001352,0.719905,0.719928,0.719905,0.719928,0.719909,0.719927,0.687500
2350.0,1.200000,1.400000,-0.880000,2.000449,2.001347,0.719905,0.719928,0.719905,0.719928,0.719910,0.719927,0.687500
2350.5,1.200000,1.400000,-0.880000,2.000446,2.001343,0.719905,0.719928,0.719905,0.719928,0.719910,0.719927,0.687500
2351.0,1.200000,1.400000,-0.880000,2.000444,2.001338,0.719906,0.719928,0.719905,0.719928,0.719910,0.719927,0.687500
2351.5,1.200000,1.400000,-0.880000,2.000441,2.001334,0.719906,0.719928,0.719905,0.719928,0.719910,0.719927,0.687500
2352.0,1.200000,1.400000,-0.880000,2.000439,2.001329,0.719906,0.719928,0.719905,0.719928,0.719910,0.719927,0.687500
2352.5,1.200000,1.400000,-0.880000,2.000437,2.001325,0.719906,0.719928,0.719906,0.719928,0.719910,0.719927,0.687500
2353.0,1.200000,1.400000,-0.880000,2.000434,2.001321,0.719906,0.719928,0.719906,0.719928,0.719911,0.719927,0.687500
2353.5,1.200000,1.400000,-0.880000,2.000432,2.001316,0.719906,0.719928,0.719906,0.719928,0.719911,0.719927,0.687500
2354.0,1.200000,1.400000,-0.880000,2.000430,2.001312,0.719907,0.719928,0.719906,0.719928,0.719911,0.719927,0.687500
2354.5,1.200000,1.400000,-0.880000,2.000427,2.001307,0.719907,0.719928,0.719906,0.719928,0.719911,0.719927,0.687500
2355.0,1.200000,1.400000,-0.880000,2.000425,2.001303,0.719907,0.719928,0.719906,0.719928,0.719911,0.719927,0.687500
2355.5,1.200000,1.400000,-0.880000,2.000423,2.001298,0.719907,0.719928,0.719907,0.719928,0.719912,0.719927,0.687500
2356.0,1.200000,1.400000,-0.880000,2.000420,2.001294,0.719907,0.719928,0.719907,0.719928,0.719912,0.719927,0.687500
2356.5,1.200000,1.400000,-0.880000,2.000418,2.001290,0.719907,0.719928,0.719907,0.719928,0.719912,0.719927,0.687500
2357.0,1.200000,1.400000,-0.880000,2.000416,2.001285,0.719908,0.719928,0.719907,0.719928,0.719912,0.719927,0.687500
2357.5,1.200000,1.400000,-0.880000,2.000413,2.001281,0.719908,0.719928,0.719907,0.719928,0.719912,0.719927,0.687500
2358.0,1.200000,1.400000,-0.880000,2.000411,2.001277,0.719908,0.719928,0.719908,0.719928,0.719912,0.719927,0.687500
2358.5,1.200000,1.400000,-0.880000,2.000409,2.001272,0.719908,0.719928,0.719908,0.719928,0.719913,0.719927,0.687500
2359.0,1.200000,1.400000,-0.880000,2.000407,2.001268,0.719908,0.719928,0.719908,0.719928,0.719913,0.719927,0.687500
2359.5,1.200000,1.400000,-0.880000,2.000404,2.001264,0.719908,0.719928,0.719908,0.719928,0.719913,0.719927,0.687500
2360.0,1.200000,1.400000,-0.880000,2.000402,2.001259,0.719909,0.719928,0.719908,0.719928,0.719913,0.719927,0.687500
2360.5,1.200000,1.400000,-0.880000,2.000400,2.001255,0.719909,0.719928,0.719908,0.719928,0.719913,0.719927,0.687500
2361.0,1.200000,1.400000,-0.880000,2.000398,2.001251,0.719909,0.719928,0.719909,0.719928,0.719914,0.719927,0.687500
2361.5,1.200000,1.400000,-0.880000,2.000395,2.001247,0.719909,0.719928,0.719909,0.719928,0.719914,0.719927,0.687500
2362.0,1.200000,1.400000,-0.880000,2.000393,2.001242,0.719909,0.719928,0.719909,0.719927,0.719914,0.719927,0.687500
2362.5,1.200000,1.400000,-0.880000,2.000391,2.001238,0.719909,0.719928,0.719909,0.719927,0.719914,0.719927,0.687500
2363.0,1.200000,1.400000,-0.880000,2.000389,2.001234,0.719910,0.719927,0.719909,0.719927,0.719914,0.719927,0.687500
2363.5,1.200000,1.400000,-0.880000,2.000387,2.001230,0.719910,0.719927,0.719909,0.719927,0.719914,0.719927,0.687500
2364.0,1.200000,1.400000,-0.880000,2.000384,2.001225,0.719910,0.719927,0.719910,0.719927,0.719915,0.719927,0.687500
2364.5,1.200000,1.400000,-0.880000,2.000382,2.001221,0.719910,0.719927,0.719910,0.719927,0.719915,0.719927,0.687500
2365.0,1.200000,1.400000,-0.880000,2.000380,2.001217,0.719910,0.719927,0.719910,0.719927,0.719915,0.719927,0.687500
2365.5,1.200000,1.400000,-0.880000,2.000378,2.001213,0.719911,0.719927,0.719910,0.719927,0.719915,0.719927,0.687500
2366.0,1.200000,1.400000,-0.880000,2.000376,2.001209,0.719911,0.719927,0.719910,0.719927,0.719915,0.719927,0.687500
2366.5,1.200000,1.400000,-0.880000,2.000374,2.001205,0.719911,0.719927,0.719910,0.719927,0.719916,0.719927,0.687500
2367.0,1.200000,1.400000,-0.880000,2.000371,2.001200,0.719911,0.719927,0.719911,0.719927,0.719916,0.719927,0.687500
2367.5,1.200000,1.400000,-0.880000,2.000369,2.001196,0.719911,0.719927,0.719911,0.719927,0.719916,0.719927,0.687500
2368.0,1.200000,1.400000,-0.880000,2.000367,2.001192,0.719911,0.719927,0.719911,0.719927,0.719916,0.719927,0.687500
2368.5,1.200000,1.400000,-0.880000,2.000365,2.001188,0.719912,0.719927,0.719911,0.719927,0.719916,0.719927,0.687500
2369.0,1.200000,1.400000,-0.880000,2.000363,2.001184,0.719912,0.719927,0.719911,0.719927,0.719916,0.719927,0.687500
2369.5,1.200000,1.400000,-0.880000,2.000361,2.001180,0.719912,0.719927,0.719911,0.719927,0.719917,0.719927,0.687500
2370.0,1.200000,1.400000,-0.880000,2.000359,2.001176,0.719912,0.719927,0.719912,0.719927,0.719917,0.719927,0.687500
2370.5,1.200000,1.400000,-0.880000,2.000357,2.001172,0.719912,0.719927,0.719912,0.719927,0.719917,0.719927,0.687500
2371.0,1.200000,1.400000,-0.880000,2.000355,2.001168,0.719912,0.719927,0.719912,0.719927,0.719917,0.719927,0.687500
2371.5,1.200000,1.400000,-0.880000,2.000353,2.001164,0.719913,0.719927,0.719912,0.719927,0.719917,0.719928,0.687500
2372.0,1.200000,1.400000,-0.880000,2.000350,2.001160,0.719913,0.719927,0.719912,0.719927,0.719918,0.719928,0.687500
2372.5,1.200000,1.400000,-0.880000,2.000348,2.001156,0.719913,0.719927,0.719913,0.719927,0.719918,0.719928,0.687500
2373.0,1.200000,1.400000,-0.880000,2.000346,2.001152,0.719913,0.719927,0.719913,0.719927,0.719918,0.719928,0.687500
2373.5,1.200000,1.400000,-0.880000,2.000344,2.001148,0.719913,0.719927,0.719913,0.719927,0.719918,0.719928,0.687500
2374.0,1.200000,1.400000,-0.880000,2.000342,2.001144,0.719914,0.719927,0.719913,0.719927,0.719918,0.719928,0.687500
2374.5,1.200000,1.400000,-0.880000,2.000340,2.001140,0.719914,0.719928,0.719913,0.719927,0.719918,0.719928,0.687500
2375.0,1.200000,1.400000,-0.880000,2.000338,2.001136,0.719914,0.719928,0.719913,0.719927,0.719919,0.719928,0.687500
2375.5,1.200000,1.400000,-0.880000,2.000336,2.001132,0.719914,0.719928,0.719914,0.719927,0.719919,0.719928,0.687500
2376.0,1.200000,1.400000,-0.880000,2.000334,2.001128,0.719914,0.719928,0.719914,0.719927,0.719919,0.719928,0.687500
2376.5,1.200000,1.400000,-0.880000,2.000332,2.001124,0.719914,0.719928,0.719914,0.719927,0.719919,0.719928,0.687500
2377.0,1.200000,1.400000,-0.880000,2.000330,2.001120,0.719915,0.719928,0.719914,0.719927,0.719919,0.719928,0.687500
2377.5,1.200000,1.400000,-0.880000,2.000328,2.001116,0.719915,0.719928,0.719914,0.719928,0.719920,0.719928,0.687500
2378.0,1.200000,1.400000,-0.880000,2.000326,2.001112,0.719915,0.719928,0.719915,0.719928,0.719920,0.719928,0.687500
2378.5,1.200000,1.400000,-0.880000,2.000324,2.001108,0.719915,0.719928,0.719915,0.719928,0.719920,0.719928,0.687500
2379.0,1.200000,1.400000,-0.880000,2.000322,2.001104,0.719915,0.719928,0.719915,0.719928,0.719920,0.719928,0.687500
2379.5,1.200000,1.400000,-0.880000,2.000320,2.001101,0.719916,0.719928,0.719915,0.719928,0.719920,0.719928,0.687500
2380.0,1.200000,1.400000,-0.880000,2.000318,2.001097,0.719916,0.719928,0.719915,0.719928,0.719921,0.719928,0.687500
2380.5,1.200000,1.400000,-0.880000,2.000317,2.001093,0.719916,0.719928,0.719915,0.719928,0.719921,0.719928,0.687500
2381.0,1.200000,1.400000,-0.880000,2.000315,2.001089,0.719916,0.719928,0.719916,0.719928,0.719921,0.719928,0.687500
2381.5,1.200000,1.400000,-0.880000,2.000313,2.001085,0.719916,0.719928,0.719916,0.719928,0.719921,0.719928,0.687500
2382.0,1.200000,1.400000,-0.880000,2.000311,2.001081,0.719916,0.719928,0.719916,0.719928,0.719921,0.719928,0.687500
2382.5,1.200000,1.400000,-0.880000,2.000309,2.001078,0.719917,0.719928,0.719916,0.719928,0.719921,0.719928,0.687500
2383.0,1.200000,1.400000,-0.880000,2.000307,2.001074,0.719917,0.719928,0.719916,0.719928,0.719922,0.719928,0.687500
2383.5,1.200000,1.400000,-0.880000,2.000305,2.001070,0.719917,0.719928,0.719917,0.719928,0.719922,0.719928,0.687500
2384.0,1.200000,1.400000,-0.880000,2.000303,2.001066,0.719917,0.719928,0.719917,0.719928,0.719922,0.719928,0.687500
2384.5,1.200000,1.400000,-0.880000,2.000301,2.001062,0.719917,0.719928,0.719917,0.719928,0.719922,0.719928,0.687500
2385.0,1.200000,1.400000,-0.880000,2.000299,2.001059,0.719918,0.719928,0.719917,0.719928,0.719922,0.719928,0.687500
2385.5,1.200000,1.400000,-0.880000,2.000298,2.001055,0.719918,0.719928,0.719917,0.719928,0.719923,0.719928,0.687500
2386.0,1.200000,1.400000,-0.880000,2.000296,2.001051,0.719918,0.719928,0.719917,0.719928,0.719923,0.719928,0.687500
2386.5,1.200000,1.400000,-0.880000,2.000294,2.001047,0.719918,0.719928,0.719918,0.719928,0.719923,0.719928,0.687500
2387.0,1.200000,1.400000,-0.880000,2.000292,2.001044,0.719918,0.719928,0.719918,0.719928,0.719923,0.719928,0.687500
2387.5,1.200000,1.400000,-0.880000,2.000290,2.001040,0.719918,0.719928,0.719918,0.719928,0.719923,0.719928,0.687500
2388.0,1.200000,1.400000,-0.880000,2.000288,2.001036,0.719919,0.719928,0.719918,0.719928,0.719923,0.719928,0.687500
2388.5,1.200000,1.400000,-0.880000,2.000286,2.001033,0.719919,0.719928,0.719918,0.719928,0.719924,0.719928,0.687500
2389.0,1.200000,1.400000,-0.880000,2.000285,2.001029,0.719919,0.719928,0.719919,0.719928,0.719924,0.719928,0.687500
2389.5,1.200000,1.400000,-0.880000,2.000283,2.001025,0.719919,0.719928,0.719919,0.719928,0.719924,0.719928,0.687500
2390.0,1.200000,1.400000,-0.880000,2.000281,2.001022,0.719919,0.719928,0.719919,0.719928,0.719924,0.719929,0.687500
2390.5,1.200000,1.400000,-0.880000,2.000279,2.001018,0.719920,0.719928,0.719919,0.719928,0.719924,0.719929,0.687500
2391.0,1.200000,1.400000,-0.880000,2.000277,2.001014,0.719920,0.719928,0.719919,0.719928,0.719925,0.719929,0.687500
2391.5,1.200000,1.400000,-0.880000,2.000276,2.001011,0.719920,0.719928,0.719919,0.719928,0.719925,0.719929,0.687500
2392.0,1.200000,1.400000,-0.880000,2.000274,2.001007,0.719920,0.719928,0.719920,0.719928,0.719925,0.719929,0.687500
2392.5,1.200000,1.400000,-0.880000,2.000272,2.001004,0.719920,0.719928,0.719920,0.719928,0.719925,0.719929,0.687500
2393.0,1.200000,1.400000,-0.880000,2.000270,2.001000,0.719920,0.719928,0.719920,0.719928,0.719925,0.719929,0.687500
2393.5,1.200000,1.400000,-0.880000,2.000269,2.000996,0.719921,0.719928,0.719920,0.719928,0.719926,0.719929,0.687500
2394.0,1.200000,1.400000,-0.880000,2.000267,2.000993,0.719921,0.719928,0.719920,0.719928,0.719926,0.719929,0.687500
2394.5,1.200000,1.400000,-0.880000,2.000265,2.000989,0.719921,0.719928,0.719921,0.719928,0.719926,0.719929,0.687500
2395.0,1.200000,1.400000,-0.880000,2.000263,2.000986,0.719921,0.719928,0.719921,0.719928,0.719926,0.719929,0.687500
2395.5,1.200000,1.400000,-0.880000,2.000262,2.000982,0.719921,0.719928,0.719921,0.719928,0.719926,0.719929,0.687500
2396.0,1.200000,1.400000,-0.880000,2.000260,2.000979,0.719922,0.719928,0.719921,0.719928,0.719926,0.719929,0.687500
2396.5,1.200000,1.400000,-0.880000,2.000258,2.000975,0.719922,0.719928,0.719921,0.719928,0.719927,0.719929,0.687500
2397.0,1.200000,1.400000,-0.880000,2.000256,2.000972,0.719922,0.719928,0.719921,0.719928,0.719927,0.719929,0.687500
2397.5,1.200000,1.400000,-0.880000,2.000255,2.000968,0.719922,0.719928,0.719922,0.719928,0.719927,0.719929,0.687500
2398.0,1.200000,1.400000,-0.880000,2.000253,2.000965,0.719922,0.719928,0.719922,0.719928,0.719927,0.719929,0.687500
2398.5,1.200000,1.400000,-0.880000,2.000251,2.000961,0.719922,0.719928,0.719922,0.719928,0.719927,0.719929,0.687500
2399.0,1.200000,1.400000,-0.880000,2.000250,2.000958,0.719923,0.719928,0.719922,0.719928,0.719928,0.719929,0.687500
2399.5,1.200000,1.400000,-0.880000,2.000248,2.000954,0.719923,0.719928,0.719922,0.719928,0.719928,0.719929,0.687500
